id1;id2;dist;edge_id
32427066;32427073;160;40504257
32427066;32427256;206;40504321
32427073;32427066;160;40504258
32427073;32427083;44;40504251
32427080;32427097;58;41987394
32427080;32427318;359;40955953
32427083;32427073;44;40504252
32427097;32427080;58;41987393
32427097;32427185;145;41987390
32427170;32427185;49;41987396
32427185;32427097;145;41987389
32427185;32427170;49;41987395
32427185;32427241;86;41987392
32427224;32427241;57;40631695
32427224;32427487;335;41499624
32427224;32427594;516;40631694
32427241;32427185;86;41987391
32427241;32427224;57;40631696
32427241;32427388;371;40631697
32427256;32427066;206;40504322
32427256;32427279;120;39867411
32427256;32427429;150;41566867
32427279;32427256;120;39867412
32427279;32427408;178;40504323
32427314;32427408;125;40631674
32427318;32427080;359;40955954
32427318;32427391;83;40955943
32427388;32427241;371;40631698
32427388;32427391;18;40631641
32427388;32427468;92;41139501
32427391;32427318;83;40955944
32427391;32427388;18;40631642
32427391;32427542;222;40631643
32427408;32427279;178;40504324
32427408;32427314;125;40631673
32427408;32427775;342;40504325
32427429;32427256;150;41566868
32427429;32427476;62;40530785
32427429;32427802;312;40531124
32427468;32427388;92;41139502
32427468;32427649;235;40631662
32427468;32427794;353;41139503
32427476;32427429;62;40530786
32427487;32427224;335;41499623
32427542;32427391;222;40631644
32427542;32427649;112;41873563
32427542;32427775;246;40631645
32427566;32427702;162;40631715
32427594;32427224;516;40631693
32427594;32427702;83;40631700
32427594;32427728;159;40631654
32427607;32427881;283;40631712
32427649;32427468;235;40631661
32427649;32427542;112;41873562
32427649;32427797;142;40631633
32427649;32427888;201;40631664
32427681;32427728;34;40631704
32427702;32427566;162;40631716
32427702;32427594;83;40631699
32427702;32427938;169;40631702
32427728;32427594;159;40631653
32427728;32427681;34;40631703
32427728;32427906;136;40631706
32427747;32427797;61;40631652
32427748;32427792;43;41185628
32427748;32427838;74;41186858
32427775;32427408;342;40504326
32427775;32427542;246;40631646
32427775;32427803;30;40504327
32427775;32427921;123;40531156
32427792;32427748;43;41185629
32427792;32427838;25;41185630
32427792;32427909;164;41186860
32427794;32427468;353;41139504
32427794;32427881;72;40631692
32427797;32427649;142;40631634
32427797;32427747;61;40631651
32427797;32427941;126;40631635
32427802;32427429;312;40531123
32427803;32427775;30;40504328
32427803;32427888;137;40504329
32427803;32427943;99;40531183
32427838;32427748;74;41186859
32427838;32427792;25;41185631
32427838;32428125;185;41185632
32427881;32427607;283;40631711
32427881;32427794;72;40631691
32427881;32428057;159;40631714
32427888;32427649;201;40631663
32427888;32427803;137;40504330
32427888;32427973;162;40504331
32427888;32427991;112;40531185
32427888;32427994;107;40531168
32427892;32427941;46;40631678
32427906;32427728;136;40631705
32427906;32427938;26;40435504
32427906;32428072;369;40435501
32427909;32427792;164;41186861
32427909;32428138;150;41912182
32427914;32427922;37;40435536
32427914;32427964;200;40435541
32427921;32427775;123;40531155
32427922;32427914;37;40435535
32427922;32427966;77;40435538
32427922;32427977;56;40631665
32427937;32427973;37;40631724
32427938;32427702;169;40631701
32427938;32427906;26;40435503
32427938;32427961;19;40435506
32427941;32427797;126;40631636
32427941;32427892;46;40631677
32427941;32427958;18;40631680
32427943;32427803;99;40531184
32427958;32427941;18;40631679
32427961;32427938;19;40435505
32427961;32428019;88;40198939
32427961;32428129;365;40435533
32427964;32427914;200;40435542
32427964;32428125;961;41186863
32427966;32427922;77;40435537
32427966;32428072;137;40435540
32427966;32428263;208;40631672
32427973;32427888;162;40504332
32427973;32427937;37;40631723
32427973;32428001;51;40504333
32427977;32427922;56;40631666
32427977;32428059;73;40631667
32427977;32428283;248;40631688
32427985;32428162;146;41139499
32427991;32427888;112;40531186
32427993;32428077;89;41912178
32427994;32427888;107;40531167
32427994;32428001;122;40530742
32427994;32428329;293;40530743
32428001;32427973;51;40504334
32428001;32427994;122;40530741
32428001;32428107;160;40504335
32428019;32427961;88;40198938
32428019;32428075;72;40198941
32428019;32428128;81;40631632
32428057;32427881;159;40631713
32428057;32428107;256;40435518
32428057;32428197;137;40435519
32428059;32427977;73;40631668
32428059;32428172;123;40631669
32428059;32428283;128;40631717
32428072;32427906;369;40435502
32428072;32427966;137;40435539
32428072;32428129;33;40435508
32428075;32428019;72;40198940
32428075;32428112;44;40435521
32428075;32428162;87;40435544
32428077;32429099;718;41912177
32428107;32428001;160;40504336
32428107;32428057;256;40435517
32428107;32428159;53;40198936
32428112;32428075;44;40435522
32428112;32428192;82;40435523
32428112;32428476;233;40631681
32428115;32428008;90;41912179
32428125;32427838;185;41185633
32428125;32427964;961;41186862
32428125;32428918;487;41185634
32428128;32428019;81;40631631
32428128;32428192;42;41873519
32428129;32427961;365;40435534
32428129;32428072;33;40435507
32428129;32428263;97;41731419
32428138;32427909;150;41912181
32428138;32429217;767;41912188
32428159;32428222;104;40198937
32428159;32428257;81;40631731
32428162;32427985;146;41139500
32428162;32428075;87;40435543
32428162;32428197;74;40435546
32428172;32428059;123;40631670
32428192;32428112;82;40435524
32428192;32428128;42;41873518
32428192;32428233;27;40435525
32428197;32428057;137;40435520
32428197;32428162;74;40435545
32428222;32428197;220;40198942
32428222;32428488;199;40382560
32428222;32428601;330;40631707
32428233;32428192;27;40435526
32428233;32428291;165;40435527
32428233;32428408;115;41504276
32428257;32428159;81;40631732
32428263;32427966;208;40631671
32428263;32428129;97;41731420
32428263;32428279;9;41731421
32428279;32428263;9;41731422
32428279;32428360;80;40631657
32428279;32428418;79;41707317
32428283;32427977;248;40631687
32428283;32428059;128;40631718
32428283;32428301;44;40631690
32428283;32428392;66;40631719
32428291;32428233;165;40435528
32428291;32428353;142;40435529
32428291;32428380;66;41873568
32428301;32428283;44;40631689
32428322;32428476;108;40631640
32428329;32427994;293;40530744
32428349;32428488;94;40631676
32428353;32428291;142;40435530
32428353;32428380;116;40631734
32428353;32428387;26;40435531
32428360;32428279;80;40631658
32428360;32428387;23;40631659
32428360;32428457;87;41511149
32428380;32428291;66;41873569
32428380;32428353;116;40631733
32428380;32428408;216;40631736
32428387;32428353;26;40435532
32428387;32428360;23;40631660
32428387;32428486;70;41502094
32428392;32428283;66;40631720
32428392;32428436;84;40631726
32428392;32428603;103;40631721
32428408;32428233;115;41504275
32428408;32428380;216;40631735
32428408;32428473;29;41504278
32428418;32428279;79;41707318
32428418;32428457;21;41511144
32428418;32428482;53;41707319
32428436;32428392;84;40631725
32428457;32428360;87;41511148
32428457;32428418;21;41511145
32428457;32428510;21;41511146
32428473;32428408;29;41504277
32428473;32428601;210;40631710
32428473;32428679;120;41504280
32428476;32428112;233;40631682
32428476;32428322;108;40631639
32428476;32428601;81;40631683
32428482;32428418;53;41707320
32428482;32428557;51;40198943
32428486;32428387;70;41502095
32428486;32428510;41;41502096
32428486;32428811;182;40631647
32428488;32428222;199;40382561
32428488;32428349;94;40631675
32428488;32428868;231;40382562
32428510;32428457;21;41511147
32428510;32428486;41;41502097
32428510;32428535;47;41502098
32428515;32428622;61;40663032
32428535;32428510;47;41502099
32428535;32428550;27;41359328
32428550;32428535;27;41359329
32428550;32428557;22;41359330
32428550;32428719;101;40631637
32428557;32428482;51;40198944
32428557;32428550;22;41359331
32428557;32428603;119;41502092
32428601;32428222;330;40631708
32428601;32428473;210;40631709
32428601;32428476;81;40631684
32428601;32429180;396;40631685
32428603;32428392;103;40631722
32428603;32428557;119;41502093
32428603;32428633;87;41714810
32428622;32428515;61;40663031
32428622;32428660;123;40663035
32428622;32428760;146;40663034
32428633;32428603;87;41714811
32428633;32428667;98;41714804
32428660;32428622;123;40663036
32428667;32428633;98;41714805
32428667;32428760;299;41714806
32428667;32429549;491;41502122
32428673;32428719;82;40631728
32428679;32428473;120;41504279
32428679;32428811;380;40631656
32428679;32429042;190;41504282
32428719;32428550;101;40631638
32428719;32428673;82;40631727
32428719;32428754;52;40631730
32428754;32428719;52;40631729
32428760;32428622;146;40663033
32428760;32428667;299;41714807
32428760;32429048;388;41714808
32428811;32428486;182;40631648
32428811;32428679;380;40631655
32428811;32428887;38;40631649
32428868;32428488;231;40382563
32428887;32428811;38;40631650
32428918;32428125;487;41185635
32428918;32429048;93;40316687
32429042;32428679;190;41504281
32429042;32429522;259;41504284
32429042;32429695;648;41139497
32429048;32428760;388;41714809
32429048;32428918;93;40316688
32429048;32429054;3;41912183
32429054;32429048;3;41912184
32429054;32429127;56;41186864
32429087;32428115;684;41912180
32429099;32429087;36;41818645
32429099;32429519;297;41818639
32429127;32429054;56;41186865
32429127;32429217;67;41912185
32429180;32428601;396;40631686
32429202;32429253;29;41359578
32429217;32428138;767;41912187
32429217;32429127;67;41912186
32429217;32429428;155;41818656
32429221;32429223;75;40536984
32429221;32429223;20;40536925
32429221;32429230;62;41359574
32429223;32429221;75;40536985
32429223;32429221;20;40536924
32429223;32429253;32;40536927
32429230;32429221;62;41359575
32429230;32429578;185;41128074
32429253;32429202;29;41359577
32429253;32429223;32;40536926
32429253;32429665;202;40680437
32429428;32429217;155;41818657
32429434;32430455;431;40530751
32429519;32429099;297;41818640
32429519;32429529;39;41818646
32429522;32429042;259;41504283
32429522;32429807;119;41438892
32429529;32429519;39;41818647
32429529;32431867;1082;41818648
32429549;32428667;491;41502123
32429578;32429230;185;41128073
32429578;32429734;184;40536964
32429598;32429822;92;40536981
32429665;32429253;202;40680436
32429665;32429723;71;40536958
32429665;32429822;178;40536955
32429665;32430460;330;40680439
32429695;32429042;648;41139498
32429723;32429665;71;40536959
32429723;32429734;12;40536960
32429723;32430509;331;40536992
32429734;32429578;184;40536965
32429734;32429723;12;40536961
32429734;32429922;276;40536962
32429807;32429522;119;41438891
32429807;32429992;77;41438894
32429822;32429598;92;40536980
32429822;32429665;178;40536954
32429822;32429872;46;40536957
32429872;32429822;46;40536956
32429922;32429734;276;40536963
32429992;32429807;114;40663037
32429992;32429807;77;41438893
32429992;32430366;157;41438896
32430054;32430064;411;40305701
32430064;32430054;411;40305702
32430064;32430467;238;40305703
32430366;32429992;157;41438895
32430366;32430476;49;41819539
32430455;32429434;431;40530752
32430455;32430563;102;41181109
32430460;32429665;330;40680438
32430460;32430509;65;40536975
32430460;32430658;79;40680441
32430467;32430064;238;40305704
32430467;32430640;565;40530710
32430467;32430772;202;40305705
32430476;32430366;49;41819538
32430476;32430617;55;41566846
32430509;32429723;331;40536993
32430509;32430460;65;40536974
32430509;32430586;29;40536994
32430534;32430635;54;40537003
32430563;32430455;102;41181110
32430563;32430846;147;40530725
32430583;32430623;63;41211754
32430583;32430636;17;41069288
32430586;32430509;29;40536995
32430586;32430635;63;40536986
32430586;32431054;200;40536996
32430617;32430476;55;41566845
32430617;32431384;539;40373883
32430617;32432566;575;41566848
32430623;32430583;102;41069287
32430623;32430583;63;41211753
32430635;32430534;54;40537002
32430635;32430586;63;40536987
32430635;32430668;20;40536988
32430636;32430669;61;41211746
32430636;32430685;18;41069290
32430640;32430467;565;40530709
32430658;32430460;79;40680440
32430658;32431054;135;40536999
32430658;32432577;591;40680443
32430668;32430635;20;40536989
32430669;32430623;17;41069289
32430669;32430636;61;41211745
32430685;32430714;59;41211748
32430685;32430743;20;41069292
32430714;32430669;18;41069291
32430714;32430685;59;41211747
32430729;32430733;18;41289439
32430729;32431277;556;40613836
32430733;32430729;18;41289440
32430733;32430743;21;41289443
32430736;32430754;50;41211752
32430743;32430733;21;41289444
32430743;32430769;14;41069294
32430754;32430714;17;41069293
32430754;32430736;50;41211751
32430769;32430799;55;41211750
32430769;32430822;18;41069296
32430772;32430467;202;40305706
32430772;32430776;119;40675423
32430772;32430948;88;40305693
32430772;32432841;670;40305707
32430776;32430772;119;40675424
32430776;32430948;60;40675427
32430794;32431234;424;41069279
32430799;32430754;17;41069295
32430799;32430769;55;41211749
32430822;32430856;90;41069298
32430822;32430856;53;41211756
32430846;32430563;147;40530726
32430846;32433031;612;40530736
32430856;32430799;18;41069297
32430856;32430822;53;41211755
32430947;32432297;859;41733387
32430948;32430772;88;40305694
32430948;32430776;60;40675428
32430948;32432317;583;40530715
32431033;32431234;82;41000102
32431054;32430586;200;40536997
32431054;32430658;135;40536998
32431054;32431247;76;40537000
32431116;32431754;384;41069301
32431234;32430794;424;41069280
32431234;32431033;82;41000101
32431234;32431754;168;41558379
32431235;32431277;12;41678747
32431247;32431054;76;40537001
32431277;32430729;556;40613835
32431277;32431235;12;41678748
32431277;32432260;282;40616892
32431349;32432468;365;40680445
32431384;32430617;539;40373884
32431384;32431981;186;40530727
32431584;32435591;1343;39866012
32431608;32432061;324;41871878
32431698;32432496;677;40680463
32431754;32431116;384;41069302
32431754;32431234;168;41558380
32431754;32432347;165;41558383
32431850;32432468;260;40536990
32431867;32429529;1082;41818649
32431867;32432017;46;41955791
32431895;32432260;193;41558381
32431981;32431384;186;40530728
32431981;32432087;43;40373887
32431981;32432183;61;40530729
32432017;32431867;46;41955792
32432017;32432360;193;40316698
32432020;32432528;144;40139198
32432039;32432406;100;41873543
32432061;32431608;324;41871877
32432083;32433725;554;41566866
32432087;32431981;43;40373888
32432087;32432098;74;41205125
32432087;32432192;66;41205128
32432093;32433654;547;40478709
32432098;32432087;74;41205126
32432135;32432971;254;40536966
32432165;32432853;301;40536982
32432183;32431981;61;40530730
32432183;32432242;18;40373893
32432183;32432330;49;40530731
32432192;32432087;66;41205127
32432192;32432242;20;40373891
32432192;32432430;126;41205130
32432242;32432183;18;40373894
32432242;32432192;20;40373892
32432242;32432430;64;40373895
32432260;32431277;282;40616891
32432260;32431895;193;41558382
32432260;32432476;139;41069299
32432260;32432978;188;40616894
32432264;32432347;300;40305695
32432297;32430947;859;41733388
32432297;32432400;1057;40369113
32432297;32432575;81;40199018
32432317;32430948;583;40530716
32432330;32432183;49;40530732
32432330;32432412;28;41205131
32432330;32432616;99;40373885
32432340;32432443;34;41069283
32432347;32431754;165;41558384
32432347;32432264;300;40305696
32432360;32432017;193;40316699
32432360;32432717;213;41359579
32432360;32433075;210;41357057
32432400;32432297;1057;40369114
32432404;32432438;12;41210534
32432406;32432039;100;41873542
32432406;32432585;54;40198984
32432412;32432330;28;41205132
32432412;32432430;12;41205133
32432412;32432458;14;40373889
32432430;32432192;126;41205129
32432430;32432242;64;40373896
32432430;32432412;12;41205134
32432438;32432404;12;41210535
32432438;32432455;7;41210504
32432438;32432706;96;41210536
32432442;32432609;151;41873546
32432443;32432340;34;41069284
32432443;32432503;30;41069282
32432443;32432633;63;41069285
32432447;32432523;39;41558385
32432455;32432438;7;41210505
32432458;32432412;14;40373890
32432461;32432505;18;40316661
32432461;32432601;99;40316660
32432461;32432676;88;41210524
32432468;32431349;365;40680444
32432468;32431850;260;40536991
32432468;32432698;72;40680447
32432476;32432260;139;41069300
32432476;32432721;81;39870530
32432488;32433276;212;41289438
32432496;32431698;677;40680462
32432496;32432923;356;40680401
32432503;32432443;30;41069281
32432505;32432461;18;40316662
32432505;32432536;15;40316663
32432505;32432718;92;41210518
32432509;32433665;788;40514857
32432509;32433820;369;40889989
32432523;32432447;39;41558386
32432523;32432633;64;41069268
32432523;32433894;499;40305697
32432528;32432020;144;40139199
32432528;32432659;60;40161487
32432528;32432659;38;41339849
32432536;32432505;15;40316664
32432536;32432558;21;40316665
32432536;32432774;96;41210520
32432558;32432536;21;40316666
32432558;32432597;16;40316667
32432558;32432837;107;41210514
32432566;32430617;575;41566847
32432566;32433905;346;41985134
32432575;32432297;81;40199017
32432575;32434777;1054;40332976
32432577;32430658;591;40680442
32432577;32432971;204;40680397
32432585;32432406;54;40198983
32432585;32432754;54;40198986
32432585;32432927;177;40198997
32432597;32432558;16;40316668
32432597;32432650;17;40316669
32432597;32432881;107;41210528
32432601;32432461;99;40316659
32432601;32432676;20;41357066
32432601;32433075;186;41210544
32432609;32432442;151;41873547
32432609;32432874;361;41873574
32432616;32432330;99;40373886
32432633;32432443;63;41069286
32432633;32432523;64;41069267
32432633;32432978;165;41069270
32432650;32432597;17;40316670
32432650;32432706;16;40316671
32432650;32432948;106;41210510
32432659;32432528;38;41339850
32432659;32432928;69;41339897
32432673;32432908;70;41069273
32432676;32432461;88;41210525
32432676;32432601;20;41357067
32432676;32432718;17;41357068
32432698;32432468;72;40680446
32432698;32432853;45;40536946
32432698;32433089;174;40536971
32432706;32432438;96;41210537
32432706;32432650;16;40316672
32432706;32432746;16;40316673
32432706;32433006;105;41210512
32432717;32432360;213;41359580
32432717;32432931;59;40381385
32432717;32433251;249;40680468
32432718;32432505;92;41210519
32432718;32432676;17;41357069
32432718;32432774;16;41357070
32432721;32432476;81;39870529
32432721;32432908;92;41069271
32432721;32433023;128;39870532
32432746;32432706;16;40316674
32432746;32432796;14;40316675
32432746;32433058;104;41210506
32432754;32432585;54;40198985
32432754;32432927;118;40198993
32432754;32433186;114;40198988
32432765;32433923;779;41870239
32432770;32432928;75;40240668
32432774;32432536;96;41210521
32432774;32432718;16;41357071
32432774;32432837;19;41357072
32432796;32432746;14;40316676
32432796;32432849;18;40316677
32432796;32433104;102;41210530
32432837;32432558;107;41210515
32432837;32432774;19;41357073
32432837;32432881;16;41357074
32432841;32430772;670;40305708
32432841;32434315;447;40305709
32432841;32434426;719;40374311
32432849;32432796;18;40316678
32432849;32432900;16;40316679
32432849;32433157;102;41210516
32432853;32432165;301;40536983
32432853;32432698;45;40536947
32432853;32433556;208;40536948
32432874;32432609;361;41873575
32432874;32432927;108;40198996
32432881;32432597;107;41210529
32432881;32432837;16;41357075
32432881;32432948;17;41357076
32432898;32437381;1751;40143678
32432900;32432849;16;40316680
32432900;32432969;19;41357079
32432900;32432998;22;40316681
32432908;32432673;70;41069274
32432908;32432721;92;41069272
32432908;32433067;39;41069275
32432923;32432496;356;40680400
32432923;32433116;80;40680431
32432927;32432754;118;40198994
32432927;32432874;108;40198995
32432928;32432659;69;41339898
32432928;32432770;75;40240669
32432928;32432997;12;41339899
32432928;32433201;74;40559159
32432931;32432717;59;40381386
32432931;32433044;27;40381387
32432931;32433897;377;40494372
32432948;32432650;106;41210511
32432948;32432881;17;41357077
32432948;32433006;16;41357080
32432969;32432900;19;41357078
32432969;32433027;16;41357083
32432969;32433187;81;41210532
32432971;32432135;254;40536967
32432971;32432577;204;40680396
32432971;32433140;68;40680399
32432978;32432260;188;40616893
32432978;32432633;165;41069269
32432978;32433023;10;40616896
32432997;32432928;12;41339900
32432997;32433081;25;40484406
32432998;32432900;22;40316682
32432998;32433202;57;41210500
32433006;32432706;105;41210513
32433006;32432948;16;41357081
32433006;32433058;17;41357084
32433023;32432721;128;39870531
32433023;32432978;10;40616895
32433023;32433353;90;40616898
32433027;32432969;16;41357082
32433027;32433088;18;41357087
32433027;32433238;80;41210522
32433031;32430846;612;40530735
32433031;32433226;75;40530815
32433044;32432931;27;40381388
32433044;32433219;166;40381389
32433044;32433243;64;40494374
32433045;32433353;152;41069278
32433052;32434194;633;41617161
32433058;32432746;104;41210507
32433058;32433006;17;41357085
32433058;32433104;14;41357088
32433067;32432908;39;41069276
32433073;32433201;110;40483527
32433075;32432360;210;41357056
32433075;32432601;186;41210545
32433075;32433797;277;40371165
32433081;32432997;25;40484407
32433081;32433186;35;40484412
32433088;32433027;18;41357086
32433088;32433143;16;41357091
32433088;32433285;79;41210508
32433089;32432698;174;40536970
32433089;32433140;27;40536973
32433089;32433189;109;40536940
32433104;32432796;102;41210531
32433104;32433058;14;41357089
32433104;32433157;18;41357092
32433116;32432923;80;40680430
32433116;32433477;178;40680433
32433116;32434081;262;40536932
32433140;32432971;68;40680398
32433140;32433089;27;40536972
32433140;32433477;94;40518484
32433143;32433088;16;41357090
32433143;32433319;73;41210526
32433143;32433363;80;41357095
32433157;32432849;102;41210517
32433157;32433104;18;41357093
32433157;32433187;15;41357096
32433186;32432754;114;40198987
32433186;32433081;35;40484413
32433186;32433650;124;40484414
32433187;32432969;81;41210533
32433187;32433157;15;41357097
32433187;32433238;17;41357098
32433189;32433089;109;40536941
32433201;32432928;74;40559160
32433201;32433073;110;40483528
32433201;32433541;97;40559161
32433202;32433393;78;40371171
32433202;32433584;128;41210501
32433219;32433044;166;40381390
32433226;32433031;75;40530816
32433226;32433769;139;40530833
32433238;32433027;80;41210523
32433238;32433187;17;41357099
32433238;32433285;17;41357100
32433243;32433044;64;40494375
32433243;32433267;8;40494376
32433243;32433365;60;40494379
32433251;32432717;249;40680469
32433251;32433897;220;40316700
32433251;32434214;482;41719092
32433267;32433243;8;40494377
32433276;32432488;212;41289437
32433276;32433311;16;41289436
32433285;32433088;79;41210509
32433285;32433238;17;41357101
32433285;32433319;15;41357102
32433295;32433333;20;41877573
32433296;32433586;150;41069266
32433302;32434484;394;41733254
32433311;32433276;16;41289435
32433311;32433380;28;40675450
32433319;32433143;73;41210527
32433319;32433285;15;41357103
32433319;32433363;16;41357104
32433322;32433380;233;40632488
32433333;32433401;40;41877577
32433345;32433541;124;40483526
32433353;32433023;90;40616897
32433353;32433045;152;41069277
32433353;32433586;63;40616900
32433363;32433143;80;41357094
32433363;32433319;16;41357105
32433363;32433797;148;40371168
32433365;32433243;60;40494378
32433367;32433418;23;41234238
32433370;32433295;22;40316689
32433370;32433333;14;41877574
32433380;32433311;28;40675449
32433380;32433322;233;40632487
32433380;32433730;139;40675452
32433387;32433367;8;41234245
32433387;32433443;22;41234240
32433393;32433426;14;40371172
32433393;32433532;121;40371170
32433398;32433387;7;41234246
32433398;32433456;23;41234239
32433401;32433449;14;41877575
32433401;32433458;22;40316690
32433418;32433488;23;41234250
32433419;32433398;7;41234247
32433419;32433486;22;41234237
32433426;32433419;3;41234248
32433426;32433486;36;41234251
32433434;32433650;446;40649972
32433435;32433370;20;42045728
32433443;32433418;8;41234249
32433443;32433510;24;41234241
32433449;32433463;17;41359576
32433456;32433443;6;41234252
32433458;32433449;22;41877576
32433458;32434034;226;41491644
32433463;32433435;14;42045729
32433463;32433533;26;40316686
32433477;32433116;178;40680432
32433477;32433140;94;40518483
32433477;32433932;125;40536977
32433477;32434630;341;40680465
32433486;32433456;7;41234253
32433488;32433510;7;41234242
32433510;32433532;8;41234243
32433532;32433584;23;41234244
32433533;32433435;25;41985704
32433533;32433704;47;40316657
32433541;32433201;97;40559162
32433541;32433345;124;40483525
32433541;32433935;128;40559163
32433548;32433720;38;40613834
32433556;32432853;208;40536949
32433556;32433751;90;40536968
32433556;32434262;227;40536950
32433584;32433724;32;41210502
32433586;32433296;150;41069265
32433586;32433353;63;40616899
32433586;32433646;13;40616902
32433612;32433777;37;40613830
32433635;32433796;62;40675440
32433637;32433720;46;40613816
32433646;32433586;13;40616901
32433646;32433662;24;40675419
32433646;32433805;38;40616904
32433650;32433186;124;40484415
32433650;32433434;446;40649971
32433650;32433925;78;40484416
32433651;32433887;86;41153490
32433654;32432093;547;40478710
32433654;32433701;10;40406338
32433662;32433646;24;40675420
32433662;32433811;64;41181123
32433665;32432509;788;40514858
32433665;32433770;59;40514879
32433698;32433752;12;40316697
32433701;32433654;10;40406339
32433701;32433943;76;40406336
32433704;32433533;47;40316658
32433704;32433774;19;40316684
32433720;32433548;38;40613833
32433720;32433637;46;40613815
32433720;32433777;64;40613818
32433724;32433766;22;41210503
32433725;32432083;554;41566865
32433725;32434515;253;40530739
32433725;32434515;264;40530836
32433728;32433833;37;40613832
32433730;32433380;139;40675451
32433730;32433860;127;40675454
32433730;32433953;81;40632485
32433739;32433956;74;40536929
32433741;32434190;263;40530712
32433751;32433556;90;40536969
32433752;32433698;12;40316696
32433752;32433830;40;40316694
32433765;32433704;20;40316685
32433765;32433774;12;42045723
32433766;32433765;9;42045722
32433769;32433226;139;40530834
32433769;32433773;3;41116769
32433770;32433665;59;40514880
32433770;32433794;19;40514852
32433773;32433769;3;41116770
32433773;32433778;37;39870539
32433773;32433884;104;39870538
32433774;32433846;37;42045727
32433777;32433612;37;40613829
32433777;32433720;64;40613817
32433777;32433833;65;40613820
32433778;32433773;37;39870540
32433785;32433724;22;40316683
32433785;32433766;11;42045725
32433794;32433770;19;40514851
32433794;32433914;339;40604496
32433794;32433914;144;40514854
32433794;32435778;771;40604499
32433796;32433635;62;40675439
32433796;32433884;121;41116768
32433796;32433888;47;40675442
32433797;32433075;277;40371164
32433797;32433363;148;40371169
32433797;32434182;180;40371167
32433805;32433646;38;40616903
32433805;32433894;119;40530846
32433805;32434955;419;40616906
32433811;32433860;26;41181124
32433811;32434032;70;40903151
32433820;32432509;369;40889990
32433820;32434240;320;40649328
32433820;32435568;860;40889991
32433828;32433785;14;42045726
32433830;32433752;40;40316695
32433830;32433842;8;41357106
32433833;32433728;37;40613831
32433833;32433777;65;40613819
32433833;32433888;49;40613822
32433842;32433830;8;41357107
32433842;32434017;52;41000811
32433842;32434091;90;41182612
32433846;32433828;14;42045724
32433846;32433941;35;40316693
32433860;32433730;127;40675453
32433860;32433811;26;41181125
32433860;32434077;54;39870533
32433884;32433773;104;39870537
32433884;32433796;121;41116767
32433884;32434368;143;40903139
32433886;32434484;257;41733255
32433887;32433651;84;41153491
32433887;32434034;77;41153493
32433888;32433796;47;40675441
32433888;32433833;49;40613821
32433888;32434036;52;40613824
32433888;32434167;103;40675444
32433894;32432523;499;40305698
32433894;32433805;119;40530845
32433894;32434190;93;40530848
32433897;32432931;377;40494373
32433897;32433251;220;40316701
32433897;32434296;145;40316702
32433905;32432566;346;41985133
32433905;32433906;41;40380096
32433905;32434774;270;41438898
32433906;32433905;41;40380097
32433906;32433959;79;40380098
32433906;32434306;111;40380100
32433914;32433794;144;40514853
32433914;32433794;339;40604495
32433914;32434228;340;40514856
32433916;32433925;44;40198979
32433923;32432765;779;41870240
32433923;32434194;402;40926967
32433923;32434228;247;40374316
32433925;32433650;78;40484417
32433925;32433916;44;40198980
32433925;32433988;154;40485232
32433925;32434687;241;40484418
32433932;32433477;125;40536976
32433932;32433956;78;40536939
32433932;32434630;231;40536979
32433935;32433541;128;40559164
32433935;32433950;6;40558121
32433941;32433828;38;41357053
32433941;32434145;51;41357055
32433943;32433701;76;40406337
32433943;32434080;199;40240637
32433943;32434531;165;40361037
32433950;32433935;6;40558122
32433950;32434080;48;40558117
32433953;32433730;81;40632486
32433956;32433739;74;40536928
32433956;32433932;78;40536938
32433956;32434081;87;40536931
32433959;32433906;79;40380099
32433988;32433925;154;40485233
32433988;32434026;60;40198981
32433988;32434226;57;40485234
32433990;32434017;13;40309445
32434017;32433842;52;41000810
32434017;32433990;13;40309444
32434017;32434329;92;41000813
32434026;32433988;60;40198982
32434032;32433811;70;40903152
32434034;32433458;226;41491643
32434034;32433887;77;41153492
32434034;32434524;191;39820620
32434036;32433888;52;40613823
32434036;32434038;25;40613827
32434036;32434204;44;40613826
32434038;32434036;25;40613828
32434077;32433860;54;39870534
32434077;32434104;11;40309496
32434080;32433943;199;40240636
32434080;32433950;48;40558118
32434080;32434474;129;40558119
32434081;32433116;262;40536933
32434081;32433956;87;40536930
32434081;32434195;34;40536934
32434091;32433830;115;41210800
32434091;32433842;90;41182613
32434091;32434115;10;41182614
32434104;32434077;11;40309497
32434104;32434287;73;40309494
32434115;32434091;10;41182615
32434115;32434181;56;41182610
32434145;32433941;51;41357054
32434145;32434181;15;42045718
32434160;32434161;8;40675447
32434160;32434201;198;40530818
32434161;32434160;8;40675448
32434161;32434167;49;40675445
32434167;32433888;103;40675443
32434167;32434161;49;40675446
32434167;32434368;185;40903144
32434181;32434115;56;41182611
32434181;32434210;12;42045720
32434182;32433797;180;40371166
32434182;32434145;13;42045719
32434188;32434195;57;41128075
32434190;32433741;263;40530711
32434190;32433894;93;40530847
32434190;32434508;112;40530850
32434194;32433052;633;41617162
32434194;32433923;402;40926968
32434194;32434315;70;41617163
32434195;32434081;34;40536935
32434195;32434188;57;41128076
32434195;32434581;121;40536936
32434201;32434160;198;40530817
32434201;32434287;122;40675469
32434201;32435086;367;40675431
32434204;32434036;44;40613825
32434207;32434427;71;40309440
32434210;32434182;13;42045721
32434210;32434604;126;40316691
32434212;32434226;85;40198948
32434214;32433251;482;41719093
32434214;32434372;89;41719094
32434214;32434615;149;41128071
32434226;32433988;57;40485235
32434226;32434212;85;40198947
32434226;32434512;95;40198950
32434228;32433914;340;40514855
32434228;32433923;247;40374315
32434228;32435031;310;40374318
32434240;32433820;320;40649329
32434262;32433556;227;40536951
32434262;32434275;65;40536942
32434262;32434372;41;40536952
32434275;32434262;65;40536943
32434275;32434285;21;40536944
32434275;32434447;58;41871477
32434285;32434275;21;40536945
32434287;32434104;73;40309495
32434287;32434201;122;40675468
32434287;32434765;190;40530840
32434295;32434545;73;40374009
32434296;32433897;145;40316703
32434296;32434431;193;41873570
32434296;32434875;233;40316704
32434306;32433906;111;40380101
32434315;32432841;447;40305710
32434315;32434194;70;41617164
32434315;32435214;662;41617165
32434329;32434017;92;41000812
32434329;32434427;86;41000815
32434329;32434620;93;40309442
32434356;32434416;33;40530843
32434356;32434508;75;40530754
32434368;32433884;143;40903140
32434368;32434167;185;40903143
32434368;32434507;53;40903146
32434372;32434214;89;41719095
32434372;32434262;41;40536953
32434372;32434447;72;40381391
32434406;32434633;139;41871484
32434416;32434356;33;40530844
32434416;32434573;53;40675462
32434419;32434575;99;40374013
32434426;32432841;719;40374312
32434426;32434649;87;40374325
32434426;32434707;166;40374313
32434427;32434207;71;40309441
32434427;32434329;86;41000814
32434427;32434766;167;41000817
32434431;32434296;193;41873571
32434447;32434275;58;41871478
32434447;32434372;72;40381392
32434447;32434633;65;40381393
32434464;32434687;137;40406331
32434474;32434080;129;40558120
32434474;32434531;140;40406328
32434474;32434876;162;40485230
32434484;32433302;394;41733253
32434484;32433886;257;41733256
32434484;32434597;511;41733252
32434499;32434512;137;40678031
32434499;32434655;56;40198966
32434507;32434368;53;40903145
32434507;32434560;25;40903142
32434508;32434190;112;40530849
32434508;32434356;75;40530753
32434508;32434805;132;40530852
32434512;32434226;95;40198949
32434512;32434499;137;40678030
32434512;32434695;72;40198952
32434515;32433725;264;40530835
32434515;32433725;253;40530740
32434517;32434589;198;40675421
32434517;32434845;236;40675436
32434517;32435040;483;40675433
32434524;32434034;191;39820619
32434524;32434780;134;39820727
32434531;32433943;165;40361038
32434531;32434474;140;40406329
32434531;32434580;20;40361039
32434545;32434295;73;40374008
32434545;32434575;19;40374011
32434545;32434792;132;40299627
32434557;32434574;45;40413433
32434560;32434507;25;40903141
32434560;32434589;23;39870536
32434573;32434416;53;40675463
32434573;32434805;107;41819540
32434574;32434557;45;40413432
32434574;32434604;48;40413435
32434574;32434734;59;40413442
32434575;32434419;99;40374012
32434575;32434545;19;40374010
32434575;32434650;27;40374015
32434580;32434531;20;40361040
32434580;32434603;6;40361041
32434580;32434612;135;40406332
32434581;32434195;121;40536937
32434581;32435284;440;41998360
32434589;32434517;198;40675422
32434589;32434560;23;39870535
32434589;32434645;69;40903153
32434597;32434484;511;41733251
32434603;32434580;6;40361042
32434603;32434795;83;40361043
32434603;32434876;171;40406334
32434604;32434210;126;40316692
32434604;32434574;48;40413434
32434604;32434885;126;40680416
32434612;32434580;135;40406333
32434615;32434214;149;41128072
32434620;32434329;93;40309443
32434630;32433477;341;40680464
32434630;32433932;231;40536978
32434630;32435181;324;40680467
32434633;32434406;139;41871483
32434633;32434447;65;40381394
32434633;32435018;196;40381395
32434645;32434589;69;40903154
32434649;32434426;87;40374326
32434649;32434903;137;40604501
32434650;32434575;27;40374014
32434650;32434722;50;41000844
32434650;32434792;81;41000843
32434655;32434499;56;40198965
32434655;32434695;168;40198977
32434655;32434906;112;40198968
32434674;32434805;143;40687667
32434687;32433925;241;40484419
32434687;32434464;137;40406330
32434687;32435037;206;40484420
32434695;32434512;72;40198951
32434695;32434655;168;40198978
32434695;32434713;6;40198954
32434707;32434426;166;40374314
32434713;32434695;6;40198953
32434713;32434818;64;40198962
32434713;32434939;106;40198956
32434715;32434734;37;40413447
32434722;32434650;50;41000845
32434722;32434828;75;41000846
32434722;32434830;75;40299592
32434727;32434766;60;41214655
32434734;32434574;59;40413443
32434734;32434715;37;40413446
32434734;32434844;65;40413444
32434737;32434765;53;40903147
32434747;32434791;24;40613811
32434765;32434287;190;40530839
32434765;32434737;53;40903148
32434765;32435020;127;40530842
32434766;32434427;167;41000816
32434766;32434727;60;41214654
32434766;32434802;20;41000819
32434774;32433905;270;41438897
32434774;32434855;155;39872719
32434774;32434976;105;41438900
32434777;32432575;1054;40332975
32434777;32434815;82;40127572
32434779;32434791;11;40613808
32434780;32434524;134;39820728
32434780;32434992;140;39820729
32434780;32435067;171;41212176
32434790;32434802;64;40309439
32434791;32434747;24;40613812
32434791;32434779;11;40613807
32434791;32434875;82;40613810
32434792;32434545;132;40299626
32434792;32434650;81;41000842
32434792;32434871;36;41000849
32434795;32434603;83;40361044
32434795;32434817;145;40558131
32434795;32434929;63;40361045
32434802;32434766;20;41000818
32434802;32434790;64;40309438
32434802;32434910;49;41000821
32434805;32434508;132;40530851
32434805;32434573;107;41819541
32434805;32434674;143;40687668
32434805;32434941;125;40530853
32434805;32435680;430;41018143
32434815;32434777;82;40127571
32434815;32434850;71;40127574
32434815;32434850;175;40185849
32434817;32434795;145;40558132
32434818;32434713;64;40198961
32434818;32434893;34;40198964
32434818;32434907;78;40568193
32434828;32434722;75;41000847
32434828;32434855;31;39872720
32434830;32434722;75;40299593
32434832;32434837;11;40413449
32434837;32434832;11;40413448
32434837;32434840;6;40413451
32434837;32434911;33;41020242
32434840;32434837;6;40413450
32434842;32434884;134;41554743
32434844;32434734;65;40413445
32434845;32434517;236;40675435
32434845;32434870;72;40417091
32434845;32435084;241;40675438
32434850;32434815;175;40185848
32434850;32434815;71;40127573
32434850;32435328;894;40127576
32434855;32434774;155;39872718
32434855;32434828;31;39872721
32434855;32435003;75;41957310
32434859;32434979;64;41871511
32434862;32434949;151;40530738
32434870;32434845;72;40417092
32434870;32434884;54;40417093
32434870;32434916;359;41554720
32434870;32434995;103;41554721
32434871;32434792;36;41000848
32434871;32434949;50;40839682
32434871;32434973;70;41000851
32434875;32434296;233;40316705
32434875;32434791;82;40613809
32434875;32434922;24;40316706
32434876;32434474;162;40485231
32434876;32434603;171;40406335
32434876;32434928;29;40485226
32434884;32434842;134;41554744
32434884;32434870;54;40417094
32434884;32434995;56;40417095
32434885;32434604;126;40680417
32434885;32434933;45;40309447
32434885;32435195;233;40680418
32434893;32434818;34;40198963
32434900;32435022;78;40568192
32434901;32435027;90;41635128
32434903;32434649;137;40604502
32434903;32434951;53;40675429
32434903;32435214;183;40604503
32434905;32434911;18;40413439
32434905;32434934;103;40413436
32434905;32434934;17;41020244
32434906;32434655;112;40198967
32434906;32434939;167;40198975
32434906;32435135;113;40198970
32434907;32434818;78;40568194
32434910;32434802;49;41000820
32434910;32434944;20;41000823
32434910;32434959;69;40309435
32434911;32434837;33;41020241
32434911;32434905;18;40413438
32434911;32434933;70;40413441
32434916;32434870;359;41554719
32434916;32435000;53;41554727
32434916;32435009;50;41554724
32434917;32435001;62;40299622
32434922;32434875;24;40316707
32434922;32435015;102;40316712
32434922;32435105;95;40316708
32434928;32434876;29;40485227
32434928;32434936;7;40485228
32434928;32435050;62;40240670
32434929;32434795;63;40361046
32434929;32435073;75;40361047
32434929;32435100;215;40558127
32434933;32434885;45;40309448
32434933;32434911;70;40413440
32434933;32435210;148;40309449
32434934;32434905;17;41020243
32434934;32434905;103;40413437
32434934;32435104;82;41020246
32434936;32434928;7;40485229
32434936;32434954;12;40484410
32434939;32434713;106;40198955
32434939;32434906;167;40198976
32434939;32435164;112;40198958
32434941;32434805;125;40530854
32434941;32434955;21;40530837
32434944;32434910;20;41000822
32434944;32434959;51;40309436
32434944;32435028;38;41000825
32434949;32434862;151;40530737
32434949;32434871;50;40839681
32434949;32435013;42;40839684
32434951;32434903;53;40675430
32434954;32434936;12;40484411
32434954;32435037;49;40484480
32434955;32433805;419;40616905
32434955;32434941;21;40530838
32434955;32435004;24;40616908
32434959;32434910;69;40309434
32434959;32434944;51;40309437
32434959;32434996;17;40309433
32434971;32435000;63;41554710
32434972;32435068;62;40575685
32434973;32434871;70;41000850
32434973;32435001;20;40374022
32434973;32435027;37;40374016
32434976;32434774;105;41438899
32434976;32434992;10;40839668
32434979;32434859;64;41871512
32434979;32435018;83;40680425
32434979;32435051;47;40680426
32434992;32434780;140;39820730
32434992;32434976;10;40839667
32434992;32435097;69;41359332
32434994;32435058;28;40530723
32434995;32434870;103;41554722
32434995;32434884;56;40417096
32434995;32435085;41;40417097
32434996;32434959;17;40309432
32434996;32435028;56;41182607
32434996;32435079;82;41182608
32435000;32434916;53;41554728
32435000;32434971;63;41554709
32435000;32435009;38;41554712
32435001;32434917;62;40299623
32435001;32434973;20;40374023
32435001;32435052;32;40299624
32435001;32435125;88;40374024
32435003;32434855;75;41957309
32435004;32434955;24;40616907
32435004;32435014;77;39870592
32435004;32435078;34;40616910
32435009;32434916;50;41554723
32435009;32435000;38;41554711
32435009;32435091;37;41554726
32435009;32435103;79;41554714
32435013;32434949;42;40839683
32435013;32435114;69;40839686
32435013;32435115;67;41001522
32435014;32435017;11;40309498
32435015;32434922;102;40316713
32435017;32435014;11;40309499
32435017;32435020;65;40309500
32435018;32434633;196;40381396
32435018;32434979;83;40680424
32435019;32435022;22;40568188
32435020;32434765;127;40530841
32435020;32435017;65;40309501
32435020;32435334;166;41995923
32435022;32434900;78;40568191
32435022;32435019;22;40568187
32435022;32435037;72;40568190
32435027;32434901;90;41635127
32435027;32434973;37;40374017
32435027;32435068;28;40374018
32435028;32434944;38;41000824
32435028;32434996;56;41182606
32435028;32435067;63;41016099
32435030;32435087;52;41016092
32435030;32435088;161;41016091
32435030;32435138;58;41016095
32435031;32434228;310;40374317
32435031;32435042;82;40576717
32435031;32435140;58;40374320
32435037;32434687;206;40484421
32435037;32434954;49;40484481
32435037;32435022;72;40568189
32435037;32435531;245;40484422
32435040;32434517;483;40675434
32435040;32435066;13;40675472
32435040;32435086;83;40238284
32435042;32435031;82;40576718
32435050;32434928;62;40240671
32435051;32434979;47;40680427
32435051;32435070;9;40680428
32435052;32435001;32;40299625
32435058;32434994;28;40530724
32435058;32435254;111;40530829
32435059;32435078;52;41542744
32435066;32435040;13;40675473
32435066;32435488;220;40675464
32435067;32434780;171;41212175
32435067;32435028;63;41016098
32435067;32435077;20;41016101
32435067;32435165;54;41212178
32435068;32434972;62;40575686
32435068;32435027;28;40374019
32435068;32435162;74;40374020
32435070;32435051;9;40680429
32435070;32435181;74;40680434
32435073;32434929;75;40361048
32435073;32435100;116;40558123
32435073;32435356;175;40361049
32435077;32435067;20;41016100
32435077;32435088;11;41016103
32435077;32435240;100;41214656
32435078;32435004;34;40616909
32435078;32435059;52;41542745
32435078;32435182;52;40616912
32435079;32434996;82;41182609
32435081;32435105;82;40613805
32435084;32434845;241;40675437
32435084;32435119;45;40675471
32435084;32435142;36;41340276
32435085;32434995;41;40417098
32435085;32435132;237;40417116
32435085;32435243;82;40417099
32435086;32434201;367;40675432
32435086;32435040;83;40238283
32435086;32435217;94;41154916
32435087;32435030;52;41016093
32435087;32435206;62;41182604
32435088;32435030;161;41016090
32435088;32435077;11;41016102
32435088;32435240;83;41016111
32435091;32435009;37;41554725
32435094;32435104;36;40413452
32435097;32434992;69;41359333
32435097;32435147;35;41652466
32435097;32435147;34;41359334
32435097;32435147;36;41205079
32435100;32434929;215;40558128
32435100;32435073;116;40558124
32435100;32435110;36;40558125
32435100;32435197;46;40558129
32435103;32435009;79;41554713
32435104;32434934;82;41020245
32435104;32435094;36;40413453
32435104;32435121;52;41020240
32435105;32434922;95;40316709
32435105;32435081;82;40613806
32435105;32435174;40;40316710
32435110;32435100;36;40558126
32435114;32435013;69;40839685
32435114;32435118;93;41001530
32435114;32435151;29;40839688
32435115;32435013;67;41001523
32435118;32435114;93;41001531
32435119;32435084;45;40675470
32435119;32435142;32;41340281
32435119;32435159;46;40839680
32435121;32435104;52;41020239
32435125;32435001;88;40374025
32435125;32435384;245;40374027
32435126;32435182;99;41542742
32435130;32435140;138;40576720
32435132;32435085;237;40417115
32435132;32435141;98;41065816
32435132;32435235;61;40417118
32435135;32434906;113;40198969
32435135;32435164;168;40198973
32435135;32435335;111;40198972
32435138;32435030;58;41016094
32435140;32435031;58;40374319
32435140;32435130;138;40576719
32435140;32435904;343;40374322
32435141;32435132;98;41065817
32435142;32435084;36;41340277
32435142;32435119;32;41340280
32435142;32435482;182;41381953
32435147;32435097;34;41359335
32435147;32435097;36;41205080
32435147;32435097;35;41652465
32435147;32435209;39;41359336
32435151;32435114;29;40839687
32435151;32435254;83;40530832
32435151;32435257;86;40839714
32435159;32435119;46;40839679
32435159;32435232;84;41359573
32435162;32435068;74;40374021
32435164;32434939;112;40198957
32435164;32435135;168;40198974
32435164;32435382;114;40198960
32435165;32435067;54;41212177
32435165;32435416;134;41000795
32435174;32435105;40;40316711
32435174;32435252;48;40381418
32435181;32434630;324;40680466
32435181;32435070;74;40680435
32435181;32435288;135;40327835
32435182;32435078;52;40616911
32435182;32435126;99;41542743
32435182;32435239;31;40616914
32435195;32434885;233;40680419
32435195;32435213;139;40431934
32435195;32435233;89;40309452
32435195;32435452;186;40680420
32435197;32435100;46;40558130
32435206;32435087;62;41182605
32435209;32435147;39;41359337
32435209;32435242;23;41181952
32435209;32436021;464;41359338
32435210;32434933;148;40309450
32435210;32435233;79;40309453
32435210;32435233;99;41214371
32435213;32435195;139;40431935
32435214;32434315;662;41617166
32435214;32434903;183;40604504
32435214;32435752;452;41617167
32435217;32435086;94;41154917
32435223;32435242;16;40903150
32435231;32435269;75;40199106
32435232;32435159;84;41359572
32435232;32435159;144;39870541
32435232;32435266;50;40839670
32435233;32435195;89;40309451
32435233;32435210;99;41214370
32435233;32435210;79;40309454
32435235;32435132;61;40417117
32435235;32435293;53;41065810
32435235;32435396;92;40417120
32435239;32435182;31;40616913
32435239;32435273;96;41205136
32435239;32435273;25;40616916
32435240;32435077;100;41214657
32435240;32435088;83;41016110
32435240;32435255;43;41016113
32435242;32435209;23;41181951
32435242;32435223;16;40903149
32435242;32435404;98;41181954
32435243;32435085;82;40417100
32435243;32435258;59;41554735
32435243;32435258;18;40417101
32435252;32435174;48;40381417
32435252;32435452;197;40381423
32435252;32436011;325;40381420
32435254;32435058;111;40530830
32435254;32435151;83;40530831
32435254;32435298;28;40530828
32435255;32435240;43;41016112
32435255;32435264;22;41016115
32435255;32435687;198;41016105
32435257;32435151;86;40839713
32435257;32435313;66;40839710
32435258;32435243;18;40417102
32435258;32435243;59;41554736
32435258;32435441;91;40417103
32435264;32435255;22;41016114
32435266;32435232;50;40839669
32435266;32435306;44;40839672
32435266;32435332;35;39862004
32435269;32435231;75;40199105
32435273;32435239;96;41205135
32435273;32435239;25;40616915
32435273;32435395;57;40616918
32435281;32435368;111;40417142
32435284;32434581;440;41998361
32435284;32435765;309;41699220
32435288;32435181;135;40327834
32435288;32435392;50;40327836
32435288;32436149;560;40040261
32435293;32435235;53;41065811
32435293;32435303;92;41554753
32435293;32435303;9;41065812
32435298;32435254;28;40530827
32435298;32435313;15;40839712
32435303;32435293;9;41065813
32435303;32435293;92;41554754
32435303;32435315;9;41065814
32435306;32435266;44;40839671
32435306;32435332;37;39862007
32435306;32435358;224;40839674
32435313;32435257;66;40839709
32435313;32435298;15;40839711
32435313;32435329;14;40839675
32435315;32435303;9;41065815
32435316;32435402;88;41554750
32435323;32435842;377;39861333
32435328;32434850;894;40127575
32435328;32435330;11;40127562
32435329;32435313;14;40839676
32435329;32435358;22;40839677
32435329;32435364;17;39863308
32435330;32435328;11;40127561
32435330;32435335;37;40127564
32435330;32435791;193;40397136
32435331;32435333;17;40406326
32435332;32435266;35;39862005
32435332;32435306;37;39862006
32435332;32435427;47;41209341
32435333;32435331;17;40406327
32435334;32435020;166;41995922
32435334;32435357;60;41018130
32435334;32435446;53;41995925
32435335;32435135;111;40198971
32435335;32435330;37;40127563
32435335;32435382;168;40127566
32435339;32435368;13;40417144
32435342;32435357;28;41018133
32435345;32435366;27;41554717
32435356;32435073;175;40361050
32435356;32435398;104;40240635
32435356;32435549;82;40361051
32435357;32435334;60;41018131
32435357;32435342;28;41018132
32435357;32435478;58;40238285
32435358;32435306;224;40839673
32435358;32435329;22;40839678
32435358;32435364;21;41353333
32435363;32435596;364;40576714
32435364;32435329;17;39863307
32435364;32435358;21;41353332
32435364;32435643;137;40530822
32435366;32435345;27;41554718
32435368;32435281;111;40417141
32435368;32435339;13;40417143
32435368;32435407;21;40417146
32435376;32435392;122;40627990
32435379;32435402;28;41554751
32435382;32435164;114;40198959
32435382;32435335;168;40127565
32435382;32435437;246;40127568
32435384;32435125;245;40374026
32435392;32435288;50;40327837
32435392;32435376;122;40627989
32435392;32435599;85;40327838
32435395;32435273;57;40616917
32435395;32435525;54;40616919
32435396;32435235;92;40417119
32435396;32435424;16;40417122
32435396;32435438;53;40417130
32435398;32435356;104;40240634
32435398;32435432;75;40361057
32435398;32435566;89;40361056
32435402;32435316;88;41554749
32435402;32435379;28;41554752
32435402;32435438;18;41554738
32435404;32435242;98;41181953
32435404;32435454;84;41992869
32435404;32435490;40;41181956
32435407;32435368;21;40417145
32435407;32435427;27;40417140
32435407;32435451;20;40417148
32435416;32435165;134;41000794
32435416;32435848;172;41000797
32435417;32435472;29;41554745
32435424;32435396;16;40417121
32435424;32435473;52;40417134
32435424;32435616;81;40417124
32435426;32435500;30;41016117
32435427;32435332;47;41209342
32435427;32435407;27;40417139
32435427;32435434;4;41209343
32435432;32435398;75;40361058
32435432;32435521;95;40361059
32435432;32435748;133;40158163
32435433;32435494;23;40583227
32435434;32435427;4;41209344
32435434;32435463;28;41001519
32435434;32435574;57;41209345
32435437;32435382;246;40127567
32435437;32435531;104;40127570
32435437;32435723;116;40198945
32435438;32435396;53;40417129
32435438;32435402;18;41554737
32435438;32435473;15;41554740
32435438;32435482;47;40417132
32435441;32435258;91;40417104
32435441;32435532;95;41554715
32435441;32435683;109;40417105
32435445;32435561;72;40886367
32435446;32435334;53;41995924
32435446;32435471;14;41558330
32435448;32435495;22;41566623
32435448;32435496;74;41566634
32435451;32435407;20;40417147
32435452;32435195;186;40680421
32435452;32435252;197;40381424
32435452;32435487;14;40680422
32435453;32435549;173;40406340
32435454;32435404;84;41992870
32435463;32435434;28;41001518
32435463;32435594;123;39869268
32435463;32435594;220;39869265
32435468;32435574;106;40417138
32435471;32435446;14;41558329
32435471;32435586;54;41558332
32435471;32435611;131;40632376
32435472;32435417;29;41554746
32435472;32435491;58;41554730
32435472;32435636;101;41554747
32435473;32435424;52;40417133
32435473;32435438;15;41554739
32435473;32435522;47;40417136
32435473;32435542;27;41554742
32435474;32435542;38;41554731
32435478;32435357;58;40238286
32435482;32435142;182;41381952
32435482;32435438;47;40417131
32435482;32435522;16;41381955
32435487;32435452;14;40680423
32435487;32435492;8;41181801
32435487;32435905;179;40680448
32435488;32435066;220;40675465
32435488;32435491;28;40417110
32435488;32435713;96;40675466
32435490;32435404;40;41181955
32435490;32435537;75;39861369
32435490;32435702;107;41181958
32435491;32435472;58;41554729
32435491;32435488;28;40417109
32435491;32435636;143;40417112
32435492;32435487;8;41181800
32435492;32435498;18;40680403
32435494;32435433;23;40583226
32435495;32435448;22;41566624
32435495;32435510;8;41566629
32435495;32435553;25;40632379
32435496;32435448;74;41566633
32435498;32435492;18;40680402
32435498;32435583;156;40680405
32435498;32436267;417;41000804
32435500;32435426;30;41016116
32435500;32435502;59;41214658
32435500;32435702;85;41016119
32435501;32435593;42;40157793
32435502;32435500;59;41214659
32435509;32435542;36;41554734
32435510;32435395;48;41239223
32435510;32435495;8;41566630
32435510;32435525;13;41566631
32435511;32436163;1006;40467744
32435513;32435527;86;41214364
32435513;32435527;68;40680406
32435513;32435915;183;40680409
32435519;32435622;46;41520488
32435521;32435432;95;40361060
32435521;32435717;214;40361061
32435521;32435748;218;40158167
32435522;32435473;47;40417135
32435522;32435482;16;41381954
32435522;32435556;15;41381957
32435525;32435510;13;41566632
32435525;32435543;6;40616920
32435527;32435513;86;41214365
32435527;32435513;68;40680407
32435527;32435561;86;40680410
32435527;32435592;43;41214366
32435531;32435037;245;40484423
32435531;32435437;104;40127569
32435531;32435650;64;40484424
32435532;32435441;95;41554716
32435537;32435490;75;39861370
32435537;32435577;16;40411047
32435537;32435698;151;41018136
32435542;32435473;27;41554741
32435542;32435474;38;41554732
32435542;32435509;36;41554733
32435543;32435671;57;41239226
32435549;32435356;82;40361052
32435549;32435453;173;40406341
32435549;32435566;48;40406342
32435549;32435898;138;40361053
32435553;32435495;25;40632378
32435553;32435557;11;41566036
32435553;32435682;56;40632381
32435554;32435717;77;40158169
32435556;32435522;15;41381956
32435556;32435697;63;41154911
32435557;32435510;20;41239224
32435557;32435553;11;41566035
32435561;32435445;72;40886368
32435561;32435527;86;40680411
32435561;32435583;49;40680412
32435566;32435398;89;40361055
32435566;32435549;48;40406343
32435566;32435898;133;40361064
32435568;32433820;860;40889992
32435568;32435645;56;40889993
32435568;32435754;93;40576707
32435572;32435687;117;40636269
32435574;32435434;57;41209346
32435574;32435468;106;40417137
32435574;32435605;15;41209347
32435576;32435598;59;41214369
32435577;32435537;16;40411048
32435577;32435658;64;40411045
32435577;32435906;154;40411049
32435580;32435599;69;40627988
32435583;32435498;156;40680404
32435583;32435561;49;40680413
32435583;32435612;13;41000828
32435586;32435471;54;41558331
32435586;32435709;56;41558334
32435588;32435643;117;40374028
32435591;32431584;1343;39866011
32435592;32435527;43;41214367
32435593;32435501;42;40157792
32435593;32435603;52;40199111
32435593;32436940;1563;40157795
32435594;32435463;220;39869266
32435594;32435463;123;39869267
32435594;32435631;16;40417079
32435596;32435363;364;40576713
32435596;32435754;111;40576710
32435598;32435416;264;41000802
32435598;32435576;59;41214368
32435599;32435392;85;40327839
32435599;32435580;69;40627987
32435599;32435775;68;40327840
32435603;32435593;52;40199112
32435605;32435574;15;41209348
32435605;32435622;19;40417088
32435605;32435625;9;41515588
32435606;32435647;51;40828476
32435607;32435616;11;40417126
32435611;32435471;131;40632377
32435612;32435583;13;41000829
32435612;32435739;88;41000826
32435612;32435866;129;41000830
32435616;32435424;81;40417123
32435616;32435607;11;40417125
32435616;32435697;98;40417128
32435618;32435659;27;41205072
32435622;32435519;46;41520487
32435622;32435605;19;40417087
32435622;32435737;130;40417090
32435625;32435605;9;41515587
32435625;32435647;11;40828478
32435631;32435594;16;40417080
32435631;32435685;57;41627980
32435631;32435737;48;40417081
32435636;32435472;101;41554748
32435636;32435491;143;40417111
32435636;32435683;61;40417114
32435643;32435364;137;40530821
32435643;32435588;117;40374029
32435643;32435649;6;40530824
32435645;32435568;56;40889994
32435645;32435731;61;40128310
32435647;32435606;51;40828475
32435647;32435625;11;40828477
32435647;32435700;23;40828471
32435649;32435643;6;40530823
32435649;32435725;36;41001536
32435649;32435864;94;40530826
32435650;32435531;64;40484425
32435650;32435710;62;40484426
32435650;32435978;133;40484279
32435657;32435828;156;40158171
32435658;32435577;64;40411046
32435659;32435618;27;41205071
32435659;32435698;22;41205078
32435659;32435749;46;41205074
32435671;32435738;24;41239225
32435673;32435557;51;41239222
32435680;32434805;430;41018142
32435682;32435553;56;40632380
32435683;32435441;109;40417106
32435683;32435636;61;40417113
32435683;32435761;142;42035924
32435683;32435988;288;40417107
32435685;32435631;57;41627981
32435687;32435255;198;41016104
32435687;32435572;117;40636268
32435687;32436579;399;41016107
32435692;32435756;25;41100941
32435697;32435556;63;41154910
32435697;32435616;98;40417127
32435697;32435871;98;41251076
32435697;32435988;110;41154913
32435698;32435537;151;41018137
32435698;32435659;22;41205077
32435698;32435798;46;41018138
32435700;32435647;23;40828472
32435700;32435712;21;41515262
32435700;32435812;43;40828473
32435702;32435490;107;41181957
32435702;32435500;85;41016118
32435702;32436022;118;41566850
32435709;32435586;56;41558333
32435709;32435735;200;41558335
32435710;32435650;62;40484427
32435710;32435733;13;40484432
32435712;32435700;21;41515263
32435713;32435488;96;40675467
32435713;32435779;54;41211898
32435713;32435816;35;41982199
32435717;32435521;214;40361062
32435717;32435554;77;40158168
32435717;32435828;77;40361065
32435718;32435725;10;41209340
32435721;32436040;115;40627992
32435723;32435437;116;40198946
32435725;32435649;36;41001537
32435725;32435718;10;41209339
32435725;32435949;84;41001538
32435726;32435586;143;40631416
32435726;32435709;131;41340255
32435731;32435645;61;40128311
32435731;32435778;25;40128308
32435733;32435710;13;40484433
32435733;32435743;4;40484462
32435735;32435673;22;41218029
32435735;32435738;12;41558336
32435737;32435622;130;40417089
32435737;32435631;48;40417082
32435737;32435862;46;40417083
32435738;32435768;19;41218032
32435738;32435784;14;41340242
32435739;32435612;88;41000827
32435743;32435733;4;40484463
32435743;32435771;34;40240632
32435743;32435857;46;40484464
32435744;32435775;89;40627986
32435748;32435432;133;40158162
32435748;32435521;218;40158166
32435748;32435972;82;40158165
32435749;32435659;46;41205073
32435749;32435798;23;41205070
32435749;32435814;28;41205076
32435752;32435214;452;41617168
32435752;32435783;26;41617169
32435752;32435875;48;41643457
32435754;32435568;93;40576708
32435754;32435596;111;40576709
32435754;32435829;94;40576712
32435756;32435692;25;41100940
32435756;32435853;35;41100943
32435756;32435896;100;41100936
32435761;32435683;142;42035923
32435765;32435284;309;41699219
32435768;32435784;16;41218031
32435768;32435787;66;41338498
32435771;32435743;34;40240633
32435771;32435819;16;40555380
32435775;32435599;68;40327841
32435775;32435744;89;40627985
32435775;32435973;70;40327842
32435778;32433794;771;40604500
32435778;32435731;25;40128309
32435778;32435928;95;41339578
32435778;32436370;258;41339596
32435779;32435726;54;41340256
32435781;32435735;14;41218030
32435781;32435847;416;41340257
32435783;32435752;26;41617170
32435783;32435810;43;41385968
32435783;32435875;34;40366596
32435784;32435781;12;41218033
32435784;32435821;13;41218027
32435786;32435874;31;39870526
32435787;32435768;66;41338497
32435787;32435809;97;40361553
32435791;32435330;193;40397135
32435791;32435808;33;40649220
32435791;32436163;154;40397138
32435793;32435846;20;40631420
32435794;32435850;22;40631413
32435796;32435854;22;40631426
32435798;32435698;46;41018139
32435798;32435749;23;41205069
32435798;32435891;74;41018140
32435800;32435854;45;39870517
32435808;32435791;33;40649221
32435809;32435787;97;40361552
32435809;32435824;54;41338496
32435809;32435995;71;41558292
32435810;32435783;43;41385969
32435810;32435824;165;41920100
32435812;32435700;43;40828474
32435812;32435844;35;40417071
32435812;32436135;154;41001534
32435814;32435749;28;41205075
32435816;32435713;35;41982200
32435816;32435779;36;41340236
32435816;32435847;14;41340243
32435819;32435771;16;40555381
32435819;32435857;21;40555382
32435819;32435898;154;40240624
32435821;32435781;16;41218028
32435821;32435834;6;41239230
32435824;32435809;54;41338495
32435824;32435810;165;41920101
32435828;32435657;156;40158170
32435828;32435717;77;40361066
32435828;32436337;773;40361067
32435829;32435754;94;40576711
32435833;32435947;42;41018144
32435834;32435821;6;41239229
32435834;32435935;37;41239228
32435835;32435919;32;40158161
32435837;32435853;29;41100944
32435841;32435713;43;41211897
32435841;32435816;21;41340229
32435842;32435323;377;39861334
32435842;32435864;11;41515242
32435844;32435812;35;40417072
32435844;32435877;29;40417073
32435844;32436000;58;41515270
32435846;32435793;20;40631419
32435846;32435850;23;39870520
32435846;32435874;27;39870521
32435847;32435816;14;41340244
32435847;32435926;72;41340237
32435847;32435930;31;41340245
32435848;32435416;172;41000796
32435848;32435859;78;40445804
32435848;32436569;334;41000799
32435850;32435794;22;40631412
32435850;32435846;23;39870519
32435850;32435854;25;39870524
32435853;32435756;35;41100942
32435853;32435837;29;41100945
32435853;32435896;65;41100939
32435854;32435796;22;40631425
32435854;32435800;45;39870518
32435854;32435850;25;39870523
32435857;32435743;46;40484465
32435857;32435819;21;40555383
32435857;32436064;78;40484466
32435859;32435598;102;41000803
32435859;32435848;78;40445803
32435859;32435883;58;40445806
32435862;32435737;46;40417084
32435862;32435921;55;41627978
32435862;32435957;37;40417085
32435864;32435649;94;40530825
32435864;32435842;11;41515243
32435864;32435876;6;40530820
32435865;32435927;24;41100947
32435866;32435612;129;41000831
32435871;32435697;98;41251075
32435871;32435913;16;39869257
32435874;32435786;31;39870525
32435874;32435846;27;39870522
32435874;32435947;164;40631417
32435874;32436578;337;39870528
32435875;32435783;34;40366597
32435875;32436150;117;41643458
32435876;32435864;6;40530819
32435876;32436021;64;41000949
32435877;32435844;29;40417074
32435877;32435957;83;40417075
32435877;32436033;58;41515265
32435883;32435859;58;40445805
32435883;32435915;63;40445808
32435883;32436045;98;40445801
32435886;32435913;24;40309512
32435889;32436479;282;41566620
32435890;32435841;51;41340230
32435891;32435798;74;41018141
32435892;32435922;10;41018120
32435896;32435756;100;41100937
32435896;32435853;65;41100938
32435896;32435927;39;41100948
32435898;32435549;138;40361054
32435898;32435566;133;40361063
32435898;32435819;154;40240625
32435898;32435919;26;40240626
32435898;32436143;106;40361018
32435904;32435140;343;40374321
32435904;32435929;116;40514866
32435904;32436315;202;40374324
32435904;32436674;769;40514887
32435905;32435487;179;40680449
32435905;32435927;43;41100955
32435905;32435959;88;41100986
32435905;32436085;105;40680450
32435906;32435577;154;40411050
32435906;32435974;48;40411053
32435906;32436129;138;40411051
32435913;32435871;16;39869258
32435913;32435886;24;40309513
32435913;32435943;30;40309514
32435913;32435952;16;39869259
32435915;32435513;183;40680408
32435915;32435883;63;40445807
32435915;32435985;26;40680415
32435919;32435835;32;40158160
32435919;32435898;26;40240627
32435919;32435972;70;40240628
32435921;32435862;55;41627979
32435922;32435892;10;41018121
32435922;32435925;10;41993083
32435922;32435980;22;41018122
32435925;32435922;10;41993084
32435926;32435890;13;39861339
32435926;32436003;76;41340238
32435927;32435865;24;41100946
32435927;32435896;39;41100949
32435927;32435905;43;41100954
32435928;32435778;95;41339579
32435928;32435971;236;40514867
32435928;32436396;347;41339580
32435929;32435904;116;40514865
32435929;32435958;103;40514870
32435929;32436218;133;40467486
32435930;32435847;31;41340246
32435930;32435926;102;39861340
32435930;32436293;180;41340247
32435932;32435952;24;40309509
32435933;32436025;34;40141034
32435935;32435834;37;41239227
32435935;32436369;202;41542747
32435937;32435973;65;40627998
32435943;32435913;30;40309515
32435944;32436406;224;41000956
32435947;32435833;42;41018145
32435947;32435874;164;40631418
32435947;32436293;166;41018146
32435949;32435725;84;41001539
32435949;32435975;31;41209300
32435949;32436069;55;41001540
32435952;32435913;16;39869260
32435952;32435932;24;40309508
32435952;32435987;31;40309511
32435956;32436000;40;41515273
32435957;32435862;37;40417086
32435957;32435877;83;40417076
32435957;32436047;90;40417077
32435958;32435929;103;40514869
32435958;32435971;62;40514872
32435958;32436252;133;40514881
32435959;32435905;88;41100987
32435966;32435890;76;41340231
32435966;32436003;13;41060415
32435971;32435928;236;40514868
32435971;32435958;62;40514871
32435971;32436074;45;40677867
32435972;32435748;82;40158164
32435972;32435919;70;40240629
32435972;32436124;217;40240630
32435973;32435775;70;40327843
32435973;32435937;65;40627997
32435973;32436149;76;40327844
32435974;32435906;48;40411054
32435975;32435949;31;41209301
32435978;32435650;133;40484278
32435978;32436015;35;40127577
32435978;32436296;181;40484281
32435980;32435922;22;41018123
32435980;32435983;10;41993077
32435980;32436038;21;41018124
32435983;32435980;10;41993078
32435985;32435915;26;40680414
32435987;32435952;31;40309510
32435988;32435683;288;40417108
32435988;32435697;110;41154912
32435988;32436165;86;41154915
32435995;32435787;143;41558296
32435995;32435809;71;41558293
32435995;32436172;95;41558294
32435998;32435966;23;41340232
32436000;32435844;58;41515271
32436000;32435956;40;41515272
32436000;32436033;30;41515266
32436001;32436043;44;41001405
32436003;32435966;13;41060416
32436003;32436030;9;41060417
32436003;32436136;165;41340239
32436011;32435252;325;40381419
32436015;32435978;35;40127578
32436021;32435209;464;41359339
32436021;32435876;64;41000948
32436021;32436346;217;41353328
32436022;32435702;118;41566849
32436022;32436083;49;41993088
32436022;32436102;41;41566852
32436025;32435933;34;40141033
32436025;32435998;58;40105901
32436030;32436003;9;41060418
32436030;32436079;30;41424504
32436032;32436073;27;41172446
32436033;32435877;58;41515264
32436033;32436000;30;41515267
32436033;32436096;96;41515268
32436038;32435980;21;41018125
32436038;32436042;12;41993079
32436038;32436083;28;41018126
32436040;32435721;115;40627991
32436040;32436228;380;40627994
32436040;32436307;135;40628000
32436042;32436038;12;41993080
32436043;32436001;44;41001406
32436045;32435883;98;40445802
32436047;32435957;90;40417078
32436047;32436206;86;39916393
32436051;32436427;204;40481153
32436058;32436073;32;41172447
32436064;32435857;78;40484467
32436064;32436098;78;40126975
32436064;32436111;24;40484468
32436069;32435949;55;41001541
32436069;32436094;19;41559914
32436069;32436126;38;41001542
32436073;32436032;27;41172445
32436073;32436058;32;41172448
32436073;32436157;38;41172449
32436074;32435971;45;40677868
32436075;32436079;46;41060411
32436075;32436079;220;41060412
32436079;32436030;30;41424505
32436079;32436075;46;41060410
32436079;32436075;220;41060413
32436080;32436126;52;41001525
32436083;32436022;49;41993087
32436083;32436038;28;41018127
32436083;32436084;27;41566863
32436083;32436100;17;41018128
32436084;32436083;27;41566864
32436085;32435905;105;40680451
32436085;32436169;123;41100989
32436085;32436401;174;40680452
32436094;32436069;19;41559915
32436096;32436033;96;41515269
32436098;32436064;78;40126976
32436098;32436139;17;40157808
32436098;32436143;66;40126977
32436100;32436083;17;41018129
32436100;32436102;22;40844921
32436100;32436119;16;40844918
32436102;32436022;41;41566851
32436102;32436100;22;40844920
32436102;32436286;91;41566854
32436107;32435998;141;41340233
32436107;32436025;91;40105902
32436107;32436136;11;40141029
32436111;32436064;24;40484469
32436111;32436191;39;40484470
32436111;32436203;52;40159547
32436119;32436100;16;40844919
32436119;32436120;46;41993085
32436119;32436196;43;41993074
32436120;32436119;46;41993086
32436124;32435972;217;40240631
32436126;32436069;38;41001543
32436126;32436080;52;41001524
32436126;32436279;83;41001544
32436129;32435906;138;40411052
32436135;32435812;154;41001535
32436135;32436152;7;41515583
32436136;32436107;11;40141030
32436136;32436178;56;41340240
32436136;32436530;216;40141031
32436139;32436098;17;40157809
32436139;32436145;8;40578654
32436139;32436158;9;40157810
32436143;32435898;106;40361017
32436143;32436098;66;40126978
32436143;32436189;25;40157722
32436145;32436139;8;40578655
32436149;32435288;560;40040260
32436149;32435973;76;40327845
32436149;32436235;639;41699141
32436149;32436302;155;41128077
32436150;32435875;117;41643459
32436150;32436492;186;41559916
32436152;32436135;7;41515584
32436152;32436271;66;41515585
32436157;32436073;38;41172450
32436157;32436107;57;41340234
32436157;32436178;12;41172451
32436158;32436139;9;40157811
32436161;32436260;52;40677866
32436163;32435511;1006;40467743
32436163;32435791;154;40397137
32436163;32436355;101;40397140
32436165;32435988;86;41154914
32436165;32436175;3;41381959
32436169;32436085;123;41100988
32436172;32435995;95;41558295
32436173;32436331;133;40309427
32436175;32436165;3;41381958
32436175;32436198;34;41211891
32436175;32436213;25;39861336
32436178;32436157;12;41172452
32436178;32436233;83;41340241
32436189;32436143;25;40157723
32436189;32436199;13;40158132
32436189;32436498;168;40157730
32436191;32436111;39;40484471
32436191;32436203;7;40484472
32436191;32436210;43;40157812
32436196;32436119;43;41993073
32436196;32436204;41;41993081
32436196;32436266;34;41993076
32436198;32436157;66;41340235
32436199;32436189;13;40158131
32436199;32436224;32;40158134
32436203;32436191;7;40484473
32436203;32436422;110;40484474
32436204;32436196;41;41993082
32436206;32436047;86;39916392
32436206;32436230;29;41001520
32436206;32436284;42;39916395
32436210;32436191;43;40157813
32436213;32436175;25;39861335
32436213;32436198;20;41211904
32436213;32436233;12;39861338
32436215;32436263;119;40158146
32436215;32436305;148;40158151
32436215;32436362;76;40158149
32436216;32436310;70;41001606
32436218;32435929;133;40467485
32436218;32436252;130;40514859
32436218;32436400;93;40467488
32436224;32436199;32;40158133
32436224;32436263;37;40158114
32436226;32436296;109;40556261
32436228;32436040;380;40627993
32436228;32436436;105;40627984
32436228;32436536;370;40627996
32436229;32436175;33;41211892
32436229;32436213;21;41344779
32436230;32436206;29;41001521
32436230;32436238;7;41522458
32436233;32436213;12;39861337
32436233;32436321;126;41211901
32436233;32436372;73;41060420
32436235;32436149;639;41699140
32436237;32436310;55;40416252
32436238;32436230;7;41522459
32436238;32436279;62;41522460
32436245;32436406;115;39869219
32436249;32436229;26;41344766
32436252;32435958;133;40514882
32436252;32436218;130;40514860
32436252;32436260;64;40514861
32436260;32436161;52;40677865
32436260;32436252;64;40514862
32436260;32436264;11;40514863
32436263;32436215;119;40158145
32436263;32436224;37;40158113
32436263;32436362;89;40158116
32436263;32436744;243;40158144
32436264;32436260;11;40514864
32436266;32436196;34;41993075
32436266;32436286;56;41993089
32436267;32435498;417;41000805
32436267;32436281;41;41214372
32436267;32436384;56;41000806
32436271;32436152;66;41515586
32436272;32436284;25;39916396
32436279;32436126;83;41001545
32436279;32436238;62;41522461
32436279;32436314;22;40230472
32436281;32436267;41;41214373
32436284;32436206;42;39916394
32436284;32436272;25;39916397
32436284;32436318;20;40230476
32436285;32436314;44;40230475
32436286;32436102;91;41566853
32436286;32436266;56;41993090
32436286;32436620;187;41566856
32436293;32435930;180;41340248
32436293;32435947;166;41018147
32436293;32436338;24;41340249
32436296;32435978;181;40484280
32436296;32436226;109;40556260
32436296;32436420;92;40484283
32436300;32436249;76;41344767
32436300;32436249;83;41558342
32436300;32436321;12;40117993
32436302;32436149;155;41128078
32436302;32436307;17;40327815
32436302;32436441;69;40612311
32436305;32436378;80;40158147
32436305;32436409;51;40158152
32436307;32436040;135;40627999
32436307;32436302;17;40327814
32436307;32436436;288;41833643
32436310;32436216;70;41001605
32436310;32436237;55;40416253
32436310;32436403;56;40416254
32436314;32436279;22;40230473
32436314;32436285;44;40230474
32436314;32436358;18;41001526
32436315;32435904;202;40374323
32436315;32436448;67;41215967
32436316;32436358;45;41001532
32436318;32436284;20;40230477
32436318;32436333;5;41522462
32436321;32436351;33;41344773
32436321;32436390;30;41344769
32436322;32436300;33;41344768
32436326;32436572;124;41016128
32436331;32436173;133;40309426
32436331;32436342;39;40309429
32436331;32436354;43;40309422
32436333;32436318;5;41522463
32436333;32436383;23;41522464
32436337;32435828;773;40361068
32436337;32436343;22;40361069
32436337;32436806;269;40572988
32436338;32436293;24;41340250
32436338;32436526;95;41340251
32436342;32436331;39;40309428
32436342;32436376;14;41214356
32436342;32436384;107;40309431
32436343;32436337;22;40361070
32436343;32436366;54;40128304
32436345;32436353;7;41558338
32436346;32436021;217;41353329
32436346;32436458;125;41205113
32436346;32436490;89;41353330
32436348;32436372;30;41060421
32436351;32436322;12;41344801
32436351;32436466;162;41344774
32436353;32436322;35;41353334
32436354;32436331;43;40309423
32436354;32436376;66;40309424
32436354;32436407;79;41214362
32436355;32436163;101;40397139
32436355;32436471;61;40397142
32436355;32436959;1090;40281185
32436358;32436314;18;41001527
32436358;32436316;45;41001533
32436358;32436380;11;41001528
32436362;32436215;76;40158150
32436362;32436263;89;40158115
32436362;32436454;123;40158118
32436362;32436797;220;40158098
32436366;32436343;54;40128305
32436366;32436370;29;40128306
32436369;32435935;202;41542746
32436369;32436394;11;41542749
32436370;32435778;258;41339597
32436370;32436366;29;40128307
32436370;32436434;326;41339598
32436370;32436878;339;40508608
32436371;32436338;35;41424503
32436372;32436233;73;41060419
32436372;32436348;30;41060422
32436372;32436392;23;41060423
32436375;32436532;91;40556259
32436376;32436342;14;41214357
32436376;32436354;66;40309425
32436376;32436407;14;41214358
32436377;32436495;295;40469573
32436378;32436305;80;40158148
32436379;32436371;76;41424502
32436379;32436416;23;40200852
32436380;32436358;11;41001529
32436383;32436333;23;41522465
32436384;32436267;56;41000807
32436384;32436342;107;40309430
32436384;32436401;58;41000808
32436390;32436410;32;40165381
32436390;32436537;88;41344770
32436391;32436430;38;40157807
32436392;32436372;23;41060424
32436394;32436369;11;41542748
32436394;32436499;55;41340271
32436396;32435928;347;41339581
32436396;32436434;21;40182097
32436396;32436437;30;41339582
32436397;32436465;37;40556257
32436399;32436519;69;41881286
32436400;32436218;93;40467487
32436400;32436437;165;40182103
32436400;32436457;33;40467490
32436401;32436085;174;40680453
32436401;32436384;58;41000809
32436401;32436654;130;40680454
32436403;32436310;56;40416255
32436403;32436427;38;40416256
32436403;32436438;209;41001607
32436406;32435944;224;41000957
32436406;32436245;115;39869220
32436406;32436413;10;39869221
32436407;32436354;79;41214363
32436407;32436376;14;41214359
32436407;32436502;66;41214360
32436409;32436305;51;40158153
32436409;32436452;87;40158156
32436409;32436475;36;40158154
32436410;32436351;30;41344802
32436410;32436390;32;40165380
32436413;32436406;10;39869222
32436413;32436516;126;39869223
32436413;32437321;462;41000950
32436416;32436379;23;40200851
32436417;32436487;33;41016132
32436420;32436296;92;40484282
32436420;32436465;68;40484285
32436420;32436473;28;41559067
32436422;32436203;110;40484475
32436422;32436430;5;40484476
32436422;32436498;96;40598456
32436427;32436051;204;40481152
32436427;32436403;38;40416257
32436427;32436691;137;40481155
32436430;32436391;38;40157806
32436430;32436422;5;40484477
32436430;32436629;159;40484478
32436432;32436345;124;42001023
32436432;32436443;7;41353340
32436434;32436370;326;41339599
32436434;32436396;21;40182098
32436434;32436437;28;41339600
32436436;32436228;105;40627983
32436436;32436307;288;41833642
32436436;32436536;267;41833645
32436437;32436396;30;41339583
32436437;32436400;165;40182104
32436437;32436434;28;41339601
32436437;32436769;206;41339584
32436438;32436403;209;41001608
32436439;32436441;61;40662765
32436441;32436302;69;40612310
32436441;32436439;61;40662764
32436441;32436577;71;40612313
32436443;32436353;127;41353335
32436443;32436466;14;42001021
32436448;32436315;67;41215966
32436448;32436457;140;40182099
32436448;32436609;83;41215969
32436449;32436458;14;41205116
32436452;32436409;87;40158157
32436454;32436362;123;40158117
32436454;32436475;27;40158120
32436454;32436852;210;40158142
32436455;32436460;3;41881576
32436457;32436400;33;40467489
32436457;32436448;140;40182100
32436457;32436794;165;40604494
32436458;32436346;125;41205114
32436458;32436449;14;41205115
32436458;32436613;147;41205117
32436460;32436455;3;41881575
32436460;32436481;32;41881578
32436464;32436266;102;41566842
32436464;32436481;7;41993069
32436465;32436397;37;40556256
32436465;32436420;68;40484284
32436465;32436532;121;40484287
32436466;32436517;66;41353324
32436471;32436355;61;40397141
32436471;32436497;13;40397134
32436473;32436420;28;41559066
32436475;32436409;36;40158155
32436475;32436454;27;40158119
32436475;32436515;82;40158122
32436479;32435889;282;41566619
32436479;32436499;15;39870516
32436481;32436460;32;41881577
32436481;32436464;7;41993070
32436481;32436620;74;41993071
32436484;32436588;98;40105876
32436487;32436417;33;41016133
32436487;32436563;130;41016121
32436487;32436563;44;41016134
32436490;32436346;89;41353331
32436490;32436663;99;40164576
32436492;32437418;460;41643456
32436495;32436377;295;40469574
32436495;32436497;45;40281187
32436495;32436693;109;40281188
32436496;32436443;66;41353336
32436496;32436517;16;41211894
32436497;32436471;13;40397133
32436497;32436495;45;40281186
32436497;32436652;99;40127558
32436498;32436422;96;40598457
32436498;32436780;150;40157731
32436499;32436394;55;41340270
32436499;32436479;15;39870515
32436499;32436538;26;41340273
32436502;32436407;66;41214361
32436504;32436172;191;41678749
32436512;32436650;80;40631414
32436514;32436432;123;41558339
32436515;32436475;82;40158121
32436515;32436644;133;40158124
32436515;32436954;223;40158140
32436516;32436413;126;39869224
32436516;32436521;11;41542754
32436517;32436496;16;41211893
32436517;32436556;57;41353325
32436517;32436703;95;41211896
32436519;32436399;69;41881285
32436519;32436537;29;41884880
32436519;32436713;99;41884875
32436521;32436516;11;41542755
32436521;32436538;44;41542750
32436523;32436784;230;40381421
32436525;32436514;18;42001022
32436525;32436540;8;41558340
32436526;32436338;95;41340252
32436526;32436650;77;40631422
32436526;32436689;106;41340253
32436527;32436496;57;41353337
32436527;32436514;8;41211899
32436529;32436379;271;41424501
32436529;32436530;6;41884872
32436530;32436136;216;40141032
32436530;32436529;6;41884871
32436530;32436539;8;41424507
32436531;32436525;5;42001020
32436532;32436375;91;40556258
32436532;32436465;121;40484286
32436532;32436604;93;40484289
32436536;32436228;370;40627995
32436536;32436436;267;41833644
32436536;32436784;450;41833647
32436537;32436519;29;41884879
32436537;32436739;100;41344771
32436538;32436499;26;41340272
32436538;32436521;44;41542751
32436538;32436545;27;41542752
32436538;32436645;53;41340275
32436539;32436530;8;41424506
32436539;32436814;136;40119799
32436540;32436527;18;41353338
32436540;32436570;15;41558341
32436544;32436618;39;40469576
32436545;32436538;27;41542753
32436545;32436578;112;41566615
32436556;32436527;15;41211900
32436556;32436570;17;41353326
32436559;32436601;24;40157789
32436563;32436487;44;41016135
32436563;32436487;130;41016120
32436563;32436580;7;39867414
32436566;32436531;32;41558337
32436566;32436540;34;41353339
32436567;32436410;90;41344803
32436567;32436588;30;40165378
32436569;32435848;334;41000798
32436569;32436572;19;40631565
32436569;32436580;36;40631568
32436569;32436907;161;41000801
32436570;32436599;50;41353327
32436572;32436326;124;41016129
32436572;32436569;19;40631566
32436572;32436579;74;40631569
32436572;32436757;89;41016130
32436573;32436577;60;40662757
32436575;32436691;151;41016097
32436577;32436441;71;40612312
32436577;32436573;60;40662756
32436577;32436731;71;40612315
32436578;32435874;337;39870527
32436578;32436545;112;41566616
32436578;32436689;115;41566617
32436579;32435687;399;41016106
32436579;32436572;74;40631570
32436579;32436843;132;41016109
32436580;32436563;7;39867413
32436580;32436569;36;40631567
32436580;32436765;87;39867416
32436588;32436484;98;40105875
32436588;32436567;30;40165379
32436588;32436635;25;40105878
32436594;32436605;6;41566644
32436595;32436609;72;40677870
32436598;32436601;4;40157785
32436599;32436695;107;41491647
32436601;32436559;24;40157788
32436601;32436598;4;40157784
32436601;32436681;35;40157787
32436604;32436532;93;40484288
32436604;32436631;19;40484277
32436605;32436539;99;40167403
32436605;32436658;100;41566645
32436607;32436647;122;41016126
32436609;32436448;83;41215968
32436609;32436595;72;40677869
32436609;32436840;112;41215971
32436613;32436458;147;41205118
32436613;32436619;10;41205124
32436613;32436791;201;41205121
32436618;32436544;39;40469575
32436618;32436621;62;40184460
32436618;32436646;198;40184459
32436619;32436613;10;41205123
32436620;32436286;187;41566855
32436620;32436481;74;41993072
32436620;32436643;14;41566858
32436621;32436618;62;40184461
32436625;32436703;94;41016012
32436629;32436430;159;40484479
32436629;32436681;117;41339833
32436629;32436780;166;40157720
32436631;32436604;19;40484276
32436631;32436702;59;40127552
32436635;32436588;25;40105877
32436635;32436669;82;40115742
32436635;32436669;17;40105880
32436637;32436654;38;40481123
32436637;32436662;11;41214352
32436638;32436594;210;41060414
32436643;32436620;14;41566857
32436643;32436647;13;41881580
32436643;32436745;45;41566860
32436644;32436515;133;40158123
32436644;32436758;107;40158126
32436644;32437053;216;40158137
32436645;32436538;53;41340274
32436645;32436820;82;41508589
32436646;32436618;198;40184458
32436646;32436774;65;40466108
32436646;32436869;290;40184463
32436647;32436607;122;41016127
32436647;32436643;13;41881579
32436650;32436512;80;40631415
32436650;32436526;77;40631421
32436650;32436714;92;40631424
32436652;32436497;99;40127557
32436652;32436655;11;40127560
32436652;32436693;149;40157776
32436654;32436401;130;40680455
32436654;32436672;12;40680456
32436655;32436652;11;40127559
32436655;32436702;94;40127556
32436658;32436638;5;41566643
32436658;32436713;72;40169510
32436662;32436637;11;41214353
32436662;32436665;12;41214350
32436662;32436746;39;41214354
32436663;32436566;122;41211902
32436663;32436695;15;40146308
32436664;32436991;187;40184457
32436665;32436662;12;41214351
32436669;32436635;17;40105879
32436669;32436635;82;40115743
32436669;32436788;57;40105882
32436671;32436490;98;40164575
32436671;32436663;15;40166328
32436672;32436654;12;40680457
32436672;32436685;13;41214345
32436672;32436856;88;40680458
32436674;32435904;769;40514888
32436674;32437226;282;40674391
32436681;32436601;35;40157786
32436681;32436629;117;41339834
32436681;32436704;259;41339835
32436685;32436672;13;41214344
32436685;32436836;88;41214349
32436689;32436526;106;41340254
32436689;32436578;115;41566618
32436689;32436701;10;41566635
32436691;32436427;137;40481154
32436691;32436575;151;41016096
32436691;32436916;109;40481157
32436693;32436495;109;40281189
32436693;32436652;149;40157777
32436693;32436869;94;40332945
32436695;32436706;16;41211903
32436695;32437119;215;41353341
32436701;32436689;10;41566636
32436701;32437409;397;41566637
32436702;32436631;59;40127551
32436702;32436655;94;40127555
32436702;32436771;45;40127554
32436703;32436517;95;41211895
32436703;32436625;94;41016011
32436703;32436786;92;41016014
32436704;32436681;259;41339836
32436704;32436771;134;41339837
32436704;32436863;96;40555654
32436705;32436971;193;40309487
32436706;32436671;15;41212160
32436706;32436895;265;41211905
32436713;32436658;72;40169509
32436713;32436717;8;40169512
32436713;32436850;76;41884876
32436714;32436650;92;40631423
32436716;32436781;53;41881581
32436717;32436713;8;40169511
32436717;32436725;10;40169508
32436718;32437038;161;40174310
32436725;32436717;10;40169507
32436725;32436729;2;41566622
32436727;32436731;58;40662763
32436728;32436769;200;40514884
32436729;32436725;2;41566621
32436729;32436739;8;40117995
32436731;32436577;71;40612314
32436731;32436727;58;40662762
32436731;32436923;90;40612317
32436739;32436729;8;40117994
32436739;32436763;35;40117997
32436739;32436957;109;41344772
32436740;32436903;94;41016141
32436744;32436263;243;40158143
32436744;32436780;155;41339852
32436744;32436797;81;41339853
32436745;32436643;45;41566859
32436745;32436781;17;41000833
32436746;32436662;39;41214355
32436754;32436902;75;40203946
32436756;32436671;98;41491646
32436757;32436572;89;41016131
32436758;32436644;107;40158125
32436758;32436864;108;40158128
32436758;32437155;215;40158136
32436760;32436778;74;41881281
32436763;32436567;99;41344804
32436763;32436739;35;40117996
32436763;32436772;12;40104345
32436765;32436580;87;39867415
32436765;32436770;5;41103151
32436765;32436777;34;39867418
32436769;32436437;206;41339585
32436769;32436728;200;40514883
32436769;32437048;140;41339586
32436770;32436765;5;41103150
32436770;32436866;47;39880165
32436771;32436702;45;40127553
32436771;32436704;134;41339838
32436771;32436837;67;41339839
32436772;32436763;12;40104346
32436772;32436782;10;40171694
32436774;32436646;65;40466107
32436774;32436908;68;40203929
32436777;32436765;34;39867417
32436778;32436760;74;41881282
32436778;32436865;47;40104353
32436780;32436629;166;40157721
32436780;32436744;155;41339851
32436780;32436941;80;40157724
32436780;32437052;194;40158087
32436781;32436716;53;41881582
32436781;32436745;17;41000832
32436781;32436803;11;41000835
32436782;32436772;10;40171695
32436782;32436788;8;40171696
32436784;32436523;230;40381422
32436784;32436536;450;41833646
32436784;32437136;176;41833649
32436786;32436703;92;41016013
32436788;32436669;57;40105881
32436788;32436782;8;40171697
32436788;32436861;111;40171698
32436788;32437004;108;40105884
32436791;32436613;201;41205122
32436794;32436457;165;40604493
32436794;32436840;134;40182102
32436797;32436362;220;40158097
32436797;32436744;81;41339854
32436797;32436852;86;41339855
32436797;32437071;151;40158100
32436799;32437045;119;40377289
32436803;32436781;11;41000834
32436803;32436853;61;41001609
32436803;32436945;65;41000837
32436806;32436337;269;40572989
32436809;32436941;168;40655651
32436814;32436539;136;40119800
32436814;32436834;35;40582650
32436814;32437073;135;40119801
32436815;32436874;35;40597350
32436820;32436645;82;41508588
32436820;32436868;50;41340278
32436820;32436868;29;41508591
32436823;32436975;76;40203935
32436834;32436814;35;40582649
32436834;32436990;170;40165367
32436836;32436685;88;41214348
32436836;32436856;19;41214347
32436837;32436771;67;41339840
32436837;32436964;84;40555652
32436837;32437222;216;41339841
32436839;32436843;25;41016136
32436840;32436609;112;41215970
32436840;32436794;134;40182101
32436840;32437406;285;41215973
32436843;32436579;132;41016108
32436843;32436839;25;41016137
32436843;32436847;17;41016138
32436847;32436843;17;41016139
32436850;32436713;76;41884877
32436852;32436454;210;40158141
32436852;32436797;86;41339856
32436852;32436921;68;41339857
32436852;32436937;35;40658536
32436853;32436803;61;41001610
32436853;32436903;64;41001611
32436853;32436987;72;41881584
32436856;32436672;88;40680459
32436856;32436836;19;41214346
32436856;32437070;99;40680460
32436861;32436788;111;40171699
32436861;32436871;8;41566613
32436863;32436704;96;40555655
32436864;32436758;108;40158127
32436864;32436914;42;40158130
32436864;32437265;215;40158112
32436865;32436778;47;40104354
32436865;32436984;150;41566651
32436865;32437232;183;40104355
32436866;32436770;47;39880166
32436868;32436820;50;41340279
32436868;32436820;29;41508590
32436868;32437382;288;41508593
32436869;32436646;290;40184462
32436869;32436693;94;40332946
32436869;32437095;125;40332947
32436871;32436861;8;41566614
32436871;32437016;70;40104307
32436874;32436815;35;40597349
32436874;32437132;302;40157735
32436874;32437314;421;40157732
32436878;32436370;339;40508609
32436878;32436897;61;40642397
32436886;32436756;167;40166326
32436886;32436895;5;41879518
32436887;32437042;76;40203939
32436895;32436886;5;41879517
32436895;32436944;51;41879516
32436895;32436962;28;41879529
32436896;32436706;97;41491645
32436897;32436878;61;40642398
32436897;32437048;357;40508611
32436902;32436754;75;40203947
32436902;32436978;99;40203945
32436902;32436980;36;40203948
32436903;32436740;94;41016140
32436903;32436853;64;41001612
32436903;32436958;85;41001613
32436905;32436992;38;40309492
32436907;32436569;161;41000800
32436907;32436951;19;40867643
32436908;32436774;68;40203928
32436908;32436975;93;40205209
32436908;32436978;34;40203931
32436914;32436864;42;40158129
32436915;32436992;58;40309488
32436916;32436691;109;40481156
32436916;32436930;22;40481127
32436918;32437218;192;41214661
32436919;32436923;45;40662759
32436921;32436852;68;41339858
32436921;32436954;37;41339859
32436921;32436972;27;40158101
32436923;32436731;90;40612316
32436923;32436919;45;40662758
32436923;32436934;5;40612319
32436930;32436886;51;40166327
32436930;32436938;3;41357580
32436931;32437016;57;41881274
32436934;32436923;5;40612318
32436934;32437106;110;40612321
32436934;32437115;90;40577394
32436937;32436852;35;40658537
32436937;32436947;11;40158107
32436937;32437080;76;40658538
32436938;32436944;2;40481129
32436940;32435593;1563;40157794
32436940;32436959;20;40157797
32436940;32437427;417;40157798
32436941;32436780;80;40157725
32436941;32436809;168;40655650
32436941;32437041;55;40157726
32436944;32436968;21;40481130
32436945;32436803;65;41000836
32436945;32436949;19;41993067
32436945;32436982;21;41000839
32436946;32436980;79;40203953
32436947;32436937;11;40158108
32436949;32436945;19;41993068
32436950;32436834;170;40165366
32436950;32436990;22;40582643
32436951;32436961;6;41338447
32436953;32436907;18;40867641
32436953;32436951;13;41338446
32436954;32436515;223;40158139
32436954;32436921;37;41339860
32436954;32437053;110;41339861
32436954;32437096;82;40158103
32436955;32436916;18;40481128
32436955;32437014;104;40481161
32436957;32436950;64;40582642
32436957;32436977;36;40582645
32436957;32437054;54;41344798
32436958;32436903;85;41001614
32436959;32436355;1090;40281184
32436959;32436940;20;40157796
32436959;32436970;17;40157791
32436960;32436953;5;41338444
32436961;32436973;54;40867645
32436961;32436997;18;41357420
32436962;32436895;28;41879530
32436962;32436993;17;41879521
32436962;32437022;65;41879531
32436964;32436837;84;40555653
32436968;32436955;20;40481131
32436968;32437161;99;41882105
32436970;32436959;17;40157790
32436970;32436991;29;41339876
32436971;32436637;245;40481122
32436971;32436705;193;40309486
32436971;32436992;72;40309491
32436972;32436921;27;40158102
32436973;32436995;68;40481164
32436973;32436997;53;40867646
32436975;32436823;76;40203934
32436975;32436908;93;40205210
32436975;32437042;91;40205211
32436975;32437230;127;40203937
32436977;32436763;109;41344805
32436977;32436957;36;40582646
32436978;32436902;99;40203944
32436978;32436908;34;40203930
32436978;32437177;103;40203933
32436980;32436902;36;40203949
32436980;32436946;79;40203952
32436980;32437077;50;40203950
32436982;32436945;21;41000838
32436982;32437029;21;41000841
32436982;32437034;44;41181890
32436983;32436960;62;40208306
32436983;32437028;125;40867648
32436984;32436865;150;41566650
32436984;32437060;102;41566653
32436984;32437102;141;40104359
32436987;32436853;72;41881583
32436990;32437054;65;40582644
32436991;32436664;187;40184456
32436991;32436970;29;41339875
32436991;32437045;118;41339878
32436992;32436905;38;40309493
32436992;32436915;58;40309489
32436992;32436971;72;40309490
32436993;32436962;17;41879522
32436993;32436996;23;41879519
32436993;32437022;49;41879523
32436995;32436973;68;40481163
32436995;32437020;106;40481166
32436995;32437266;142;40485303
32436996;32436993;23;41879520
32436997;32437000;4;41357421
32436999;32436960;20;40208305
32436999;32436983;60;40867647
32437000;32437002;16;41338443
32437000;32437043;21;40867642
32437002;32436999;5;41338445
32437004;32436788;108;40105883
32437004;32436977;30;40582647
32437006;32436871;232;40104306
32437006;32437086;113;40140506
32437014;32436955;104;40481162
32437014;32437034;203;40481167
32437014;32437225;104;41228568
32437016;32436931;57;41881273
32437016;32437269;136;40104309
32437020;32436982;39;41214267
32437020;32436995;106;40481165
32437020;32437029;32;40481170
32437022;32436962;65;41879532
32437022;32436993;49;41879524
32437022;32437141;61;41879533
32437028;32436983;125;40867649
32437028;32437039;32;40867650
32437028;32437072;37;40481116
32437029;32436982;21;41000840
32437029;32437020;32;40481169
32437029;32437034;38;40481172
32437029;32437082;28;41181887
32437034;32437014;203;40481168
32437034;32437029;38;40481171
32437034;32437082;52;41214265
32437038;32436718;161;40174309
32437038;32437058;14;40174308
32437039;32436971;32;40481124
32437039;32437028;32;40867651
32437039;32437049;39;40867652
32437041;32436941;55;40157727
32437041;32437113;40;40157728
32437041;32437173;170;40158083
32437042;32436887;76;40203938
32437042;32436975;91;40205212
32437042;32437095;82;40205213
32437042;32437271;123;40203941
32437043;32437002;21;40867644
32437043;32437165;65;39869432
32437045;32436799;119;40377288
32437045;32436991;118;41339877
32437045;32437177;270;41339880
32437047;32437180;71;40631581
32437048;32436769;140;41339587
32437048;32436897;357;40508610
32437048;32437118;38;41339588
32437049;32437039;39;40867653
32437049;32437099;137;40867654
32437052;32436780;194;40158088
32437052;32437071;16;40158089
32437052;32437173;76;40158096
32437053;32436644;216;40158138
32437053;32436954;110;41339862
32437053;32437057;4;41339863
32437054;32437081;35;40113719
32437054;32437262;109;41344799
32437057;32437053;4;41339864
32437057;32437111;30;40597346
32437057;32437112;57;41339865
32437058;32437038;14;40174307
32437058;32437086;15;40163582
32437060;32436984;102;41566652
32437060;32437073;19;41566655
32437061;32437080;26;40658541
32437070;32436856;99;40680461
32437070;32437074;4;40481118
32437071;32436797;151;40158099
32437071;32437052;16;40158090
32437071;32437258;126;40158091
32437072;32437049;45;40481158
32437072;32437166;47;39867404
32437073;32436814;135;40119802
32437073;32437060;19;41566654
32437073;32437143;92;41566649
32437074;32437099;15;40481119
32437077;32436980;50;40203951
32437080;32436937;76;40658539
32437080;32437061;26;40658540
32437080;32437135;39;40158105
32437081;32436977;54;39861371
32437081;32437004;150;40582648
32437081;32437054;35;40113718
32437082;32437020;43;41214266
32437082;32437029;28;41181886
32437082;32437149;33;41181889
32437083;32437106;134;40662761
32437085;32437118;74;40514886
32437086;32437006;113;40140507
32437086;32437058;15;40163581
32437086;32437119;40;40140508
32437089;32437153;54;41721354
32437089;32437153;56;41721355
32437091;32437269;117;41881275
32437095;32436869;125;40332948
32437095;32437042;82;40205214
32437095;32437222;156;40205215
32437095;32437310;117;40332949
32437096;32436954;82;40158104
32437096;32437138;46;41601792
32437099;32437049;137;40867655
32437099;32437126;26;40481120
32437101;32437070;24;40481117
32437101;32437127;63;40481112
32437102;32436984;141;40104360
32437106;32436934;110;40612320
32437106;32437083;134;40662760
32437106;32437263;89;40612323
32437111;32437057;30;40597345
32437112;32437057;57;41339866
32437112;32437155;48;41339867
32437112;32437234;109;41601794
32437113;32437041;40;40157729
32437113;32437132;19;40157736
32437113;32437146;16;40157802
32437114;32437149;28;41181950
32437114;32437266;116;41016088
32437115;32436934;90;40577395
32437115;32437145;74;40662746
32437115;32437739;358;40577396
32437118;32437048;38;41339589
32437118;32437085;74;40514885
32437118;32437360;126;41339590
32437119;32437086;40;40140509
32437119;32437356;129;41353342
32437120;32437133;8;40381416
32437126;32437101;16;40481121
32437126;32437539;233;39868819
32437127;32437101;63;40481113
32437127;32437133;9;41833650
32437128;32437141;72;41879526
32437129;32436896;119;41406114
32437129;32437218;162;40164588
32437132;32436874;302;40157734
32437132;32437113;19;40157737
32437132;32437146;12;40597352
32437133;32437120;8;40381415
32437133;32437127;9;41833651
32437133;32437176;122;41833652
32437134;32437197;44;41214240
32437135;32437080;39;40158106
32437136;32436784;176;41833648
32437136;32437160;16;40388515
32437136;32437176;170;41833655
32437138;32437096;46;41601793
32437139;32437144;16;41881288
32437141;32437022;61;41879534
32437141;32437128;72;41879525
32437141;32437161;21;41879528
32437143;32437073;92;41566648
32437143;32437183;55;40194523
32437143;32437191;26;40874014
32437144;32437139;16;41881287
32437144;32437152;31;40631551
32437144;32437175;17;40631550
32437145;32437115;74;40662747
32437146;32437113;16;40157803
32437146;32437132;12;40597351
32437146;32437718;316;40157804
32437149;32437082;33;41181888
32437149;32437114;28;41181949
32437149;32437317;112;41181938
32437152;32437144;31;40631552
32437153;32437089;56;41721356
32437153;32437089;54;41721353
32437153;32437229;36;41573095
32437155;32436758;215;40158135
32437155;32437112;48;41339868
32437155;32437206;49;41339869
32437160;32437136;16;40388516
32437160;32437204;76;40583224
32437161;32436968;99;41882106
32437161;32437141;21;41879527
32437161;32437215;26;41882107
32437164;32437242;34;41602795
32437165;32437043;65;39869433
32437165;32437180;34;40631553
32437165;32437216;43;41881586
32437165;32437333;100;39869434
32437166;32437072;47;39867403
32437173;32437041;170;40158084
32437173;32437052;76;40158095
32437173;32437258;149;40158085
32437175;32437144;17;40631549
32437175;32437184;36;40631556
32437175;32437185;34;41228570
32437176;32437133;122;41833653
32437176;32437136;170;41833654
32437176;32437241;40;40583222
32437177;32436978;103;40203932
32437177;32437045;270;41339879
32437177;32437230;91;41339882
32437180;32437047;71;40631582
32437180;32437165;34;40631554
32437180;32437184;5;40631557
32437183;32437143;55;40194522
32437183;32437229;51;40194525
32437184;32437175;36;40631555
32437184;32437180;5;40631558
32437184;32437350;95;40631574
32437185;32437175;34;41228571
32437186;32437326;333;40514876
32437188;32437321;104;41000907
32437191;32437376;111;41566647
32437193;32437199;114;40481142
32437197;32437134;44;41214239
32437200;32437239;20;40597347
32437204;32437160;76;40583225
32437206;32437155;49;41339870
32437206;32437234;12;41601797
32437206;32437265;58;41339871
32437210;32437223;35;40238288
32437210;32437244;13;41060425
32437210;32437244;61;40238289
32437213;32437263;41;41332536
32437215;32437161;26;41882108
32437215;32437236;15;41896952
32437215;32437280;36;41882109
32437216;32437165;43;41881585
32437218;32436918;192;41214660
32437218;32437280;209;40164589
32437222;32436837;216;41339842
32437222;32437095;156;40205216
32437222;32437260;24;41339843
32437223;32437210;35;40238287
32437223;32437244;22;40238292
32437225;32437014;104;41228569
32437226;32436674;282;40674392
32437226;32437248;132;40182092
32437226;32437316;400;40182089
32437229;32437153;36;41573094
32437229;32437183;51;40194524
32437229;32437252;31;40194527
32437230;32436975;127;40203936
32437230;32437177;91;41339881
32437230;32437242;15;41339884
32437232;32436865;183;40104356
32437232;32437308;118;41060431
32437232;32437472;143;40104357
32437234;32437112;109;41601795
32437234;32437206;12;41601796
32437234;32437585;238;41601798
32437236;32437215;15;41896953
32437239;32437200;20;40597348
32437241;32437176;40;40583223
32437242;32437164;34;41602794
32437242;32437230;15;41339883
32437242;32437249;17;41339886
32437244;32437210;13;41060426
32437244;32437210;61;40238290
32437244;32437223;22;40238291
32437244;32437308;44;41060427
32437246;32437337;53;41214218
32437247;32436504;354;40729790
32437248;32437226;132;40182091
32437249;32437242;17;41339885
32437249;32437271;52;41339888
32437249;32437330;48;40203942
32437252;32437229;31;40194526
32437252;32437257;10;40194521
32437255;32437060;99;41059954
32437256;32437006;129;40104308
32437256;32437356;153;40140511
32437257;32437252;10;40194520
32437257;32437262;11;40165383
32437258;32437071;126;40158092
32437258;32437173;149;40158086
32437258;32437432;201;40158093
32437259;32437347;63;41896947
32437260;32437222;24;41339844
32437260;32437300;47;40616858
32437260;32437318;49;41339845
32437262;32437257;11;40165382
32437262;32437284;35;40104352
32437262;32437574;184;41344800
32437263;32437106;89;40612322
32437263;32437213;41;41332535
32437263;32437311;48;41332538
32437263;32437739;270;40612325
32437265;32436864;215;40158111
32437265;32437206;58;41339872
32437265;32437322;65;41339873
32437266;32436995;142;40485302
32437266;32437114;116;41016089
32437266;32437385;79;40485305
32437268;32437333;38;40485275
32437269;32437091;117;41881276
32437269;32437386;67;40104311
32437271;32437042;123;40203940
32437271;32437249;52;41339887
32437271;32437310;85;41339890
32437280;32437215;36;41882110
32437280;32437312;21;41882111
32437284;32437081;109;39861372
32437284;32437262;35;40104351
32437284;32437289;12;40179179
32437289;32437284;12;40179178
32437289;32437295;11;40179177
32437292;32437382;102;40582800
32437294;32437335;39;41427921
32437295;32437289;11;40179176
32437295;32437299;8;40104313
32437299;32437295;8;40104312
32437299;32437386;117;40104315
32437299;32437645;226;40105824
32437300;32437260;47;40616859
32437308;32437244;44;41060428
32437308;32437389;112;41060432
32437308;32437433;70;41060429
32437310;32437095;117;40332950
32437310;32437271;85;41339889
32437310;32437339;42;41339892
32437310;32437513;111;40332951
32437311;32437263;48;41332537
32437312;32437280;21;41882112
32437312;32437328;7;41882113
32437312;32437341;40;41377165
32437314;32436874;421;40157733
32437314;32437454;124;40597343
32437314;32437471;88;40157738
32437316;32437226;400;40182090
32437316;32437368;80;41215962
32437316;32438925;1017;40182088
32437317;32437149;112;41181937
32437317;32437428;152;40631559
32437317;32437632;179;41181940
32437318;32437260;49;41339846
32437318;32437367;39;40140997
32437318;32437372;34;41339847
32437320;32437510;107;41208640
32437321;32436413;462;41000951
32437321;32437188;104;41000908
32437321;32437335;7;41000952
32437321;32437393;81;41427918
32437322;32437265;65;41339874
32437322;32437708;456;40158109
32437326;32437186;333;40514875
32437326;32437360;81;40514878
32437326;32437500;103;40514873
32437328;32437312;7;41882114
32437328;32437362;17;41882115
32437328;32437379;148;40416246
32437330;32437249;48;40203943
32437331;32437380;38;41208639
32437333;32437165;100;39869435
32437333;32437268;38;40485274
32437333;32437350;44;40631576
32437333;32437385;38;39869436
32437335;32437294;39;41427920
32437335;32437321;7;41000953
32437335;32438399;707;41000954
32437337;32437246;53;41214219
32437337;32437364;13;41214214
32437339;32437310;42;41339891
32437339;32437372;73;40157779
32437341;32437312;40;41377166
32437341;32437357;36;41377157
32437341;32437362;30;41377160
32437345;32437347;12;41896951
32437347;32437259;63;41896946
32437347;32437345;12;41896950
32437347;32437379;19;41896949
32437350;32437184;95;40631573
32437350;32437333;44;40631575
32437350;32437359;28;40631578
32437356;32437256;153;40140510
32437356;32437597;140;41353343
32437357;32437341;36;41377158
32437359;32437350;28;40631577
32437359;32437365;21;40631580
32437359;32437461;63;40631563
32437360;32437118;126;41339591
32437360;32437326;81;40514877
32437360;32437533;103;41339592
32437362;32437328;17;41882116
32437362;32437341;30;41377159
32437362;32437383;14;41882117
32437364;32437337;13;41214215
32437364;32437373;30;41214212
32437364;32437401;44;41214216
32437365;32437359;21;40631579
32437365;32437468;63;40631546
32437367;32437318;39;40140998
32437367;32437388;21;40140999
32437367;32437396;21;40616856
32437368;32437316;80;41215963
32437368;32437406;84;41215964
32437368;32437776;349;40674390
32437370;32432895;1742;41558711
32437372;32437318;34;41339848
32437372;32437339;73;40157778
32437372;32437451;50;40360933
32437373;32437364;30;41214213
32437376;32437183;135;41566646
32437376;32437450;49;41566626
32437379;32437328;148;40416247
32437379;32437347;19;41896948
32437379;32437626;160;40416248
32437380;32437331;38;41208638
32437381;32438239;516;41558712
32437382;32436868;288;41508592
32437382;32437292;102;40582799
32437382;32437462;48;41508595
32437383;32437362;14;41882118
32437383;32437601;125;40481144
32437385;32437266;79;40485304
32437385;32437333;38;39869437
32437385;32437466;68;39869438
32437386;32437299;117;40104314
32437386;32437486;156;40104317
32437387;32437417;16;41881266
32437388;32437367;21;40141000
32437388;32437410;17;40616854
32437388;32437426;36;40141001
32437389;32437403;20;40198901
32437389;32437404;36;40198898
32437390;32437393;11;40543280
32437390;32437462;140;40543281
32437391;32437453;34;40141003
32437393;32437321;81;41427919
32437393;32437390;11;40543279
32437396;32437367;21;40616857
32437400;32437417;14;41881254
32437401;32437364;44;41214217
32437403;32437255;90;41059955
32437403;32437389;20;40198900
32437403;32437412;57;41059958
32437403;32437520;68;41884874
32437404;32437389;36;40198899
32437404;32437422;46;40198902
32437404;32437538;79;41881261
32437406;32436840;285;41215972
32437406;32437368;84;41215965
32437406;32437776;204;40182094
32437409;32436701;397;41566638
32437409;32437472;101;40198923
32437409;32437546;84;41566639
32437410;32437388;17;40616855
32437412;32437255;125;41884878
32437412;32437403;57;41059959
32437412;32437450;91;41059956
32437417;32437387;16;41881265
32437417;32437400;14;41881253
32437417;32437469;31;41881268
32437418;32437464;28;40143726
32437421;32437613;105;41208811
32437422;32437404;46;40198903
32437422;32437433;36;40198904
32437422;32437561;79;40881733
32437423;32437247;100;41385967
32437426;32437388;36;40141002
32437427;32436940;417;40157799
32437427;32437435;6;40650190
32437427;32438437;893;40157800
32437428;32437317;152;40631560
32437428;32437442;75;40631583
32437428;32437488;34;40631561
32437431;32437513;113;40471157
32437432;32437258;201;40158094
32437433;32437308;70;41060430
32437433;32437422;36;40198905
32437433;32437436;10;40198906
32437435;32437427;6;40650191
32437436;32437433;10;40198907
32437436;32437455;46;40198908
32437436;32437579;79;40881731
32437441;32437570;69;40481160
32437442;32437428;75;40631584
32437446;32437458;14;40650188
32437450;32437376;49;41566625
32437450;32437412;91;41059957
32437450;32437473;13;41566628
32437451;32437372;50;40360934
32437451;32437453;9;40597557
32437451;32437527;48;40360935
32437453;32437391;34;40141004
32437453;32437451;9;40597558
32437454;32437314;124;40597344
32437455;32437436;46;40198909
32437455;32437469;38;40198910
32437455;32437608;79;40198917
32437456;32437488;40;40631571
32437457;32437129;186;41406115
32437457;32437524;45;41208808
32437458;32437446;14;40650189
32437461;32437359;63;40631564
32437462;32437382;48;41508594
32437462;32437390;140;40543282
32437462;32437751;157;39878071
32437464;32438186;450;40143723
32437466;32437385;68;39869439
32437466;32437553;65;39869440
32437467;32437423;27;40143727
32437468;32437365;63;40631545
32437469;32437417;31;41881267
32437469;32437455;38;40198911
32437469;32437476;7;40198912
32437471;32437314;88;40157739
32437471;32437521;52;40159548
32437471;32437747;164;40157740
32437472;32437232;143;40104358
32437472;32437409;101;40198922
32437472;32437480;33;40198925
32437473;32437450;13;41566627
32437476;32437469;7;40198913
32437476;32437478;8;40198914
32437476;32437624;78;40199263
32437478;32437476;8;40198915
32437478;32437480;10;40198920
32437480;32437472;33;40198924
32437480;32437478;10;40198921
32437486;32437256;140;40104310
32437486;32437386;156;40104316
32437486;32437565;119;41885052
32437488;32437428;34;40631562
32437488;32437456;40;40631572
32437488;32437580;98;41199280
32437490;32437510;33;40468715
32437490;32438717;765;40388524
32437498;32437593;51;41881256
32437500;32437326;103;40514874
32437500;32437533;92;41612010
32437510;32437320;107;41208641
32437510;32437490;33;40468716
32437510;32437539;63;40468717
32437513;32437310;111;40332952
32437513;32437431;113;40471156
32437513;32437678;86;40332953
32437516;32437520;92;41000911
32437516;32437550;71;41273263
32437516;32437550;50;41000914
32437520;32437403;68;41884873
32437520;32437516;92;41000912
32437520;32437538;49;41000915
32437520;32437670;98;40105827
32437521;32437471;52;40159549
32437524;32437457;45;41208809
32437524;32437457;43;41406116
32437527;32437451;48;40360936
32437527;32437581;49;40471154
32437527;32437690;76;40360937
32437531;32437577;22;41101165
32437533;32437360;103;41339593
32437533;32437500;92;41612011
32437533;32437817;152;41339594
32437536;32437546;54;41881247
32437538;32437404;79;41881262
32437538;32437520;49;41000916
32437538;32437561;46;41000917
32437539;32437126;233;39868818
32437539;32437510;63;40468718
32437539;32437570;42;39872700
32437539;32438019;284;39868821
32437544;32437618;45;41214223
32437546;32437409;84;41566640
32437546;32437558;10;41881248
32437546;32437560;6;41566641
32437548;32437678;165;40471808
32437550;32437516;50;41000913
32437550;32437587;46;41000920
32437553;32437466;66;41214232
32437553;32437466;65;39869441
32437553;32437573;13;39869442
32437558;32437566;12;41881246
32437560;32437546;6;41566642
32437560;32437590;14;40121506
32437561;32437422;79;40881732
32437561;32437538;46;41000918
32437561;32437579;46;41000921
32437561;32437709;93;40881729
32437564;32437591;12;41214236
32437565;32437486;119;41885051
32437565;32437597;35;41885054
32437565;32437602;15;40140512
32437566;32437593;16;40873994
32437567;32437524;20;41406117
32437567;32437613;48;41208814
32437570;32437441;69;40481159
32437570;32437539;42;39872701
32437570;32437614;18;39872702
32437572;32437618;45;41214224
32437573;32437553;13;39869443
32437573;32437640;46;40485264
32437573;32438056;329;39869444
32437574;32437605;20;41000959
32437577;32437531;22;41101164
32437577;32437665;45;41101167
32437577;32437735;220;40105825
32437579;32437436;79;40881730
32437579;32437561;46;41000922
32437579;32437608;46;41000923
32437580;32437627;22;40631547
32437580;32437632;102;41199281
32437581;32437527;49;40471155
32437585;32437234;238;41601799
32437587;32437229;240;41140688
32437587;32437550;46;41000919
32437587;32437606;15;41000926
32437589;32437673;75;41881264
32437590;32437560;14;40121507
32437590;32437655;38;40278220
32437591;32437564;12;41214235
32437591;32437594;8;41208633
32437591;32437647;30;41214238
32437591;32437647;89;41208630
32437593;32437498;51;41881255
32437593;32437681;51;40873995
32437594;32437591;8;41208632
32437597;32437565;35;41885053
32437597;32437920;216;41353344
32437601;32437383;125;40481145
32437601;32437626;156;40416251
32437601;32437987;250;40481146
32437602;32437625;14;40186037
32437605;32437606;31;40121508
32437605;32437646;28;41000960
32437606;32437587;15;41000925
32437606;32437646;33;41000939
32437608;32437455;79;40198916
32437608;32437579;46;41000924
32437608;32437624;46;41000927
32437608;32437738;96;40198919
32437609;32437284;183;39861373
32437609;32437574;41;41000958
32437610;32437741;92;41208636
32437613;32437421;105;41208810
32437613;32437567;48;41208815
32437613;32437682;42;41208813
32437614;32437570;18;39872703
32437614;32437799;108;39872704
32437618;32437544;45;41214222
32437618;32437572;45;41214225
32437618;32437640;18;41214226
32437622;32437614;21;41214210
32437624;32437476;78;40199264
32437624;32437608;46;41000928
32437624;32437644;52;41000929
32437625;32437814;205;40186038
32437626;32437379;160;40416249
32437626;32437601;156;40416250
32437626;32437660;20;40416464
32437627;32437580;22;40631548
32437632;32437317;179;41181939
32437632;32437937;199;41181942
32437637;32437669;24;41214229
32437639;32437609;21;41000961
32437640;32437573;46;40485265
32437640;32437618;18;41214227
32437640;32437669;18;41214230
32437640;32437702;39;40485266
32437644;32437624;52;41000930
32437644;32437663;46;41000931
32437644;32437775;97;40874006
32437645;32437652;14;40179182
32437646;32437688;21;41000963
32437647;32437591;30;41214237
32437647;32437591;89;41208631
32437649;32437716;65;40655630
32437649;32437892;494;40361076
32437652;32437665;13;40179183
32437655;32437590;38;40278221
32437655;32437689;15;40278222
32437660;32437626;20;40416465
32437660;32437675;13;40416468
32437660;32437745;51;40416466
32437663;32437644;46;41000932
32437663;32437673;20;41000933
32437663;32437797;80;40199302
32437665;32437577;45;41101166
32437665;32437706;20;39861368
32437669;32437637;24;41214228
32437669;32437640;18;41214231
32437669;32437691;14;41214220
32437670;32437732;86;40444422
32437670;32437794;75;40105828
32437672;32437762;100;41881803
32437673;32437589;75;41881263
32437673;32437663;20;41000934
32437673;32437681;22;41000935
32437675;32437660;13;40416469
32437678;32437513;86;40332954
32437678;32437548;165;40471807
32437678;32437822;89;40332955
32437681;32437673;22;41000936
32437681;32437683;5;41000937
32437681;32437842;127;40873996
32437682;32437613;42;41208812
32437683;32437681;5;41000938
32437683;32437697;16;40278224
32437686;32437639;28;40115737
32437686;32437750;105;41000909
32437688;32437710;41;41000964
32437688;32438397;484;39861374
32437689;32437655;15;40278223
32437689;32437720;23;40874013
32437689;32437753;42;41340219
32437690;32437527;76;40360938
32437690;32437717;15;40360939
32437690;32437747;119;40360942
32437691;32437669;14;41214221
32437694;32437735;28;40104318
32437696;32437639;27;41000962
32437696;32437686;27;40238282
32437697;32437683;16;40278225
32437697;32437704;22;40278226
32437702;32437640;39;40485267
32437702;32437760;130;40485268
32437702;32438056;354;40485298
32437704;32437655;48;41018148
32437704;32437697;22;40278227
32437704;32437720;32;40278228
32437705;32437587;60;40444419
32437706;32437665;20;39861367
32437708;32437322;456;40158110
32437709;32437538;97;40881728
32437709;32437825;77;40194528
32437710;32437696;20;41000965
32437716;32437649;65;40655631
32437716;32437723;9;40655648
32437717;32437690;15;40360940
32437717;32437914;134;40361019
32437717;32437947;183;40147170
32437718;32437146;316;40157805
32437720;32437704;32;40278229
32437720;32437753;33;41340221
32437723;32437716;9;40655649
32437723;32437731;9;40655636
32437731;32437723;9;40655637
32437731;32437791;46;40655638
32437732;32437670;86;40444423
32437732;32437705;52;41273262
32437732;32437743;26;40444424
32437735;32437577;220;40105826
32437735;32437694;28;40104319
32437735;32437801;45;40104320
32437738;32437579;97;40198918
32437738;32437795;36;40199255
32437739;32437115;358;40577397
32437739;32437263;270;40612324
32437739;32438047;221;40612327
32437741;32437610;92;41208637
32437743;32437705;29;40444420
32437743;32437732;26;40444425
32437745;32437660;51;40416467
32437747;32437471;164;40157741
32437747;32437690;119;40360941
32437747;32437759;14;40157782
32437750;32437686;105;41000910
32437750;32437764;22;41239194
32437751;32437462;157;39878070
32437751;32437762;75;40166337
32437751;32437885;97;39878073
32437753;32437689;42;41340220
32437753;32437720;33;41340222
32437753;32437877;92;41340223
32437759;32437747;14;40157783
32437759;32438071;201;40582802
32437759;32438160;493;40157780
32437760;32437702;130;40485269
32437760;32437847;69;41214233
32437760;32437878;120;40485270
32437762;32437672;100;41881802
32437762;32437751;75;40166338
32437762;32438136;318;40166339
32437764;32437750;22;41239195
32437764;32437771;6;41239196
32437771;32437764;6;41239197
32437771;32437779;16;41239198
32437771;32437890;89;41885048
32437775;32437624;102;40874005
32437775;32437880;76;40199265
32437776;32437368;349;40674389
32437776;32437406;204;40182093
32437776;32437817;33;40182096
32437779;32437771;16;41239199
32437779;32437824;83;41239210
32437783;32437622;92;41214211
32437791;32437731;46;40655639
32437794;32437825;100;40105831
32437794;32437904;80;40105829
32437795;32437738;36;40199256
32437795;32437832;103;40199298
32437795;32437850;41;40199257
32437797;32437663;80;40199301
32437797;32437911;104;40199300
32437799;32437614;108;39872705
32437799;32437783;22;41186866
32437799;32437872;156;39872706
32437801;32437735;45;40104321
32437801;32437857;44;40104322
32437804;32437890;90;40104328
32437809;32437801;10;40186040
32437810;32437822;28;40556359
32437814;32437809;14;40186039
32437817;32437533;152;41339595
32437817;32437776;33;40182095
32437817;32438084;177;41215976
32437822;32437678;89;40332956
32437822;32437810;28;40556358
32437822;32438050;152;40332957
32437824;32437779;83;41239211
32437824;32437833;16;41239212
32437825;32437709;77;40194529
32437825;32437794;100;40105832
32437825;32437832;26;40105833
32437825;32437940;80;40194530
32437832;32437795;103;40199297
32437832;32437825;26;40105834
32437832;32437850;65;40105835
32437833;32437824;16;41239213
32437833;32437857;50;41239214
32437833;32437886;41;41691708
32437834;32437925;67;41881257
32437839;32437872;82;39872709
32437842;32437945;69;40873993
32437847;32437760;69;41214234
32437847;32437906;47;41228572
32437850;32437795;41;40199258
32437850;32437832;65;40105836
32437850;32437880;98;40105837
32437850;32437978;81;40199259
32437852;32437931;68;41871486
32437857;32437801;44;40104323
32437857;32437833;50;41239215
32437857;32437920;121;41239216
32437870;32437988;164;40300589
32437872;32437799;156;39872707
32437872;32437839;82;39872708
32437872;32437923;35;39872712
32437877;32437753;92;41340224
32437877;32437885;14;41881882
32437878;32437760;120;40485271
32437880;32437775;76;40199266
32437880;32437850;98;40105838
32437880;32437897;51;40105839
32437880;32438016;81;40199267
32437885;32437751;97;39878072
32437885;32437918;26;41881884
32437886;32437833;41;41691707
32437886;32437893;9;40104349
32437886;32437999;71;41691710
32437890;32437804;90;40104327
32437890;32438029;87;41885049
32437892;32437649;494;40361075
32437892;32438291;723;40655641
32437893;32437886;9;40104350
32437897;32437797;90;40199299
32437897;32437880;51;40105840
32437897;32437911;47;40105841
32437897;32438021;72;41881250
32437904;32437952;28;40105830
32437904;32438042;101;40194533
32437906;32437847;47;41228573
32437909;32437877;25;41881883
32437909;32437963;49;40105844
32437910;32437710;147;39861377
32437911;32437897;47;40105842
32437911;32437925;46;40105845
32437911;32438031;71;41881251
32437912;32438047;139;40662755
32437914;32437717;134;40361020
32437914;32437947;46;40147171
32437914;32438132;142;40361021
32437918;32437909;19;41881885
32437918;32438421;324;39878074
32437920;32437857;121;41239217
32437920;32437926;10;41239218
32437920;32438404;324;41406109
32437923;32437872;35;39872713
32437923;32437944;61;41208634
32437923;32438030;58;39872714
32437925;32437834;67;41881258
32437925;32437911;46;40105846
32437925;32437945;47;40105847
32437925;32438041;68;41881259
32437926;32437920;10;41239219
32437926;32437933;9;41881897
32437931;32437852;68;41871485
32437931;32437956;20;41871487
32437932;32438050;166;40157817
32437933;32437567;235;41406118
32437933;32437926;9;41881898
32437933;32438065;213;39869420
32437937;32437632;199;41181941
32437937;32438500;452;41267233
32437937;32438523;395;41181944
32437940;32437825;80;40194531
32437940;32438076;95;40199272
32437944;32437923;61;41208635
32437945;32437925;47;40105848
32437945;32437963;44;40105849
32437947;32437914;46;40147172
32437947;32438002;37;40147173
32437952;32437743;159;40444421
32437952;32438033;47;41273260
32437954;32438287;385;40748140
32437956;32437931;20;41871488
32437956;32437958;3;41871489
32437956;32438120;141;40612292
32437958;32437956;3;41871490
32437963;32437909;49;40105843
32437963;32437945;44;40105850
32437963;32438149;255;40105851
32437966;32437987;38;41896945
32437967;32437988;12;41377162
32437978;32437850;81;40199260
32437978;32438098;97;40199262
32437979;32438002;51;40147192
32437986;32438030;85;40481115
32437987;32437601;250;40481147
32437987;32437966;38;41896944
32437987;32438006;12;40481148
32437988;32437870;164;40300590
32437988;32437967;12;41377161
32437988;32438074;60;41377164
32437993;32438160;189;40182107
32437996;32438117;162;40662749
32437999;32437886;71;41691709
32437999;32438078;130;40104335
32437999;32438243;173;41691712
32438002;32437947;37;40147174
32438002;32437979;51;40147191
32438002;32438097;68;40147175
32438006;32437987;12;40481149
32438006;32438015;9;41958251
32438006;32438082;56;40481150
32438015;32438006;9;41958252
32438015;32438086;52;41881277
32438015;32438086;73;41958253
32438016;32437880;81;40199268
32438016;32438126;97;40199270
32438018;32438134;100;40104325
32438019;32437539;284;39868820
32438019;32438165;272;39872710
32438019;32438300;184;39868823
32438021;32437897;72;41881249
32438023;32438095;91;40612306
32438029;32437910;173;40104326
32438029;32438053;21;41885050
32438030;32437923;58;39872715
32438030;32437986;85;40481114
32438030;32438165;93;39872716
32438031;32437911;71;41881252
32438033;32437952;47;41273261
32438033;32438042;27;40105854
32438033;32438158;92;41100953
32438035;32438095;63;40583221
32438041;32437925;68;41881260
32438042;32437904;101;40194532
32438042;32438033;27;40105853
32438042;32438058;45;40105856
32438047;32437739;221;40612326
32438047;32437912;139;40662754
32438047;32438119;55;41997038
32438050;32437822;152;40332958
32438050;32437932;166;40157816
32438050;32438185;89;40332959
32438053;32438184;90;41885047
32438056;32437573;329;39869445
32438056;32437702;354;40485299
32438056;32438294;154;39869446
32438058;32437940;96;40199271
32438058;32438042;45;40105855
32438058;32438066;18;40105858
32438062;32438168;75;41101169
32438064;32438152;61;41601442
32438065;32437933;213;39869421
32438065;32438070;13;41998706
32438066;32438058;18;40105857
32438066;32438076;28;40105860
32438066;32438089;18;40203751
32438069;32438089;66;41100934
32438070;32438065;13;41998707
32438070;32438079;10;41998708
32438070;32438221;106;40300606
32438071;32437759;201;40582803
32438071;32438264;153;40160192
32438074;32437988;60;41377163
32438074;32438079;6;41998702
32438075;32438148;54;40874007
32438076;32438066;28;40105859
32438076;32438085;46;40105862
32438078;32437999;130;40104336
32438079;32438070;10;41998709
32438079;32438074;6;41998703
32438079;32438135;116;41357605
32438082;32438006;56;40481151
32438082;32438162;52;41998700
32438084;32437817;177;41215977
32438084;32438100;22;41870262
32438084;32438105;19;41215978
32438085;32437978;95;40199261
32438085;32438076;46;40105861
32438085;32438098;45;40105864
32438086;32438015;52;41881278
32438086;32438015;73;41958254
32438086;32438103;16;41881279
32438088;32438074;34;41998711
32438089;32438066;18;40203752
32438089;32438069;66;41100935
32438089;32438110;20;40203753
32438092;32438154;40;41881795
32438094;32438110;56;41100950
32438095;32438023;91;40612307
32438095;32438035;63;40583220
32438095;32438256;214;40612308
32438097;32438002;68;40147176
32438097;32438122;18;40147177
32438097;32438132;64;40157771
32438098;32438085;45;40105863
32438098;32438102;26;40105866
32438099;32438116;26;40612297
32438100;32438084;22;41870261
32438100;32438105;19;40664293
32438100;32438361;267;41870264
32438102;32438098;26;40105865
32438102;32438109;21;40105868
32438102;32438315;132;41000940
32438103;32438086;16;41881280
32438105;32438084;19;41215979
32438105;32438100;19;40664294
32438105;32439315;708;41215980
32438109;32438016;103;40199269
32438109;32438102;21;40105867
32438109;32438126;53;40105870
32438110;32438089;20;40203754
32438110;32438094;56;41100951
32438110;32438189;46;40203755
32438114;32438165;101;40481126
32438116;32438099;26;40612298
32438116;32438120;4;40612299
32438116;32438166;38;40612295
32438117;32437996;162;40662748
32438117;32438119;10;40662751
32438117;32438203;84;40662752
32438119;32438047;55;41997037
32438119;32438117;10;40662750
32438119;32438166;27;41997040
32438120;32437956;141;40612291
32438120;32438116;4;40612300
32438120;32438252;110;40612301
32438122;32438097;18;40147178
32438122;32438131;98;40147189
32438122;32438216;58;40147179
32438126;32438109;53;40105869
32438126;32438148;51;40105872
32438127;32438140;7;41228567
32438131;32438122;98;40147190
32438132;32437914;142;40361022
32438132;32438097;64;40157770
32438132;32438572;277;40361023
32438134;32438018;100;40104324
32438134;32438193;84;40140494
32438135;32438174;51;41998710
32438136;32437762;318;40166340
32438136;32438154;32;41881800
32438136;32438333;123;40166341
32438139;32438140;6;40194554
32438140;32438127;7;41228566
32438140;32438139;6;40194555
32438140;32438150;42;40194556
32438143;32438168;37;41566660
32438143;32438246;71;41566658
32438148;32438075;54;40874008
32438148;32438126;51;40105871
32438148;32438149;11;40105874
32438149;32437963;255;40105852
32438149;32438148;11;40105873
32438149;32438192;24;40874009
32438150;32438140;42;40194557
32438150;32438152;28;40194558
32438151;32438156;73;40485300
32438152;32438064;61;41601441
32438152;32438150;28;40194559
32438152;32438162;114;40194560
32438154;32438092;40;41881794
32438154;32438136;32;41881801
32438154;32438181;55;41881796
32438156;32438151;73;40485301
32438156;32438311;90;40485278
32438158;32438033;92;41100952
32438159;32437910;169;39861378
32438159;32438191;46;41601467
32438160;32437759;493;40157781
32438160;32437993;189;40182108
32438160;32438316;107;40182109
32438160;32438808;791;40182113
32438162;32438082;52;41998701
32438162;32438088;141;41998714
32438162;32438152;114;40194561
32438162;32438206;30;41998704
32438165;32438019;272;39872711
32438165;32438030;93;39872717
32438165;32438114;101;40481125
32438166;32438116;38;40612296
32438166;32438119;27;41997039
32438166;32438265;105;41997042
32438168;32438062;75;41101168
32438168;32438143;37;41566659
32438168;32438226;106;41566662
32438174;32438162;19;41998712
32438174;32438206;30;41998713
32438178;32438334;138;41881807
32438178;32438334;136;41881804
32438181;32438154;55;41881797
32438182;32438320;84;40471153
32438184;32438202;24;40140498
32438184;32438243;115;40203384
32438185;32438050;89;40332960
32438185;32438188;15;40157814
32438185;32438432;234;40332961
32438186;32438263;74;40143728
32438186;32438429;185;40143724
32438187;32438200;12;40104338
32438188;32438185;15;40157815
32438189;32438110;46;40203756
32438191;32438134;31;40140493
32438191;32438159;46;41601466
32438192;32438149;24;40874010
32438192;32438214;20;40873997
32438193;32438202;32;40140496
32438193;32438282;64;40154385
32438199;32438216;76;40472430
32438200;32438187;12;40104337
32438200;32438275;73;40163585
32438200;32438275;50;40104340
32438202;32438312;64;40140499
32438203;32438117;84;40662753
32438205;32438276;119;40485272
32438206;32438162;30;41998705
32438206;32438382;107;40194548
32438210;32438225;22;41957498
32438210;32438238;17;40300596
32438211;32438283;68;41212191
32438211;32438283;84;41212190
32438211;32438327;84;41212181
32438214;32438192;20;40873998
32438214;32438249;110;41881832
32438214;32438365;92;40873999
32438216;32438122;58;40147180
32438216;32438199;76;40472429
32438216;32438426;130;40147181
32438221;32438070;106;40300607
32438221;32438226;51;40300580
32438221;32438557;217;40300608
32438225;32438210;22;41957497
32438226;32438168;106;41566661
32438226;32438221;51;40300581
32438226;32438484;181;40300582
32438231;32438291;75;40655647
32438237;32437370;525;40431225
32438238;32438210;17;40300597
32438238;32438241;29;41958255
32438238;32438385;91;40300598
32438239;32438308;38;40431227
32438241;32438238;29;41958256
32438243;32437999;173;41691711
32438243;32438184;115;40203385
32438246;32438281;62;40300587
32438246;32438401;103;40300586
32438249;32438214;110;41881833
32438252;32438120;110;40612302
32438252;32438260;11;40612293
32438256;32438095;214;40612309
32438256;32438260;2;40967698
32438260;32438252;11;40612294
32438260;32438256;2;40967699
32438260;32438284;14;40612303
32438260;32438303;25;40612289
32438262;32438267;24;41870268
32438262;32438361;310;41870265
32438263;32438292;55;41899304
32438264;32438071;153;40160193
32438264;32438611;230;40160191
32438265;32438166;105;41997041
32438265;32438252;12;40612288
32438265;32438284;20;40583213
32438267;32438262;24;41870267
32438267;32438272;11;40182122
32438272;32438267;11;40182121
32438272;32438610;223;40578751
32438275;32438200;50;40104339
32438275;32438395;114;40104342
32438276;32438205;119;40485273
32438276;32438294;48;40485307
32438276;32438343;152;40485308
32438281;32438246;62;40300588
32438282;32438191;116;40140495
32438282;32438193;64;40154386
32438283;32438211;84;41212189
32438283;32438211;68;41212192
32438283;32438314;13;41212179
32438284;32438265;20;40583212
32438284;32438303;14;41381901
32438287;32437954;385;40748139
32438287;32438304;17;40748142
32438291;32437892;723;40655640
32438291;32438231;75;40655646
32438291;32438320;35;40655643
32438292;32438429;114;40143729
32438292;32438596;322;41512003
32438294;32438056;154;39869447
32438294;32438276;48;40485306
32438294;32438704;266;39869448
32438299;32438395;77;40104348
32438300;32438019;184;39868822
32438300;32438314;24;41212183
32438300;32438487;129;39868825
32438302;32438311;83;40485297
32438303;32438260;25;40612290
32438303;32438284;14;41381900
32438303;32438415;121;40583211
32438304;32438287;17;40748141
32438304;32438316;13;40748138
32438307;32438237;38;40431224
32438308;32438375;45;40431226
32438311;32438156;90;40485279
32438311;32438302;83;40485296
32438311;32438343;22;40485280
32438312;32438282;33;40140497
32438312;32438454;108;40140500
32438314;32438283;13;41212180
32438314;32438300;24;41212184
32438314;32438327;26;41212185
32438315;32438102;132;41000941
32438315;32438325;16;41000942
32438315;32438555;177;39869197
32438316;32438160;107;40182110
32438316;32438304;13;40748137
32438316;32438875;760;40182111
32438320;32438182;84;40471152
32438320;32438291;35;40655642
32438320;32438357;36;40655645
32438325;32438315;16;41000943
32438325;32438338;11;40203744
32438325;32438352;56;41000944
32438327;32438211;84;41212182
32438327;32438314;26;41212186
32438327;32438405;85;41212187
32438333;32438136;123;40166342
32438333;32438349;18;40166343
32438333;32438392;128;40621446
32438334;32438178;138;41881806
32438334;32438178;136;41881805
32438334;32438392;43;41881799
32438338;32438325;11;40203743
32438338;32438363;79;40203746
32438338;32438363;57;40203750
32438343;32438276;152;40485309
32438343;32438311;22;40485281
32438343;32438435;69;40485282
32438349;32438333;18;40166344
32438352;32438325;56;41000945
32438352;32438363;10;40203747
32438352;32438368;30;41000946
32438357;32438320;36;40655644
32438357;32438373;11;40655633
32438361;32438100;267;41870263
32438361;32438262;310;41870266
32438361;32438678;318;40182123
32438363;32438338;57;40203749
32438363;32438338;79;40203745
32438363;32438352;10;40203748
32438365;32438214;92;40874000
32438365;32438380;99;41881824
32438365;32438446;141;40874001
32438367;32438446;58;41881829
32438368;32438352;30;41000947
32438372;32438150;138;40300616
32438372;32438374;55;40300626
32438373;32438357;11;40655632
32438373;32438448;120;40554894
32438374;32438372;55;40300627
32438375;32440205;939;41558715
32438380;32438365;99;41881825
32438381;32438307;50;41558716
32438382;32438206;107;40194549
32438382;32438385;63;40300592
32438382;32438553;116;40194550
32438385;32438238;91;40300599
32438385;32438382;63;40300593
32438385;32438393;73;40300594
32438385;32438494;84;40300600
32438390;32438547;187;40388513
32438392;32438333;128;40621445
32438392;32438334;43;41881798
32438392;32438402;25;40621448
32438393;32438385;73;40300595
32438395;32438275;114;40104341
32438395;32438299;77;40104347
32438395;32438404;18;40104344
32438397;32438413;36;40153851
32438397;32438637;171;39861375
32438399;32437335;707;41000955
32438399;32438605;133;41558627
32438401;32438418;42;40857183
32438401;32438484;143;41917020
32438402;32438392;25;40621447
32438402;32438421;37;40621450
32438402;32438709;245;41881818
32438404;32438395;18;40104343
32438404;32438685;188;41406110
32438405;32438327;85;41212188
32438407;32438435;116;40485263
32438413;32438159;170;39861379
32438413;32438397;36;40153852
32438413;32438430;27;40153849
32438415;32438303;121;40583210
32438415;32438456;43;40612305
32438415;32438547;147;41154919
32438418;32438401;42;40857184
32438421;32437918;324;39878075
32438421;32438402;37;40621449
32438421;32438853;262;39878076
32438426;32438216;130;40147182
32438426;32438432;13;40157772
32438426;32438441;14;40147183
32438429;32438491;58;40143725
32438430;32438413;27;40153850
32438430;32438434;14;40239503
32438432;32438185;234;40332962
32438432;32438426;13;40157773
32438432;32438441;14;40157775
32438433;32438435;93;40485276
32438434;32438430;14;40239504
32438434;32438498;121;40239505
32438435;32438343;69;40485283
32438435;32438407;116;40485262
32438435;32438433;93;40485277
32438435;32438531;72;40485284
32438437;32437427;893;40157801
32438437;32438448;9;40554895
32438437;32438537;167;40397146
32438441;32438426;14;40147184
32438441;32438432;14;40157774
32438441;32438488;32;40147185
32438443;32438538;302;40157747
32438443;32438542;681;40574274
32438446;32438365;141;40874002
32438446;32438367;58;41881828
32438446;32438471;16;40874003
32438448;32438373;120;40554893
32438448;32438437;9;40554896
32438448;32438647;199;40377284
32438449;32438880;370;41873520
32438454;32438498;31;40140501
32438456;32438415;43;40612304
32438456;32438766;271;40918731
32438462;32438635;125;40662719
32438462;32438642;348;40481143
32438471;32438446;16;40874004
32438471;32438527;44;40874012
32438472;32438516;46;41881836
32438484;32438226;181;40300583
32438484;32438401;143;41917019
32438484;32438648;105;40300584
32438486;32438372;82;40300617
32438486;32438811;242;40300625
32438487;32438300;129;39868824
32438487;32438643;117;40388521
32438487;32438661;111;39868827
32438488;32438441;32;40147186
32438488;32438495;42;40157818
32438488;32438700;124;40147187
32438491;32438552;52;40143680
32438494;32438385;84;40300601
32438495;32438488;42;40157819
32438496;32437467;696;40143683
32438496;32438558;52;40143682
32438498;32438434;121;40239506
32438498;32438539;30;40140502
32438500;32437937;452;41267232
32438500;32438523;83;41016122
32438500;32438532;24;41267235
32438507;32438652;86;41884882
32438509;32438517;72;39869186
32438509;32438527;50;39869187
32438509;32438680;92;40355113
32438516;32438472;46;41881837
32438516;32438750;128;41881831
32438516;32438750;167;41881838
32438517;32438509;72;39869185
32438517;32438555;105;39869190
32438517;32438646;74;40153698
32438523;32437937;395;41181943
32438523;32438500;83;41016123
32438523;32438738;127;41181946
32438527;32438471;44;40874011
32438527;32438509;50;39869188
32438527;32438645;153;39869191
32438527;32438740;113;41101223
32438531;32438435;72;40485285
32438531;32438536;116;40485294
32438531;32438660;79;40485286
32438532;32438500;24;41267234
32438534;32438243;203;40104329
32438534;32438454;145;40153854
32438536;32438531;116;40485295
32438537;32438437;167;40397145
32438537;32438541;9;40397144
32438538;32438443;302;40157746
32438538;32438664;73;40204809
32438538;32438726;312;40157749
32438539;32438631;144;40153853
32438539;32438789;139;40140503
32438541;32438537;9;40397143
32438541;32438542;3;40574277
32438542;32438443;681;40574275
32438542;32438541;3;40574276
32438542;32438827;174;40184455
32438547;32438390;187;40388514
32438547;32438415;147;41154918
32438547;32438949;214;40388504
32438552;32439057;323;40143786
32438553;32438382;116;40194551
32438553;32438774;121;40194552
32438555;32438315;177;39869198
32438555;32438517;105;39869189
32438555;32438612;110;39869194
32438555;32438906;180;39869199
32438557;32438221;217;40300609
32438557;32438553;221;40300591
32438557;32438714;99;40300610
32438558;32438496;52;40143681
32438565;32438658;712;40586636
32438570;32438610;66;40574178
32438572;32438132;277;40361024
32438572;32438611;95;40160186
32438572;32438790;115;40361025
32438593;32438534;30;40104330
32438593;32438652;108;40203491
32438596;32438292;322;41512002
32438596;32438620;43;41894065
32438596;32438679;54;40143733
32438598;32438486;79;40300618
32438598;32438668;54;41566861
32438605;32438399;133;41558628
32438610;32438272;223;40578750
32438610;32438570;66;40574177
32438610;32438923;147;40578753
32438611;32438264;230;40160190
32438611;32438572;95;40160187
32438611;32438778;140;40160188
32438612;32438555;110;39869193
32438612;32438637;47;39869196
32438612;32438690;47;41101160
32438620;32438596;43;41894064
32438620;32438673;58;41894067
32438620;32438679;40;40143736
32438621;32438558;50;40143787
32438631;32438593;30;40104331
32438635;32438462;125;40662718
32438635;32438638;120;40122409
32438635;32438661;107;40122406
32438635;32438840;94;40481133
32438637;32438612;47;39869195
32438637;32438927;136;39861376
32438638;32438635;120;40122408
32438638;32438639;109;40096486
32438639;32438642;82;40096487
32438639;32438686;21;40662488
32438642;32438660;146;40096488
32438643;32438487;117;40388522
32438643;32438717;114;40446539
32438645;32438527;153;39869192
32438645;32438740;132;39869426
32438645;32438853;197;39869425
32438646;32438517;74;40153699
32438647;32438448;199;40377285
32438647;32438654;8;40586633
32438648;32438484;105;40300585
32438651;32438822;123;41692007
32438652;32438507;86;41884881
32438652;32438593;108;40203490
32438652;32438685;43;40203493
32438654;32438647;8;40586634
32438654;32438658;4;40586637
32438658;32438565;712;40586635
32438658;32438654;4;40586638
32438658;32439263;293;40377286
32438660;32438531;79;40485287
32438660;32438697;21;40485288
32438660;32438756;156;40096489
32438661;32438487;111;39868826
32438661;32438635;107;40122407
32438661;32438911;307;40918728
32438664;32438538;73;40204810
32438664;32438682;8;40204811
32438664;32438886;223;40204813
32438668;32438598;54;41566862
32438673;32438620;58;41894066
32438673;32439042;210;41495776
32438677;32438709;49;41881827
32438678;32438361;318;40182124
32438678;32440139;710;40574168
32438679;32438620;40;40143735
32438679;32438673;78;40143734
32438679;32438820;131;40143732
32438680;32438509;92;40355114
32438682;32438664;8;40204812
32438685;32438652;43;40203492
32438685;32439032;170;41406111
32438686;32438638;113;40363222
32438686;32438639;21;40662489
32438686;32438988;137;40662490
32438687;32438686;91;40363223
32438687;32438711;21;40662500
32438689;32438738;86;41016125
32438690;32438612;47;41101161
32438693;32438714;142;40300602
32438694;32438840;87;40662707
32438697;32438660;21;40485289
32438697;32438687;128;40363224
32438697;32438966;127;40485290
32438698;32438923;253;40574164
32438700;32438488;124;40147188
32438700;32438785;73;40285523
32438700;32438803;56;40157750
32438704;32438294;266;39869449
32438704;32438797;44;39869450
32438704;32438825;58;41881242
32438709;32438402;245;41881819
32438709;32438677;49;41881826
32438709;32438866;74;41881820
32438710;32438925;197;40182083
32438710;32439016;157;40298003
32438711;32438729;7;41334808
32438714;32438557;99;40300611
32438714;32438693;142;40300603
32438714;32438859;110;41566656
32438714;32439129;198;40300612
32438717;32437490;765;40388523
32438717;32438643;114;40446540
32438717;32438911;124;40446541
32438718;32439016;192;40616050
32438719;32438798;122;41334756
32438719;32439146;196;41334757
32438719;32440196;961;40662737
32438722;32438859;61;41733574
32438722;32438943;128;40300605
32438723;32438729;21;41334768
32438723;32438787;24;41334824
32438723;32438913;122;41334765
32438726;32438538;312;40157748
32438726;32438776;40;40157753
32438726;32438824;40;40204817
32438729;32438711;7;41334807
32438729;32438723;21;41334767
32438729;32438733;19;41334770
32438729;32438792;25;41334810
32438733;32438729;19;41334769
32438733;32438794;25;41334786
32438733;32438794;57;41334772
32438738;32438523;127;41181945
32438738;32438689;86;41016124
32438738;32438891;69;41181948
32438740;32438527;113;41101224
32438740;32438645;132;39869427
32438740;32438759;18;41952983
32438744;32438812;28;40662743
32438750;32438516;167;41881839
32438750;32438516;128;41881830
32438750;32438802;24;41881840
32438756;32438704;54;41881245
32438756;32438797;37;40096490
32438759;32438740;18;41952984
32438759;32438852;107;41952985
32438760;32438809;21;40662731
32438765;32441314;2534;40182008
32438766;32438456;271;40918730
32438766;32438775;17;40918733
32438767;32438651;98;41691915
32438767;32438789;37;40153856
32438774;32438553;121;40194553
32438774;32438922;112;39869422
32438774;32439159;206;41212193
32438775;32438766;17;40918732
32438775;32438843;27;41067310
32438775;32438880;147;40918735
32438776;32438726;40;40157752
32438776;32438803;26;40157755
32438776;32439064;245;40157757
32438778;32438611;140;40160189
32438779;32439249;328;40305689
32438785;32438700;73;40285524
32438785;32438790;6;41627206
32438787;32438723;24;41334823
32438787;32438792;22;41334773
32438787;32438913;52;41334826
32438789;32438767;37;40153855
32438789;32438953;80;40140504
32438790;32438572;115;40361026
32438790;32438785;6;41627207
32438790;32439064;124;40285525
32438792;32438729;25;41334809
32438792;32438787;22;41334774
32438792;32438794;19;41334775
32438794;32438733;25;41334785
32438794;32438733;57;41334771
32438794;32438792;19;41334776
32438797;32438704;44;39869451
32438797;32438825;27;41881243
32438797;32438837;19;41881240
32438798;32438719;122;41334755
32438798;32438815;40;41334760
32438798;32438819;12;41334846
32438802;32438750;24;41881841
32438802;32438866;46;41881842
32438802;32439066;174;41881834
32438803;32438700;56;40157751
32438803;32438776;26;40157754
32438803;32438903;42;40204815
32438806;32438809;8;40481134
32438808;32438160;791;40182114
32438808;32438875;58;40533585
32438808;32439261;320;40182115
32438809;32438760;21;40662730
32438809;32438806;8;40481135
32438809;32438812;14;40481136
32438811;32438922;55;41357824
32438812;32438744;28;40662742
32438812;32438809;14;40481137
32438812;32438830;34;40481138
32438815;32438798;40;41334759
32438815;32438833;34;41334762
32438815;32438842;11;41334847
32438817;32438598;130;40300619
32438817;32438823;5;41018149
32438818;32438894;76;40355120
32438819;32438798;12;41334845
32438819;32438842;40;41334790
32438819;32438849;12;41334850
32438820;32438621;122;40143730
32438820;32438679;131;40143731
32438822;32438767;36;41691916
32438823;32438817;5;41018150
32438823;32438856;131;41566843
32438824;32438726;40;40204818
32438825;32438920;68;41881244
32438827;32438542;174;40184454
32438829;32438631;101;40104332
32438829;32439006;150;40154393
32438830;32438812;34;40481139
32438830;32438840;65;40481140
32438830;32438882;18;40662732
32438832;32438969;95;41101163
32438833;32438766;31;41067312
32438833;32438815;34;41334761
32438833;32438843;16;41334764
32438836;32438856;7;41956156
32438836;32438872;66;41956159
32438837;32438697;195;40363225
32438837;32438797;19;41881241
32438840;32438635;94;40481132
32438840;32438694;87;40662706
32438840;32438830;65;40481141
32438840;32438873;12;41377168
32438842;32438815;11;41334848
32438842;32438819;40;41334789
32438842;32438849;47;41334851
32438843;32438833;16;41334763
32438843;32438848;4;41067308
32438843;32438874;16;41334833
32438843;32438959;52;41067311
32438848;32438843;4;41067309
32438848;32438867;32;41334812
32438849;32438819;12;41334849
32438849;32438842;47;41334852
32438849;32438865;7;41334781
32438852;32438759;107;41952986
32438852;32438894;19;40153700
32438852;32438906;61;41952987
32438853;32438421;262;39878077
32438853;32438645;197;39869424
32438853;32438930;45;41340225
32438856;32438823;131;41566844
32438856;32438836;7;41956157
32438856;32439067;100;41374528
32438859;32438714;110;41566657
32438859;32438722;61;41733575
32438859;32438869;7;41733578
32438859;32439159;195;41357823
32438865;32438849;7;41334782
32438866;32438709;74;41881821
32438866;32438802;46;41881843
32438866;32438930;28;41881822
32438867;32438848;32;41334811
32438867;32438916;117;41334827
32438867;32438916;95;41334814
32438869;32438859;7;41733579
32438869;32438898;22;41733576
32438872;32438836;66;41956158
32438873;32438840;12;41377167
32438874;32438833;16;41334843
32438874;32438955;39;41334834
32438875;32438316;760;40182112
32438875;32438808;58;40533586
32438875;32439847;512;40533587
32438880;32438449;370;41873521
32438880;32438775;147;40918734
32438880;32438911;128;40918737
32438882;32438830;18;40662733
32438884;32438974;153;40662740
32438885;32439108;118;41601693
32438886;32438664;223;40204814
32438891;32438738;69;41181947
32438891;32438920;15;40411055
32438894;32438818;76;40355119
32438894;32438852;19;40153701
32438894;32439056;122;40153702
32438898;32438869;22;41733577
32438903;32438803;42;40204816
32438906;32438555;180;39869200
32438906;32438852;61;41952988
32438906;32438969;87;41952989
32438911;32438661;307;40918729
32438911;32438717;124;40446542
32438911;32438880;128;40918736
32438911;32439010;61;40388525
32438913;32438723;122;41334766
32438913;32438787;52;41334825
32438913;32438929;6;41334777
32438916;32438867;117;41334828
32438916;32438867;95;41334813
32438920;32438891;15;40411056
32438920;32439540;380;40363221
32438922;32438774;112;39869423
32438922;32438811;55;41357825
32438922;32439023;100;41357826
32438922;32439175;320;41357831
32438923;32438610;147;40578752
32438923;32438698;253;40574163
32438923;32439218;171;40578755
32438925;32437316;1017;40182087
32438925;32438710;197;40182084
32438925;32439315;409;40182085
32438926;32439129;129;41157999
32438927;32438956;35;41016015
32438927;32439020;51;42001566
32438929;32438913;6;41334778
32438929;32438988;122;40662514
32438930;32438853;45;41340226
32438930;32438866;28;41881823
32438930;32439199;271;41340227
32438943;32438722;128;40300604
32438949;32438547;214;40388503
32438949;32439532;394;41485704
32438949;32440521;773;40388506
32438953;32438994;60;41691715
32438953;32439196;130;41691713
32438955;32438833;52;41067313
32438956;32438413;307;39861380
32438959;32438874;39;41334844
32438961;32439128;87;41157982
32438965;32438621;207;40143788
32438965;32438820;152;41001221
32438966;32438697;127;40485291
32438966;32438974;10;40485292
32438966;32439049;47;40662700
32438969;32438832;95;41101162
32438969;32438906;87;41952990
32438969;32439020;70;41212637
32438969;32439132;142;41239189
32438974;32438884;153;40662741
32438974;32438966;10;40485293
32438988;32438686;137;40662491
32438988;32438929;122;40662513
32438988;32439081;41;40662492
32438993;32438829;79;40104333
32438994;32438953;60;41691714
32438994;32438993;48;40104334
32439006;32439032;38;40154398
32439006;32439070;33;40154394
32439010;32438911;61;40388526
32439010;32439077;34;40388507
32439010;32439089;82;40388517
32439016;32438710;157;40298002
32439016;32438718;192;40616049
32439016;32439249;133;40298005
32439020;32438969;70;41212638
32439020;32439045;35;41212639
32439023;32438817;108;40300620
32439023;32438922;100;41357827
32439023;32439335;154;41357828
32439029;32439273;146;40662501
32439032;32439006;38;40154397
32439032;32439421;189;41406112
32439040;32439061;13;41374413
32439042;32438673;210;41495775
32439042;32439078;14;41495778
32439045;32438956;51;39861381
32439045;32439020;35;41212640
32439045;32439105;67;41212641
32439047;32437933;683;40924983
32439047;32439091;51;41158001
32439049;32438966;47;40662701
32439049;32439163;69;40662734
32439049;32439183;75;40662702
32439050;32439271;147;40393967
32439055;32439061;3;41374414
32439055;32439262;184;41374411
32439055;32439344;170;41549099
32439056;32438894;122;40153703
32439057;32439103;23;41001203
32439061;32439040;13;41374412
32439061;32439055;3;41374415
32439061;32439344;197;41549094
32439064;32438776;245;40157756
32439064;32438790;124;40285526
32439064;32439182;59;40285527
32439066;32438802;174;41881835
32439067;32438856;100;41374529
32439070;32439076;7;40154395
32439070;32439242;130;40154400
32439074;32438965;69;40143789
32439076;32438993;107;40154396
32439077;32439010;34;40388508
32439077;32440171;666;40388509
32439077;32440196;646;40662728
32439078;32439042;14;41495777
32439078;32439199;68;40994702
32439081;32438988;41;40662493
32439081;32439364;139;40662475
32439089;32439010;82;40388518
32439089;32439095;13;40388519
32439089;32439148;28;40662720
32439091;32439047;51;41158002
32439091;32439108;23;41158003
32439095;32439089;13;40388520
32439095;32439097;14;41334820
32439097;32439095;14;41334819
32439097;32439100;65;41334822
32439097;32439409;149;41334793
32439097;32439516;432;41334792
32439098;32439228;75;40574170
32439100;32439097;65;41334821
32439103;32441060;1001;41001204
32439105;32439045;67;41212642
32439105;32439150;24;41101855
32439105;32439176;103;41212643
32439108;32438885;118;41601692
32439108;32439091;23;41158004
32439108;32439128;22;41158005
32439119;32439074;24;40143790
32439121;32439268;74;41157990
32439128;32438961;87;41157983
32439128;32439108;22;41158006
32439128;32439254;68;41158007
32439129;32438714;198;40300613
32439129;32438926;129;41158000
32439129;32439348;149;40300614
32439130;32439487;349;40444412
32439132;32438969;142;41239188
32439132;32439197;55;41239187
32439133;32439228;77;40574172
32439134;32439268;87;41157987
32439139;32439287;65;40574166
32439146;32438719;196;41334758
32439148;32439089;28;40662721
32439148;32439469;153;40662722
32439148;32439469;284;41334854
32439150;32439105;24;41101856
32439150;32439188;60;41101849
32439150;32439259;81;41101857
32439154;32439211;34;40393980
32439154;32439411;148;40297990
32439157;32439316;90;41604076
32439158;32439091;35;41157984
32439159;32438774;206;41212194
32439159;32439175;11;41212195
32439163;32439049;69;40662735
32439175;32438922;320;41357830
32439175;32439159;11;41212196
32439175;32439348;88;41212197
32439176;32439105;103;41212644
32439176;32439196;31;41212645
32439176;32439205;14;40150294
32439182;32439064;59;40285528
32439182;32439200;9;39820938
32439183;32439049;75;40662703
32439183;32439212;23;40662708
32439183;32439322;64;40662704
32439188;32439150;60;41101850
32439188;32439220;39;41101851
32439188;32439368;79;41101847
32439196;32439176;31;41212646
32439196;32439258;60;41212647
32439197;32439132;55;41239186
32439197;32439328;97;41239175
32439198;32439272;47;40662657
32439198;32439277;146;40662688
32439199;32438930;271;41340228
32439199;32439078;68;40994701
32439199;32439316;110;40889995
32439200;32439182;9;39820939
32439200;32439204;17;40123855
32439200;32439375;76;41339893
32439204;32439200;17;40123856
32439204;32439386;83;40606362
32439204;32439535;315;40123857
32439205;32439176;14;40150295
32439205;32439226;9;40150296
32439205;32439280;78;40151522
32439211;32439154;34;40393979
32439212;32439183;23;40662709
32439212;32439269;93;40662716
32439212;32439269;46;40662710
32439213;32439158;28;41157985
32439213;32439227;74;41601689
32439218;32438923;171;40578754
32439218;32439238;8;40578749
32439220;32439188;39;41101852
32439220;32439226;4;41101854
32439226;32439205;9;40150297
32439226;32439220;4;41101853
32439226;32439377;70;40150298
32439227;32439158;37;41157993
32439228;32439098;75;40574169
32439228;32439133;77;40574171
32439228;32439287;106;40574174
32439230;32439293;40;41549102
32439238;32439218;8;40578748
32439238;32439307;39;41215923
32439241;32439047;94;40924984
32439241;32439213;65;41157986
32439242;32439070;130;40154399
32439249;32438779;328;40305690
32439249;32439016;133;40298004
32439249;32439493;192;40298007
32439249;32440587;698;40305691
32439254;32439128;68;41158008
32439254;32439227;30;41157994
32439254;32439300;54;41601690
32439258;32438994;131;40122399
32439258;32439196;60;41212648
32439258;32439326;73;39869428
32439258;32439533;137;40122400
32439259;32439150;81;41101858
32439261;32438808;320;40182116
32439261;32439569;311;40182117
32439262;32439055;184;41374410
32439262;32439293;14;41549095
32439262;32439335;48;41374417
32439263;32438658;293;40377287
32439268;32439121;74;41157989
32439268;32439134;87;41157988
32439268;32439309;18;41157992
32439269;32439212;46;40662711
32439269;32439212;93;40662717
32439271;32439050;147;40393968
32439271;32439343;64;40393969
32439271;32439373;63;40297984
32439272;32439198;47;40662656
32439272;32439337;51;40662696
32439272;32439628;313;40662659
32439273;32439029;146;40662502
32439273;32439364;52;40662503
32439273;32439574;141;40662496
32439277;32438837;283;41212205
32439277;32439198;146;40662689
32439280;32439205;78;40151523
32439287;32439139;65;40574165
32439287;32439228;106;40574173
32439287;32439307;26;40574176
32439293;32439230;40;41549101
32439293;32439262;14;41549096
32439293;32439344;32;41549097
32439300;32439254;54;41601691
32439307;32439238;39;41215922
32439307;32439287;26;40574175
32439307;32439419;62;41215925
32439309;32439268;18;41157991
32439309;32439328;72;41239178
32439309;32439529;123;41239177
32439315;32438105;708;41215981
32439315;32438925;409;40182086
32439315;32440958;1045;41215974
32439316;32439157;90;41604075
32439316;32439199;110;40889996
32439316;32439549;134;40889997
32439322;32439183;64;40662705
32439326;32439258;73;39869429
32439326;32439359;16;40153704
32439326;32439421;121;39869430
32439327;32439359;43;40153706
32439327;32439359;122;40153709
32439328;32439197;97;41239174
32439328;32439309;72;41239179
32439328;32439410;109;40153468
32439335;32439023;154;41357829
32439335;32439262;48;41374416
32439335;32439540;106;41914376
32439335;32439592;166;41018134
32439337;32439272;51;40662697
32439343;32439271;64;40393970
32439343;32439381;47;40393971
32439343;32439425;40;40393959
32439344;32439055;170;41549100
32439344;32439061;197;41549093
32439344;32439293;32;41549098
32439348;32439129;149;40300615
32439348;32439175;88;41212198
32439348;32439428;66;41212199
32439348;32439444;101;40300624
32439359;32439326;16;40153705
32439359;32439327;122;40153708
32439359;32439327;43;40153707
32439364;32439081;139;40662474
32439364;32439273;52;40662504
32439364;32439574;110;40662505
32439365;32439419;128;40574158
32439368;32439188;79;41101848
32439371;32439379;7;41555383
32439373;32439271;63;40297985
32439373;32439411;40;40297986
32439373;32439497;105;40393955
32439375;32439200;76;41339894
32439375;32439380;12;40186491
32439375;32439388;4;41339895
32439377;32439226;70;40150299
32439377;32439474;58;41101845
32439380;32439375;12;40186492
32439380;32439385;7;40430860
32439381;32439343;47;40393972
32439381;32439424;84;40393973
32439381;32439449;35;40393965
32439383;32439425;36;40393964
32439385;32439380;7;40430861
32439385;32439386;2;40186493
32439386;32439204;83;40606363
32439386;32439385;2;40186494
32439386;32439397;24;40186495
32439386;32439633;147;40606364
32439388;32439375;4;41339896
32439388;32439414;14;40128833
32439394;32439485;59;41101860
32439397;32439386;24;40186496
32439405;32439409;36;41334780
32439407;32439408;138;41881283
32439407;32439417;102;41157996
32439408;32439407;138;41881284
32439408;32439417;9;41881269
32439408;32439428;36;41881272
32439409;32439097;149;41334794
32439409;32439405;36;41334779
32439409;32439530;61;41334795
32439410;32439328;109;40153469
32439411;32439154;148;40297991
32439411;32439373;40;40297987
32439411;32439529;196;40297988
32439411;32439885;235;40297992
32439414;32439388;14;40128834
32439414;32439640;122;40128835
32439417;32439407;102;41157995
32439417;32439408;9;41881270
32439417;32439452;24;41157998
32439419;32439307;62;41215924
32439419;32439365;128;40574157
32439419;32439475;46;41215927
32439420;32439451;24;40393954
32439421;32439326;121;39869431
32439421;32439641;113;41406113
32439424;32439381;84;40393974
32439425;32439343;40;40393960
32439425;32439383;36;40393963
32439425;32439497;41;40393961
32439427;32439487;40;40444416
32439428;32439348;66;41212200
32439428;32439408;36;41881271
32439428;32439452;33;41212201
32439436;32439731;150;40153461
32439444;32439023;351;40300623
32439444;32439644;109;41372715
32439446;32439475;97;40574160
32439449;32439381;35;40393966
32439451;32439420;24;40393953
32439451;32439608;73;41602344
32439452;32439417;24;41157997
32439452;32439428;33;41212202
32439452;32439476;84;41212203
32439469;32439148;153;40662723
32439469;32439148;284;41334853
32439469;32439517;19;40662724
32439472;32439509;15;41101864
32439474;32439377;58;41101846
32439474;32439624;68;41102385
32439475;32439419;46;41215926
32439475;32439446;97;40574159
32439475;32439661;94;41215929
32439476;32439452;84;41212204
32439476;32439504;34;40926970
32439476;32439658;462;41353318
32439485;32439394;59;41101859
32439485;32439509;20;41101867
32439485;32439557;27;41101862
32439487;32439130;349;40444411
32439487;32439427;40;40444415
32439487;32439580;65;40444414
32439493;32439249;192;40298006
32439493;32439524;15;40298009
32439497;32439373;105;40393956
32439497;32439425;41;40393962
32439497;32439548;82;40393957
32439504;32439476;34;40926971
32439504;32439793;266;41353321
32439509;32439472;15;41101863
32439509;32439485;20;41101868
32439509;32439558;48;41101869
32439511;32439558;18;41101866
32439516;32439097;432;41334791
32439516;32439545;10;41334798
32439517;32439469;19;40662725
32439517;32439527;4;40662726
32439517;32439530;55;41334816
32439522;32439451;87;41602343
32439523;32439498;8;41555387
32439524;32439493;15;40298008
32439524;32439549;14;40182082
32439525;32440151;353;40492252
32439526;32439557;35;40153470
32439526;32439777;128;40153484
32439527;32439517;4;40662727
32439529;32439309;123;41239176
32439529;32439411;196;40297989
32439529;32439588;70;40153462
32439529;32440000;245;41239181
32439530;32439409;61;41334796
32439530;32439517;55;41334815
32439530;32439545;121;41334818
32439530;32439656;57;41334799
32439532;32438949;394;41485703
32439533;32439258;137;40122401
32439533;32439603;75;40122402
32439533;32439642;53;40153711
32439535;32439204;315;40123858
32439535;32439572;33;40886319
32439538;32439581;38;42049456
32439540;32439335;106;41914377
32439540;32439555;7;40388539
32439540;32439790;260;41212207
32439545;32439516;10;41334797
32439545;32439530;121;41334817
32439545;32439776;249;41334802
32439548;32439497;82;40393958
32439549;32439316;134;40889998
32439549;32439524;14;40182081
32439549;32439735;97;41215996
32439555;32439540;7;40388540
32439555;32439578;11;41539299
32439557;32439485;27;41101861
32439557;32439526;35;40153471
32439557;32439582;32;40153472
32439558;32439509;48;41101870
32439558;32439511;18;41101865
32439558;32439562;10;41101871
32439562;32439558;10;41101872
32439564;32439653;110;40333432
32439564;32439695;68;40333426
32439566;32439652;39;41334787
32439569;32439261;311;40182118
32439569;32439661;401;40360928
32439569;32440003;234;40182125
32439572;32439535;33;40886320
32439572;32439630;33;40158045
32439572;32439675;370;40886321
32439574;32439273;141;40662497
32439574;32439364;110;40662506
32439574;32439822;114;40662507
32439577;32439597;7;41555384
32439578;32439277;188;41212206
32439578;32439555;11;41539300
32439578;32439628;26;40388527
32439580;32439487;65;40444413
32439581;32439538;38;42049457
32439582;32439557;32;40153473
32439582;32439624;58;40153474
32439582;32439864;185;40154381
32439588;32439529;70;40153463
32439588;32439731;177;40153464
32439588;32439833;152;40902263
32439592;32439335;166;41018135
32439592;32439644;264;41267231
32439597;32439621;37;41555385
32439603;32439523;43;41555386
32439603;32439533;75;40122403
32439603;32439621;25;40122404
32439605;32439608;60;40393952
32439608;32439605;60;40393951
32439608;32439928;162;41602345
32439612;32439710;51;41603258
32439621;32439603;25;40122405
32439621;32439681;70;41018119
32439624;32439474;68;41102386
32439624;32439582;58;40153475
32439624;32439634;11;40153476
32439628;32439272;313;40662658
32439628;32439578;26;40388528
32439628;32439764;64;40388529
32439630;32439572;33;40158046
32439633;32439386;147;40606365
32439634;32439624;11;40153477
32439634;32439692;76;40153478
32439634;32439864;115;40154379
32439637;32439863;258;40184449
32439640;32439414;122;40128836
32439640;32439769;87;40128837
32439640;32439791;87;40606366
32439641;32439621;71;40924987
32439641;32439681;21;40924986
32439642;32439533;53;40153712
32439642;32439698;59;41508082
32439642;32439723;37;40153713
32439644;32439592;264;41267230
32439644;32439592;216;41374409
32439646;32439649;9;41334836
32439648;32439641;10;40153710
32439649;32439646;9;41334835
32439649;32439652;6;41334838
32439649;32439752;43;41334783
32439652;32439566;39;41334788
32439652;32439649;6;41334837
32439652;32439656;23;41334840
32439653;32439564;110;40333431
32439653;32439745;46;40333420
32439656;32439530;57;41334800
32439656;32439652;23;41334839
32439656;32439662;35;41334842
32439656;32439704;23;41334803
32439658;32439241;207;40924985
32439658;32439648;9;41353319
32439661;32439475;94;41215928
32439661;32439569;401;40360929
32439661;32440178;347;40182131
32439661;32440796;622;40182120
32439662;32439656;35;41334841
32439666;32439675;81;40123862
32439666;32439690;13;40161568
32439666;32439847;277;40123859
32439675;32439572;370;40886322
32439675;32439666;81;40123861
32439677;32439820;71;40606205
32439681;32439683;10;40924988
32439681;32440038;186;40381466
32439683;32439697;9;40122410
32439686;32439522;77;40393949
32439686;32439707;52;40393975
32439690;32439666;13;40161569
32439692;32439634;76;40153479
32439692;32439723;32;40153480
32439692;32439924;117;40154377
32439695;32439564;68;40333425
32439695;32439796;105;40444052
32439695;32439834;65;40333428
32439697;32439504;434;41353320
32439697;32439658;21;40924982
32439698;32439642;59;41508083
32439704;32439656;23;41334804
32439704;32439752;33;41334829
32439704;32439776;30;41334805
32439705;32439736;13;40153491
32439707;32439686;52;40393976
32439710;32439612;51;41603257
32439710;32439734;26;41603261
32439710;32439755;35;41603260
32439714;32439476;213;41338448
32439717;32439778;33;41508084
32439719;32439764;46;40662681
32439719;32439866;77;40662650
32439719;32440159;630;40662678
32439720;32439878;90;40662699
32439723;32439642;37;40153714
32439723;32439692;32;40153481
32439723;32439736;16;40153482
32439724;32440045;175;40333416
32439727;32440315;869;40495648
32439731;32439436;150;40153460
32439731;32439588;177;40153465
32439731;32439903;90;40153466
32439734;32439710;26;41603262
32439735;32439549;97;41215997
32439735;32439742;6;41972209
32439735;32439755;7;41215988
32439736;32439705;13;40153490
32439736;32439723;16;40153483
32439736;32439827;45;40153493
32439742;32439735;6;41972210
32439742;32439820;79;41972211
32439745;32439653;46;40333419
32439745;32439796;26;40333422
32439752;32439649;43;41334784
32439752;32439704;33;41334830
32439752;32439776;33;41334831
32439755;32439710;35;41603259
32439755;32439735;7;41215989
32439755;32439852;52;41215990
32439763;32439880;58;40393978
32439764;32439628;64;40388530
32439764;32439719;46;40662680
32439764;32439930;90;40388531
32439769;32439640;87;40128838
32439769;32439781;15;41627208
32439772;32439578;174;40363226
32439772;32439874;59;40662664
32439773;32439775;45;41162902
32439773;32439800;14;41162905
32439773;32439803;33;41162882
32439775;32439773;45;41162903
32439775;32439803;12;41162895
32439776;32439545;249;41334801
32439776;32439704;30;41334806
32439776;32439752;33;41334832
32439777;32439526;128;40153485
32439777;32439786;14;40153486
32439777;32439797;12;40153488
32439778;32439717;33;41508085
32439781;32439769;15;41627209
32439781;32439810;19;40889985
32439783;32440151;342;41345467
32439786;32439777;14;40153487
32439790;32439798;24;41870559
32439790;32439832;19;40360946
32439791;32439640;87;40606367
32439793;32439839;139;40582801
32439793;32439839;118;41353322
32439796;32439745;26;40333421
32439796;32439905;65;40333424
32439797;32439777;12;40153489
32439798;32439714;170;41870560
32439800;32439773;14;41162904
32439800;32439825;13;41162907
32439800;32439828;33;41162884
32439803;32439773;33;41162883
32439803;32439775;12;41162894
32439803;32439828;14;41162897
32439810;32439781;19;40889986
32439810;32439842;22;40889987
32439818;32439863;85;40184452
32439818;32439863;71;41615150
32439818;32439896;465;40184451
32439820;32439677;71;40606204
32439820;32439742;79;41972212
32439820;32439868;35;41972213
32439822;32439574;114;40662508
32439822;32439878;43;40662476
32439822;32440080;132;40662509
32439825;32439800;13;41162906
32439825;32439845;14;41162909
32439825;32439846;33;41162886
32439827;32439736;45;40153492
32439828;32439800;33;41162885
32439828;32439803;14;41162896
32439828;32439846;13;41162899
32439832;32439772;90;40363227
32439832;32439790;19;40360945
32439832;32439963;70;40360948
32439833;32439588;152;40902264
32439834;32439695;65;40333427
32439834;32439905;100;40333437
32439834;32440097;147;40333430
32439839;32439832;65;41353323
32439840;32439938;68;41162891
32439841;32439686;66;40393950
32439841;32439872;110;41132065
32439841;32439880;57;41132064
32439841;32439982;71;40377506
32439842;32439810;22;40889988
32439842;32439934;64;40285533
32439842;32440348;497;40160171
32439845;32439825;14;41162908
32439845;32439846;46;41162900
32439845;32439938;82;41162889
32439846;32439825;33;41162887
32439846;32439828;13;41162898
32439846;32439845;46;41162901
32439847;32438875;512;40533588
32439847;32439666;277;40123860
32439847;32440147;333;40123863
32439852;32439755;52;41215991
32439852;32439977;62;41215992
32439852;32439989;126;40032064
32439863;32439637;258;40184448
32439863;32439818;85;40184453
32439863;32439818;71;41615151
32439864;32439582;185;40154382
32439864;32439634;115;40154380
32439864;32439932;58;40154383
32439866;32439719;77;40662651
32439868;32439820;35;41972214
32439868;32439940;68;41132067
32439868;32439989;60;40032066
32439872;32439841;110;41132066
32439872;32439885;39;41132069
32439872;32440030;83;40377508
32439873;32440003;200;40574162
32439874;32439772;59;40662665
32439874;32439900;16;40662666
32439874;32440027;105;40662685
32439874;32440040;126;40662690
32439874;32440140;183;40662686
32439877;32439963;59;40333366
32439878;32439720;90;40662698
32439878;32439822;43;40662477
32439878;32440046;138;40662478
32439880;32439763;58;40393977
32439880;32439841;57;41132063
32439880;32439928;36;41132072
32439885;32439411;235;40297993
32439885;32439872;39;41132070
32439885;32439915;47;41132073
32439885;32440257;206;40297994
32439894;32439745;168;40333433
32439894;32440039;83;40333394
32439895;32439983;52;40662683
32439896;32439818;465;40184450
32439896;32439960;73;40285531
32439896;32440049;188;40285536
32439900;32439874;16;40662667
32439900;32440164;178;40662655
32439900;32440180;188;40662668
32439900;32440200;211;40662652
32439903;32439731;90;40153467
32439905;32439796;65;40333423
32439905;32439834;100;40333436
32439905;32439921;19;40333439
32439915;32439885;47;41132074
32439915;32439952;51;41215999
32439919;32439934;9;41615148
32439921;32439905;19;40333438
32439921;32439956;46;40333441
32439921;32440173;148;40333407
32439922;32439983;76;40662661
32439924;32439692;117;40154378
32439925;32439969;47;41354696
32439928;32439880;36;41132071
32439928;32439940;16;41132076
32439930;32439764;90;40388532
32439930;32439955;28;40662694
32439930;32440020;54;40388533
32439932;32439864;58;40154384
32439934;32439842;64;40285534
32439934;32439919;9;41615149
32439934;32440049;200;40285537
32439938;32439840;68;41162890
32439938;32439845;82;41162888
32439938;32439973;21;41162893
32439940;32439868;68;41132068
32439940;32439928;16;41132075
32439952;32439915;51;41215998
32439952;32439973;27;41216001
32439952;32440271;179;40297980
32439955;32439930;28;40662695
32439956;32439921;46;40333440
32439956;32439995;46;40333443
32439956;32440206;154;40333406
32439960;32439896;73;40285532
32439960;32440048;52;40139194
32439963;32439832;70;40360947
32439963;32439877;59;40333365
32439963;32440045;224;40333367
32439963;32440234;166;40360950
32439969;32439925;47;41354695
32439969;32440104;75;41354694
32439972;32439977;106;41603255
32439973;32439938;21;41162892
32439973;32439952;27;41216000
32439973;32440000;38;41216003
32439977;32439852;62;41215993
32439977;32439972;106;41603256
32439977;32440126;148;41603253
32439977;32440436;240;41215994
32439982;32440083;61;40377507
32439982;32440083;245;40377505
32439983;32439895;52;40662682
32439983;32439922;76;40662660
32439983;32440020;45;40662663
32439989;32439852;126;40032065
32439989;32439868;60;40032067
32439989;32440126;77;40032068
32439995;32439956;46;40333442
32439995;32440039;68;40333445
32439995;32440258;160;40333400
32439997;32440469;264;40297983
32440000;32439529;245;41239180
32440000;32439973;38;41216002
32440000;32440463;292;41239183
32440001;32441109;622;40495587
32440003;32439569;234;40182126
32440003;32439873;200;40574161
32440003;32440796;458;40182127
32440006;32440079;103;40431232
32440006;32440139;87;40431229
32440018;32440203;112;40662673
32440020;32439930;54;40388534
32440020;32439983;45;40662662
32440020;32440272;149;40388535
32440026;32440076;21;40154374
32440027;32439874;105;40662684
32440030;32439872;83;40377509
32440037;32439969;93;41354693
32440038;32440068;40;40164517
32440038;32440110;41;40381467
32440039;32439894;83;40333393
32440039;32439995;68;40333444
32440039;32440104;75;40333447
32440039;32440328;166;40333396
32440040;32439874;126;40662691
32440045;32439724;175;40333415
32440045;32439963;224;40333368
32440045;32440097;61;40333369
32440046;32439878;138;40662479
32440046;32440091;23;40662516
32440046;32440094;39;40662480
32440048;32439960;52;40139195
32440048;32440060;6;40139196
32440049;32439896;188;40285535
32440049;32439934;200;40285538
32440049;32440472;501;40184446
32440058;32440210;352;40032059
32440058;32440626;330;40315026
32440060;32440048;6;40139197
32440060;32440123;46;41627204
32440068;32440076;32;41246626
32440068;32440110;35;40164518
32440069;32440107;53;40902271
32440069;32440312;142;40902266
32440076;32440026;21;40154373
32440076;32440068;32;41246625
32440076;32440247;109;41246628
32440079;32440006;103;40431233
32440080;32439822;132;40662510
32440080;32440084;9;40662511
32440080;32440088;8;40662187
32440083;32439940;107;40377504
32440084;32440080;9;40662512
32440088;32440080;8;40662186
32440088;32440091;127;40662189
32440088;32440322;137;40662495
32440090;32440162;48;40658529
32440091;32440046;23;40662515
32440091;32440088;127;40662188
32440091;32440094;39;40662191
32440094;32440046;39;40662481
32440094;32440091;39;40662190
32440094;32440159;332;40662193
32440094;32440202;83;40662482
32440097;32439834;147;40333429
32440097;32440045;61;40333370
32440097;32440103;12;40333371
32440099;32440428;181;40333418
32440100;32440178;54;40577259
32440103;32440097;12;40333372
32440103;32440173;108;40333373
32440103;32440285;108;40333410
32440104;32440039;75;40333446
32440104;32440160;93;40333449
32440104;32440402;168;41225620
32440107;32440069;53;40902272
32440110;32440798;377;40381468
32440123;32440060;46;41627205
32440123;32440162;33;40361027
32440123;32440309;106;41943082
32440126;32439977;148;41603254
32440126;32439989;77;40032069
32440126;32441008;447;40032070
32440138;32440155;30;40586625
32440138;32440166;37;40586622
32440139;32438678;710;40574167
32440139;32440006;87;40431228
32440139;32440732;327;40431231
32440140;32439874;183;40662687
32440147;32439847;333;40123864
32440147;32440195;85;40123865
32440147;32440297;83;40158033
32440148;32440210;46;40154376
32440151;32439525;353;40492251
32440151;32439783;342;41345468
32440151;32440390;128;40492254
32440152;32440203;83;40662677
32440155;32440138;30;40586626
32440155;32440699;848;40586627
32440159;32439719;630;40662679
32440159;32440094;332;40662192
32440159;32440241;123;40662195
32440160;32440037;73;41354692
32440160;32440104;93;40333448
32440160;32440240;123;40333451
32440160;32440363;108;41225622
32440162;32440090;48;40658528
32440162;32440123;33;40361028
32440162;32440921;551;40361029
32440163;32440171;20;40662713
32440164;32439900;178;40662654
32440166;32440138;37;40586621
32440166;32440296;71;40160174
32440171;32439077;666;40388510
32440171;32440163;20;40662712
32440171;32440198;25;40388511
32440173;32439921;148;40333408
32440173;32440103;108;40333374
32440173;32440206;48;40333375
32440178;32439661;347;40182132
32440178;32440100;54;40577258
32440178;32440581;268;40182133
32440180;32439900;188;40662669
32440195;32440147;85;40123866
32440195;32440297;153;40158037
32440195;32440318;124;40123867
32440196;32438719;961;40662736
32440196;32439077;646;40662729
32440196;32440419;155;40662739
32440198;32440171;25;40388512
32440198;32440804;383;40662714
32440200;32439900;211;40662653
32440202;32440094;83;40662483
32440202;32440282;110;40662484
32440202;32440282;127;40662498
32440203;32440018;112;40662672
32440203;32440152;83;40662676
32440203;32440241;22;40662675
32440205;32440665;249;41558714
32440206;32439956;154;40333405
32440206;32440173;48;40333376
32440206;32440258;47;40333377
32440206;32440597;218;40333404
32440210;32440058;352;40032058
32440210;32440148;46;40154375
32440210;32440247;70;40032061
32440217;32440271;85;41128052
32440234;32439963;166;40360949
32440234;32440353;76;40360952
32440234;32440381;106;40662670
32440236;32440318;37;40158039
32440240;32440160;123;40333450
32440240;32440303;63;40333453
32440240;32440459;108;40333434
32440241;32440159;123;40662194
32440241;32440203;22;40662674
32440241;32440272;28;40662197
32440247;32440076;109;41246627
32440247;32440210;70;40032060
32440247;32440514;134;41246630
32440257;32439885;206;40297995
32440258;32439995;160;40333399
32440258;32440206;47;40333378
32440258;32440328;67;40333379
32440258;32440630;211;40333402
32440259;32439119;594;39820894
32440261;32440320;59;41966470
32440271;32439952;179;40297981
32440271;32440217;85;41128051
32440272;32440020;149;40388536
32440272;32440241;28;40662196
32440272;32440606;191;40388537
32440281;32440296;31;40160178
32440281;32440314;126;41615153
32440281;32440384;69;40160179
32440282;32440202;110;40662485
32440282;32440202;127;40662499
32440282;32440489;120;40662486
32440285;32440103;108;40333409
32440285;32440320;78;41966467
32440285;32440370;39;40333412
32440296;32440166;71;40160173
32440296;32440281;31;40160177
32440296;32440348;51;40160176
32440297;32440147;83;40158034
32440297;32440195;153;40158038
32440297;32440440;69;40158035
32440303;32440240;63;40333452
32440309;32440123;106;41943083
32440312;32440069;142;40902265
32440312;32440362;54;40902269
32440312;32440463;78;40902268
32440314;32440281;126;41615152
32440315;32439727;869;40495647
32440315;32440371;109;40495650
32440315;32440522;122;40044138
32440318;32440195;124;40123868
32440318;32440236;37;40158040
32440318;32440454;74;40158041
32440318;32440532;232;40123869
32440320;32440261;59;41966469
32440320;32440285;78;41966468
32440320;32440370;43;41966472
32440322;32440088;137;40662494
32440328;32440039;166;40333395
32440328;32440258;67;40333380
32440328;32440402;74;40333381
32440328;32440666;195;40333398
32440330;32440390;39;40473940
32440337;32438381;998;41558713
32440348;32439842;497;40160172
32440348;32440296;51;40160175
32440348;32440775;373;40160181
32440353;32440234;76;40360951
32440353;32440396;36;40360954
32440353;32440467;79;40662692
32440362;32440312;54;40902270
32440363;32440160;108;41225621
32440363;32440459;120;40333387
32440363;32440471;63;41225618
32440370;32440285;39;40333411
32440370;32440320;43;41966471
32440370;32440486;70;40333414
32440371;32440315;109;40495649
32440371;32440390;35;40495652
32440371;32440522;104;40044132
32440375;32440527;96;41956265
32440381;32440234;106;40662671
32440384;32440281;69;40160180
32440384;32440984;586;40457098
32440390;32440151;128;40492253
32440390;32440330;39;40473941
32440390;32440371;35;40495651
32440390;32440628;198;40495638
32440396;32440353;36;40360953
32440396;32440428;27;40360956
32440396;32440520;75;40662460
32440402;32440104;168;41225619
32440402;32440328;74;40333382
32440402;32440471;93;40333383
32440402;32440683;161;40333392
32440419;32440196;155;40662738
32440428;32440099;181;40333417
32440428;32440396;27;40360955
32440428;32440470;90;40360958
32440433;32440583;100;40662421
32440436;32439977;240;41215995
32440436;32440456;15;40297996
32440440;32440297;69;40158036
32440440;32440484;30;40533581
32440443;32440514;160;40032057
32440454;32440318;74;40158042
32440456;32440436;15;40297997
32440456;32440469;10;40297998
32440459;32440240;108;40333435
32440459;32440363;120;40333388
32440459;32440553;175;40333389
32440463;32440000;292;41239182
32440463;32440312;78;40902267
32440463;32440548;88;41239185
32440467;32440353;79;40662693
32440469;32439997;264;40297982
32440469;32440456;10;40297999
32440469;32440703;133;40298000
32440470;32440428;90;40360957
32440470;32440486;64;40360960
32440470;32440513;38;40662467
32440471;32440363;63;41225617
32440471;32440402;93;40333384
32440471;32440676;123;40333386
32440472;32440049;501;40184447
32440472;32440624;292;40460129
32440484;32440440;30;40533582
32440484;32440765;146;40533583
32440486;32440370;70;40333413
32440486;32440470;64;40360959
32440486;32440512;44;40360962
32440487;32440506;16;41871730
32440489;32440282;120;40662487
32440493;32440579;104;40473935
32440498;32440506;14;41871725
32440506;32440487;16;41871729
32440506;32440498;14;41871726
32440506;32440592;101;41871731
32440507;32440513;47;40662459
32440512;32440486;44;40360961
32440512;32440527;12;40370320
32440512;32440552;25;40360964
32440513;32440470;38;40662466
32440513;32440507;47;40662458
32440513;32440563;33;41866889
32440514;32440247;134;41246629
32440514;32440443;160;40032056
32440514;32440642;77;41246632
32440520;32440396;75;40662461
32440521;32438949;773;40388505
32440521;32441314;387;41871518
32440522;32440315;122;40044139
32440522;32440371;104;40044133
32440522;32440712;104;40044134
32440524;32440549;39;41321406
32440527;32440375;96;41956264
32440527;32440512;12;40370319
32440527;32440597;100;40370322
32440532;32440318;232;40123870
32440532;32440561;21;40158043
32440532;32440593;77;40123871
32440540;32440549;17;41321378
32440548;32440463;88;41239184
32440548;32440626;89;40032063
32440549;32440524;39;41321407
32440549;32440540;17;41321379
32440549;32440700;75;41321408
32440552;32440512;25;40360963
32440552;32440563;109;40662464
32440552;32440674;70;40360966
32440553;32440459;175;40333390
32440555;32440600;31;40649109
32440561;32440532;21;40158044
32440563;32440513;33;41866888
32440563;32440552;109;40662465
32440563;32440826;147;40662468
32440570;32440866;174;40185338
32440577;32440259;165;39820895
32440579;32440493;104;40473934
32440579;32440635;70;40501739
32440579;32440646;48;40492258
32440581;32440178;268;40182134
32440581;32440718;140;40182135
32440581;32440792;266;40604498
32440583;32440433;100;40662420
32440583;32440619;52;40662410
32440583;32440713;66;40662423
32440587;32439249;698;40305692
32440587;32440259;224;40377503
32440587;32440755;133;40377529
32440592;32440506;101;41871732
32440592;32440637;28;41871727
32440592;32440712;89;41871723
32440593;32440532;77;40123872
32440593;32440600;10;40123873
32440593;32440639;30;40649104
32440597;32440206;218;40333403
32440597;32440527;100;40370321
32440597;32440630;46;40370324
32440600;32440555;31;40649108
32440600;32440593;10;40123874
32440600;32440823;210;40123875
32440606;32440272;191;40388538
32440606;32440688;36;40445484
32440616;32440938;467;41755190
32440619;32440583;52;40662411
32440624;32440472;292;40460130
32440624;32440783;272;40462178
32440626;32440058;330;40315027
32440626;32440548;89;40032062
32440626;32440700;97;39868830
32440626;32441065;220;39868814
32440628;32440390;198;40495637
32440628;32440752;146;40495640
32440628;32440791;110;40044146
32440630;32440258;211;40333401
32440630;32440597;46;40370323
32440630;32440666;66;40370326
32440631;32440730;42;40662472
32440635;32440579;70;40501738
32440635;32440777;66;40473929
32440637;32440592;28;41871728
32440639;32440593;30;40649105
32440642;32440514;77;41246631
32440642;32440744;41;39869401
32440646;32440579;48;40492257
32440646;32440685;40;40492260
32440646;32440777;80;40492264
32440648;32439697;530;40558050
32440648;32440653;3;40558046
32440651;32441149;337;41496390
32440653;32440648;3;40558047
32440653;32440672;9;40558048
32440656;32440337;182;40431222
32440657;32440744;131;41338534
32440665;32440766;42;40431221
32440666;32440328;195;40333397
32440666;32440630;66;40370325
32440666;32440684;73;40370328
32440672;32440653;9;40558049
32440672;32440687;30;40486165
32440674;32440552;70;40360965
32440674;32440734;60;41601814
32440674;32441004;292;40360968
32440676;32440471;123;40333385
32440676;32440678;106;40370314
32440676;32440683;90;40370315
32440678;32440676;106;40370313
32440678;32440687;235;40370318
32440678;32440922;113;40486155
32440683;32440402;161;40333391
32440683;32440676;90;40370316
32440683;32440684;17;40360920
32440684;32440666;73;40370327
32440684;32440683;17;40360921
32440684;32440727;18;40182052
32440685;32440646;40;40492259
32440685;32440752;57;40492262
32440685;32440861;113;40492255
32440687;32440672;30;40486166
32440687;32440678;235;40370317
32440687;32440749;26;40967068
32440688;32440606;36;40445485
32440688;32440713;26;40388541
32440699;32440155;848;40586628
32440699;32440739;19;40586623
32440699;32440767;121;40586629
32440700;32440549;75;41321409
32440700;32440626;97;39868831
32440700;32440762;107;39868832
32440703;32440469;133;40298001
32440703;32440755;27;41894068
32440707;32440734;14;41601817
32440710;32440748;51;41321464
32440710;32440748;30;41321461
32440712;32440522;104;40044135
32440712;32440592;89;41871724
32440712;32440785;31;40044136
32440713;32440583;66;40662422
32440713;32440688;26;40388542
32440713;32440815;102;40388543
32440718;32440581;140;40182136
32440718;32440721;29;41870269
32440720;32440739;34;40457103
32440720;32440765;34;40457106
32440720;32440779;216;40555035
32440721;32440718;29;41870270
32440721;32440732;41;41870271
32440727;32440684;18;40182053
32440727;32440917;98;40182054
32440727;32440970;234;40540482
32440730;32440631;42;40662473
32440730;32441004;159;40662457
32440732;32440139;327;40431230
32440732;32440721;41;41870272
32440732;32441019;206;41870273
32440734;32440674;60;41601815
32440734;32440707;14;41601816
32440734;32440776;21;41601819
32440739;32440699;19;40586624
32440739;32440720;34;40457104
32440739;32440872;247;40457107
32440740;32441148;232;40184445
32440744;32440642;41;39869400
32440744;32440657;131;41338533
32440744;32440780;19;39869403
32440748;32440710;51;41321463
32440748;32440710;30;41321462
32440748;32440749;13;41321368
32440749;32440687;26;40967067
32440749;32440748;13;41321369
32440749;32440828;41;40967070
32440752;32440628;146;40495639
32440752;32440685;57;40492261
32440752;32440861;102;40495642
32440755;32440587;133;40377528
32440755;32440703;27;41894069
32440755;32440801;32;40436197
32440755;32440822;36;40436195
32440756;32440866;88;41128053
32440758;32440792;16;40577261
32440759;32440656;43;40431223
32440761;32440804;197;40182011
32440761;32440952;587;40662462
32440762;32440700;107;39868833
32440762;32440806;108;41321465
32440762;32440806;78;39868834
32440765;32440484;146;40533584
32440765;32440720;34;40457105
32440765;32441188;282;40552862
32440766;32441024;141;40431220
32440767;32440699;121;40586630
32440772;32440869;57;41321447
32440775;32440348;373;40160182
32440775;32441242;582;40552866
32440776;32440734;21;41601818
32440777;32440635;66;40473928
32440777;32440646;80;40492263
32440777;32440877;73;40473931
32440779;32440720;216;40555036
32440779;32440824;22;40457109
32440780;32440744;19;39869402
32440780;32440847;89;41598171
32440783;32440624;272;40462179
32440785;32440712;31;40044137
32440789;32440888;76;41321469
32440791;32440628;110;40044147
32440791;32440930;153;40044148
32440791;32441023;182;40044159
32440792;32440581;266;40604497
32440792;32440758;16;40577260
32440792;32441005;127;40577263
32440793;32440835;31;40628763
32440796;32439661;622;40182119
32440796;32440003;458;40182128
32440796;32440858;36;40182129
32440798;32441011;116;41962998
32440801;32440703;48;40436193
32440801;32440755;32;40436196
32440801;32440835;28;40363200
32440804;32440198;383;40662715
32440804;32440761;197;40182010
32440804;32441149;595;40182013
32440806;32440762;108;41321466
32440806;32440762;78;39868835
32440806;32440825;35;39868836
32440807;32440942;98;40315025
32440814;32440915;61;40377533
32440815;32440713;102;40388544
32440815;32440842;94;40662416
32440815;32440842;40;40388545
32440822;32440755;36;40436194
32440822;32440801;42;40436192
32440822;32440909;52;40436199
32440823;32440600;210;40123876
32440823;32440852;35;40649106
32440823;32440858;55;40123877
32440824;32440779;22;40457110
32440824;32440984;112;40457102
32440825;32440806;35;39868837
32440825;32440892;59;40926969
32440826;32440563;147;40662469
32440828;32440749;41;40967069
32440828;32440832;6;40967060
32440828;32440863;23;40360924
32440832;32440828;6;40967059
32440832;32440922;234;40486160
32440835;32440793;31;40628764
32440835;32440801;28;40363199
32440835;32440915;58;40363202
32440836;32440825;32;39869395
32440842;32440815;40;40388546
32440842;32440815;94;40662417
32440842;32440956;156;40388547
32440847;32440780;89;41598170
32440847;32440836;36;39869396
32440847;32440892;30;41598173
32440852;32440823;35;40649107
32440854;32441020;112;41321411
32440858;32440796;36;40182130
32440858;32440823;55;40123878
32440858;32440902;42;41870278
32440861;32440685;113;40492256
32440861;32440752;102;40495641
32440861;32440877;12;40495644
32440863;32440828;23;40360925
32440863;32440896;38;41321443
32440863;32441049;97;40360926
32440866;32440570;174;40185337
32440866;32440756;88;41128054
32440866;32440942;44;40185340
32440869;32440772;57;41321448
32440869;32440896;17;41321449
32440869;32440907;128;41321467
32440871;32440888;22;41321416
32440871;32440912;18;41321367
32440872;32440739;247;40457108
32440875;32441001;90;40032075
32440877;32440777;73;40473930
32440877;32440861;12;40495643
32440877;32440898;14;40495646
32440885;32441112;144;40185336
32440888;32440789;76;41321470
32440888;32440871;22;41321415
32440888;32440911;24;41321418
32440888;32440939;26;41321471
32440892;32440836;33;41684382
32440892;32440847;30;41598172
32440892;32440933;25;41598164
32440892;32440935;24;41321433
32440896;32440863;38;41321444
32440896;32440869;17;41321450
32440896;32440907;5;41321445
32440898;32440877;14;40495645
32440898;32441116;172;40495590
32440898;32441164;141;40492249
32440902;32440858;42;41870277
32440902;32440944;277;40629763
32440902;32441005;240;41870280
32440907;32440869;128;41321468
32440907;32440896;5;41321446
32440909;32440822;52;40436198
32440909;32441018;73;41339573
32440911;32440888;24;41321417
32440912;32440871;18;41321366
32440912;32440939;26;41321435
32440912;32440960;41;41321438
32440915;32440814;61;40377532
32440915;32440835;58;40363201
32440915;32440926;10;40363204
32440917;32440727;98;40182055
32440917;32440961;28;40182050
32440917;32440996;48;40360922
32440921;32440162;551;40361030
32440921;32440975;81;40361031
32440921;32440981;246;40677591
32440922;32440678;113;40486156
32440922;32440832;234;40486159
32440922;32440953;157;40486162
32440926;32440915;10;40363203
32440926;32440955;28;40539988
32440927;32440975;31;40658533
32440930;32440791;153;40044149
32440930;32440969;77;40044150
32440930;32441023;49;40044152
32440933;32440892;25;41598165
32440933;32441011;73;41598162
32440935;32440892;24;41321434
32440935;32440933;29;41321414
32440935;32440967;23;41598166
32440938;32440616;467;41755189
32440938;32440944;7;41755188
32440939;32440888;26;41321472
32440939;32440912;26;41321436
32440939;32440960;17;41321473
32440942;32440807;98;40315024
32440942;32440866;44;40185339
32440942;32441083;99;40185342
32440944;32440902;277;40629764
32440944;32440938;7;41755187
32440945;32441080;88;40377531
32440947;32441025;46;41720774
32440952;32440761;587;40662463
32440952;32441085;169;40583214
32440953;32440922;157;40486161
32440953;32440961;94;40486164
32440953;32441090;278;40486157
32440955;32440926;28;40539987
32440955;32441092;104;40363214
32440956;32440842;156;40388548
32440956;32440971;22;40360972
32440958;32439315;1045;41215975
32440958;32441051;67;40504715
32440958;32441062;52;41512000
32440960;32440912;41;41321437
32440960;32440939;17;41321474
32440960;32441007;22;41321475
32440961;32440917;28;40182051
32440961;32440953;94;40486163
32440965;32440648;160;40558051
32440967;32440935;23;41598167
32440967;32440995;19;41321364
32440967;32441032;43;41598168
32440968;32440995;16;41321480
32440968;32441077;89;41321477
32440968;32441077;57;41321382
32440969;32440930;77;40044151
32440969;32441023;136;40044160
32440970;32440727;234;40540483
32440970;32441026;31;40662427
32440971;32440956;22;40360971
32440971;32441025;53;40182033
32440971;32441085;59;40182036
32440975;32440921;81;40361032
32440975;32440927;31;40658532
32440975;32441778;714;40361033
32440977;32441044;41;40473947
32440981;32440921;246;40677592
32440984;32440384;586;40457097
32440984;32440824;112;40457101
32440984;32441242;241;40457100
32440992;32441053;32;40678061
32440995;32440967;19;41321365
32440995;32440968;16;41321479
32440995;32441000;4;41321482
32440996;32440917;48;40360923
32440997;32441094;253;41138803
32441000;32440995;4;41321481
32441000;32441028;26;41321484
32441000;32441096;48;41321403
32441001;32440875;90;40032074
32441001;32441008;46;40032077
32441001;32441166;111;40032078
32441004;32440674;292;40360967
32441004;32440730;159;40662456
32441004;32441040;21;40360970
32441005;32440792;127;40577262
32441005;32440902;240;41870279
32441005;32441053;309;41870282
32441007;32440960;22;41321476
32441007;32441020;8;41321421
32441008;32440126;447;40032071
32441008;32441001;46;40032076
32441008;32441192;92;40032072
32441011;32440933;73;41598163
32441011;32441029;22;40926972
32441011;32441122;58;40363197
32441014;32440759;139;40128302
32441018;32440909;73;41339572
32441018;32441088;384;41339575
32441018;32441318;168;40363216
32441019;32440732;206;41870274
32441019;32441089;266;40182137
32441019;32441106;42;40721603
32441020;32440854;112;41321410
32441020;32441007;8;41321422
32441020;32441032;13;41321423
32441023;32440791;182;40044158
32441023;32440930;49;40044153
32441023;32440969;136;40044161
32441024;32441634;385;40128303
32441025;32440947;46;41720775
32441025;32440971;53;40182032
32441025;32441040;100;40182035
32441026;32440970;31;40662426
32441026;32441290;570;40662433
32441026;32441290;274;40662429
32441028;32441000;26;41321483
32441029;32440965;33;40558052
32441029;32441011;22;40926973
32441029;32441075;45;40182057
32441032;32440967;43;41598169
32441032;32441020;13;41321424
32441032;32441121;46;41321425
32441033;32441039;52;40662471
32441039;32441033;52;40662470
32441039;32441094;250;40284373
32441040;32441004;21;40360969
32441040;32441025;100;40182034
32441040;32441169;64;40182017
32441044;32440977;41;40473946
32441044;32441116;39;40044163
32441044;32441118;103;40044164
32441046;32441704;339;40658531
32441049;32440863;97;40360927
32441049;32441075;53;40182056
32441049;32441136;41;41598190
32441050;32441056;54;40032104
32441050;32441497;245;40363196
32441051;32441059;16;40721616
32441051;32441062;36;40721617
32441053;32440992;32;40678060
32441053;32441005;309;41870281
32441053;32441086;166;41870284
32441056;32441050;54;40032105
32441056;32441065;65;40032106
32441056;32441477;228;40363192
32441059;32441051;16;40721615
32441059;32441071;73;40721620
32441059;32441346;152;40377512
32441060;32441131;32;40129701
32441061;32440577;236;40129700
32441062;32440958;52;41512001
32441062;32441051;36;40721618
32441062;32441088;42;41339576
32441065;32440626;220;39868815
32441065;32441056;65;40032107
32441065;32441523;246;39868816
32441071;32441059;73;40721619
32441071;32441083;43;40721622
32441071;32441346;153;40377510
32441075;32440965;62;40539939
32441075;32441029;45;40182058
32441075;32441136;48;41598188
32441077;32440968;57;41321383
32441077;32440968;89;41321478
32441077;32441096;18;41321485
32441080;32440945;88;40377530
32441080;32441138;44;40363211
32441080;32441436;227;39868913
32441083;32440942;99;40185341
32441083;32441071;43;40721621
32441083;32441112;67;40721624
32441085;32440952;169;40583215
32441085;32440971;59;40182037
32441085;32441258;210;40360973
32441086;32441053;166;41870283
32441086;32441091;35;41870276
32441088;32440958;73;40504716
32441088;32441018;384;41339574
32441088;32441062;42;41339577
32441089;32441019;266;40182138
32441090;32440953;278;40486158
32441091;32441086;35;41870275
32441091;32441106;90;41346831
32441092;32440955;104;40363213
32441092;32441100;4;40539984
32441092;32441140;38;40297970
32441094;32440997;253;41138802
32441094;32441039;250;40284372
32441094;32441459;200;40284375
32441096;32441000;48;41321402
32441096;32441077;18;41321486
32441096;32441111;8;41321405
32441100;32441092;4;40539983
32441100;32441138;22;40436190
32441105;32441257;113;40032085
32441106;32441019;42;40721604
32441106;32441091;90;41346830
32441106;32441145;226;41346833
32441109;32440001;622;40495588
32441109;32441272;107;40495579
32441111;32441096;8;41321404
32441112;32440885;144;40185335
32441112;32441083;67;40721623
32441112;32441125;71;40721626
32441116;32440898;172;40495589
32441116;32441044;39;40044162
32441116;32441175;43;40495592
32441117;32441154;23;41321346
32441117;32441185;76;41321345
32441117;32441210;51;41321427
32441118;32441044;103;40044165
32441118;32441272;252;40044166
32441121;32441032;46;41321426
32441122;32441156;30;41329268
32441122;32441176;33;40363198
32441124;32441014;61;41730636
32441125;32441112;71;40721625
32441125;32441145;33;40360932
32441130;32441029;51;41338367
32441130;32441075;68;40539940
32441131;32441217;43;40129702
32441132;32441061;33;40129704
32441135;32441194;80;41706260
32441136;32441049;41;41598191
32441136;32441075;48;41598189
32441136;32441181;50;40628765
32441136;32441185;33;40182059
32441138;32441080;44;40363212
32441138;32441100;22;40436191
32441138;32441206;60;40377538
32441138;32441624;291;40370310
32441140;32441092;38;40297969
32441140;32441168;25;40297972
32441145;32441106;226;41346832
32441145;32441162;18;40360931
32441148;32440740;232;40184444
32441149;32440651;337;41496389
32441149;32440804;595;40182012
32441149;32441155;71;40182015
32441154;32441117;23;41321347
32441154;32441190;16;41321348
32441154;32441210;40;41321375
32441155;32441149;71;40182014
32441156;32441229;33;41329271
32441156;32441229;54;41329269
32441162;32441125;28;40737670
32441162;32441145;18;40360930
32441162;32441434;204;41646491
32441163;32441180;11;40410678
32441164;32440898;141;40492250
32441164;32441177;114;40044140
32441166;32441001;111;40032079
32441166;32441257;58;40032080
32441166;32441313;91;40436184
32441168;32441140;25;40297971
32441168;32441192;15;40436201
32441169;32441040;64;40182016
32441169;32441258;41;40182019
32441169;32441290;126;40662430
32441172;32441188;34;40552869
32441175;32441116;43;40495591
32441175;32441213;16;41511993
32441175;32441239;43;40495594
32441176;32441305;56;40593431
32441177;32441164;114;40044141
32441177;32441213;77;40044143
32441177;32441425;232;40818051
32441180;32441163;11;40410679
32441180;32441735;622;40186502
32441181;32441136;50;40628766
32441181;32441202;11;41321390
32441181;32441325;82;40628767
32441182;32441446;387;41080401
32441183;32441194;3;40507490
32441184;32441187;9;40552872
32441184;32441188;5;40457120
32441185;32441117;76;41321344
32441185;32441136;33;40182060
32441185;32441293;55;40182061
32441186;32441203;30;41321451
32441186;32441316;63;41321358
32441186;32441329;79;41321454
32441187;32441184;9;40552873
32441187;32441242;203;40457095
32441188;32440765;282;40552863
32441188;32441172;34;40552868
32441188;32441184;5;40457119
32441188;32441894;609;40457116
32441190;32441154;16;41321349
32441190;32441231;20;41321350
32441190;32441240;37;41321363
32441192;32441008;92;40032073
32441192;32441168;15;40436200
32441192;32441313;71;40436187
32441194;32441135;80;41706261
32441194;32441183;3;40507489
32441194;32441580;238;40507492
32441198;32441212;21;40569944
32441202;32441181;11;41321391
32441202;32441203;16;41321354
32441202;32441298;58;41321392
32441203;32441186;30;41321452
32441203;32441202;16;41321355
32441203;32441298;49;41321455
32441206;32441138;60;40377539
32441210;32441117;51;41321428
32441210;32441154;40;41321374
32441210;32441240;17;41321429
32441212;32441198;21;40569945
32441212;32441337;123;40569946
32441212;32441389;89;39868870
32441213;32441175;16;41511992
32441213;32441177;77;40044142
32441213;32441239;43;40044145
32441214;32441318;99;40377535
32441217;32441710;264;40129703
32441217;32441720;341;40024748
32441218;32441132;42;40143777
32441219;32441319;66;40569955
32441229;32441305;33;41329270
32441230;32441585;191;40032099
32441231;32441190;20;41321351
32441231;32441260;15;41321352
32441231;32441269;35;41321420
32441232;32441263;38;41706258
32441239;32441175;43;40495593
32441239;32441213;43;40044144
32441239;32441256;36;40495596
32441240;32441190;37;41321362
32441240;32441210;17;41321430
32441240;32441269;17;41321431
32441242;32440775;582;40552867
32441242;32440984;241;40457099
32441242;32441187;203;40457096
32441244;32441599;688;41080402
32441248;32441349;52;41321386
32441249;32441296;42;41071671
32441256;32441118;71;40044168
32441256;32441239;36;40495595
32441256;32441282;37;40495598
32441257;32441105;113;40032084
32441257;32441166;58;40032081
32441257;32441417;101;40032082
32441258;32441085;210;40360974
32441258;32441169;41;40182018
32441258;32441354;44;40182021
32441260;32441231;15;41321353
32441263;32441232;38;41706259
32441269;32441231;35;41321419
32441269;32441240;17;41321432
32441269;32441293;11;41321389
32441269;32441306;13;41321376
32441272;32441109;107;40495580
32441272;32441118;252;40044167
32441272;32441403;64;40044170
32441282;32441256;37;40495597
32441282;32441377;176;40495600
32441282;32441450;90;40044171
32441284;32441368;47;41321381
32441290;32441026;274;40662428
32441290;32441026;570;40662432
32441290;32441169;126;40662431
32441293;32441185;55;40182062
32441293;32441269;11;41321388
32441293;32441367;46;40182063
32441296;32441249;42;41071670
32441296;32441310;16;41071673
32441298;32441202;58;41321393
32441298;32441203;49;41321456
32441298;32441316;16;41321394
32441305;32441762;263;40593432
32441306;32441269;13;41321377
32441310;32441296;16;41071672
32441310;32441578;463;42028389
32441313;32441166;91;40436185
32441313;32441192;71;40436186
32441313;32441390;57;40436189
32441314;32438765;2534;40182009
32441314;32440521;387;41871517
32441315;32441130;92;41962999
32441316;32441186;63;41321359
32441316;32441298;16;41321395
32441316;32441329;16;41321396
32441318;32441018;168;40363215
32441318;32441214;99;40377534
32441318;32441405;54;40363218
32441319;32441219;66;40569954
32441319;32441381;67;40032088
32441319;32441417;78;39869362
32441325;32441181;82;40628768
32441325;32441827;357;41212649
32441329;32441186;79;41321453
32441329;32441316;16;41321397
32441329;32441349;22;41321398
32441332;32441356;16;41871753
32441332;32441358;118;41871758
32441337;32441212;123;40569947
32441337;32441219;155;39868878
32441337;32441382;51;40569952
32441337;32441464;91;40569948
32441346;32441059;152;40377513
32441346;32441071;153;40377511
32441349;32441248;52;41321387
32441349;32441329;22;41321399
32441349;32441368;15;41321400
32441354;32441258;44;40182020
32441354;32441501;178;40662408
32441354;32441709;200;40182023
32441356;32441332;16;41871754
32441356;32441432;89;41871759
32441356;32441514;100;41871755
32441358;32441332;118;41871757
32441362;32441428;67;40377537
32441364;32441397;44;41321384
32441367;32441293;46;40182064
32441367;32441460;109;40373011
32441367;32441481;75;40182065
32441368;32441284;47;41321380
32441368;32441349;15;41321401
32441370;32441407;20;40507531
32441377;32441282;176;40495599
32441377;32441403;42;40507500
32441377;32441548;103;40044181
32441381;32441319;67;40032089
32441381;32441464;98;40032090
32441381;32441531;101;40032087
32441382;32441337;51;40569953
32441382;32441431;29;40032092
32441389;32441212;89;39868871
32441389;32441431;81;40032097
32441389;32441622;136;39868872
32441390;32441313;57;40436188
32441390;32441428;25;40377518
32441390;32441519;101;41147411
32441393;32441424;45;41321356
32441397;32441364;44;41321385
32441403;32441272;64;40044169
32441403;32441377;42;40507499
32441403;32441482;189;40507526
32441405;32441318;54;40363217
32441405;32441436;28;40363220
32441405;32441779;218;40297967
32441407;32441370;20;40507532
32441407;32441489;54;40507533
32441407;32441516;128;40507501
32441412;32441315;56;41962997
32441417;32441257;101;40032083
32441417;32441319;78;39869361
32441417;32441506;86;40539986
32441417;32441531;95;39868880
32441420;32441447;46;41321360
32441424;32441393;45;41321357
32441425;32441177;232;40818052
32441425;32441444;14;40495631
32441428;32441362;67;40377536
32441428;32441390;25;40377519
32441428;32442332;497;40377520
32441431;32441382;29;40032093
32441431;32441389;81;40032096
32441431;32441684;139;40032094
32441432;32441356;89;41871760
32441434;32441162;204;41646490
32441434;32441454;22;41558387
32441434;32441665;157;40140996
32441435;32441635;214;40662425
32441436;32441080;227;39868912
32441436;32441405;28;40363219
32441436;32441624;112;40370312
32441443;32441465;47;41321372
32441444;32441425;14;40495632
32441444;32441583;120;40507521
32441444;32441583;92;40495633
32441446;32441182;387;41080400
32441446;32441454;86;41870295
32441446;32441652;221;41870298
32441447;32441420;46;41321361
32441450;32441282;90;40044172
32441450;32441522;45;40044173
32441450;32441548;138;40044175
32441454;32441434;22;41558388
32441454;32441446;86;41870296
32441454;32441907;306;41081188
32441454;32441983;452;41558389
32441459;32441094;200;40284374
32441459;32441576;299;40483686
32441459;32442831;742;40372736
32441460;32441367;109;40373010
32441460;32441469;24;40146324
32441460;32441490;30;40146323
32441464;32441337;91;40569949
32441464;32441381;98;40032091
32441464;32441659;121;40569950
32441465;32441443;47;41321373
32441469;32441460;24;40146325
32441469;32441481;15;40182068
32441477;32441056;228;40363191
32441477;32441523;75;40032103
32441477;32441671;102;40363194
32441481;32441367;75;40182066
32441481;32441469;15;40182067
32441481;32441500;24;40182071
32441481;32441538;41;40182070
32441482;32441403;189;40507525
32441482;32441683;107;40635451
32441482;32441695;355;40507528
32441489;32441407;54;40507534
32441489;32441516;115;40507494
32441490;32441412;54;40593420
32441490;32441460;30;40146322
32441497;32441050;245;40363195
32441500;32441481;24;40182072
32441500;32441661;94;41321440
32441500;32441661;96;41321441
32441501;32441354;178;40662409
32441503;32441635;106;40662413
32441506;32441417;86;40539985
32441506;32441519;9;39868877
32441514;32441356;100;41871756
32441514;32441516;20;40507495
32441514;32441543;61;40507498
32441516;32441407;128;40507502
32441516;32441489;115;40507493
32441516;32441514;20;40507496
32441519;32441390;101;41147410
32441519;32441506;9;39868876
32441519;32441553;23;40436203
32441522;32441450;45;40044174
32441523;32441065;246;39868817
32441523;32441477;75;40032102
32441523;32441590;82;39869359
32441523;32441834;159;40032100
32441531;32441381;101;40032086
32441531;32441417;95;39868879
32441531;32441655;93;39869357
32441531;32441659;89;39868882
32441538;32441481;41;40182069
32441538;32441558;16;41101247
32441538;32442024;264;40182074
32441543;32441514;61;40507497
32441543;32441580;85;40495628
32441543;32441819;280;40495625
32441548;32441377;103;40044182
32441548;32441450;138;40044176
32441548;32441683;228;40044177
32441548;32441747;140;40044183
32441553;32441519;23;40436202
32441553;32441655;69;40593424
32441557;32441124;275;39924756
32441558;32441538;16;41101248
32441558;32441866;185;41321460
32441558;32441866;185;41321457
32441564;32441585;30;40436174
32441576;32441459;299;40483685
32441576;32443624;1161;41725233
32441578;32441310;463;42028388
32441578;32441588;12;41077743
32441580;32441194;238;40507491
32441580;32441543;85;40495627
32441580;32441629;122;40495630
32441583;32441444;120;40507522
32441583;32441444;92;40495634
32441583;32441629;56;40495635
32441585;32441230;191;40032098
32441585;32441564;30;40436175
32441585;32441610;43;40436176
32441588;32441578;12;41077742
32441588;32441843;354;41870292
32441590;32441523;82;39869360
32441599;32441244;688;41080403
32441599;32441652;84;41870299
32441610;32441585;43;40436177
32441610;32441622;31;40436178
32441610;32441948;167;39968498
32441622;32441389;136;39868873
32441622;32441610;31;40436179
32441622;32441632;20;40436180
32441624;32441436;112;40370311
32441624;32441890;130;39869388
32441629;32441580;122;40495629
32441629;32441583;56;40495636
32441629;32441688;26;40495585
32441631;32441688;201;40507524
32441632;32441622;20;40436181
32441632;32441684;61;40436182
32441632;32441986;167;39968489
32441634;32441913;190;40024647
32441634;32441928;190;39924755
32441635;32441435;214;40662424
32441635;32441503;106;40662412
32441635;32441876;135;40662415
32441640;32441718;37;41922381
32441652;32441446;221;41870297
32441652;32441599;84;41870300
32441655;32441531;93;39869358
32441655;32441553;69;40593423
32441655;32441822;107;40593426
32441659;32441464;121;40569951
32441659;32441531;89;39868881
32441659;32441822;101;39868875
32441659;32441895;154;39868884
32441661;32441500;94;41321439
32441661;32441500;96;41321442
32441665;32441434;157;40140995
32441665;32441801;73;40140994
32441666;32442051;215;41416564
32441671;32441477;102;40363193
32441683;32441482;107;40635450
32441683;32441548;228;40044178
32441683;32441701;35;40044179
32441684;32441431;139;40032095
32441684;32441632;61;40436183
32441684;32441895;151;41943111
32441684;32442036;166;39968495
32441688;32441629;26;40495586
32441688;32441631;201;40507523
32441688;32441860;82;40507535
32441695;32441482;355;40507527
32441695;32441950;200;40492146
32441701;32441683;35;40044180
32441704;32441046;339;40658530
32441704;32441778;41;40658535
32441705;32442051;216;41416569
32441709;32441354;200;40182022
32441709;32441876;92;40182025
32441709;32442320;323;40662418
32441710;32442340;387;40143775
32441718;32441640;37;41922382
32441718;32441894;151;41922379
32441719;32441218;271;40143778
32441720;32441725;20;41870321
32441725;32441665;103;40297973
32441725;32441824;91;41346834
32441735;32441180;622;40186501
32441735;32441960;646;41416889
32441739;32442415;361;40608472
32441747;32441548;140;40044184
32441762;32442098;220;41000857
32441762;32442214;228;41338369
32441772;32441907;104;41559116
32441776;32441720;99;41870322
32441778;32440975;714;40361034
32441778;32441704;41;40658534
32441778;32442068;155;40361035
32441779;32441405;218;40297968
32441779;32441890;113;40297962
32441789;32442221;258;40909780
32441801;32441858;28;41755181
32441806;32442128;281;40492169
32441819;32441543;280;40495626
32441819;32441998;140;40933184
32441822;32441655;107;40593425
32441822;32441659;101;39868874
32441822;32442233;276;40593428
32441824;32441858;24;41755180
32441827;32441325;357;41212650
32441827;32441882;22;41212651
32441827;32442024;116;40182075
32441830;32441894;37;40552865
32441834;32441523;159;40032101
32441835;32441910;60;41870293
32441835;32442125;370;41870333
32441838;32441776;34;41870323
32441843;32441588;354;41870291
32441843;32441910;41;40457112
32441848;32441852;2;41494804
32441852;32441848;2;41494803
32441852;32441872;7;41494806
32441858;32441930;49;41346827
32441860;32441688;82;40507536
32441860;32441963;90;40495581
32441860;32442593;604;40495621
32441861;32441490;192;40593421
32441863;32441557;235;40629077
32441866;32441558;185;41321459
32441866;32441558;185;41321458
32441872;32441852;7;41494805
32441872;32442324;286;41494802
32441875;32441976;51;40044186
32441876;32441635;135;40662414
32441876;32441709;92;40182024
32441876;32441943;32;40182027
32441882;32441827;22;41212652
32441890;32441624;130;39869387
32441890;32441779;113;40297961
32441890;32442019;58;39869390
32441891;32441557;232;40629090
32441892;32442019;130;40297964
32441894;32441188;609;40457115
32441894;32441718;151;41922380
32441894;32441830;37;40552864
32441894;32442271;196;40457118
32441895;32441659;154;39868883
32441895;32441684;151;41943112
32441895;32442133;152;39968506
32441907;32441454;306;41081189
32441907;32441772;104;41559115
32441910;32441835;60;41870294
32441910;32441843;41;40457111
32441910;32441915;3;40369769
32441913;32442242;352;40629078
32441915;32441910;3;40369770
32441915;32441931;13;41870285
32441916;32441861;23;41338370
32441928;32442083;103;40629089
32441930;32442023;79;40024745
32441930;32442196;157;41755183
32441931;32441915;13;41870286
32441931;32442221;380;41870287
32441931;32442514;675;41071688
32441943;32441876;32;40182026
32441943;32442016;59;41873516
32441943;32442016;30;40182029
32441948;32441610;167;39968497
32441948;32441986;57;39968501
32441948;32442218;145;39968500
32441950;32441695;200;40492145
32441950;32441976;268;40044187
32441950;32442033;55;40492148
32441952;32441218;374;41755184
32441955;32441838;51;41755179
32441960;32441735;646;41416888
32441960;32441966;7;40186500
32441963;32441860;90;40495582
32441963;32442010;15;40495617
32441966;32441960;7;40186499
32441966;32442177;105;40044123
32441976;32441875;51;40044185
32441976;32441950;268;40044188
32441976;32442351;280;40492152
32441983;32441454;452;41558390
32441983;32442021;31;41870328
32441984;32441952;15;40024747
32441984;32441955;14;41755185
32441986;32441632;167;39968490
32441986;32441948;57;39968502
32441986;32442036;58;39968503
32441986;32442252;146;39968491
32441998;32441819;140;40933185
32441998;32442043;267;40634924
32441998;32442084;82;40933186
32442010;32441963;15;40495618
32442010;32442101;76;40495619
32442016;32441943;30;40182028
32442016;32441943;59;41873517
32442016;32442031;7;40182031
32442019;32441890;58;39869389
32442019;32441892;130;40297963
32442019;32442150;77;39869392
32442021;32441983;31;41870329
32442021;32442219;367;41870324
32442023;32441863;150;40143781
32442024;32441538;264;40182073
32442024;32441827;116;40182076
32442024;32442045;19;41321412
32442030;32442397;218;40044121
32442031;32442016;7;40182030
32442033;32441950;55;40492147
32442033;32442068;37;40492150
32442033;32442158;123;41748064
32442036;32441684;166;39968496
32442036;32441986;58;39968504
32442036;32442133;89;41943109
32442036;32442280;146;41819735
32442043;32441998;267;40634925
32442044;32442150;119;40297965
32442045;32442024;19;41321413
32442051;32441666;215;41416565
32442051;32441705;216;41416568
32442051;32442201;134;41416566
32442068;32441778;155;40361036
32442068;32442033;37;40492149
32442068;32442095;26;39820927
32442080;32442262;112;40044113
32442083;32442299;136;42033499
32442084;32441998;82;40933187
32442084;32442178;86;40933188
32442084;32442593;398;40634933
32442095;32442068;54;40492159
32442095;32442068;26;39820928
32442095;32442104;4;39820929
32442098;32442214;126;40146318
32442098;32442290;108;40687645
32442101;32442010;76;40495620
32442104;32442095;4;39820930
32442104;32442124;12;40492155
32442124;32442104;12;40492156
32442124;32442128;2;40492164
32442125;32441835;370;41870332
32442125;32442144;36;41870331
32442128;32441806;281;40492168
32442128;32442124;2;40492165
32442128;32442136;3;40492166
32442130;32442326;133;40629268
32442133;32441895;152;39968505
32442133;32442036;89;41943110
32442133;32442348;126;39968508
32442134;32441984;82;41755186
32442136;32442128;3;40492167
32442136;32442237;119;40361236
32442136;32442425;168;39821334
32442140;32442212;57;40186498
32442144;32442125;36;41870330
32442144;32442312;333;40377545
32442150;32442019;77;39869391
32442150;32442044;119;40297966
32442150;32442219;37;39869394
32442158;32442033;123;41748065
32442161;32442641;505;41534803
32442177;32441966;105;40044122
32442177;32442283;323;40044130
32442177;32442339;117;40044125
32442178;32442084;86;40933189
32442178;32442189;55;40560766
32442178;32442217;43;40933190
32442182;32442351;141;40044190
32442189;32442178;55;40560765
32442189;32442217;27;41621940
32442189;32442786;579;40560768
32442190;32441916;144;41338368
32442190;32442243;121;41000856
32442196;32442299;63;41755182
32442200;32442339;82;40044129
32442201;32442051;134;41416567
32442212;32442140;57;40186497
32442212;32442237;17;40044117
32442212;32442262;156;40044114
32442214;32442523;165;40873857
32442217;32442178;43;40933191
32442217;32442189;27;41621939
32442217;32442810;502;40933192
32442218;32441948;145;39968499
32442218;32442239;45;40363210
32442219;32442021;367;41870325
32442219;32442150;37;39869393
32442219;32442277;134;41870326
32442221;32441789;258;40909781
32442221;32441931;380;41870288
32442221;32442751;706;41870289
32442227;32441891;351;41870336
32442233;32441822;276;40593427
32442233;32442291;34;40146098
32442237;32442136;119;40361235
32442237;32442212;17;40044116
32442237;32442397;257;40361238
32442239;32442218;45;40363209
32442239;32442252;12;39869370
32442242;32442267;35;41870337
32442243;32441916;179;40146108
32442243;32442383;76;41000852
32442246;32442227;35;41870335
32442252;32441986;146;39968492
32442252;32442239;12;39869369
32442252;32442280;60;39869372
32442252;32442329;44;39968493
32442262;32442080;112;40044112
32442262;32442212;156;40044115
32442262;32442287;15;40044119
32442267;32442534;550;41870334
32442271;32441894;196;40457117
32442271;32442310;20;40457114
32442274;32442233;38;41001220
32442274;32442291;16;41356402
32442276;32442134;102;40369771
32442277;32442219;134;41870327
32442277;32442293;21;41819542
32442280;32442036;146;41819736
32442280;32442252;60;39869371
32442280;32442348;65;39869374
32442280;32442380;55;41240276
32442283;32442177;323;40044131
32442287;32442262;15;40044118
32442290;32442098;108;40687644
32442290;32442326;58;40629265
32442290;32442485;108;40687647
32442291;32442313;10;41356411
32442293;32442277;21;41819543
32442293;32442332;79;41819544
32442299;32442402;55;40143780
32442300;32442324;19;41397924
32442301;32442333;16;41915523
32442310;32442271;20;40457113
32442310;32442867;343;40650111
32442311;32442274;20;41356409
32442311;32442418;137;41356404
32442312;32442144;333;40377544
32442312;32442325;13;40377547
32442313;32442328;13;41001214
32442313;32442353;24;40146099
32442320;32441709;323;40662419
32442324;32441872;286;41494801
32442324;32442300;19;41397923
32442324;32442482;120;41397926
32442325;32442312;13;40377546
32442325;32442333;54;39869376
32442326;32442130;133;40629267
32442326;32442290;58;40629266
32442326;32442369;49;40629270
32442328;32442311;20;41356410
32442329;32442252;44;39968494
32442332;32441428;497;40377521
32442332;32442293;79;41819545
32442332;32442359;141;41819546
32442333;32442301;16;41915522
32442333;32442325;54;39869375
32442333;32442343;7;41915525
32442333;32442453;139;39869378
32442339;32442177;117;40044124
32442339;32442200;82;40044128
32442339;32442386;37;40044127
32442340;32442966;454;40143774
32442343;32442333;7;41915524
32442343;32442600;123;39869380
32442348;32442133;126;39968507
32442348;32442280;65;39869373
32442351;32441976;280;40492151
32442351;32442182;141;40044189
32442351;32442428;134;40492154
32442353;32442328;24;40146179
32442353;32442446;56;41001215
32442359;32442332;141;41819547
32442359;32442382;65;41558395
32442361;32442467;60;40492230
32442362;32441719;390;40143776
32442369;32442326;49;40629269
32442370;32442383;28;40629264
32442371;32442391;37;40613605
32442377;32442534;400;41854207
32442380;32442280;55;41240277
32442380;32442418;49;41240274
32442382;32442359;65;41558396
32442382;32442502;228;41558391
32442383;32442243;76;41000853
32442383;32442370;28;40629263
32442383;32442585;96;41000854
32442384;32442467;72;40044196
32442386;32442339;37;40044126
32442386;32442397;53;40361241
32442386;32442589;608;40361240
32442391;32442371;37;40613606
32442391;32442420;16;40613594
32442391;32442439;42;40613607
32442397;32442030;218;40044120
32442397;32442237;257;40361237
32442397;32442386;53;40361242
32442402;32442495;63;41346829
32442402;32442966;353;41001226
32442408;32442472;122;40377523
32442410;32442420;14;40613621
32442415;32441739;361;40608473
32442415;32442462;44;40182079
32442415;32442560;107;41028820
32442418;32442311;137;41356403
32442418;32442380;49;41240275
32442418;32442519;106;41028826
32442418;32442622;95;39869217
32442420;32442391;16;40613593
32442420;32442410;14;40613622
32442420;32442439;34;40613623
32442420;32442447;16;40613596
32442424;32442134;206;40143779
32442424;32442377;146;40024750
32442425;32442136;168;39821335
32442425;32442428;15;40492160
32442425;32442504;40;39821336
32442428;32442351;134;40492153
32442428;32442425;15;40492161
32442434;32442589;79;41478558
32442435;32442482;121;39922723
32442439;32442391;42;40613608
32442439;32442420;34;40613624
32442439;32442473;19;40613609
32442441;32442447;15;40613615
32442446;32442353;56;41001216
32442446;32442471;17;40146100
32442447;32442420;16;40613595
32442447;32442441;15;40613616
32442447;32442473;44;40613617
32442447;32442479;16;40613598
32442450;32442498;93;40044192
32442453;32442333;139;39869377
32442453;32442455;13;40307170
32442454;32442424;23;41346828
32442455;32442453;13;40307171
32442455;32443005;1036;40307168
32442462;32442415;44;40182080
32442462;32442818;193;40182077
32442467;32442361;60;40492229
32442467;32442384;72;40044195
32442467;32442498;12;40492232
32442468;32442479;11;40613589
32442471;32442486;8;41356405
32442472;32442408;122;40377522
32442472;32442505;51;41516511
32442472;32442520;96;40377525
32442473;32442439;19;40613610
32442473;32442447;44;40613618
32442473;32442518;18;40613611
32442474;32442751;198;41234202
32442477;32442446;15;41001218
32442477;32442471;13;41356400
32442478;32442500;31;40613619
32442479;32442447;16;40613597
32442479;32442468;11;40613590
32442479;32442500;12;40613600
32442479;32442518;49;40613591
32442482;32442324;120;41397925
32442482;32442435;121;39922722
32442482;32442723;177;39922725
32442485;32442290;108;40687646
32442485;32442519;29;41028831
32442486;32442497;28;40146154
32442486;32442513;12;41356406
32442488;32442561;62;40162646
32442490;32442246;543;41214264
32442490;32442276;377;40024749
32442495;32442516;107;40143773
32442496;32442477;9;41356401
32442497;32442502;64;41558394
32442497;32442513;28;40146155
32442498;32442450;93;40044191
32442498;32442467;12;40492231
32442498;32442504;67;40044194
32442500;32442478;31;40613620
32442500;32442479;12;40613599
32442500;32442511;4;40613602
32442502;32442382;228;41558392
32442502;32442497;64;41558393
32442502;32442552;20;41850131
32442504;32442425;40;39821337
32442504;32442498;67;40044193
32442504;32442712;99;39821338
32442505;32442472;51;41516512
32442505;32442520;44;41516513
32442505;32442562;51;41516509
32442510;32442561;20;40162650
32442511;32442500;4;40613601
32442511;32442518;62;40613614
32442511;32442560;22;40613604
32442513;32442539;9;41356407
32442514;32441931;675;41071689
32442516;32442454;63;40024746
32442518;32442473;18;40613612
32442518;32442479;49;40613592
32442518;32442511;62;40613613
32442519;32442418;106;41028825
32442519;32442573;27;41028833
32442520;32442472;96;40377524
32442520;32442505;44;41516514
32442520;32442552;48;40377527
32442522;32442490;43;41755174
32442523;32442834;169;40146313
32442526;32442496;17;41001217
32442526;32442565;62;41126998
32442529;32442496;11;41001213
32442529;32442526;15;40146101
32442534;32442549;43;41214263
32442539;32442529;16;41356408
32442539;32442552;130;41850134
32442541;32442604;142;39922788
32442541;32442738;221;40028495
32442542;32442190;187;40146312
32442543;32442544;65;40213907
32442543;32442544;65;40213904
32442544;32442543;65;40213905
32442544;32442543;65;40213906
32442544;32442568;13;40146114
32442549;32443152;1010;41755173
32442552;32442502;20;41850132
32442552;32442520;48;40377526
32442552;32442539;130;41850133
32442558;32442485;37;41028832
32442558;32442607;62;41819169
32442560;32442415;107;41028819
32442560;32442511;22;40613603
32442560;32442609;22;40606603
32442560;32442621;80;41028822
32442561;32442488;62;40162645
32442561;32442510;20;40162649
32442561;32442633;51;40162648
32442562;32442505;51;41516510
32442565;32442526;62;41126997
32442565;32442568;3;41240279
32442568;32442544;13;40146113
32442568;32442565;3;41240278
32442568;32442611;52;41240281
32442568;32442664;45;40146111
32442573;32442558;31;41028834
32442573;32442624;21;39869214
32442575;32442595;30;41755177
32442575;32442600;129;39869382
32442585;32442383;96;41000855
32442585;32442643;31;41356413
32442587;32442786;363;40560777
32442589;32442386;608;40361239
32442589;32442434;79;41478557
32442589;32442689;84;40361244
32442589;32442793;140;41478560
32442593;32441860;604;40495622
32442593;32442084;398;40634932
32442593;32442797;740;40495623
32442594;32442694;132;40044197
32442595;32442575;30;41755178
32442595;32442601;9;41755175
32442600;32442343;123;39869379
32442600;32442575;129;39869381
32442600;32442893;200;40369767
32442601;32442595;9;41755176
32442601;32442630;53;41381979
32442601;32442654;27;41381986
32442604;32442541;142;39922789
32442604;32442723;201;39922790
32442604;32442738;71;40028490
32442607;32442558;62;41819168
32442607;32442638;48;41819167
32442609;32442560;22;40606602
32442609;32442623;18;40606605
32442609;32442626;17;40373012
32442609;32442722;69;40373015
32442611;32442568;52;41240280
32442611;32442622;14;41511043
32442613;32442454;136;42033498
32442621;32442560;80;41028821
32442621;32442585;26;41511039
32442622;32442418;95;39869218
32442622;32442611;14;41511042
32442622;32442633;3;40146090
32442623;32442609;18;40606604
32442623;32442695;54;40606607
32442623;32442705;47;41321370
32442624;32442573;21;39869213
32442626;32442609;17;40373013
32442626;32442645;17;40373016
32442626;32442722;52;41102217
32442630;32442601;53;41381980
32442630;32442654;58;41081190
32442630;32442755;258;41381981
32442633;32442561;51;40162647
32442633;32442622;3;40146091
32442633;32442671;23;40146092
32442638;32442607;48;41819166
32442638;32442643;69;41028824
32442641;32442161;505;41534804
32442641;32442789;91;41288266
32442643;32442638;69;41028823
32442643;32442670;24;41356412
32442645;32442626;17;40373017
32442645;32442648;18;40373018
32442645;32442728;49;41102221
32442648;32442645;18;40373019
32442648;32442662;17;40373020
32442648;32442733;47;41102215
32442651;32442693;73;40146109
32442654;32442601;27;41381985
32442654;32442630;58;41081191
32442654;32442974;195;40538284
32442655;32442621;22;41511040
32442655;32442684;17;41028835
32442659;32442833;258;40495810
32442662;32442648;17;40373021
32442662;32442676;17;40373022
32442662;32442743;44;41102219
32442664;32442568;45;40146112
32442664;32442686;35;40146152
32442670;32442655;21;41511041
32442670;32442825;96;41028827
32442671;32442633;23;40146093
32442671;32442708;23;41873576
32442675;32442694;125;40495656
32442676;32442662;17;40373023
32442676;32442684;8;40373024
32442676;32442746;41;41102223
32442678;32442689;71;41151946
32442684;32442655;17;41028836
32442684;32442676;8;40373025
32442684;32442702;14;40373026
32442686;32442664;35;40146153
32442686;32442671;40;40357638
32442689;32442589;84;40361243
32442689;32442678;71;41151945
32442689;32442881;287;40361246
32442693;32442651;73;40146110
32442694;32442594;132;40044198
32442694;32442675;125;40495655
32442694;32442710;56;40492163
32442694;32442833;183;40495653
32442695;32442623;54;40606606
32442695;32442845;92;40373040
32442702;32442684;14;40373027
32442702;32442746;50;40373028
32442705;32442623;47;41321371
32442705;32442695;20;40492033
32442708;32442671;23;41873577
32442708;32442827;209;41819215
32442710;32442694;56;40492162
32442710;32442712;14;40492158
32442712;32442504;99;39821339
32442712;32442710;14;40492157
32442712;32442748;22;40495687
32442714;32442754;134;41466671
32442722;32442609;69;40373014
32442722;32442626;52;41102218
32442722;32442728;18;40373031
32442723;32442482;177;39922724
32442723;32442604;201;39922791
32442723;32443029;211;39922727
32442728;32442645;49;41102222
32442728;32442722;18;40373030
32442728;32442733;17;40373033
32442733;32442648;47;41102216
32442733;32442728;17;40373032
32442733;32442743;17;40373035
32442738;32442541;221;40028494
32442738;32442604;71;40028491
32442738;32442881;80;40028492
32442743;32442662;44;41102220
32442743;32442733;17;40373034
32442743;32442746;17;40373037
32442744;32442765;18;41397920
32442746;32442676;41;41102224
32442746;32442702;50;40373029
32442746;32442743;17;40373036
32442748;32442712;22;40495688
32442748;32442754;19;40044106
32442748;32442843;59;40495657
32442751;32442221;706;41870290
32442751;32442474;198;41234201
32442751;32442775;20;41915526
32442752;32443148;242;39922716
32442754;32442714;134;41466670
32442754;32442748;19;40044107
32442754;32442847;78;40044108
32442755;32442630;258;41381982
32442755;32443073;545;40369787
32442755;32443077;210;39869383
32442756;32442783;56;40629082
32442757;32442897;106;40646455
32442765;32442744;18;41397919
32442765;32442777;9;41397916
32442766;32442705;142;40492034
32442775;32442751;20;41915527
32442775;32442917;210;40827734
32442777;32442765;9;41397915
32442783;32442756;56;40629081
32442783;32442941;409;40629084
32442783;32442992;186;41071685
32442786;32442189;579;40560767
32442786;32442587;363;40560778
32442789;32442641;91;41288265
32442789;32442935;126;41288261
32442789;32442986;125;40588150
32442793;32442589;140;41478559
32442797;32442593;740;40495624
32442797;32442810;69;40506850
32442797;32443172;248;40506822
32442810;32442217;502;40933193
32442810;32442797;69;40506851
32442810;32442965;107;40933194
32442818;32442462;193;40182078
32442818;32442863;26;40432235
32442825;32442670;96;41028828
32442825;32442870;90;40924951
32442825;32442870;99;41028829
32442827;32442708;209;41819214
32442827;32442857;46;41819199
32442831;32441459;742;40372737
32442831;32442840;10;41640220
32442831;32442921;133;41288252
32442833;32442659;258;40495809
32442833;32442694;183;40495654
32442833;32442957;195;40492213
32442834;32443057;130;40593429
32442840;32442831;10;41640219
32442840;32442981;83;41640225
32442840;32443036;144;40372748
32442843;32442748;59;40495658
32442843;32442850;15;40492143
32442843;32443039;109;40495659
32442845;32442695;92;40373041
32442847;32442754;78;40044109
32442847;32443071;433;40044110
32442847;32443154;189;40044105
32442850;32442843;15;40492144
32442850;32442944;72;40492170
32442855;32442542;172;40593422
32442856;32443043;165;40588232
32442857;32442827;46;41819198
32442857;32442870;9;41511045
32442863;32442818;26;40432236
32442863;32442973;77;40432231
32442867;32442310;343;40650110
32442867;32442883;7;40650113
32442869;32442910;127;40373039
32442870;32442825;90;40924952
32442870;32442825;99;41028830
32442870;32442857;9;41511044
32442881;32442689;287;40361245
32442881;32442738;80;40028493
32442881;32443075;332;40361248
32442883;32442867;7;40650112
32442883;32442889;280;40533590
32442889;32442883;280;40533589
32442893;32442600;200;40369768
32442893;32442941;29;40369822
32442897;32442757;106;40646454
32442900;32442917;18;40827737
32442901;32442957;263;40495584
32442910;32442869;127;40373038
32442912;32443043;145;40588238
32442912;32443078;177;40588235
32442912;32443092;120;40588239
32442916;32443029;198;39922741
32442916;32443145;162;39922676
32442916;32443148;524;39922742
32442917;32442775;210;40827735
32442917;32442900;18;40827736
32442917;32442991;57;40464996
32442921;32442831;133;41288251
32442921;32442947;31;40890646
32442921;32442975;106;41288254
32442929;32442973;58;40432234
32442935;32442789;126;41288262
32442935;32442953;42;41288257
32442935;32442986;139;41288256
32442936;32443843;594;41870361
32442937;32442992;54;41071698
32442941;32442783;409;40629083
32442941;32442893;29;40369823
32442941;32443481;351;42014512
32442941;32443518;527;40369824
32442944;32442850;72;40492171
32442944;32443062;90;40492172
32442944;32443104;109;40044086
32442947;32442921;31;40890647
32442947;32442981;59;41640217
32442947;32443083;101;40890644
32442949;32443190;368;41478563
32442953;32442935;42;41288258
32442953;32442975;92;41288259
32442955;32442974;84;40629080
32442957;32442833;195;40492214
32442957;32442901;263;40495583
32442964;32443089;338;40913371
32442965;32442810;107;40933195
32442966;32443884;744;41346821
32442973;32442863;77;40432232
32442973;32442929;58;40432233
32442973;32443027;126;41180875
32442974;32442654;195;40538283
32442974;32442955;84;40629079
32442974;32443144;127;40538286
32442975;32442921;106;41288253
32442975;32442953;92;41288260
32442975;32443085;74;40588148
32442981;32442840;83;41640226
32442981;32442947;59;41640218
32442981;32443013;37;41640221
32442986;32442789;125;40588149
32442986;32442935;139;41288255
32442986;32443068;51;40372756
32442991;32442917;57;40464997
32442991;32443056;39;42028390
32442992;32442783;186;41071684
32442992;32442937;54;41071699
32442992;32443194;236;41071680
32443005;32442455;1036;40307169
32443005;32443035;44;41819216
32443013;32442981;37;41640222
32443013;32443036;27;41640223
32443013;32443167;107;40632383
32443015;32443077;134;40629088
32443016;32443040;116;41308765
32443027;32442973;126;41180876
32443027;32443040;11;40432237
32443029;32442723;211;39922726
32443029;32442916;198;39922740
32443029;32443075;35;39922745
32443031;32443130;112;40913394
32443035;32443005;44;41819217
32443035;32443053;41;41819206
32443036;32442840;144;40372747
32443036;32443013;27;41640224
32443036;32443052;33;40372750
32443039;32442843;109;40495660
32443039;32443093;68;40044078
32443039;32443154;78;40495661
32443040;32443016;116;41308764
32443040;32443027;11;40432238
32443040;32443204;118;40432239
32443040;32443280;177;41308767
32443043;32442856;165;40588231
32443043;32442912;145;40588237
32443043;32443115;50;40588234
32443052;32443036;33;40372749
32443052;32443199;99;40588167
32443052;32443332;313;40372752
32443053;32443035;41;41819207
32443053;32443155;200;41321122
32443053;32443445;365;41819208
32443056;32442991;39;42028391
32443057;32443091;28;40369792
32443062;32442944;90;40492173
32443062;32443109;44;40492196
32443062;32443188;195;40492174
32443063;32443123;110;40908319
32443068;32442986;51;40372755
32443068;32443076;8;40372758
32443068;32443138;125;40588152
32443069;32443105;29;41138808
32443070;32442855;127;40369790
32443071;32442847;433;40044111
32443071;32443169;210;40495569
32443073;32442755;545;40369786
32443073;32443110;66;40369789
32443073;32443483;273;40629076
32443075;32442881;332;40361247
32443075;32443029;35;39922744
32443075;32443145;97;40361250
32443076;32443068;8;40372757
32443076;32443146;166;40588153
32443076;32443219;92;40372760
32443077;32442755;210;39869384
32443077;32443015;134;40629087
32443077;32443358;203;39869385
32443078;32442912;177;40588236
32443078;32443084;52;40588220
32443083;32442947;101;40890645
32443083;32443267;122;40588172
32443084;32443078;52;40588219
32443084;32443092;64;40588222
32443084;32443272;107;40588243
32443085;32442975;74;40588147
32443087;32443136;28;41138805
32443089;32442964;338;40913370
32443089;32443176;452;40913373
32443091;32443221;71;40369791
32443092;32442912;120;40588240
32443092;32443084;64;40588221
32443092;32443115;116;40588224
32443092;32443287;106;40588241
32443093;32443039;68;40044079
32443093;32443097;7;40492207
32443097;32443093;7;40492208
32443097;32443104;27;40492197
32443098;32443130;28;40913405
32443100;32443136;102;41138812
32443102;32443070;26;40369793
32443104;32442944;109;40044087
32443104;32443097;27;40492198
32443104;32443109;13;40492199
32443105;32443069;29;41138809
32443105;32443136;152;41138815
32443105;32443198;52;41138810
32443109;32443062;44;40492195
32443109;32443104;13;40492200
32443109;32443630;282;40044088
32443110;32443073;66;40369788
32443110;32443181;84;41819213
32443110;32443290;100;40369783
32443115;32443043;50;40588233
32443115;32443092;116;40588223
32443115;32443228;103;40588226
32443123;32443063;110;40908318
32443123;32443234;66;40588216
32443128;32442522;1008;41819173
32443130;32443031;112;40913395
32443130;32443098;28;40913404
32443130;32443176;26;40913396
32443136;32443087;28;41138804
32443136;32443100;102;41138813
32443136;32443105;152;41138814
32443136;32443226;52;41138807
32443138;32443068;125;40588151
32443139;32443194;65;41759990
32443144;32442974;127;40538285
32443144;32443214;133;40377540
32443144;32443365;142;40538288
32443145;32442916;162;39922677
32443145;32443075;97;40361249
32443145;32443215;37;40028654
32443145;32443220;89;40361252
32443146;32442953;134;40588145
32443146;32443076;166;40588154
32443148;32442752;242;39922717
32443148;32442916;524;39922743
32443148;32443258;63;39922718
32443152;32443185;38;41819170
32443154;32442847;189;40044104
32443154;32443039;78;40495662
32443154;32443351;111;40495663
32443155;32443053;200;41321123
32443156;32442362;623;41346818
32443156;32442613;488;39901158
32443157;32443128;38;41819171
32443162;32443146;8;40588146
32443162;32443224;45;40589450
32443162;32443267;168;40589439
32443164;32443194;19;41071683
32443167;32443013;107;40632382
32443167;32443199;61;40588170
32443168;32443239;46;41206457
32443169;32443071;210;40495570
32443169;32443190;14;40495571
32443172;32442797;248;40506823
32443176;32443089;452;40913372
32443176;32443130;26;40913397
32443176;32443198;109;40913375
32443176;32443244;40;40913398
32443179;32443240;287;41870365
32443181;32443110;84;41819212
32443181;32443209;37;41819203
32443185;32443455;325;41819172
32443188;32443062;195;40492175
32443188;32443200;96;40492176
32443188;32443712;275;40560758
32443189;32443191;8;40588210
32443190;32442949;368;41478564
32443190;32443169;14;40495572
32443190;32443334;166;40495573
32443191;32443189;8;40588209
32443191;32443228;22;40588230
32443191;32443234;161;40588212
32443194;32442992;236;41071681
32443194;32443139;65;41759989
32443194;32443164;19;41071682
32443197;32443280;211;41308763
32443198;32443105;52;41138811
32443198;32443176;109;40913374
32443198;32443205;41;40913377
32443199;32443353;113;40588168
32443200;32443188;96;40492177
32443204;32443040;118;40432240
32443204;32443223;14;40432241
32443204;32443746;371;41720776
32443205;32443198;41;40913376
32443205;32443226;111;40913379
32443205;32443519;199;40913410
32443209;32443181;37;41819202
32443209;32443236;35;40369781
32443214;32443144;133;40377541
32443215;32443145;37;40028655
32443215;32443220;78;39922746
32443215;32443390;119;40028656
32443216;32443390;244;40028629
32443219;32443076;92;40372759
32443219;32443224;168;40588134
32443219;32443252;21;40913387
32443219;32443320;258;40581780
32443220;32443145;89;40361251
32443220;32443215;78;39922747
32443220;32443313;104;40361254
32443221;32443468;143;40146314
32443223;32443204;14;40432242
32443223;32443240;14;41870366
32443224;32443162;45;40589449
32443224;32443219;168;40588135
32443224;32443285;45;40588139
32443225;32443102;71;40146315
32443226;32443136;52;41138806
32443226;32443205;111;40913378
32443226;32443239;73;40913381
32443228;32443115;103;40588225
32443228;32443191;22;40588229
32443228;32443319;51;40588228
32443234;32443123;66;40588215
32443234;32443191;161;40588211
32443234;32443320;56;40588214
32443236;32443209;35;40369780
32443236;32443321;68;40369777
32443239;32443168;46;41206456
32443239;32443226;73;40913380
32443239;32443246;27;40913383
32443240;32443179;287;41870364
32443240;32443223;14;41870367
32443244;32443176;40;40913399
32443244;32443288;33;40913400
32443244;32443288;33;40913403
32443246;32443239;27;40913382
32443246;32443263;122;40581783
32443250;32443255;198;40044204
32443250;32443322;84;41478554
32443252;32443219;21;40913386
32443252;32443283;23;40588155
32443252;32443345;65;40913389
32443253;32443262;21;41235602
32443255;32443250;198;40044203
32443255;32443351;66;40044206
32443255;32443405;200;40044207
32443258;32443148;63;39922719
32443258;32443262;18;41235596
32443258;32443479;254;39922720
32443262;32443253;21;41235601
32443262;32443258;18;41235595
32443262;32443371;65;41235598
32443263;32443246;122;40581782
32443263;32443272;56;40581785
32443263;32443363;56;40588199
32443267;32443083;122;40588171
32443267;32443275;5;41640216
32443270;32443469;139;40913406
32443272;32443084;107;40588244
32443272;32443263;56;40581784
32443272;32443284;58;40581787
32443275;32443305;41;40589429
32443275;32443374;88;40588143
32443280;32443040;177;41308766
32443280;32443197;211;41308762
32443280;32443397;94;41308769
32443283;32443252;23;40588156
32443283;32443285;264;41354709
32443283;32443345;71;40588291
32443284;32443272;58;40581786
32443284;32443287;12;40581789
32443284;32443380;58;40588203
32443285;32443224;45;40588140
32443285;32443283;264;41354710
32443285;32443362;47;40588141
32443287;32443092;106;40588242
32443287;32443284;12;40581788
32443287;32443319;208;40581791
32443288;32443244;33;40913401
32443288;32443244;33;40913402
32443290;32443110;100;40369782
32443290;32443483;156;40377514
32443290;32443549;177;40369785
32443303;32443346;51;39922750
32443305;32443167;140;40588169
32443305;32443275;41;40589430
32443305;32443327;40;40589431
32443306;32443365;158;40377543
32443313;32443220;104;40361253
32443313;32443346;19;39922773
32443313;32443530;240;40361256
32443319;32443228;51;40588227
32443319;32443287;208;40581790
32443319;32443341;113;40581793
32443320;32443219;258;40581781
32443320;32443234;56;40588213
32443320;32443343;53;40581794
32443321;32443236;68;40369776
32443321;32443507;269;41870351
32443321;32443566;183;40369779
32443322;32443250;84;41478553
32443327;32443305;40;40589432
32443327;32443353;53;40589433
32443327;32443475;197;40589441
32443332;32443052;313;40372751
32443332;32443376;54;40372746
32443332;32443505;137;41640356
32443334;32443190;166;40495574
32443334;32443446;179;41478562
32443334;32444126;405;40495575
32443339;32443479;421;39922748
32443341;32443319;113;40581792
32443341;32443343;24;40581797
32443341;32443389;47;40588185
32443343;32443320;53;40581795
32443343;32443341;24;40581796
32443343;32443400;41;40588205
32443345;32443252;65;40913388
32443345;32443283;71;40588292
32443345;32443366;20;40913391
32443346;32443303;51;39922751
32443346;32443313;19;39922772
32443346;32443435;116;39922752
32443350;32443371;57;40666976
32443351;32443154;111;40495664
32443351;32443255;66;40044205
32443351;32443627;149;40495665
32443353;32443327;53;40589434
32443353;32443540;229;40589435
32443358;32443077;203;39869386
32443358;32443365;282;40538289
32443358;32443480;237;39869343
32443359;32443666;318;41138683
32443362;32443285;47;40588142
32443362;32443377;9;40908626
32443363;32443263;56;40588200
32443363;32443380;114;40588188
32443363;32443541;93;40588201
32443365;32443144;142;40538287
32443365;32443306;158;40377542
32443365;32443358;282;40538290
32443366;32443345;20;40913390
32443366;32443413;209;40588173
32443366;32443648;153;40913393
32443371;32443262;65;41235597
32443371;32443350;57;40666975
32443371;32443520;84;41235600
32443374;32443275;88;40588144
32443374;32443377;75;40589446
32443376;32443332;54;40372745
32443376;32443601;144;40372741
32443376;32443624;274;40372740
32443377;32443362;9;40908627
32443377;32443412;26;40589442
32443378;32443868;245;40361875
32443380;32443284;58;40588204
32443380;32443363;114;40588187
32443380;32443416;277;40588190
32443389;32443341;47;40588186
32443389;32443400;59;40588179
32443389;32443416;31;40588191
32443390;32443215;119;40028657
32443390;32443216;244;40028628
32443390;32443683;254;40028630
32443390;32443751;187;40028658
32443392;32443405;30;41478555
32443397;32443280;94;41308768
32443400;32443343;41;40588206
32443400;32443389;59;40588180
32443400;32443413;51;40588181
32443405;32443255;200;40044208
32443405;32443392;30;41478556
32443409;32443887;439;40356028
32443412;32443377;26;40589443
32443412;32443433;11;40588157
32443412;32443475;61;40589444
32443413;32443366;209;40588174
32443413;32443400;51;40588182
32443413;32443423;56;40588183
32443416;32443380;277;40588189
32443416;32443389;31;40588192
32443416;32443515;73;40588207
32443423;32443413;56;40588184
32443424;32443453;76;41071692
32443432;32443157;332;40358778
32443433;32443412;11;40588158
32443433;32443462;91;40588166
32443433;32443512;37;40588159
32443435;32443346;116;39922753
32443445;32443053;365;41819209
32443445;32443476;16;41870352
32443446;32443334;179;41478561
32443453;32443424;76;41071693
32443453;32443496;96;41071701
32443453;32443574;101;41071694
32443455;32443732;284;40358780
32443462;32443433;91;40588165
32443468;32443549;52;40369796
32443468;32443609;62;41381983
32443469;32443270;139;40913407
32443469;32443666;234;41138675
32443470;32443481;11;42014517
32443475;32443327;197;40589440
32443475;32443412;61;40589445
32443475;32443512;104;40588162
32443476;32443445;16;41870353
32443476;32443507;13;41870354
32443476;32443676;204;40534722
32443479;32443258;254;39922721
32443479;32443339;421;39922749
32443479;32443562;43;40666971
32443480;32443358;237;39869342
32443480;32443483;102;40377517
32443481;32442941;351;42014513
32443481;32443470;11;42014516
32443481;32443486;8;42014518
32443481;32443588;54;42014514
32443483;32443073;273;40629075
32443483;32443290;156;40377515
32443483;32443480;102;40377516
32443486;32443481;8;42014519
32443496;32443453;96;41071700
32443501;32443530;116;39922774
32443504;32443225;153;41381978
32443505;32443332;137;41640357
32443505;32443540;57;40372767
32443505;32443601;70;40372744
32443507;32443321;269;41870350
32443507;32443476;13;41870355
32443512;32443433;37;40588160
32443512;32443475;104;40588161
32443512;32443517;88;40588163
32443515;32443416;73;40588208
32443517;32443512;88;40588164
32443518;32442941;527;40369825
32443518;32443574;93;40369772
32443519;32443205;199;40913411
32443520;32443371;84;41235599
32443530;32443313;240;40361255
32443530;32443501;116;39922775
32443530;32443606;180;40361258
32443540;32443353;229;40589436
32443540;32443505;57;40372768
32443540;32443851;155;40372753
32443541;32443363;93;40588202
32443549;32443290;177;40369784
32443549;32443609;37;40369797
32443562;32443479;43;40666972
32443562;32443643;93;39922757
32443562;32444360;335;40666973
32443566;32443321;183;40369778
32443566;32443504;56;40369795
32443574;32443453;101;41071695
32443574;32443518;93;40369773
32443574;32443742;80;40369774
32443588;32443481;54;42014515
32443588;32443613;213;42014522
32443588;32443621;27;42014520
32443592;32443709;115;40044102
32443601;32443376;144;40372742
32443601;32443505;70;40372743
32443601;32443633;32;40372765
32443602;32443702;46;40492222
32443606;32443530;180;40361257
32443606;32443654;23;39922755
32443606;32444357;436;40361260
32443609;32443646;19;41381984
32443613;32443588;213;42014523
32443621;32443588;27;42014521
32443624;32441576;1161;41725232
32443624;32443376;274;40372739
32443624;32443890;123;40446544
32443627;32443351;149;40495666
32443627;32443650;15;40495667
32443627;32443686;134;41281076
32443630;32443109;282;40044089
32443630;32443712;115;40044202
32443630;32443747;98;40044090
32443633;32443601;32;40372766
32443636;32443409;113;40978410
32443638;32443504;63;40146309
32443638;32443566;57;40369794
32443643;32443562;93;39922756
32443646;32443981;142;40146311
32443648;32443366;153;40913392
32443648;32444647;531;40589452
32443650;32443627;15;40495668
32443650;32443680;18;40044096
32443650;32443686;13;40495669
32443651;32443638;5;40146310
32443654;32443606;23;39922754
32443654;32443665;97;39922729
32443654;32443710;116;39922730
32443665;32443654;97;39922728
32443666;32443359;318;41138682
32443666;32443469;234;41138674
32443676;32443476;204;40534723
32443678;32443690;10;40537777
32443680;32443650;18;40044097
32443680;32443692;10;40492205
32443683;32443390;254;40028631
32443686;32443627;134;41281075
32443686;32443650;13;40495670
32443686;32443703;8;40495671
32443690;32443678;10;40537776
32443690;32443806;116;40555043
32443690;32444608;454;40537779
32443692;32443680;10;40492206
32443692;32443702;5;40492183
32443702;32443602;46;40492221
32443702;32443692;5;40492184
32443702;32443709;8;40492185
32443702;32444173;205;40492224
32443703;32443686;8;40495672
32443703;32444041;248;40044209
32443703;32444299;252;40495673
32443708;32443769;42;39922734
32443709;32443592;115;40044103
32443709;32443702;8;40492186
32443709;32443810;52;40492187
32443710;32443654;116;39922731
32443712;32443188;275;40560757
32443712;32443630;115;40044201
32443712;32444001;135;40560760
32443732;32443861;248;41730635
32443742;32443574;80;40369775
32443742;32443761;20;40552874
32443746;32443204;371;41720777
32443746;32443843;239;41870362
32443747;32443630;98;40044091
32443747;32443810;54;40044100
32443747;32443946;94;40044092
32443751;32443390;187;40028659
32443751;32443755;117;40028660
32443751;32443869;56;40028632
32443755;32443751;117;40028661
32443761;32443742;20;40552875
32443761;32443990;105;40552878
32443769;32443708;42;39922735
32443769;32443864;106;41613645
32443769;32444017;139;39922736
32443771;32443875;262;40285519
32443806;32443690;116;40555044
32443810;32443709;52;40492188
32443810;32443747;54;40044101
32443810;32443946;72;40492189
32443817;32443872;34;41870357
32443822;32443432;483;40736075
32443824;32443999;140;40900912
32443841;32443896;124;41208385
32443843;32442936;594;41870360
32443843;32443746;239;41870363
32443844;32443998;63;40900907
32443848;32443888;118;42026473
32443848;32443960;89;40552880
32443848;32444024;532;40552877
32443851;32443540;155;40372754
32443851;32444181;256;40589447
32443851;32444408;241;41303314
32443861;32443926;205;40736074
32443861;32443954;204;40356002
32443864;32443769;106;41613646
32443866;32443892;12;40284377
32443867;32443636;112;41870370
32443868;32443941;31;41870371
32443869;32443751;56;40028633
32443869;32443870;54;40900903
32443869;32443997;51;40028634
32443870;32443869;54;40900904
32443872;32443817;34;41870356
32443872;32443972;40;41870359
32443875;32443771;262;40285520
32443875;32444591;738;41819184
32443884;32444120;130;40283744
32443887;32443889;80;40358783
32443888;32443848;118;42026474
32443889;32443894;248;40358772
32443890;32443624;123;40446543
32443890;32443917;30;40540003
32443890;32444026;51;41870375
32443891;32444000;43;40534719
32443892;32443866;12;40284376
32443892;32444000;354;40534702
32443892;32444102;83;40284379
32443894;32443822;249;40358779
32443896;32443841;124;41208384
32443896;32443898;2;41941266
32443897;32443156;574;40283745
32443898;32443896;2;41941265
32443898;32443937;45;41941268
32443901;32443951;40;40554528
32443901;32443960;30;40553881
32443908;32443963;72;41868688
32443913;32444121;200;41151944
32443917;32443890;30;40540004
32443917;32443934;19;41289445
32443920;32444009;363;40358781
32443925;32443920;81;40358784
32443926;32443925;245;40358773
32443929;32443966;35;39922662
32443934;32443917;19;41289446
32443934;32444181;225;41289452
32443937;32443898;45;41941267
32443937;32443943;5;40553885
32443940;32443867;31;41870368
32443941;32444202;104;41870369
32443943;32443937;5;40553884
32443943;32443951;37;41071687
32443946;32443747;94;40044093
32443946;32443810;72;40492190
32443946;32443987;20;40492191
32443951;32443901;40;40554529
32443951;32443943;37;41071686
32443951;32443960;51;40553883
32443954;32444042;140;41289454
32443955;32443969;16;39922646
32443960;32443848;89;40552881
32443960;32443901;30;40553880
32443960;32443951;51;40553882
32443962;32444018;166;41613650
32443963;32443908;72;41868687
32443963;32443978;15;41868690
32443963;32443989;11;41868677
32443966;32443929;35;39922663
32443966;32444666;323;39922666
32443969;32443955;16;39922647
32443969;32443984;15;39922648
32443969;32444002;14;41868691
32443972;32443872;40;41870358
32443972;32444145;950;40629086
32443978;32443963;15;41868689
32443978;32443986;14;41868694
32443978;32444008;14;41868683
32443979;32443993;273;41819182
32443979;32444035;36;40207112
32443981;32445145;461;40146317
32443984;32443969;15;39922649
32443984;32444110;49;40666964
32443984;32444121;194;39922650
32443986;32443978;14;41868693
32443986;32443995;15;41868696
32443986;32444034;17;41868681
32443987;32443946;20;40492192
32443987;32444001;148;40044200
32443987;32444186;84;40492193
32443989;32443963;11;41868678
32443990;32443761;105;40552879
32443990;32444024;13;40552882
32443990;32444043;87;41071703
32443993;32443979;273;41819183
32443993;32444005;7;40369834
32443994;32443378;514;40356029
32443994;32443887;388;40372761
32443995;32443986;15;41868695
32443995;32444002;10;41868698
32443995;32444052;19;41868679
32443997;32443869;51;40028635
32443997;32443998;40;40028636
32443997;32444047;76;39922733
32443998;32443844;63;40900908
32443998;32443997;40;40028637
32443998;32443999;40;40028638
32443998;32444234;85;40900909
32443999;32443824;140;40900911
32443999;32443998;40;40028639
32443999;32444157;61;40028640
32444000;32443891;43;40534718
32444000;32443892;354;40534703
32444000;32444092;32;40534721
32444000;32444879;940;40534694
32444001;32443712;135;40560759
32444001;32443987;148;40044199
32444001;32444137;51;40560762
32444002;32443969;14;41868692
32444002;32443995;10;41868697
32444002;32444062;23;41868685
32444005;32443993;7;40369835
32444005;32444013;5;41787406
32444008;32443978;14;41868684
32444009;32444065;73;40358782
32444011;32443651;153;40146316
32444012;32444770;338;40632941
32444013;32444005;5;41787407
32444013;32444102;96;41787408
32444013;32444325;129;40554615
32444017;32443769;139;39922737
32444017;32444018;28;41613647
32444017;32444161;58;39922738
32444018;32443962;166;41613649
32444018;32444017;28;41613648
32444024;32443848;532;40552876
32444024;32443990;13;40552883
32444024;32444100;133;41071691
32444026;32443890;51;41870374
32444026;32444112;33;41870373
32444027;32443966;39;40914478
32444029;32443994;43;40372762
32444031;32444424;206;40555041
32444034;32443986;17;41868682
32444035;32443979;36;40207111
32444035;32444306;120;40629002
32444041;32443703;248;40044210
32444041;32444126;127;41478551
32444042;32444103;90;41848906
32444043;32443990;87;41071702
32444043;32444053;69;41071705
32444043;32444086;21;41071697
32444047;32443997;76;39922732
32444052;32443995;19;41868680
32444053;32444043;69;41071704
32444062;32444002;23;41868686
32444065;32444111;62;40372763
32444070;32444127;41;39922610
32444070;32444176;262;41434913
32444070;32444198;215;39922607
32444072;32444029;61;40372764
32444086;32444043;21;41071696
32444092;32444000;32;40534720
32444092;32444125;199;40369829
32444092;32444253;261;40369826
32444100;32444024;133;41071690
32444102;32443892;83;40284378
32444102;32444013;96;41787409
32444102;32444125;120;40369830
32444103;32444187;40;41848907
32444109;32444122;10;40506824
32444110;32443984;49;40666963
32444111;32446353;1483;40372738
32444112;32444026;33;41870372
32444112;32444145;16;40284381
32444120;32444179;34;41346813
32444121;32443913;200;41151943
32444121;32443984;194;39922651
32444121;32444323;85;40553316
32444122;32444109;10;40506825
32444122;32444137;1596;40560769
32444122;32444672;809;40560727
32444125;32444092;199;40369828
32444125;32444102;120;40369831
32444125;32444252;47;40207106
32444126;32443334;405;40495576
32444126;32444041;127;41478552
32444126;32445060;638;40495577
32444127;32444070;41;39922609
32444130;32443897;129;40283743
32444134;32444368;254;40534697
32444137;32444001;51;40560761
32444137;32444122;1596;40560770
32444137;32444211;27;40560716
32444140;32444027;82;40914479
32444140;32444154;14;41235634
32444143;32444556;197;40632922
32444144;32444199;42;40900918
32444145;32443972;950;40629085
32444145;32444112;16;40284380
32444145;32444318;133;40284383
32444154;32444140;14;41235633
32444157;32443999;61;40028641
32444157;32444162;73;40028642
32444157;32444286;48;40900899
32444161;32444017;58;39922739
32444161;32444162;39;40028647
32444161;32444200;21;40028644
32444162;32444157;73;40028643
32444162;32444161;39;40028646
32444162;32444348;75;40900901
32444171;32444178;16;39922615
32444173;32443702;205;40492223
32444173;32444208;10;40492210
32444176;32444070;262;41434912
32444178;32444171;16;39922616
32444178;32444198;58;39922617
32444179;32444706;311;40186380
32444179;32444781;308;42014812
32444181;32443851;256;40589448
32444181;32443934;225;41289453
32444181;32444524;265;41288888
32444186;32443987;84;40492194
32444186;32444211;110;40044095
32444186;32444433;105;40560787
32444187;32444333;61;41289447
32444196;32444199;50;40900906
32444198;32444070;215;39922608
32444198;32444178;58;39922618
32444198;32444337;334;39922619
32444198;32444505;130;39922611
32444199;32444144;42;40900917
32444199;32444196;50;40900905
32444199;32444200;18;40900897
32444199;32444382;74;40900916
32444200;32444161;21;40028645
32444200;32444199;18;40900898
32444200;32444383;73;40028648
32444202;32444333;58;40356032
32444204;32443940;104;40356031
32444204;32444009;456;40990642
32444208;32444173;10;40492209
32444208;32444299;37;40248492
32444211;32444137;27;40560715
32444211;32444186;110;40044094
32444211;32444536;148;40044075
32444229;32444282;71;40534698
32444233;32444130;48;41346820
32444234;32443998;85;40900910
32444235;32444252;211;40207107
32444235;32444253;251;40207110
32444235;32444379;64;41787400
32444252;32444125;47;40207105
32444252;32444235;211;40207108
32444252;32444399;65;40207135
32444253;32444092;261;40369827
32444253;32444235;251;40207109
32444253;32445040;354;40369832
32444255;32444409;89;40900914
32444258;32444027;93;39922664
32444258;32444140;110;40914480
32444282;32444229;71;40534699
32444282;32444368;115;40534700
32444282;32444929;292;41759075
32444284;32444382;61;40900920
32444286;32444157;48;40900900
32444299;32443703;252;40495674
32444299;32444208;37;40248491
32444299;32444402;43;40495675
32444306;32444035;120;40629001
32444306;32444858;232;40629004
32444306;32444969;767;40629014
32444309;32444368;641;41759987
32444318;32444145;133;40284382
32444318;32444578;232;41535439
32444321;32443993;133;40629023
32444321;32444325;12;40207127
32444323;32444121;85;40553317
32444323;32444338;46;39922657
32444323;32444418;38;40553318
32444325;32444321;12;40207128
32444325;32444356;83;40207129
32444325;32444758;189;40554616
32444333;32444779;207;40356033
32444337;32444198;334;39922620
32444337;32444484;131;39922613
32444337;32444731;297;39922621
32444338;32444323;46;39922656
32444338;32444346;32;39922659
32444338;32444515;75;40901383
32444346;32444338;32;39922658
32444346;32444357;29;39922661
32444346;32444427;31;40901388
32444348;32444162;75;40900902
32444350;32444644;204;41640331
32444355;32444369;5;41945170
32444356;32444325;83;40207130
32444356;32444399;152;40207131
32444356;32444509;68;40207133
32444357;32443606;436;40361259
32444357;32444346;29;39922660
32444357;32444360;27;40361234
32444357;32444516;67;40361218
32444359;32444178;286;39922667
32444359;32444258;44;39922665
32444359;32444666;140;40914488
32444360;32443562;335;40666974
32444360;32444357;27;40361233
32444360;32444401;13;40537823
32444366;32444612;103;40900936
32444368;32444134;254;40534696
32444368;32444282;115;40534701
32444368;32444309;641;41759988
32444369;32444355;5;41945169
32444369;32444900;236;40534707
32444376;32444393;71;39922778
32444379;32444235;64;41787399
32444379;32444462;218;40207140
32444379;32445460;644;41141005
32444382;32444199;74;40900915
32444382;32444284;61;40900919
32444382;32444383;17;40900922
32444383;32444200;73;40028649
32444383;32444382;17;40900921
32444383;32444554;70;40028650
32444384;32444564;84;40914481
32444388;32444440;78;41151939
32444388;32444527;170;39922705
32444393;32444376;71;39922779
32444393;32444410;90;39922761
32444393;32444598;83;39922758
32444399;32444252;65;40207136
32444399;32444356;152;40207132
32444399;32444462;27;40207137
32444401;32444360;13;40537822
32444401;32444840;193;41507562
32444402;32444299;43;40495676
32444402;32444429;56;40044098
32444402;32444549;64;40495677
32444405;32444496;56;40632937
32444408;32443851;241;41303315
32444408;32444524;116;40589437
32444408;32444814;229;41303316
32444409;32444255;89;40900913
32444409;32444410;13;39922762
32444409;32444411;66;39922765
32444410;32444393;90;39922760
32444410;32444409;13;39922763
32444410;32444474;81;40675813
32444411;32444409;66;39922764
32444418;32444323;38;40553319
32444418;32444388;85;41151940
32444418;32444440;8;40553320
32444424;32444031;206;40555042
32444427;32444346;31;40901389
32444427;32444460;12;40901390
32444427;32444492;37;40901386
32444429;32444402;56;40044099
32444429;32444441;14;40492241
32444433;32444186;105;40560788
32444433;32444439;10;40492236
32444433;32444493;162;40560753
32444439;32444433;10;40492235
32444439;32444441;6;40492238
32444439;32444963;270;40492240
32444440;32444418;8;40553321
32444440;32444682;116;42020412
32444441;32444429;14;40492242
32444441;32444439;6;40492237
32444460;32444427;12;40901391
32444460;32444492;28;40901385
32444460;32444832;167;40901392
32444462;32444379;218;40207139
32444462;32444399;27;40207138
32444462;32444664;95;41787401
32444466;32444496;25;40632953
32444474;32444410;81;40675812
32444484;32444337;131;39922614
32444491;32444549;114;41345469
32444492;32444516;18;40901387
32444493;32444433;162;40560754
32444495;32444573;52;41345451
32444496;32444405;56;40632936
32444496;32444466;25;40632952
32444496;32444644;92;40632955
32444505;32444198;130;39922612
32444505;32444564;163;39922556
32444505;32444567;161;40835735
32444505;32444925;173;39922561
32444509;32444356;68;40207134
32444512;32444553;31;40145112
32444515;32444338;75;40901384
32444516;32444357;67;40361217
32444516;32444788;116;40361220
32444518;32444536;179;41281072
32444524;32444181;265;41288889
32444524;32444408;116;40589438
32444524;32444814;276;41288890
32444527;32444388;170;39922704
32444536;32444211;148;40044074
32444536;32444518;179;41281071
32444536;32444953;181;40044077
32444539;32444559;133;40143768
32444549;32444402;64;40495678
32444549;32444491;114;41345470
32444549;32444680;71;40495679
32444550;32444602;22;40534714
32444551;32444578;61;41535442
32444553;32444512;31;40145111
32444553;32444554;16;40145110
32444553;32444576;60;40145107
32444554;32444383;70;40028651
32444554;32444553;16;40145109
32444554;32444628;37;40028652
32444556;32444143;197;40632923
32444556;32444904;189;40632947
32444557;32444575;144;41819189
32444557;32444590;249;41819186
32444557;32444629;48;40432256
32444559;32444539;133;40143767
32444561;32444573;14;41151948
32444564;32444384;84;40914482
32444564;32444505;163;39922555
32444564;32444786;131;39922558
32444567;32444697;61;39922553
32444567;32445142;401;40835736
32444573;32444495;52;41345452
32444573;32444561;14;41151947
32444573;32444639;167;41151950
32444575;32444557;144;41819188
32444575;32444581;53;41819191
32444575;32444659;101;40534704
32444576;32444553;60;40145108
32444578;32444318;232;41535440
32444578;32444551;61;41535441
32444578;32444771;140;41535437
32444581;32444575;53;41819190
32444581;32444591;49;41819193
32444581;32444659;42;40534717
32444590;32444557;249;41819187
32444590;32444606;9;40432253
32444590;32444629;199;40295133
32444591;32443875;738;41819185
32444591;32444581;49;41819192
32444591;32444659;57;40432246
32444596;32444608;426;40555040
32444598;32444393;83;39922759
32444598;32444601;135;39922777
32444598;32444637;23;39922766
32444599;32444612;27;39922668
32444601;32444598;135;39922776
32444602;32444550;22;40534715
32444602;32444606;709;40534713
32444602;32447101;1617;40587895
32444606;32444590;9;40432254
32444606;32444602;709;40534712
32444606;32444919;140;40587893
32444608;32443690;454;40537778
32444608;32444596;426;40555039
32444608;32445202;241;40537781
32444612;32444366;103;40900935
32444612;32444599;27;39922669
32444612;32444696;42;41401599
32444628;32444554;37;40028653
32444628;32444637;239;40553305
32444629;32444557;48;40432255
32444629;32444590;199;40295134
32444637;32444598;23;39922767
32444637;32444639;148;40553307
32444637;32444688;23;40145854
32444639;32444573;167;41151949
32444639;32444645;120;40553308
32444643;32444653;39;41077744
32444644;32444350;204;41640330
32444644;32444496;92;40632954
32444644;32444984;177;41640333
32444645;32444690;112;41151951
32444645;32444690;73;40553309
32444646;32444817;75;41124276
32444647;32443648;531;40589451
32444647;32445155;214;41640341
32444647;32445197;405;41725239
32444651;32444233;228;42014808
32444653;32444643;39;41257009
32444653;32444698;46;41257002
32444653;32444698;79;41256999
32444659;32444575;101;40534705
32444659;32444581;42;40534716
32444659;32444591;57;40432245
32444659;32444969;157;40432248
32444661;32444727;116;39922700
32444664;32444462;95;41787402
32444664;32444897;143;41783197
32444665;32444697;85;39922549
32444666;32444359;140;40914489
32444666;32444786;114;40914492
32444666;32444867;83;40914490
32444672;32444122;809;40560728
32444672;32446182;673;40506892
32444674;32444736;259;39868907
32444674;32444777;42;39922679
32444679;32444719;50;41124265
32444680;32444549;71;40495680
32444680;32445003;128;40044215
32444680;32445098;169;40495681
32444682;32444708;58;42020408
32444682;32444726;61;41508584
32444687;32444688;246;39868908
32444687;32444748;27;39922780
32444688;32444637;23;40145855
32444688;32444674;303;39868906
32444688;32444923;93;40145856
32444689;32444700;66;41760442
32444690;32444687;86;39868909
32444690;32445060;285;39935029
32444696;32444612;42;41401598
32444696;32444628;329;40553306
32444696;32444724;11;41401601
32444697;32444567;61;39922554
32444697;32444665;85;39922550
32444697;32444732;107;39922551
32444698;32444653;79;41257000
32444698;32444653;46;41257001
32444698;32444802;66;41257007
32444700;32444689;66;41760441
32444700;32444763;25;40909639
32444700;32445270;1109;40909640
32444706;32444745;40;40622231
32444708;32444682;58;42020409
32444708;32444727;25;39922703
32444708;32444808;47;42020410
32444719;32444679;50;41124266
32444719;32444720;35;41124298
32444719;32444753;16;41124267
32444720;32444719;35;41124297
32444724;32444696;11;41401600
32444724;32444736;7;39922671
32444726;32444682;61;41508585
32444727;32444661;116;39922701
32444727;32444708;25;39922702
32444727;32444807;37;39922715
32444731;32444337;297;39922622
32444732;32444697;107;39922552
32444736;32444724;7;39922670
32444736;32444931;297;39868910
32444736;32444955;88;39922673
32444740;32444742;15;40909587
32444740;32444763;17;40909588
32444740;32444999;99;40909650
32444742;32444740;15;40909586
32444742;32444926;161;40909591
32444742;32445011;102;40909647
32444743;32444706;18;41346826
32444743;32444757;12;40622233
32444744;32444321;186;40629024
32444744;32444758;11;40207144
32444745;32444766;17;40622232
32444745;32444831;40;40677849
32444748;32444687;27;39922781
32444748;32444750;47;39922782
32444748;32445064;157;40485034
32444750;32444748;47;39922783
32444750;32444752;145;39922784
32444750;32444918;164;39922768
32444752;32444750;145;39922785
32444752;32444918;64;39922786
32444753;32444719;16;41124268
32444753;32444756;26;41124300
32444753;32444793;16;41124269
32444756;32444753;26;41124299
32444757;32444743;12;40622234
32444757;32444827;61;40612613
32444758;32444744;11;40207143
32444758;32444872;47;40554617
32444763;32444700;25;40909638
32444763;32444740;17;40909589
32444763;32444772;15;40371146
32444763;32444988;89;40371145
32444766;32444743;16;41346819
32444766;32445308;207;40622235
32444767;32444233;262;41346811
32444770;32444012;338;40632940
32444770;32444892;67;40632918
32444770;32445190;164;40632943
32444771;32444578;140;41535438
32444772;32444763;15;40371147
32444772;32444956;94;40900870
32444777;32444674;42;39922678
32444777;32444891;42;40136165
32444777;32444940;83;39922681
32444779;32444917;62;40356003
32444781;32444801;13;42014811
32444785;32444204;268;40356030
32444786;32444564;131;39922557
32444786;32444666;114;40914493
32444786;32445167;144;39922560
32444788;32444516;116;40361219
32444788;32445079;103;39922633
32444791;32444651;68;42014809
32444793;32444753;16;41124270
32444793;32444796;19;41124304
32444793;32444829;17;41124271
32444796;32444793;19;41124303
32444799;32444651;68;42014806
32444801;32445308;206;41346822
32444802;32444698;66;41257008
32444807;32444696;192;40553310
32444807;32444727;37;39922714
32444808;32444708;47;42020411
32444808;32444899;30;40553315
32444811;32444791;12;42014810
32444813;32445024;90;42027642
32444814;32444408;229;41303317
32444814;32444524;276;41288891
32444814;32445197;582;41725240
32444815;32444883;22;39922684
32444815;32444884;49;40143765
32444815;32444913;97;39922683
32444816;32445830;443;40537857
32444817;32444646;75;41124275
32444817;32444821;95;40677851
32444817;32444850;11;41124278
32444818;32444799;13;42014807
32444821;32444817;95;40677852
32444821;32444822;16;40677853
32444821;32444859;11;41124327
32444822;32444821;16;40677854
32444822;32444824;16;40677855
32444822;32445065;78;41124301
32444823;32444767;28;40561170
32444823;32444836;14;41346815
32444824;32444822;16;40677856
32444824;32444825;16;40677857
32444824;32445070;79;41124305
32444825;32444824;16;40677858
32444825;32444828;16;40677859
32444825;32445071;79;41124311
32444827;32444757;61;40612614
32444827;32444836;6;40612617
32444828;32444825;16;40677860
32444828;32444829;17;40677861
32444828;32445043;71;41124323
32444829;32444793;17;41124272
32444829;32444828;17;40677862
32444829;32444831;29;40677863
32444829;32445043;84;41124273
32444830;32445138;124;39922625
32444831;32444745;40;40677850
32444831;32444829;29;40677864
32444832;32444460;167;40901393
32444836;32444827;6;40612618
32444836;32444873;12;41346824
32444840;32444401;193;41507561
32444850;32444817;11;41124277
32444850;32444859;95;41124318
32444850;32444902;16;41124280
32444852;32445010;56;40136164
32444853;32444823;11;41346816
32444858;32444306;232;40629003
32444858;32445159;235;40207113
32444858;32445287;154;40629006
32444859;32444821;11;41124328
32444859;32444850;95;41124317
32444859;32444907;15;41124329
32444861;32444744;47;40629025
32444861;32444872;12;40207141
32444867;32444666;83;40914491
32444872;32444861;12;40207142
32444872;32444897;195;41787412
32444872;32445240;145;41787403
32444873;32444875;11;41346825
32444875;32444853;9;41346817
32444875;32445002;58;40186381
32444879;32444000;940;40534695
32444879;32444900;22;41301051
32444883;32444815;22;39922685
32444883;32444885;19;39922686
32444883;32444977;35;41493968
32444884;32444815;49;40143766
32444884;32444885;8;39922691
32444884;32444886;10;39922688
32444885;32444883;19;39922687
32444885;32444884;8;39922690
32444885;32444976;35;40143763
32444886;32444884;10;39922689
32444886;32444890;17;39922692
32444886;32444979;35;41493966
32444889;32444890;18;39922697
32444889;32444891;17;39922694
32444889;32444961;30;40143761
32444890;32444886;17;39922693
32444890;32444889;18;39922696
32444890;32444959;30;40143759
32444891;32444777;42;40136166
32444891;32444889;17;39922695
32444891;32444940;20;39922698
32444892;32444770;67;40632919
32444897;32444664;143;41783196
32444897;32444872;195;41787413
32444898;32445003;99;40044212
32444899;32444808;30;40553314
32444899;32445014;99;39922653
32444900;32444369;236;40534706
32444900;32444879;22;41301052
32444900;32445255;137;40534709
32444902;32444850;16;41124279
32444902;32444907;95;41124310
32444902;32444939;16;41124282
32444904;32444556;189;40632946
32444904;32445084;101;40632926
32444904;32445100;88;40632949
32444906;32444785;53;40356006
32444907;32444859;15;41124330
32444907;32444902;95;41124309
32444907;32444951;17;41124331
32444913;32444815;97;39922682
32444917;32445383;214;40356004
32444917;32445453;253;40356008
32444918;32444750;164;39922769
32444918;32444752;64;39922787
32444918;32444923;52;39922770
32444919;32444606;140;40587894
32444919;32445194;101;41208334
32444920;32445917;514;41138678
32444922;32444969;53;40629017
32444923;32444688;93;40145857
32444923;32444918;52;39922771
32444923;32445545;332;40145858
32444925;32444505;173;39922562
32444925;32444930;19;41957788
32444925;32445109;63;39922563
32444926;32444742;161;40909590
32444926;32445147;80;40909652
32444926;32445212;233;40909593
32444929;32444282;292;41759076
32444930;32444925;19;41957789
32444930;32444943;17;41957790
32444930;32444991;20;41957778
32444931;32444986;63;39868911
32444931;32445014;28;39922654
32444933;32444767;72;40186383
32444933;32444853;40;42014901
32444935;32444807;168;40553311
32444939;32444902;16;41124281
32444939;32444951;95;41124316
32444939;32444985;15;41124284
32444940;32444777;83;39922680
32444940;32444891;20;39922699
32444940;32444972;12;40143757
32444943;32444930;17;41957791
32444943;32445013;23;41957780
32444943;32445062;67;41957792
32444951;32444907;17;41124332
32444951;32444939;95;41124315
32444951;32444995;16;41124333
32444953;32444536;181;40044076
32444953;32445008;102;40492182
32444953;32445020;203;40506826
32444955;32444736;88;39922672
32444955;32445010;78;39922707
32444955;32445315;284;39922675
32444956;32444772;91;40900871
32444959;32444890;30;40143760
32444961;32444889;30;40143762
32444963;32444439;270;40492239
32444963;32445006;12;40492244
32444969;32444306;767;40629015
32444969;32444659;157;40432247
32444969;32444922;53;40629016
32444969;32445048;38;40432250
32444972;32444940;12;40143758
32444976;32444885;35;40143764
32444977;32444883;35;41493969
32444979;32444886;35;41493967
32444979;32445032;67;41493970
32444984;32444644;177;41640332
32444984;32445170;113;40632839
32444984;32445300;152;41640335
32444985;32444939;15;41124283
32444985;32444995;96;41124308
32444985;32445053;107;41124286
32444986;32445106;147;40553302
32444987;32445270;375;40909779
32444988;32444763;89;40371144
32444988;32444993;6;41346841
32444988;32444999;15;41346844
32444991;32444930;20;41957779
32444993;32444988;6;41346842
32444993;32445001;20;40909664
32444995;32444951;16;41124334
32444995;32444985;96;41124307
32444995;32445053;17;41124335
32444999;32444740;99;40909651
32444999;32444988;15;41346843
32444999;32445011;13;41346846
32444999;32445117;39;40909610
32445001;32444933;28;40186384
32445001;32445002;20;41346863
32445002;32445009;9;40186382
32445002;32445113;45;41346865
32445003;32444680;128;40044216
32445003;32444898;99;40044211
32445003;32445098;75;40044214
32445003;32445204;82;40492219
32445006;32444963;12;40492243
32445006;32445063;17;40495732
32445008;32444953;102;40492181
32445008;32445022;9;40492204
32445009;32445055;14;40316718
32445010;32444852;56;40136163
32445010;32444955;78;39922706
32445010;32445385;301;39922709
32445011;32444742;102;40909646
32445011;32444999;13;41346845
32445011;32445015;3;41346848
32445013;32444943;23;41957781
32445014;32444899;99;39922652
32445014;32444931;28;39922655
32445014;32445295;109;40143769
32445015;32445011;3;41346847
32445015;32445027;15;41346850
32445015;32445133;42;40909604
32445017;32445118;42;41957785
32445020;32444953;203;40506827
32445020;32445061;119;40506781
32445022;32445008;9;40492203
32445022;32445063;26;40044073
32445024;32444813;90;42027643
32445024;32445034;149;40383768
32445024;32445179;98;40383769
32445027;32445015;15;41346849
32445027;32445047;18;41346852
32445027;32445141;43;40909624
32445032;32444979;67;41493971
32445034;32445024;149;40383767
32445034;32445179;230;42027645
32445034;32445322;142;40383772
32445035;32445039;31;40506817
32445039;32445035;31;40506816
32445039;32445404;172;40506836
32445039;32446176;1255;40506835
32445040;32444253;354;40369833
32445040;32445373;152;41787410
32445043;32444828;71;41124324
32445043;32444829;84;41124274
32445043;32445072;9;41124325
32445047;32445027;18;41346851
32445047;32445059;14;41346854
32445047;32445154;42;40909616
32445048;32444969;38;40432249
32445048;32445436;353;40207116
32445051;32444993;19;40909673
32445051;32445001;18;41346864
32445053;32444985;107;41124285
32445053;32444995;17;41124336
32445053;32445065;16;41124288
32445055;32445108;28;40316719
32445055;32445114;23;40900886
32445056;32444873;72;40069163
32445056;32445009;129;42014924
32445058;32444935;146;40553301
32445059;32445047;14;41346853
32445059;32445074;16;41346856
32445059;32445188;54;40909630
32445060;32444126;638;40495578
32445060;32444690;285;39935030
32445060;32445768;615;40495689
32445061;32445020;119;40506780
32445061;32445097;207;41888177
32445061;32445232;152;40506783
32445061;32445243;158;40506831
32445062;32444943;67;41957793
32445063;32445006;17;40495731
32445063;32445022;26;40044072
32445063;32445345;116;40044071
32445064;32444748;157;40485035
32445065;32444822;78;41124302
32445065;32445053;16;41124287
32445065;32445070;16;41124290
32445070;32444824;79;41124306
32445070;32445065;16;41124289
32445070;32445071;17;41124292
32445071;32444825;79;41124312
32445071;32445070;17;41124291
32445071;32445072;15;41124294
32445072;32444831;102;41124337
32445072;32445043;9;41124326
32445072;32445071;15;41124293
32445074;32445059;16;41346855
32445074;32445083;15;41346858
32445074;32445195;54;40909598
32445079;32444788;103;39922634
32445079;32445171;113;39922635
32445083;32445074;15;41346857
32445083;32445093;15;41346860
32445083;32445209;53;40909636
32445084;32444904;101;40632927
32445090;32445272;110;40632933
32445093;32445083;15;41346859
32445093;32445121;20;41346862
32445093;32445223;53;40909618
32445095;32445051;17;41346866
32445095;32445177;76;40306733
32445097;32445061;207;41888178
32445098;32444680;169;40495682
32445098;32445003;75;40044213
32445098;32445336;110;40495683
32445100;32444904;88;40632948
32445100;32445251;79;40632951
32445100;32445317;137;40632916
32445106;32445128;32;40553303
32445108;32445114;27;40316726
32445108;32445369;130;40909742
32445109;32444925;63;39922564
32445109;32445118;9;41957786
32445109;32445175;29;39922565
32445113;32445095;25;41346867
32445114;32445113;10;40316727
32445114;32445500;213;40900887
32445117;32444999;39;40909611
32445118;32445017;42;41957784
32445118;32445109;9;41957787
32445118;32445132;17;41957782
32445121;32445093;20;41346861
32445121;32445147;45;40306746
32445121;32445158;15;40326250
32445125;32445754;434;39922605
32445128;32445153;42;40553304
32445128;32445171;28;40882741
32445132;32445118;17;41957783
32445133;32445015;42;40909605
32445137;32444788;198;39922637
32445137;32445058;110;40069173
32445138;32444830;124;39922626
32445138;32445142;45;39922623
32445138;32445392;108;39922627
32445141;32445027;43;40909625
32445142;32445138;45;39922624
32445142;32445510;141;40835737
32445145;32445296;70;40629013
32445145;32445367;87;41360667
32445147;32444926;80;40909653
32445147;32445121;45;40306745
32445147;32445237;87;40306748
32445153;32445216;85;40069174
32445154;32445047;42;40909617
32445155;32444647;214;41640340
32445155;32445215;52;40632938
32445155;32445590;191;41640343
32445158;32445121;15;40326249
32445158;32445187;14;40326252
32445158;32445237;120;40909634
32445159;32444858;235;40207114
32445159;32445309;80;40207117
32445159;32445341;195;40207145
32445167;32444786;144;39922559
32445167;32445137;51;41347911
32445167;32445216;19;40925053
32445170;32444984;113;40632838
32445170;32445301;71;40632800
32445170;32445370;131;40632841
32445171;32445079;113;39922636
32445171;32445153;29;40882740
32445175;32445109;29;39922566
32445175;32445203;12;39922567
32445177;32445095;76;40306734
32445177;32445188;15;40306735
32445179;32445024;98;40383770
32445179;32445034;230;42027644
32445179;32445249;36;40383773
32445187;32445158;14;40326251
32445187;32445214;10;40326254
32445187;32445279;121;40909633
32445188;32445059;54;40909631
32445188;32445177;15;40306736
32445188;32445195;15;40306737
32445189;32445202;32;40537765
32445190;32444770;164;40632942
32445190;32445272;46;40632956
32445190;32445300;59;40632945
32445194;32444919;101;41208335
32445194;32445693;229;39923929
32445195;32445074;54;40909599
32445195;32445188;15;40306738
32445195;32445209;15;40306739
32445197;32444647;405;41725238
32445197;32444814;582;41725241
32445197;32445816;280;40913408
32445202;32444608;241;40537780
32445202;32445189;32;40537764
32445202;32445719;228;40537855
32445203;32445175;12;39922568
32445203;32445316;73;41957776
32445204;32445003;82;40492220
32445207;32445288;46;40632913
32445209;32445083;53;40909637
32445209;32445195;15;40306740
32445209;32445223;16;40306741
32445212;32444926;233;40909592
32445212;32445326;64;40909721
32445212;32445380;70;40909595
32445214;32445187;10;40326253
32445214;32445231;11;40306730
32445215;32445155;52;40632939
32445216;32445167;19;40925052
32445216;32445281;26;40030054
32445216;32445358;210;40069175
32445223;32445093;53;40909619
32445223;32445209;16;40306742
32445223;32445231;8;40306743
32445226;32445177;17;40326241
32445226;32445278;75;40909698
32445228;32445698;213;40361222
32445231;32445223;8;40306744
32445231;32445247;11;40306731
32445232;32445061;152;40506782
32445232;32445404;492;40506839
32445232;32445534;181;40506854
32445236;32445214;10;41346868
32445236;32445306;104;40306727
32445237;32445147;87;40306747
32445237;32445158;120;40909635
32445237;32445279;15;40306750
32445239;32445236;1;41346869
32445240;32444861;143;40629026
32445240;32445257;8;40554613
32445240;32445296;56;40629019
32445243;32445061;158;40506830
32445243;32445390;139;40492218
32445243;32445655;341;40506821
32445247;32445239;11;40306732
32445247;32445278;10;40326227
32445249;32445179;36;40383774
32445249;32445497;120;42027641
32445249;32445842;476;40383775
32445251;32445100;79;40632950
32445251;32445317;167;40632961
32445251;32445417;83;40632958
32445255;32444900;137;40534708
32445255;32445256;4;40534711
32445255;32445264;4;41943654
32445256;32445255;4;40534710
32445256;32445263;10;40534689
32445257;32445240;8;40554614
32445257;32445286;10;41225681
32445261;32445226;15;40326242
32445261;32445307;75;40909691
32445262;32445274;15;40909648
32445262;32445431;167;40909734
32445262;32445440;71;40909737
32445263;32445256;10;40534688
32445263;32445266;9;41943653
32445264;32445255;4;41943655
32445264;32445907;307;41301049
32445266;32445263;9;41943652
32445266;32445270;4;39922916
32445269;32445311;27;40632805
32445269;32445370;60;40632809
32445270;32444700;1109;40909641
32445270;32444987;375;40909778
32445270;32445266;4;39922915
32445272;32445090;110;40632932
32445272;32445190;46;40632957
32445272;32445288;45;40632962
32445274;32445262;15;40909649
32445274;32445446;70;40909740
32445274;32445452;168;40909739
32445278;32445226;75;40909699
32445278;32445247;10;40326228
32445278;32445307;14;40326229
32445278;32445376;123;40909700
32445279;32445187;121;40909632
32445279;32445237;15;40306749
32445279;32445314;15;40306752
32445281;32445216;26;40030053
32445281;32445631;172;39922640
32445286;32445257;10;41225682
32445286;32445323;48;41604103
32445286;32445397;47;41225683
32445287;32444858;154;40629005
32445287;32445527;96;40629008
32445287;32445568;220;40207123
32445288;32445207;46;40632912
32445288;32445272;45;40632963
32445288;32445317;108;40632964
32445293;32445326;104;40909711
32445293;32445331;13;40909712
32445293;32445355;90;40909612
32445295;32445014;109;40143770
32445295;32445385;40;40143771
32445295;32445410;62;39922710
32445296;32445240;56;40629018
32445296;32445367;49;40554618
32445297;32445261;14;40326243
32445297;32445351;76;40909694
32445300;32444984;152;41640334
32445300;32445190;59;40632944
32445300;32445538;136;41640337
32445301;32445170;71;40632801
32445306;32445236;104;40306726
32445306;32445314;11;40306729
32445306;32445353;17;41559561
32445307;32445261;75;40909690
32445307;32445278;14;40326230
32445307;32445351;15;40326231
32445307;32445376;107;40909693
32445308;32446088;348;41346823
32445309;32445159;80;40207118
32445309;32445341;21;40207119
32445309;32445568;131;40629009
32445311;32445269;27;40632804
32445314;32445279;15;40306751
32445314;32445306;11;40306728
32445314;32445331;16;41500828
32445315;32444955;284;39922674
32445316;32445175;93;41957777
32445316;32445387;35;40925051
32445317;32445100;137;40632917
32445317;32445251;167;40632960
32445317;32445288;108;40632965
32445322;32445034;142;40383771
32445322;32446184;626;39923999
32445322;32447083;962;40383778
32445323;32445286;48;41604104
32445326;32445212;64;40909720
32445326;32445293;104;40909710
32445326;32445355;14;40909723
32445331;32445293;13;40909713
32445331;32445314;16;41500827
32445331;32445379;89;41500830
32445333;32445753;206;40588123
32445335;32445297;15;40326244
32445335;32445378;76;40909685
32445336;32445098;110;40495684
32445336;32445371;77;40044217
32445336;32445627;130;40495685
32445341;32445159;195;40207146
32445341;32445309;21;40207120
32445341;32445436;89;40207121
32445345;32445063;116;40044070
32445345;32445391;23;40495720
32445345;32445494;83;40495714
32445345;32445652;148;40044067
32445351;32445297;76;40909695
32445351;32445307;15;40326232
32445351;32445378;15;40326233
32445351;32445424;107;40909696
32445353;32445674;150;41559563
32445355;32445293;90;40909613
32445355;32445326;14;40909722
32445355;32445379;12;40909725
32445358;32445438;73;40069176
32445358;32445641;151;41287036
32445364;32445335;15;40326245
32445364;32445426;76;40909715
32445367;32445487;42;41381806
32445369;32445108;130;40909743
32445369;32445403;32;42014925
32445369;32445435;24;40900876
32445370;32445170;131;40632840
32445370;32445269;60;40632808
32445370;32445485;67;40632811
32445371;32445336;77;40044218
32445373;32445040;152;41787411
32445373;32445460;108;41141006
32445373;32445907;488;41787404
32445376;32445278;123;40909701
32445376;32445307;107;40909692
32445376;32445424;15;40909702
32445378;32445335;76;40909684
32445378;32445351;15;40326234
32445378;32445426;15;40326235
32445378;32445455;107;40909687
32445379;32445331;89;41500829
32445379;32445355;12;40909724
32445379;32445380;17;41500834
32445380;32445212;70;40909594
32445380;32445379;17;41500833
32445380;32445386;43;41500832
32445383;32446066;318;40356025
32445385;32445010;301;39922708
32445385;32445295;40;40143772
32445385;32445410;23;39922713
32445386;32445380;43;41500831
32445386;32445407;23;41500836
32445386;32445612;93;41500817
32445387;32445167;288;41347944
32445387;32445316;35;40925050
32445387;32445438;20;40925049
32445390;32445243;139;40492217
32445390;32445494;107;40044065
32445391;32445345;23;40495719
32445391;32445434;16;40495716
32445392;32445138;108;39922628
32445397;32445286;47;41225684
32445399;32444906;228;40356007
32445403;32445369;32;42014926
32445403;32445416;226;40909765
32445403;32445416;15;42014927
32445404;32445039;172;40506837
32445404;32445232;492;40506838
32445404;32445501;78;41345453
32445407;32445386;23;41500835
32445407;32445433;10;41500816
32445409;32445364;15;40326246
32445409;32445457;77;40909681
32445410;32445295;62;39922711
32445410;32445385;23;39922712
32445410;32445580;69;41345444
32445416;32445403;15;42014928
32445416;32445403;226;40909764
32445416;32445431;16;42014929
32445417;32445251;83;40632959
32445417;32445598;98;40632966
32445417;32445648;167;40632934
32445424;32445351;107;40909697
32445424;32445376;15;40909703
32445424;32445455;15;40909704
32445426;32445364;76;40909714
32445426;32445378;15;40326236
32445426;32445457;15;40326237
32445426;32445491;58;40909717
32445431;32445262;167;40909735
32445431;32445416;16;42014930
32445431;32445440;15;42014931
32445433;32445407;31;41500815
32445433;32445612;109;41500820
32445434;32445391;16;40495715
32445434;32445627;103;40495718
32445435;32445369;24;40900877
32445435;32445449;27;41124296
32445435;32445465;15;40900878
32445436;32445048;353;40207115
32445436;32445341;89;40207122
32445436;32446241;355;40432252
32445438;32445387;20;40925048
32445438;32445716;164;41418415
32445438;32445881;362;40069177
32445440;32445262;71;40909736
32445440;32445431;15;42014932
32445440;32445446;14;42014933
32445446;32445274;70;40909741
32445446;32445440;14;42014934
32445446;32445452;15;42014935
32445448;32445409;16;40326247
32445448;32445506;58;40909654
32445449;32445435;27;41124295
32445452;32445274;168;40909738
32445452;32445446;15;42014936
32445452;32445468;15;42014937
32445453;32445569;41;41870688
32445455;32445314;67;40316720
32445455;32445378;107;40909686
32445455;32445424;15;40909705
32445457;32445409;77;40909680
32445457;32445426;15;40326238
32445457;32445499;12;40326239
32445460;32444379;644;41141004
32445460;32445373;108;41141007
32445460;32446045;263;41787414
32445465;32445435;15;40900879
32445465;32445495;29;41124314
32445465;32445514;16;40900880
32445466;32445590;85;40632929
32445468;32445452;15;42014938
32445468;32445484;239;40909733
32445468;32445484;15;42014939
32445476;32444011;575;41360666
32445484;32445468;239;40909732
32445484;32445468;15;42014940
32445484;32445500;16;42014941
32445485;32445370;67;40632810
32445485;32445558;95;40632813
32445485;32445643;102;40632832
32445487;32446075;269;40593435
32445491;32445426;58;40909716
32445491;32445455;62;40316721
32445494;32445345;83;40495713
32445494;32445390;107;40044064
32445494;32445644;80;40044059
32445495;32445465;29;41124313
32445497;32445249;120;42027640
32445499;32445457;12;40326240
32445499;32445491;55;40316722
32445500;32445484;16;42014942
32445500;32445504;13;40316724
32445501;32445404;78;41345454
32445504;32445448;19;40326248
32445504;32445506;59;40316725
32445506;32445448;58;40909655
32445506;32445499;21;40316723
32445510;32445597;48;40835738
32445510;32445619;93;41424806
32445514;32445465;16;40900881
32445514;32445535;32;41124320
32445514;32445549;15;40900882
32445516;32445624;57;40145774
32445527;32445287;96;40629007
32445527;32445476;36;40629022
32445533;32445534;22;40506899
32445534;32445232;181;40506855
32445534;32445533;22;40506898
32445535;32445514;32;41124319
32445538;32445300;136;41640336
32445538;32445594;55;40632814
32445538;32445602;84;41640339
32445545;32444923;332;40145859
32445549;32445514;15;40900883
32445549;32445570;33;41124322
32445549;32446138;595;40900884
32445558;32445485;95;40632812
32445558;32445600;129;40632817
32445558;32445643;85;40632834
32445560;32445981;216;41345463
32445563;32445681;71;40666965
32445566;32445641;84;39922814
32445568;32445287;220;40207124
32445568;32445309;131;40629010
32445568;32446354;399;40207125
32445569;32445713;95;41870689
32445570;32445549;33;41124321
32445580;32445410;69;41345443
32445580;32445624;191;40145777
32445580;32445804;122;41345446
32445590;32445155;191;41640342
32445590;32445466;85;40632928
32445590;32445598;5;41640345
32445594;32445538;55;40632815
32445594;32445600;82;40632818
32445594;32445759;131;41502956
32445596;32445476;51;41381809
32445596;32445527;46;40207104
32445597;32445727;91;40835739
32445598;32445417;98;40632967
32445598;32445590;5;41640344
32445598;32445673;51;41640347
32445600;32445558;129;40632816
32445600;32445594;82;40632819
32445600;32446017;316;40632824
32445602;32445538;84;41640338
32445602;32445648;135;40632827
32445602;32445770;138;40586688
32445612;32445386;93;41500818
32445612;32445433;109;41500819
32445612;32445762;92;41500822
32445617;32445688;167;40492202
32445619;32445510;93;41424805
32445622;32446109;304;40629012
32445624;32445516;57;40145775
32445624;32445580;191;40145776
32445624;32445939;152;40145781
32445627;32445336;130;40495686
32445627;32445434;103;40495717
32445627;32445688;41;40495723
32445631;32445281;172;39922641
32445631;32445806;183;39922639
32445631;32446065;212;39922642
32445632;32445800;126;40537791
32445638;32445650;13;40527080
32445641;32445566;84;39922815
32445641;32445716;70;39922816
32445641;32445806;98;41287037
32445643;32445485;102;40632833
32445643;32445558;85;40632835
32445643;32445915;204;40632836
32445644;32445494;80;40044058
32445644;32445652;16;40044061
32445644;32445741;55;40044068
32445648;32445417;167;40632935
32445648;32445602;135;40632826
32445648;32445683;32;40632829
32445650;32445638;13;40527079
32445650;32445671;22;40527082
32445650;32445854;118;40527042
32445652;32445345;148;40044066
32445652;32445644;16;40044060
32445652;32445861;161;40044063
32445655;32445243;341;40506820
32445655;32445691;94;40506901
32445656;32445681;72;40666967
32445666;32445950;181;39922892
32445666;32445952;246;41844590
32445671;32445650;22;40527081
32445673;32445598;51;41640346
32445673;32445711;26;41640349
32445673;32445969;189;40632914
32445674;32446148;258;41559564
32445681;32445563;71;40666966
32445681;32445656;72;40666968
32445681;32445698;47;40666969
32445683;32445648;32;40632828
32445683;32445791;68;40632831
32445683;32445817;70;40632921
32445687;32445711;31;40632925
32445688;32445617;167;40492201
32445688;32445627;41;40495724
32445688;32445839;73;40495725
32445691;32445655;94;40506900
32445691;32446673;535;40506773
32445693;32445194;229;39923930
32445693;32445753;82;39923943
32445698;32445228;213;40361221
32445698;32445681;47;40666970
32445698;32445938;105;40361224
32445711;32445673;26;41640348
32445711;32445687;31;40632924
32445711;32445761;53;41640351
32445713;32444906;376;40356009
32445713;32445851;75;40356027
32445716;32445438;164;41418414
32445716;32445641;70;39922817
32445718;32445674;74;41559565
32445718;32445725;5;40909707
32445719;32445202;228;40537854
32445719;32445800;46;40618634
32445723;32445796;35;40506787
32445725;32445718;5;40909706
32445725;32445726;53;40909688
32445725;32445750;13;40909709
32445726;32445725;53;40909689
32445727;32445597;91;40835740
32445727;32445754;15;40835741
32445727;32445836;84;39922600
32445731;32445847;50;40909622
32445733;32445848;50;40909614
32445735;32445821;136;40145783
32445736;32445850;50;40909602
32445738;32445850;65;40909753
32445741;32445644;55;40044069
32445750;32445725;13;40909708
32445750;32445762;87;40909564
32445750;32446112;159;40612611
32445753;32445333;206;40588122
32445753;32445693;82;39923944
32445753;32445851;106;39923945
32445754;32445125;434;39922606
32445754;32445727;15;40835742
32445754;32445799;24;41329042
32445755;32445800;134;40393944
32445757;32446301;212;40909678
32445759;32445594;131;41502955
32445759;32445843;59;41138796
32445759;32445889;68;41502958
32445761;32445711;53;41640350
32445761;32445788;44;41640353
32445761;32445810;33;40632910
32445762;32445612;92;41500821
32445762;32445772;10;41500824
32445768;32445060;615;40495690
32445768;32445883;434;40506884
32445768;32446140;211;40495691
32445768;32446235;609;40506887
32445770;32445602;138;40586687
32445770;32445817;34;40586690
32445770;32445929;86;41138800
32445772;32445762;10;41500823
32445772;32445906;118;41500826
32445772;32445925;60;41508752
32445788;32445761;44;41640352
32445788;32445791;2;41640355
32445788;32445953;68;40632930
32445791;32445683;68;40632830
32445791;32445788;2;41640354
32445791;32445838;61;40586666
32445796;32445723;35;40506786
32445796;32445870;138;41345442
32445796;32445870;35;40506789
32445799;32445754;24;41329043
32445799;32445835;17;41329044
32445800;32445632;126;40537790
32445800;32445719;46;40618633
32445800;32445755;134;40393945
32445800;32445865;25;40618636
32445804;32445580;122;41345445
32445806;32445631;183;39922638
32445806;32446047;105;41287038
32445810;32445761;33;40632911
32445814;32445865;124;40393942
32445816;32445197;280;40913409
32445817;32445683;70;40632920
32445817;32445770;34;40586689
32445817;32445838;11;40586692
32445819;32444818;434;40612608
32445820;32445750;36;40909565
32445821;32445735;136;40145782
32445821;32445832;195;40145788
32445821;32445879;66;40145785
32445828;32445056;362;40069164
32445828;32445819;5;42014902
32445830;32444816;443;40537856
32445830;32445927;36;40537813
32445831;32446160;133;41508751
32445832;32445821;195;40145789
32445833;32445985;96;40527072
32445835;32445387;363;41347953
32445835;32445799;17;41329045
32445835;32445881;21;39892113
32445836;32445619;136;41424804
32445836;32445727;84;39922599
32445836;32445927;229;39922602
32445837;32445819;7;40612609
32445837;32445828;5;42014903
32445838;32445791;61;40586665
32445838;32445817;11;40586691
32445838;32446061;101;41302428
32445839;32445688;73;40495726
32445839;32445849;10;40044052
32445839;32446196;143;40495711
32445842;32445249;476;40383776
32445842;32446090;154;42027639
32445842;32446184;172;40383779
32445843;32445759;59;41138797
32445844;32445845;114;40909683
32445844;32445845;16;40909754
32445844;32446018;72;40909718
32445845;32445844;16;40909755
32445845;32445844;114;40909682
32445845;32445846;4;40909756
32445846;32445845;4;40909757
32445846;32445847;26;40909758
32445846;32446018;62;40909727
32445847;32445731;50;40909623
32445847;32445846;26;40909759
32445847;32445848;15;40909760
32445848;32445733;50;40909615
32445848;32445847;15;40909761
32445848;32445850;17;40909762
32445849;32445839;10;40044053
32445849;32445861;14;40492233
32445850;32445736;50;40909603
32445850;32445738;65;40909752
32445850;32445848;17;40909763
32445851;32445713;75;40356026
32445851;32445753;106;39923946
32445851;32445943;42;41066471
32445854;32445650;118;40527043
32445854;32445716;108;41418416
32445855;32445965;261;39922913
32445861;32445652;161;40044062
32445861;32445849;14;40492234
32445861;32446429;267;40495721
32445865;32445800;25;40618635
32445865;32445814;124;40393943
32445865;32445931;25;40618638
32445870;32445796;138;41345441
32445870;32445796;35;40506788
32445870;32445914;40;40506791
32445879;32445821;66;40145784
32445879;32445938;84;40145787
32445879;32446216;139;41151941
32445881;32445835;21;39892114
32445881;32445985;45;40925018
32445881;32446431;388;41347951
32445882;32445931;116;40393940
32445883;32445768;434;40506885
32445884;32445666;112;39922889
32445884;32446232;198;40910131
32445889;32445759;68;41502957
32445889;32446004;69;40632842
32445889;32446022;57;41502960
32445906;32445772;118;41500825
32445906;32445954;21;40306720
32445907;32445264;307;41301050
32445907;32445373;488;41787405
32445907;32445952;47;41301043
32445914;32445870;40;40506790
32445914;32445981;57;40506793
32445914;32445994;103;41345449
32445915;32445643;204;40632837
32445917;32444920;514;41138679
32445917;32446294;250;41138680
32445925;32445772;60;41508753
32445925;32445984;41;41508770
32445925;32446036;77;41508754
32445927;32445830;36;40537812
32445927;32445836;229;39922601
32445927;32446239;139;39922604
32445929;32445770;86;41138801
32445931;32445865;25;40618637
32445931;32445882;116;40393941
32445931;32446000;25;40618640
32445934;32445884;22;39922890
32445934;32446050;61;40910117
32445937;32446047;89;41307579
32445938;32445698;105;40361223
32445938;32445879;84;40145786
32445938;32446156;87;40361226
32445939;32445624;152;40145780
32445943;32445851;42;41066472
32445943;32446011;24;41351195
32445943;32446058;103;39923923
32445949;32446000;108;40393938
32445950;32445666;181;39922893
32445950;32445965;6;39922894
32445950;32446086;83;41218888
32445952;32445907;47;41301044
32445952;32446074;93;41301045
32445953;32445788;68;40632931
32445954;32445955;13;40306721
32445955;32445906;50;40306719
32445955;32446651;294;41828574
32445965;32445950;6;39922895
32445965;32446110;82;39922896
32445969;32445673;189;40632915
32445969;32446776;424;40632969
32445975;32446344;196;39924011
32445981;32445560;216;41345464
32445981;32445914;57;40506792
32445981;32445994;13;40506795
32445983;32446016;78;40909601
32445983;32446028;17;40909767
32445984;32445925;41;41508771
32445985;32445881;45;40925019
32445985;32446071;50;40925020
32445985;32446083;82;39922586
32445989;32445833;69;40527066
32445989;32446071;102;40527033
32445994;32445914;103;41345450
32445994;32445981;13;40506794
32445994;32446069;67;40506797
32446000;32445931;25;40618639
32446000;32445949;108;40393939
32446000;32446055;25;40618642
32446004;32445889;69;40632843
32446011;32445943;24;41351196
32446011;32446058;23;40432257
32446015;32446024;5;41508764
32446016;32445983;78;40909600
32446016;32446048;16;40909657
32446017;32445600;316;40632825
32446018;32445844;72;40909719
32446018;32445846;62;40909726
32446018;32446214;81;40909729
32446019;32446020;4;40432243
32446020;32446019;4;40432244
32446020;32446026;28;41870696
32446022;32445889;57;41502959
32446022;32446118;71;40632806
32446022;32446200;95;41502962
32446024;32446015;5;41508765
32446024;32446036;22;41508766
32446024;32446064;76;41508772
32446025;32446055;102;40393936
32446026;32446020;28;41870697
32446026;32446241;434;41870690
32446028;32445983;17;40909766
32446028;32446048;75;40909626
32446028;32446054;17;40909769
32446034;32445828;95;40069165
32446034;32446053;9;41894080
32446036;32445925;77;41508755
32446036;32446024;22;41508767
32446036;32446124;36;41508756
32446045;32445460;263;41787415
32446045;32446137;459;40612993
32446046;32446199;92;40632823
32446046;32446199;88;40632820
32446047;32445937;89;41307578
32446047;32446256;94;41287039
32446048;32446016;16;40909656
32446048;32446028;75;40909627
32446048;32446072;14;40909659
32446050;32445934;61;40910118
32446053;32446034;9;41894079
32446053;32446246;178;40612612
32446053;32446277;95;40612620
32446054;32446028;17;40909768
32446054;32446084;74;40909620
32446054;32446095;17;40909771
32446055;32446000;25;40618641
32446055;32446025;102;40393937
32446055;32446111;24;40618644
32446058;32445943;103;39923924
32446058;32446011;23;40432258
32446058;32446572;245;40432259
32446059;32446271;188;40306724
32446060;32445399;308;40356005
32446061;32445838;101;41302427
32446061;32446543;252;40372770
32446061;32446568;229;41090686
32446064;32446024;76;41508773
32446065;32445631;212;39922643
32446065;32446189;52;39922644
32446066;32446514;181;40356024
32446069;32445994;67;40506796
32446069;32446169;96;41345455
32446069;32446169;66;40506799
32446070;32446111;94;40393934
32446071;32445985;50;40925021
32446071;32445989;102;40527034
32446071;32446143;29;40925022
32446072;32446048;14;40909658
32446072;32446076;13;40612591
32446072;32446084;3;40612594
32446073;32446516;195;40506777
32446074;32445934;66;39922891
32446074;32445952;93;41301046
32446074;32446244;97;41301047
32446075;32446469;164;40593430
32446076;32446072;13;40612592
32446076;32446225;473;40900872
32446082;32446205;103;41345475
32446083;32445985;82;39922585
32446083;32446104;15;39922588
32446083;32446201;54;40571639
32446084;32446054;74;40909621
32446084;32446072;3;40612593
32446084;32446128;17;40612596
32446086;32445950;83;41218889
32446088;32446406;130;41698310
32446090;32445842;154;42027638
32446093;32445854;168;41418417
32446093;32445989;52;40527067
32446095;32446054;17;40909770
32446095;32446128;71;40909628
32446095;32446135;16;40909773
32446098;32446134;22;42027635
32446104;32446083;15;39922587
32446104;32446191;51;39922590
32446104;32446545;177;40571414
32446109;32445596;233;40593433
32446109;32445622;304;40629011
32446110;32445855;161;39922912
32446110;32445965;82;39922897
32446110;32446271;82;39922898
32446111;32446055;24;40618643
32446111;32446070;94;40393935
32446111;32446177;25;40618646
32446112;32445820;120;40909566
32446118;32446022;71;40632807
32446124;32446036;36;41508757
32446124;32446164;72;41508768
32446124;32446168;49;41508758
32446127;32446093;12;40527068
32446127;32446183;103;40527051
32446128;32446084;17;40612595
32446128;32446095;71;40909629
32446128;32446166;17;40612598
32446131;32446198;38;41218887
32446134;32446098;22;42027634
32446134;32446487;178;42027632
32446134;32446518;197;42027637
32446135;32446095;16;40909772
32446135;32446166;69;40909608
32446135;32446180;17;40909775
32446136;32446177;89;40393932
32446137;32446045;459;40612992
32446137;32446173;50;40612995
32446138;32445549;595;40900885
32446140;32445768;211;40495692
32446140;32446367;272;41071649
32446140;32446517;150;41711043
32446143;32446071;29;40925023
32446143;32446183;14;40925024
32446143;32446201;80;40571584
32446148;32445820;140;41559562
32446156;32445938;87;40361225
32446156;32446172;15;39922629
32446156;32446216;162;39922632
32446160;32445831;133;41508750
32446160;32446168;24;40909744
32446160;32446178;9;40909747
32446161;32446112;19;40909567
32446161;32446178;21;40909748
32446161;32446309;59;40326204
32446164;32446124;72;41508769
32446166;32446128;17;40612597
32446166;32446135;69;40909609
32446166;32446209;17;40612600
32446168;32446124;49;41508759
32446168;32446160;24;40909745
32446168;32446218;17;40909750
32446169;32446069;96;41345456
32446169;32446069;66;40506798
32446169;32446197;18;40506803
32446172;32446156;15;39922630
32446172;32446189;12;40444223
32446173;32446137;50;40612994
32446173;32446835;477;41787417
32446176;32445039;1255;40506834
32446176;32446213;70;40506804
32446176;32446227;586;40506897
32446176;32446263;36;40506775
32446177;32446111;25;40618645
32446177;32446136;89;40393933
32446177;32446243;25;40618648
32446178;32446160;9;40909746
32446178;32446161;21;40909749
32446178;32446311;53;41508760
32446180;32446135;17;40909774
32446180;32446209;67;40909606
32446180;32446236;18;40909777
32446181;32446212;11;40909665
32446182;32444672;673;40506893
32446182;32446227;19;40506846
32446183;32446143;14;40925025
32446183;32446290;43;40925026
32446184;32445322;626;39924000
32446184;32445842;172;40383780
32446184;32446230;18;39923940
32446184;32446288;60;39924001
32446185;32446215;11;40909642
32446187;32446219;11;40909669
32446188;32446217;10;40909674
32446189;32446065;52;39922645
32446189;32446172;12;40444224
32446189;32446569;169;40361227
32446191;32446104;51;39922589
32446191;32446255;48;39922592
32446191;32446534;141;40571588
32446193;32446221;10;40909660
32446194;32446223;11;40909597
32446196;32445839;143;40495712
32446196;32446205;57;40044050
32446196;32446248;22;40495705
32446197;32446169;18;40506802
32446197;32446329;130;40506801
32446197;32446329;93;41345458
32446198;32446131;38;41218886
32446198;32446232;14;41218885
32446199;32446046;92;40632822
32446199;32446046;88;40632821
32446199;32446322;60;40632844
32446200;32446022;95;41502961
32446200;32446422;156;40632848
32446200;32446568;190;40632857
32446201;32446083;54;40571638
32446201;32446143;80;40571585
32446201;32446287;34;40571641
32446205;32446082;103;41345476
32446205;32446196;57;40044051
32446205;32446517;185;41687134
32446207;32446243;83;40393930
32446209;32446166;17;40612599
32446209;32446180;67;40909607
32446209;32446246;20;40612602
32446212;32446181;11;40909666
32446212;32446214;14;40909571
32446212;32446215;17;40909572
32446212;32446292;31;40909667
32446213;32446176;70;40506805
32446213;32446269;121;41345448
32446213;32446269;64;40506806
32446214;32446018;81;40909728
32446214;32446212;14;40909570
32446214;32446225;17;40909575
32446214;32446286;29;40909731
32446215;32446185;11;40909643
32446215;32446212;17;40909573
32446215;32446217;15;40909576
32446215;32446295;32;40909644
32446216;32445879;139;41151942
32446216;32446156;162;39922631
32446217;32446188;10;40909675
32446217;32446215;15;40909577
32446217;32446219;20;40909578
32446217;32446296;32;40909676
32446218;32446168;17;40909751
32446218;32446267;72;40326200
32446218;32446267;73;40326201
32446219;32446187;11;40909670
32446219;32446217;20;40909579
32446219;32446221;15;40909580
32446219;32446298;31;40909671
32446221;32446193;10;40909661
32446221;32446219;15;40909581
32446221;32446223;16;40909582
32446221;32446299;31;40909662
32446223;32446194;11;40909596
32446223;32446221;16;40909583
32446223;32446300;31;40909584
32446225;32446076;473;40900873
32446225;32446214;17;40909574
32446225;32446236;61;40909569
32446225;32446274;25;40900874
32446227;32446176;586;40506896
32446227;32446182;19;40506847
32446227;32446340;51;40506849
32446230;32446184;18;39923939
32446230;32446250;17;39923942
32446230;32446288;41;39923931
32446232;32445884;198;40910132
32446232;32446198;14;41218884
32446235;32445768;609;40506886
32446236;32446180;18;40909776
32446236;32446225;61;40909568
32446236;32446246;58;40612603
32446236;32446285;31;40612606
32446239;32445927;139;39922603
32446241;32445436;355;40432251
32446241;32446026;434;41870691
32446241;32446354;126;41870692
32446242;32446344;135;39922887
32446243;32446177;25;40618647
32446243;32446207;83;40393931
32446243;32446312;24;40618650
32446244;32446074;97;41301048
32446244;32446392;95;40910096
32446244;32446711;219;41301053
32446246;32446209;20;40612601
32446246;32446236;58;40612604
32446248;32446196;22;40495706
32446248;32446331;68;40044054
32446248;32446842;289;40495707
32446250;32446230;17;39923941
32446253;32446392;214;40910087
32446255;32446191;48;39922591
32446255;32446326;48;39922594
32446255;32446662;172;40571526
32446256;32446065;184;39922818
32446256;32446444;83;41287040
32446260;32446422;86;40632803
32446263;32446176;36;40506774
32446265;32446312;77;40393946
32446267;32446218;73;40326202
32446267;32446218;72;40326199
32446269;32446213;121;41345447
32446269;32446213;64;40506807
32446269;32446320;37;40506808
32446271;32446059;188;40306725
32446271;32446110;82;39922899
32446271;32446405;74;39922900
32446274;32446225;25;40900875
32446274;32446286;21;39922376
32446274;32446297;18;39922375
32446277;32446053;95;40612619
32446277;32446076;77;40612607
32446277;32446303;6;41894078
32446283;32446127;63;40527069
32446283;32446290;102;40527089
32446285;32446236;31;40612605
32446285;32446343;28;40186386
32446286;32446214;29;40909730
32446286;32446274;21;39922377
32446286;32446292;15;39922378
32446287;32446201;34;40571640
32446287;32446310;6;40571508
32446287;32446462;100;40571643
32446288;32446184;60;39924002
32446288;32446230;41;39923932
32446288;32446333;24;39923933
32446290;32446183;43;40925027
32446290;32446310;82;40571453
32446290;32446346;22;40925028
32446292;32446212;31;40909668
32446292;32446286;15;39922379
32446292;32446295;16;39922380
32446294;32445917;250;41138681
32446295;32446215;32;40909645
32446295;32446292;16;39922381
32446295;32446296;15;39922382
32446296;32446217;32;40909677
32446296;32446295;15;39922383
32446296;32446298;20;39922384
32446297;32446274;18;39922374
32446297;32446285;23;40186385
32446298;32446219;31;40909672
32446298;32446296;20;39922385
32446298;32446299;16;39922386
32446299;32446221;31;40909663
32446299;32446298;16;39922387
32446299;32446300;16;39922388
32446300;32446223;31;40909585
32446300;32446299;16;39922389
32446300;32446301;16;39922390
32446301;32445757;212;40909679
32446301;32446300;16;39922391
32446301;32446309;81;39922392
32446303;32446277;6;41894077
32446303;32446324;10;40612616
32446308;32447390;475;41215508
32446309;32446161;59;40326203
32446309;32446301;81;39922393
32446309;32446311;23;40326196
32446309;32446439;59;39922394
32446310;32446287;6;40571509
32446310;32446290;82;40571452
32446310;32446346;98;40571634
32446311;32446178;53;41508761
32446311;32446309;23;40326195
32446311;32446352;148;40326198
32446311;32446439;66;41508762
32446312;32446243;24;40618649
32446312;32446265;77;40393947
32446312;32446363;24;40618652
32446319;32445716;271;41418418
32446319;32446507;80;39922809
32446320;32446269;37;40506809
32446320;32446350;67;40506810
32446320;32446350;114;41345472
32446321;32446494;83;40444210
32446322;32446199;60;40632845
32446324;32446303;10;40612615
32446324;32446335;3;40069168
32446326;32446255;48;39922593
32446326;32446382;48;39922596
32446326;32446650;139;40571510
32446329;32446197;93;41345457
32446329;32446197;130;40506800
32446329;32446356;106;41345465
32446329;32446356;72;40506813
32446331;32446248;68;40044055
32446331;32446337;9;40492225
32446333;32446288;24;39923934
32446333;32446518;115;39923935
32446333;32446608;157;42027630
32446334;32446297;15;40186387
32446335;32446324;3;40069167
32446335;32446421;56;40069166
32446335;32446427;44;40618620
32446337;32446331;9;40492226
32446337;32446429;53;40492211
32446340;32446227;51;40506848
32446341;32444072;1499;40426597
32446343;32446334;11;40186388
32446343;32446432;41;40186393
32446344;32445975;196;39924012
32446344;32446242;135;39922888
32446344;32446380;20;39924013
32446346;32446290;22;40925029
32446346;32446310;98;40571635
32446346;32446376;14;40925030
32446350;32446320;114;41345471
32446350;32446320;67;40506811
32446350;32446356;53;40506814
32446352;32446311;148;40326197
32446353;32447325;403;40426596
32446354;32445568;399;40207126
32446354;32446241;126;41870693
32446354;32446550;179;41870694
32446356;32446329;106;41345466
32446356;32446329;72;40506812
32446356;32446350;53;40506815
32446359;32446369;80;40588115
32446359;32446535;120;40588112
32446359;32446728;184;39922874
32446363;32446312;24;40618651
32446363;32446415;35;40393948
32446363;32446416;28;40618612
32446364;32446450;78;40527084
32446367;32446140;272;41071648
32446367;32446420;29;41071652
32446367;32446513;156;41071651
32446369;32446359;80;40588114
32446369;32446380;39;40588117
32446369;32446554;82;39923980
32446370;32446708;143;40394963
32446371;32446658;125;41089309
32446375;32446283;37;40527070
32446375;32446376;101;39922807
32446375;32446450;168;40527094
32446375;32446560;75;40527039
32446376;32446346;14;40925031
32446376;32446375;101;39922806
32446376;32446521;58;40925032
32446380;32446344;20;39924014
32446380;32446369;39;40588116
32446380;32446605;114;40588119
32446382;32446326;48;39922595
32446382;32446441;42;39922598
32446382;32446637;107;40571612
32446386;32445835;389;40030047
32446392;32446244;95;40910097
32446392;32446253;214;40910086
32446392;32446577;132;40910098
32446402;32446502;96;41307577
32446405;32446271;74;39922901
32446405;32446663;167;40910101
32446405;32446948;308;39922902
32446406;32446484;28;42014913
32446407;32444811;677;41346812
32446408;32445837;232;40612610
32446408;32446034;214;41346814
32446411;32446386;41;40030048
32446411;32446452;28;40404118
32446412;32446411;54;40030049
32446414;32446412;40;40030046
32446415;32446414;14;39892112
32446416;32446363;28;40618613
32446416;32446415;24;40618653
32446416;32446461;17;40618614
32446418;32446363;49;39922403
32446418;32446416;32;39922400
32446419;32446418;27;39922401
32446420;32446367;29;41071653
32446421;32446425;50;41686066
32446422;32446200;156;40632849
32446422;32446260;86;40632802
32446422;32446639;145;40632852
32446425;32446419;70;39922402
32446427;32446335;44;40618621
32446427;32446421;31;40618626
32446427;32446474;17;40618622
32446429;32445861;267;40495722
32446429;32446337;53;40492212
32446429;32446575;70;40044056
32446430;32446335;99;39922404
32446430;32446427;74;41360556
32446431;32446452;30;41347952
32446431;32446533;52;39923227
32446432;32446343;41;40186394
32446432;32446430;41;41360557
32446433;32446109;136;40593434
32446439;32446309;59;39922395
32446439;32446311;66;41508763
32446439;32446432;245;41360558
32446439;32446501;23;40186389
32446441;32446382;42;39922597
32446444;32446502;22;41287041
32446444;32446549;68;40527100
32446447;32446955;219;40444206
32446450;32446364;78;40527083
32446450;32446375;168;40527095
32446450;32446507;104;40527096
32446450;32446784;138;40527050
32446452;32446386;31;40404119
32446452;32446457;41;41894081
32446452;32446533;30;40404116
32446456;32446461;28;40030052
32446456;32446552;52;39922405
32446457;32446459;38;41894082
32446458;32446456;9;40030051
32446459;32446458;40;40030050
32446461;32446416;17;40618615
32446461;32446463;34;40618627
32446461;32446552;35;40618624
32446462;32446287;100;40571642
32446462;32446557;36;40571645
32446463;32446465;23;40618628
32446465;32446467;70;39922399
32446467;32446474;81;39922396
32446468;32446698;95;40394967
32446469;32446702;104;41958369
32446472;32446462;21;40527063
32446472;32446690;92;40571657
32446474;32446427;17;40618623
32446474;32446497;287;39922397
32446478;32446732;103;40394970
32446482;32446682;87;40571659
32446484;32446715;97;42014912
32446485;32446407;28;42014906
32446486;32446408;28;42014904
32446487;32446134;178;42027633
32446494;32446321;83;40444209
32446494;32446751;212;40145778
32446497;32446501;73;39922398
32446497;32446540;22;40901519
32446501;32446439;23;40186390
32446501;32446694;320;41360559
32446501;32446767;108;40186391
32446502;32446402;96;41307576
32446502;32446549;21;41287042
32446504;32446731;100;40527514
32446504;32446886;167;40527091
32446507;32446319;80;39922808
32446507;32446450;104;40527097
32446507;32446775;195;41347942
32446510;32446603;54;41215514
32446511;32446639;71;41138798
32446512;32446762;106;40044274
32446513;32446367;156;41071650
32446513;32446523;9;41071647
32446513;32446529;7;41071655
32446514;32446704;111;40978411
32446516;32446073;195;40506776
32446516;32446520;368;40506828
32446516;32446807;174;40506779
32446517;32446140;150;41711044
32446517;32446205;185;41687135
32446517;32446762;260;40044261
32446517;32446799;140;40495693
32446518;32446134;197;42027636
32446518;32446333;115;39923936
32446518;32446572;40;39923937
32446520;32446516;368;40506829
32446520;32446673;417;40506904
32446520;32446680;74;40506833
32446521;32446376;58;40925033
32446521;32446472;105;40527064
32446521;32446734;92;40925034
32446523;32446513;9;41071646
32446529;32446513;7;41071654
32446533;32446452;30;40404117
32446533;32446457;46;39923228
32446533;32446659;57;40030005
32446534;32446191;141;40571589
32446534;32446545;35;40571650
32446534;32446671;64;40571590
32446535;32446359;120;40588113
32446535;32446577;28;40588120
32446535;32446817;178;39922870
32446540;32446724;77;40901518
32446543;32446061;252;40372769
32446543;32446776;294;40372772
32446545;32446104;177;40571415
32446545;32446534;35;40571651
32446545;32446557;27;40571652
32446546;32446617;56;40632846
32446548;32446776;280;41302476
32446549;32446444;68;40527101
32446549;32446705;73;41287043
32446550;32446354;179;41870695
32446552;32446461;35;40618625
32446552;32446463;46;40069170
32446552;32446858;130;40069172
32446554;32446369;82;39923979
32446557;32446462;36;40571644
32446557;32446545;27;40571653
32446557;32446690;69;40571647
32446558;32446606;331;40619984
32446560;32446521;104;40527065
32446560;32446777;91;40527040
32446561;32446647;75;41575336
32446561;32446647;82;41575333
32446561;32446661;168;41575337
32446563;32446815;108;40044276
32446564;32446658;107;40044234
32446568;32446061;229;41090685
32446568;32446200;190;40632856
32446568;32446624;27;41090688
32446569;32446189;169;40361228
32446569;32446705;181;39922793
32446569;32446796;96;40361229
32446572;32446058;245;40432260
32446572;32446518;40;39923938
32446572;32446667;48;39923925
32446575;32446429;70;40044057
32446575;32446589;9;40492227
32446577;32446392;132;40910099
32446577;32446535;28;40588121
32446577;32446666;43;41300842
32446581;32446823;258;40356013
32446581;32447519;738;40361873
32446589;32446575;9;40492228
32446589;32446842;106;40492215
32446594;32446060;227;40978412
32446602;32446753;57;41575280
32446603;32446510;54;41215513
32446603;32446870;108;41215498
32446603;32446880;144;41215516
32446604;32446977;254;40910103
32446605;32446380;114;40588118
32446605;32446728;90;39924005
32446605;32447098;202;40029776
32446606;32446702;136;41958372
32446608;32446333;157;42027631
32446617;32446546;56;40632847
32446617;32446730;616;40632851
32446624;32446568;27;41090687
32446624;32448688;1067;40913385
32446626;32446581;299;40361872
32446637;32446382;107;40571613
32446637;32446650;34;40571467
32446637;32446781;97;40571614
32446639;32446422;145;40632853
32446639;32446511;71;41138799
32446639;32446730;64;40632854
32446640;32446626;19;40361874
32446644;32446692;20;40571474
32446647;32446561;75;41575335
32446647;32446561;82;41575334
32446648;32446806;251;41575270
32446650;32446326;139;40571511
32446650;32446637;34;40571466
32446650;32446662;36;40571469
32446651;32445955;294;41828573
32446651;32446439;334;39923004
32446651;32446694;22;40306723
32446658;32446371;125;41089310
32446658;32446564;107;40044233
32446658;32446916;117;40044236
32446659;32446533;57;40030006
32446659;32446682;73;40571623
32446659;32446769;40;40030007
32446661;32446561;168;41575338
32446661;32446668;8;41575339
32446661;32446722;76;41575320
32446662;32446255;172;40571527
32446662;32446650;36;40571468
32446662;32446671;32;40571471
32446663;32446405;167;40910100
32446666;32446577;43;41300843
32446666;32446863;80;41300844
32446666;32446972;168;39922863
32446667;32446572;48;39923926
32446667;32446852;119;40499927
32446667;32447791;582;39923927
32446668;32446661;8;41575340
32446668;32446684;12;40901496
32446671;32446534;64;40571591
32446671;32446662;32;40571470
32446671;32447226;213;40571592
32446673;32445691;535;40506772
32446673;32446520;417;40506905
32446673;32447430;369;40506902
32446676;32446710;11;40571410
32446680;32446520;74;40506832
32446680;32446688;7;40506906
32446680;32446807;165;40506843
32446682;32446482;87;40571658
32446682;32446659;73;40571624
32446682;32446692;20;40571625
32446684;32446668;12;40901497
32446684;32446722;22;40901498
32446684;32446779;40;40901487
32446686;32446756;24;41575282
32446687;32446626;86;41504285
32446687;32446640;65;40461325
32446688;32446680;7;40506907
32446689;32446766;32;41575316
32446690;32446472;92;40571656
32446690;32446557;69;40571646
32446690;32446909;91;40571649
32446692;32446644;20;40571475
32446692;32446682;20;40571626
32446692;32446781;32;40571476
32446693;32447241;269;40588129
32446694;32446651;22;40306722
32446694;32447153;212;41360560
32446697;32446558;341;40356016
32446697;32446743;38;40356019
32446698;32446468;95;40394966
32446698;32446708;66;40394972
32446698;32447085;153;40394969
32446702;32446433;115;40146307
32446702;32446754;18;39792084
32446702;32446844;194;41985304
32446704;32446697;27;40356020
32446705;32446569;181;39922792
32446705;32446775;77;39922795
32446705;32446994;127;41307496
32446706;32446710;7;40571544
32446708;32446370;143;40394962
32446708;32446698;66;40394973
32446708;32446721;62;40394974
32446708;32447022;130;40394965
32446709;32446711;10;41508797
32446710;32446676;11;40571411
32446710;32446706;7;40571545
32446710;32446734;49;40571546
32446710;32446745;12;40571412
32446711;32446244;219;41301054
32446711;32446709;10;41508796
32446711;32446904;80;41301055
32446715;32446858;98;39892111
32446715;32447039;133;41698304
32446716;32447470;575;41351189
32446721;32446708;62;40394975
32446721;32446726;37;40394976
32446721;32447120;155;40394955
32446722;32446661;76;41575319
32446722;32446684;22;40901499
32446722;32446753;80;40901500
32446724;32446540;112;40901522
32446724;32446760;13;40901520
32446726;32446721;37;40394977
32446728;32446359;184;39922873
32446728;32446605;90;39924006
32446728;32447100;172;39922876
32446730;32446617;616;40632850
32446730;32446639;64;40632855
32446730;32447006;148;41138794
32446731;32446504;100;40527515
32446731;32446784;107;40485027
32446731;32446800;27;40527516
32446732;32446478;103;40394971
32446732;32447348;294;40394959
32446734;32446521;92;40925035
32446734;32446710;49;40571547
32446734;32446849;46;40925036
32446737;32447145;168;41089305
32446743;32446856;51;40356017
32446745;32446710;12;40571413
32446748;32446766;15;41575284
32446751;32446494;212;40145779
32446753;32446602;57;41575279
32446753;32446722;80;40901501
32446753;32446756;37;40901502
32446754;32446687;82;40461326
32446754;32446702;18;39792085
32446754;32446967;93;41958370
32446756;32446686;24;41575281
32446756;32446753;37;40901503
32446756;32446760;32;40901504
32446759;32446779;89;41575314
32446760;32446724;13;40901521
32446760;32446756;32;40901505
32446760;32446767;54;40901506
32446762;32446512;106;40044273
32446762;32446517;260;40044262
32446762;32446815;71;40044263
32446766;32446689;32;41575315
32446766;32446748;15;41575283
32446766;32446806;26;41575318
32446767;32446501;108;40186392
32446767;32446760;54;40901507
32446767;32446814;72;41360568
32446769;32446659;40;40030008
32446769;32446804;85;40571576
32446769;32446930;70;40030009
32446775;32446507;195;41347943
32446775;32446705;77;39922794
32446775;32446957;141;39922797
32446776;32445969;424;40632968
32446776;32446543;294;40372771
32446776;32446548;280;41302475
32446777;32446734;103;40527071
32446777;32446876;45;40527041
32446779;32446684;40;40901486
32446779;32446759;89;41575313
32446779;32447394;238;40901489
32446781;32446637;97;40571615
32446781;32446692;32;40571477
32446781;32446804;17;40571478
32446784;32446450;138;40527049
32446784;32446731;107;40485026
32446784;32446834;100;40485029
32446789;32446948;89;40910133
32446791;32446594;81;40356015
32446791;32446704;68;40356021
32446796;32446569;96;40361230
32446796;32446924;110;40666911
32446796;32446925;58;40361231
32446799;32446517;140;40495694
32446799;32447049;124;40495695
32446799;32447206;252;40044260
32446800;32446731;27;40527517
32446800;32446879;191;40527046
32446800;32446894;43;40527518
32446804;32446769;85;40571577
32446804;32446781;17;40571479
32446804;32446961;66;40571480
32446805;32446916;153;41071644
32446806;32446648;251;41575269
32446806;32446766;26;41575317
32446806;32446883;37;41575272
32446807;32446516;174;40506778
32446807;32446680;165;40506842
32446807;32447294;207;40506845
32446814;32446767;72;41360569
32446814;32446883;87;41360570
32446814;32446945;67;41175032
32446815;32446563;108;40044275
32446815;32446762;71;40044264
32446815;32446864;62;40044265
32446817;32446535;178;39922869
32446817;32446972;88;39922879
32446817;32447010;111;39922872
32446823;32446942;77;40978409
32446832;32446754;116;41583426
32446833;32446485;141;42014907
32446833;32446486;141;42014905
32446834;32446507;137;40527048
32446834;32446784;100;40485028
32446834;32446957;80;40485031
32446835;32446173;477;41787416
32446835;32446844;8;40612997
32446842;32446248;289;40495708
32446842;32446589;106;40492216
32446842;32447277;197;40495709
32446843;32446955;154;41089300
32446844;32446835;8;40612996
32446844;32447086;391;41985305
32446846;32447056;274;41575274
32446849;32446734;46;40925037
32446849;32446876;104;39922801
32446849;32446949;45;40925038
32446852;32446667;119;40499928
32446855;32447008;182;40626962
32446855;32447083;146;40626965
32446855;32447113;133;40626988
32446856;32446942;43;40356010
32446858;32446552;130;40069171
32446858;32447039;105;40069169
32446861;32446904;126;39922908
32446863;32446666;80;41300845
32446863;32446977;52;41300846
32446863;32447190;169;39922820
32446864;32446815;62;40044266
32446864;32447002;191;40044267
32446864;32447434;233;40044256
32446865;32446791;32;40356022
32446867;32446832;56;41958373
32446870;32446603;108;41215497
32446870;32446880;23;41215503
32446870;32447114;134;41215500
32446876;32446849;104;39922800
32446876;32446886;35;39922803
32446876;32446986;47;40527059
32446879;32446800;191;40527047
32446880;32446603;144;41215515
32446880;32446870;23;41215504
32446880;32447114;88;41215505
32446883;32446806;37;41575271
32446883;32446814;87;41360571
32446883;32447056;125;41360572
32446886;32446504;167;40527090
32446886;32446876;35;39922802
32446886;32446894;14;39922805
32446886;32447099;80;40527093
32446894;32446800;43;40527519
32446894;32446886;14;39922804
32446894;32447106;80;40527520
32446895;32447819;371;40537809
32446896;32447072;74;41575292
32446904;32446711;80;41301056
32446904;32446861;126;39922909
32446904;32447255;128;41301057
32446909;32446690;91;40571648
32446909;32446915;7;40571563
32446912;32446919;19;40444211
32446915;32446909;7;40571562
32446915;32446949;97;40571565
32446915;32447257;128;40571568
32446916;32446658;117;40044235
32446916;32446805;153;41071645
32446916;32447041;56;40044238
32446919;32446912;19;40444212
32446924;32446796;110;40666912
32446925;32446796;58;40361232
32446929;32447008;52;40626993
32446930;32446769;70;40030010
32446930;32446961;83;40571603
32446930;32447180;90;40030011
32446940;32446865;34;40356023
32446942;32447026;69;40356011
32446945;32446814;67;41175031
32446945;32446965;81;41575277
32446945;32447019;41;41175034
32446948;32446405;308;39922903
32446948;32446789;89;40910134
32446948;32447156;79;39922904
32446949;32446849;45;40925039
32446949;32446915;97;40571564
32446949;32447054;42;40925040
32446955;32446447;219;40444205
32446955;32446843;154;41089299
32446955;32447145;243;41089302
32446955;32448226;550;40444208
32446957;32446775;141;39922796
32446957;32446834;80;40485030
32446957;32446997;37;39922799
32446957;32447240;115;40485033
32446958;32447156;81;39922910
32446961;32446804;66;40571481
32446961;32446930;83;40571602
32446961;32447165;71;40571482
32446965;32446945;81;41575278
32446967;32446754;93;41958371
32446967;32448064;463;41337165
32446972;32446666;168;39922864
32446972;32446817;88;39922880
32446972;32447046;42;39922865
32446977;32446604;254;40910102
32446977;32446863;52;41300847
32446977;32447001;12;41300848
32446978;32446994;26;40527075
32446986;32446876;47;40527060
32446986;32446949;104;40527032
32446986;32447110;41;40527061
32446991;32447144;50;40571454
32446994;32446705;127;41307497
32446994;32446978;26;40527076
32446994;32447023;30;40527077
32446997;32446957;37;39922798
32447001;32446977;12;41300849
32447001;32447179;60;41300850
32447001;32447268;133;39923992
32447002;32446864;191;40044268
32447002;32447187;191;40044269
32447002;32447574;227;40044248
32447003;32446940;36;40356018
32447005;32447059;19;41575328
32447006;32446730;148;41138795
32447008;32446855;182;40626963
32447008;32446929;52;40626992
32447008;32447113;51;40626995
32447008;32447293;134;40626966
32447009;32447504;194;40044254
32447010;32446817;111;39922871
32447019;32446945;41;41175033
32447019;32447075;123;41575299
32447019;32447143;46;41175036
32447022;32446708;130;40394964
32447023;32446994;30;40527078
32447026;32447003;57;40356012
32447026;32447519;326;40978413
32447034;32447211;74;40480871
32447039;32447641;233;41698305
32447041;32446916;56;40044237
32447041;32447187;49;40044240
32447041;32447224;67;41614504
32447046;32446972;42;39922866
32447046;32447190;70;39922881
32447046;32447308;130;39922867
32447049;32446799;124;40495696
32447049;32447062;12;40044219
32447049;32447137;31;40495697
32447054;32446949;42;40925041
32447054;32447110;104;40527086
32447054;32447288;85;40925042
32447056;32446846;274;41575273
32447056;32446883;125;41360573
32447056;32447124;36;41360574
32447059;32447005;19;41575327
32447059;32447075;7;41575305
32447059;32447184;42;41575330
32447062;32447049;12;40044220
32447062;32447082;7;40480868
32447062;32447115;47;40044221
32447064;32447221;51;40571597
32447065;32447254;64;40534690
32447072;32446896;74;41575291
32447072;32447112;21;41575286
32447072;32447124;19;41575294
32447075;32447019;123;41575300
32447075;32447059;7;41575306
32447075;32447176;36;41575307
32447080;32447104;26;41258873
32447082;32447062;7;40480869
32447083;32445322;962;40383777
32447083;32446855;146;40626964
32447083;32447364;136;40383782
32447083;32447368;158;40626969
32447084;32447324;115;40910112
32447085;32446698;153;40394968
32447086;32447129;31;40306712
32447086;32447238;328;40461319
32447096;32447106;6;40527054
32447098;32446605;202;40029775
32447098;32447100;40;39922877
32447098;32447117;5;40029778
32447099;32446886;80;40527092
32447099;32447096;7;40527053
32447100;32446728;172;39922875
32447100;32447098;40;39922878
32447100;32447308;117;40588111
32447101;32444602;1617;40587896
32447101;32447148;35;41870376
32447104;32447080;26;41258874
32447104;32447199;53;40571460
32447104;32447317;82;40571463
32447105;32447166;18;40571426
32447106;32446894;80;40527521
32447106;32447162;20;40527056
32447108;32447254;139;40553887
32447110;32446986;41;40527062
32447110;32447054;104;40527085
32447110;32447126;31;40527088
32447111;32446867;352;39922919
32447112;32447072;21;41575285
32447112;32447160;18;41575309
32447112;32447222;59;41575312
32447113;32446855;133;40626989
32447113;32447008;51;40626994
32447113;32447364;146;40626997
32447113;32447396;141;40626990
32447114;32446870;134;41215499
32447114;32446880;88;41215506
32447114;32447117;9;41215502
32447115;32447062;47;40044222
32447115;32447195;95;40044223
32447115;32447271;65;40480725
32447117;32447098;5;40029777
32447117;32447114;9;41215501
32447117;32447418;115;40029780
32447120;32446721;155;40394954
32447120;32447238;45;40394957
32447120;32447249;116;40629020
32447124;32447056;36;41360575
32447124;32447072;19;41575293
32447124;32447160;19;41360576
32447126;32447099;10;40527055
32447126;32447110;31;40527087
32447129;32447086;31;40306711
32447129;32447111;37;39922920
32447129;32447167;37;40306714
32447137;32447049;31;40495698
32447137;32447211;60;40480863
32447137;32447272;54;40495699
32447138;32447240;81;41765103
32447140;32447154;21;40571417
32447143;32447019;46;41175035
32447143;32447176;86;41575321
32447143;32447189;21;41175038
32447144;32446991;50;40571455
32447144;32447165;35;40571436
32447144;32447273;53;40571456
32447145;32446737;168;41089306
32447145;32446955;243;41089301
32447145;32447323;187;41089304
32447145;32447621;199;41089307
32447146;32447129;42;39922921
32447146;32447209;127;40306697
32447148;32447101;35;41870377
32447148;32447622;311;41870378
32447153;32447245;74;40901509
32447153;32447463;125;41360561
32447154;32447140;21;40571416
32447154;32447166;25;40571419
32447154;32447374;86;40571560
32447155;32447126;10;40527057
32447155;32447340;72;40527523
32447156;32446948;79;39922905
32447156;32446958;81;39922911
32447156;32447485;150;39922906
32447160;32447112;18;41575310
32447160;32447124;19;41360577
32447160;32447222;39;41360578
32447162;32447155;13;40527058
32447162;32447381;90;40527098
32447165;32446961;71;40571483
32447165;32447144;35;40571435
32447165;32447302;78;40571484
32447166;32447105;18;40571427
32447166;32447154;25;40571418
32447166;32447246;33;40571428
32447167;32447111;18;40395059
32447167;32447129;37;40306713
32447167;32447209;51;40306716
32447173;32447180;20;41434216
32447175;32447733;245;41071640
32447176;32447075;36;41575308
32447176;32447143;86;41575322
32447176;32447184;19;41575323
32447179;32447001;60;41300851
32447179;32447372;99;39922825
32447179;32447453;121;41300852
32447180;32446930;90;40030012
32447180;32447173;20;41434217
32447180;32447259;33;40030013
32447184;32447059;42;41575329
32447184;32447176;19;41575324
32447184;32447236;107;41575332
32447187;32447002;191;40044270
32447187;32447041;49;40044239
32447187;32447224;46;40044271
32447187;32447719;229;40044242
32447189;32447143;21;41175037
32447189;32447236;22;41175040
32447189;32447306;122;39922994
32447190;32446863;169;39922819
32447190;32447046;70;39922882
32447190;32447268;50;39922883
32447190;32447439;132;39922822
32447195;32447115;95;40044224
32447195;32447197;2;40506954
32447197;32447195;2;40506955
32447197;32447206;15;40506956
32447197;32447299;43;40480722
32447199;32447104;53;40571461
32447199;32447221;35;40571617
32447199;32447331;51;40571464
32447206;32446799;252;40044259
32447206;32447197;15;40506957
32447206;32447434;279;40506958
32447209;32447146;127;40306698
32447209;32447167;51;40306715
32447209;32447420;188;40306699
32447211;32447034;74;40480870
32447211;32447137;60;40480862
32447211;32447375;93;40480865
32447221;32447064;51;40571596
32447221;32447199;35;40571616
32447221;32447226;24;40571619
32447222;32447112;59;41575311
32447222;32447160;39;41360579
32447222;32447245;21;41360580
32447224;32447041;67;41614505
32447224;32447187;46;40044272
32447224;32447476;158;40506975
32447226;32446671;213;40571593
32447226;32447221;24;40571618
32447226;32447356;52;40571594
32447231;32447420;422;40629622
32447236;32447184;107;41575331
32447236;32447189;22;41175039
32447236;32447389;69;41175042
32447238;32447120;45;40394956
32447238;32447526;215;40461320
32447240;32446957;115;40485032
32447240;32447138;81;41765104
32447240;32447363;112;41765105
32447241;32446693;269;40588128
32447245;32447153;74;40901508
32447245;32447222;21;41360581
32447245;32447314;41;41360565
32447246;32447166;33;40571429
32447246;32447257;34;40571630
32447246;32447313;28;40571430
32447249;32447120;116;40629021
32447254;32447065;64;40534691
32447254;32447108;139;40553886
32447254;32447622;150;40534692
32447255;32446904;128;41301058
32447255;32447324;78;39922810
32447255;32447449;97;41301059
32447257;32446915;128;40571569
32447257;32447246;34;40571631
32447257;32447288;97;40571632
32447257;32447313;62;40571496
32447259;32447180;33;40030014
32447259;32447273;48;40571529
32447259;32447542;112;41347934
32447268;32447001;133;39923991
32447268;32447190;50;39922884
32447268;32447372;53;39922885
32447268;32447531;133;39923994
32447271;32447115;65;40480724
32447272;32447137;54;40495700
32447272;32447284;10;40480726
32447272;32447375;45;40495701
32447273;32447144;53;40571457
32447273;32447259;48;40571528
32447273;32447302;61;40571531
32447273;32447559;111;40571574
32447275;32447295;29;40506953
32447277;32446842;197;40495710
32447277;32447333;21;40506784
32447283;32447340;84;40527045
32447284;32447272;10;40480727
32447288;32447054;85;40925043
32447288;32447257;97;40571633
32447288;32447380;33;40925044
32447293;32447008;134;40626967
32447294;32446807;207;40506844
32447294;32447322;13;40506853
32447295;32447275;29;40506952
32447295;32447401;47;40506951
32447299;32447197;43;40480723
32447302;32447165;78;40571485
32447302;32447273;61;40571530
32447302;32447317;34;40571533
32447302;32447583;111;40571458
32447306;32447189;122;39922995
32447306;32447501;80;39922983
32447306;32447509;150;39922996
32447308;32447046;130;39922868
32447308;32447100;117;40588110
32447313;32447246;28;40571431
32447313;32447257;62;40571497
32447313;32447382;25;40571432
32447314;32447245;41;41360564
32447314;32447438;65;39924007
32447314;32447500;81;41360567
32447317;32447104;82;40571462
32447317;32447302;34;40571532
32447317;32447331;26;40571535
32447317;32447467;59;40571598
32447319;32446341;406;40295125
32447322;32447294;13;40506852
32447322;32447369;80;40506841
32447323;32447145;187;41089303
32447324;32447084;115;40910113
32447324;32447255;78;39922811
32447324;32447453;70;39922812
32447325;32448402;483;40295126
32447331;32447199;51;40571465
32447331;32447317;26;40571534
32447331;32447356;59;40571537
32447331;32447457;52;40571660
32447333;32447277;21;40506785
32447333;32447369;14;41819681
32447334;32448363;671;40303114
32447340;32447155;72;40527522
32447340;32447283;84;40527044
32447340;32447381;20;40527525
32447345;32447333;14;41819680
32447345;32447404;182;40587876
32447348;32446732;294;40394958
32447348;32447429;49;40395007
32447348;32447443;90;40394961
32447354;32447818;204;40588125
32447356;32447226;52;40571595
32447356;32447331;59;40571536
32447356;32447374;34;40571539
32447356;32447472;77;40571422
32447358;32447430;1935;40674741
32447359;32447345;8;41819682
32447363;32447240;112;41765106
32447364;32447083;136;40383781
32447364;32447113;146;40626996
32447364;32447623;140;40383784
32447368;32447083;158;40626968
32447368;32447470;66;40626971
32447368;32447660;163;40626982
32447369;32447322;80;40506840
32447369;32447379;10;41819684
32447371;32447788;186;41614501
32447372;32447179;99;39922826
32447372;32447268;53;39922886
32447372;32447613;135;39922827
32447374;32447154;86;40571561
32447374;32447356;34;40571538
32447374;32447382;26;40571541
32447374;32447579;85;40571548
32447375;32447211;93;40480864
32447375;32447272;45;40495702
32447375;32447413;25;40495703
32447379;32447359;11;41819683
32447379;32447416;17;40506856
32447380;32447288;33;40925045
32447380;32447484;45;40925046
32447380;32447484;121;40527052
32447381;32447162;90;40527099
32447381;32447340;20;40527524
32447381;32447544;65;40527035
32447382;32447313;25;40571433
32447382;32447374;26;40571540
32447382;32447408;68;40571543
32447382;32447442;26;40571498
32447383;32447627;113;41215510
32447388;32447401;22;40480720
32447389;32447236;69;41175041
32447389;32447394;143;39922991
32447389;32447459;37;41175044
32447389;32447501;142;40901510
32447390;32446308;475;41215507
32447390;32447627;102;41829857
32447394;32446779;238;40901488
32447394;32447389;143;39922990
32447394;32447689;124;40901491
32447396;32447113;141;40626991
32447396;32447623;146;40627001
32447401;32447295;47;40506950
32447401;32447388;22;40480721
32447404;32447345;182;40587875
32447404;32447413;21;40028479
32447404;32447734;147;40587878
32447408;32447380;87;39923298
32447408;32447382;68;40571542
32447411;32447514;89;40506882
32447413;32447375;25;40495704
32447413;32447404;21;40028478
32447413;32447550;92;40044225
32447416;32447379;17;40506857
32447416;32447474;25;40506858
32447416;32447530;113;41748066
32447418;32447117;115;40029779
32447418;32447439;182;39922823
32447418;32447565;59;40029782
32447420;32447209;188;40306700
32447420;32447231;422;40629621
32447420;32447915;395;40306701
32447429;32447348;49;40395006
32447429;32447443;12;40395003
32447429;32447526;48;40395009
32447430;32446673;369;40506903
32447430;32447358;1935;40674740
32447430;32447707;368;40674756
32447432;32446833;235;42014908
32447434;32446864;233;40044255
32447434;32447206;279;40506959
32447434;32447504;97;40506960
32447434;32447780;151;40044258
32447436;32447497;27;41937155
32447437;32447573;52;40571448
32447438;32447314;65;39924008
32447439;32447190;132;39922821
32447439;32447418;182;39922824
32447439;32447531;50;39922841
32447440;32446558;726;40619985
32447440;32446865;290;40356014
32447442;32447382;26;40571499
32447442;32447518;28;40571500
32447442;32447533;75;40571570
32447443;32447348;90;40394960
32447443;32447429;12;40395002
32447443;32447543;49;40395005
32447449;32447255;97;41301060
32447449;32447485;82;41301061
32447449;32447498;24;40910114
32447450;32447520;32;41215417
32447453;32447179;121;41300853
32447453;32447324;70;39922813
32447453;32447595;76;40906549
32447453;32447683;103;40206876
32447455;32448354;776;40632279
32447457;32447331;52;40571661
32447457;32447472;34;40571425
32447457;32447604;61;40571662
32447459;32447389;37;41175043
32447459;32447525;62;41575289
32447459;32447989;241;41175046
32447460;32446651;358;39923005
32447463;32447535;26;39922373
32447465;32447561;89;42014805
32447467;32447317;59;40571599
32447470;32446716;575;41351188
32447470;32447368;66;40626970
32447470;32447736;134;41351191
32447472;32447356;77;40571423
32447472;32447457;34;40571424
32447472;32447598;51;40571472
32447474;32447416;25;40506859
32447474;32447650;75;40506860
32447474;32447723;178;41281073
32447476;32447224;158;40506974
32447476;32447852;167;40044230
32447476;32447926;235;40506977
32447482;32447520;26;41215420
32447483;32448414;675;40613846
32447484;32447380;45;40925047
32447484;32447408;86;39923297
32447484;32447640;65;42003622
32447485;32447156;150;39922907
32447485;32447449;82;41301062
32447485;32447489;69;41301063
32447485;32447596;45;40910089
32447489;32447485;69;41301064
32447489;32447496;45;41908762
32447496;32447489;45;41908763
32447496;32447500;16;41908760
32447497;32447436;27;41937156
32447497;32447498;66;40910140
32447497;32447536;24;40910141
32447498;32447449;24;40910115
32447498;32447497;66;40910139
32447498;32447705;117;41423221
32447499;32447432;34;40646792
32447499;32447522;32;40646790
32447500;32447314;81;41360566
32447500;32447496;16;41908761
32447500;32447692;90;39922992
32447501;32447306;80;39922982
32447501;32447389;142;40901511
32447501;32447606;67;41575296
32447501;32447638;130;40901512
32447504;32447009;194;40044253
32447504;32447434;97;40506961
32447504;32447574;96;40506962
32447506;32447888;216;41068938
32447509;32447306;150;39922997
32447509;32447638;68;41141597
32447509;32447692;191;39922998
32447514;32447411;89;40506883
32447514;32447733;178;40506978
32447514;32447926;201;40506880
32447518;32447442;28;40571501
32447518;32447533;34;40571573
32447518;32447587;30;40571502
32447519;32448258;369;40619986
32447520;32447450;32;41215418
32447520;32447482;26;41215419
32447520;32447595;51;41215415
32447521;32447761;111;40803936
32447525;32447459;62;41575290
32447526;32447429;48;40395008
32447526;32447543;13;40461321
32447527;32448393;413;41071561
32447530;32447416;113;41748067
32447531;32447268;133;39923993
32447531;32447439;50;39922842
32447531;32447565;236;39923996
32447531;32447613;53;39922843
32447532;32447460;26;39924069
32447533;32447442;75;40571571
32447533;32447518;34;40571572
32447533;32447679;74;40571627
32447535;32448165;283;39923008
32447536;32447497;24;40910142
32447542;32447259;112;41347935
32447542;32447559;50;39923303
32447542;32447629;39;41347936
32447543;32447443;49;40395004
32447543;32448078;384;40461322
32447544;32447381;65;40527036
32447544;32447558;49;40526205
32447544;32447586;19;40527037
32447547;32447642;50;40910135
32447548;32447645;55;40646788
32447550;32447413;92;40044226
32447550;32447780;378;40506908
32447557;32447707;108;40674754
32447558;32447544;49;40526206
32447559;32447273;111;40571575
32447559;32447542;50;39923304
32447559;32447573;34;39923305
32447561;32447465;89;42014804
32447561;32448860;1758;40981499
32447565;32447418;59;40029781
32447565;32447531;236;39923995
32447565;32447703;61;40029784
32447572;32447579;19;41071722
32447573;32447437;52;40571449
32447573;32447559;34;39923306
32447573;32447575;8;39923307
32447574;32447002;227;40044247
32447574;32447504;96;40506963
32447574;32447719;193;40506964
32447574;32447758;83;40044250
32447575;32447573;8;39923308
32447575;32447583;19;39923309
32447575;32447792;93;40571487
32447577;32447826;117;41881362
32447579;32447374;85;40571549
32447579;32447572;19;41071723
32447579;32447587;26;41071724
32447583;32447302;111;40571459
32447583;32447575;19;39923310
32447583;32447591;23;39923311
32447586;32447544;19;40527038
32447587;32447518;30;40571503
32447587;32447579;26;41071725
32447587;32447626;19;40571504
32447591;32447583;23;39923312
32447591;32447604;30;39923313
32447591;32447738;77;40571621
32447595;32447453;76;40906550
32447595;32447520;51;41215416
32447595;32447749;86;40906551
32447596;32447485;45;40910090
32447596;32447648;203;40901969
32447596;32447648;23;40910091
32447598;32447472;51;40571473
32447599;32447532;29;41360562
32447602;32447731;61;40393305
32447604;32447457;61;40571663
32447604;32447591;30;39923314
32447604;32447738;67;40571664
32447606;32447501;67;41575295
32447613;32447372;135;39922828
32447613;32447531;53;39922844
32447613;32447745;123;39922829
32447613;32447798;117;39922845
32447619;32447699;66;41095090
32447621;32447145;199;41089308
32447621;32448442;398;41071563
32447622;32447148;311;41870379
32447622;32447254;150;40534693
32447622;32447832;114;41203617
32447623;32447364;140;40383783
32447623;32447396;146;40627000
32447623;32447858;114;40626985
32447623;32448010;230;40383786
32447626;32447587;19;40571505
32447627;32447383;113;41215509
32447627;32447390;102;41829856
32447627;32447703;55;41215512
32447628;32447659;17;41095043
32447628;32447763;116;41094151
32447628;32447976;321;41094150
32447629;32447542;39;41347937
32447629;32447670;19;41347938
32447629;32447670;142;40571506
32447637;32447702;59;41575302
32447638;32447501;130;40901513
32447638;32447509;68;41141596
32447638;32447702;33;39922985
32447638;32447803;120;40901514
32447639;32447710;32;41937151
32447640;32447484;65;42003623
32447640;32447653;48;40527073
32447640;32447662;11;42003624
32447641;32447856;105;40646791
32447641;32447856;93;41698306
32447642;32447547;50;40910136
32447642;32447683;35;39924009
32447642;32447740;49;40910137
32447643;32447909;147;41095095
32447645;32447499;62;40646793
32447645;32447548;55;40646789
32447648;32447596;23;40910092
32447648;32447718;68;40910093
32447650;32447474;75;40506861
32447650;32447777;60;40506862
32447650;32447787;124;41748068
32447653;32447640;48;40527074
32447656;32447795;76;40910143
32447657;32447706;23;40910125
32447659;32447628;17;41095042
32447659;32447661;128;41095088
32447659;32447699;27;41095093
32447660;32447368;163;40626983
32447660;32447858;285;40626986
32447660;32447868;230;41351194
32447661;32447659;128;41095089
32447662;32447640;11;42003625
32447662;32447679;93;40571609
32447662;32447708;19;41347912
32447668;32447758;120;41484765
32447670;32447629;142;40571507
32447670;32447629;19;41347939
32447670;32447782;47;41347940
32447674;32447873;140;40632295
32447677;32447739;55;41095057
32447679;32447931;112;40571610
32447681;32447915;107;40395010
32447683;32447453;103;40206875
32447683;32447642;35;39924010
32447683;32447760;37;40206878
32447689;32447394;124;40901490
32447689;32447755;119;41575303
32447689;32447756;30;40901493
32447692;32447500;90;39922993
32447692;32447509;191;39922999
32447692;32447710;29;39923000
32447692;32447972;135;39922970
32447699;32447619;66;41095091
32447699;32447659;27;41095092
32447699;32447739;20;41095049
32447702;32447637;59;41575301
32447702;32447638;33;39922984
32447702;32447861;120;39922987
32447703;32447565;61;40029783
32447703;32447627;55;41215511
32447703;32447724;8;40029786
32447705;32447498;117;41423220
32447705;32447762;49;40910104
32447705;32447776;62;41937162
32447705;32447871;73;41423223
32447706;32447657;23;40910126
32447706;32447816;59;40910127
32447707;32447430;368;40674755
32447707;32447557;108;40674753
32447707;32447714;6;40674758
32447708;32447662;19;41347913
32447708;32447717;16;40393302
32447708;32447744;15;41347914
32447710;32447639;32;41937152
32447710;32447692;29;39923001
32447710;32448028;210;39923002
32447712;32447432;118;42014909
32447712;32447645;31;40646794
32447714;32447707;6;40674757
32447714;32447777;102;40674760
32447714;32447864;85;40674751
32447717;32447708;16;40393303
32447717;32447731;61;40526202
32447717;32447950;143;40393300
32447718;32447599;64;40910088
32447718;32447648;68;40910094
32447719;32447187;229;40044241
32447719;32447574;193;40506965
32447719;32447788;92;40506966
32447719;32447891;79;40044244
32447721;32447146;634;39922922
32447721;32447844;53;39922483
32447723;32447474;178;41281074
32447724;32447703;8;40029785
32447724;32447745;157;39922832
32447724;32447885;77;40029788
32447731;32447602;61;40393304
32447731;32447821;60;40526203
32447733;32447175;245;41071641
32447733;32447514;178;40506979
32447733;32447988;124;41071642
32447734;32447404;147;40587877
32447734;32447910;256;41068673
32447734;32448003;136;40587880
32447735;32447799;24;41071726
32447736;32447470;134;41351190
32447736;32447773;29;40588131
32447738;32447591;77;40571622
32447738;32447604;67;40571665
32447738;32448057;155;41258872
32447739;32447677;55;41095056
32447739;32447699;20;41095048
32447739;32447815;35;41095051
32447739;32447846;95;41095059
32447740;32447642;49;40910138
32447742;32447847;54;40557112
32447744;32447708;15;41347915
32447744;32447766;56;41244854
32447744;32447810;28;41347916
32447745;32447613;123;39922830
32447745;32447724;157;39922831
32447745;32447895;68;39922834
32447749;32447595;86;40906552
32447749;32447798;24;40906553
32447749;32447939;100;39922862
32447752;32447761;76;40634962
32447755;32447689;119;41575304
32447756;32447689;30;40901492
32447756;32447768;32;41575287
32447756;32447866;48;40901495
32447758;32447574;83;40044249
32447758;32447668;120;41484766
32447758;32447960;97;40044252
32447760;32447683;37;40206877
32447760;32447795;29;39923978
32447760;32447902;72;40206880
32447761;32447521;111;40803937
32447761;32447752;76;40634963
32447761;32447771;66;40634964
32447762;32447705;49;40910105
32447762;32447706;93;40910116
32447762;32447816;41;40910106
32447763;32447628;116;41094152
32447763;32447791;29;41094153
32447763;32447815;209;41095028
32447766;32447744;56;41244853
32447768;32447756;32;41575288
32447771;32447761;66;40634965
32447773;32447736;29;40588130
32447773;32447818;53;40588133
32447773;32447868;59;40626998
32447775;32448163;214;40632283
32447776;32447705;62;41937161
32447776;32447802;50;40910148
32447776;32447874;67;40910123
32447777;32447650;60;40506863
32447777;32447714;102;40674759
32447777;32447992;164;41757775
32447777;32448003;180;40587784
32447780;32447434;151;40044257
32447780;32447550;378;40506909
32447780;32447960;193;40506910
32447782;32447670;47;41347941
32447782;32447970;87;40537852
32447782;32448000;122;40537794
32447787;32447650;124;41748069
32447788;32447371;186;41614500
32447788;32447719;92;40506967
32447788;32447837;23;41614502
32447788;32447852;95;40506968
32447791;32446667;582;39923928
32447791;32447763;29;41094154
32447791;32447796;6;41094155
32447792;32447575;93;40571486
32447792;32447799;19;40571654
32447792;32447853;28;40571489
32447795;32447656;76;40910144
32447795;32447760;29;39923977
32447795;32447919;62;40910145
32447796;32447791;6;41094156
32447796;32447809;11;41094157
32447796;32448253;265;41094139
32447798;32447613;117;39922846
32447798;32447749;24;40906554
32447798;32447982;114;40906555
32447799;32447735;24;41071727
32447799;32447792;19;40571655
32447799;32447851;25;41071728
32447802;32447776;50;40910147
32447802;32447893;62;41218908
32447802;32447898;48;40910150
32447803;32447638;120;40901515
32447803;32447854;40;40901516
32447803;32447861;33;41575276
32447808;32447819;41;41434221
32447809;32447796;11;41094158
32447809;32447823;14;40492925
32447810;32447744;28;41347917
32447810;32447867;59;41244856
32447810;32447870;30;41347918
32447815;32447739;35;41095050
32447815;32447763;209;41095029
32447815;32447822;81;41095030
32447816;32447706;59;40910128
32447816;32447762;41;40910107
32447816;32447820;6;40910108
32447817;32447850;15;40571605
32447818;32447354;204;40588124
32447818;32447773;53;40588132
32447818;32448172;160;40588127
32447819;32446895;371;40537808
32447819;32447808;41;41434220
32447819;32448063;110;40537811
32447820;32447816;6;40910109
32447820;32447902;71;40910110
32447820;32448206;188;39922848
32447821;32447829;24;40526198
32447821;32447950;64;40526204
32447822;32447815;81;41095031
32447822;32447912;88;41095064
32447823;32447809;14;40492926
32447823;32447876;37;41946577
32447826;32447577;117;41881363
32447826;32447929;57;41881372
32447826;32447935;80;41881364
32447828;32447839;16;40337033
32447828;32447873;195;40848419
32447828;32448083;147;40632172
32447829;32447821;24;40526199
32447830;32447891;92;41484763
32447832;32447622;114;41203618
32447832;32447946;417;41203650
32447832;32448235;204;40383761
32447837;32447788;23;41614503
32447839;32447828;16;40337032
32447844;32447721;53;39922484
32447844;32447957;122;40246249
32447844;32447965;59;39922485
32447846;32447739;95;41095058
32447847;32447742;54;40557113
32447848;32448111;129;41071732
32447849;32447599;111;41360563
32447849;32447718;82;39924070
32447850;32447817;15;40571604
32447850;32447931;119;40571494
32447850;32448169;154;40571607
32447851;32447799;25;41071729
32447852;32447476;167;40044229
32447852;32447788;95;40506969
32447852;32447958;156;40506970
32447852;32448289;207;40044232
32447853;32447792;28;40571488
32447853;32447894;148;40571446
32447853;32447894;21;40571491
32447854;32447803;40;40901517
32447856;32448237;172;41698307
32447858;32447623;114;40626984
32447858;32447660;285;40626987
32447858;32448131;148;40626960
32447859;32448354;240;41281086
32447861;32447702;120;39922986
32447861;32447803;33;41575275
32447861;32447972;97;39922989
32447863;32447896;31;41095070
32447864;32447714;85;40674752
32447866;32447756;48;40901494
32447867;32447810;59;41244855
32447868;32447660;230;41351193
32447868;32447736;96;41351192
32447868;32447773;59;40626999
32447870;32447810;30;41347919
32447870;32447914;32;41347920
32447870;32447945;54;41244858
32447871;32447705;73;41423222
32447871;32447948;40;41423216
32447873;32447674;140;40632294
32447873;32447828;195;40848420
32447873;32447951;50;40848421
32447874;32447776;67;40910124
32447876;32447823;37;41946578
32447876;32447886;7;41946575
32447885;32447724;77;40029787
32447885;32447895;157;39923975
32447886;32447876;7;41946576
32447886;32447909;27;40492927
32447888;32447506;216;41068939
32447891;32447719;79;40044243
32447891;32447830;92;41484764
32447891;32448152;120;40044246
32447893;32447802;62;41218909
32447893;32447849;22;40634130
32447894;32447853;21;40571490
32447894;32447853;148;40571447
32447894;32448012;57;40571493
32447895;32447745;68;39922833
32447895;32447885;157;39923976
32447895;32448032;65;39922836
32447896;32447863;31;41095071
32447896;32447916;20;41095072
32447896;32448046;87;41095078
32447898;32447802;48;40910149
32447900;32448158;237;39922968
32447902;32447760;72;40206879
32447902;32447820;71;40910111
32447902;32447971;38;40206882
32447906;32448077;97;41404646
32447907;32447962;33;40626974
32447907;32448010;93;40626973
32447907;32448166;249;40627002
32447909;32447643;147;41095094
32447909;32447886;27;40492928
32447909;32447928;22;40492929
32447909;32447952;27;41095033
32447910;32447734;256;41068672
32447912;32447822;88;41095065
32447912;32447934;21;41095066
32447912;32448093;88;41095046
32447914;32447870;32;41347921
32447914;32447949;33;41347922
32447914;32448458;269;40571437
32447915;32447420;395;40306702
32447915;32447681;107;40395011
32447915;32447936;17;40306703
32447916;32447896;20;41095073
32447916;32448046;66;41095045
32447916;32448072;85;41095074
32447919;32447795;62;40910146
32447926;32447476;235;40506976
32447926;32447514;201;40506881
32447926;32447958;19;40506973
32447926;32447988;180;40485018
32447928;32447909;22;40492930
32447928;32447932;3;40492921
32447929;32447826;57;41881373
32447929;32447935;81;40674742
32447929;32448001;70;40674745
32447931;32447850;119;40571495
32447931;32448148;113;40571611
32447932;32447928;3;40492922
32447932;32447954;24;41946573
32447934;32447912;21;41095067
32447934;32447977;42;41095068
32447934;32448049;59;41095060
32447935;32447826;80;41881365
32447935;32447929;81;40674743
32447935;32448044;56;41881366
32447936;32447915;17;40306704
32447936;32447964;28;40306705
32447936;32448138;102;40394986
32447939;32447749;100;39922861
32447943;32447987;25;41423219
32447944;32447721;162;39922923
32447944;32447957;29;40246244
32447945;32447870;54;41244857
32447946;32447832;417;41203651
32447947;32448148;88;40571566
32447948;32447871;40;41423217
32447949;32447914;33;41347923
32447949;32447974;24;41347924
32447949;32448500;280;40571608
32447950;32447717;143;40393301
32447950;32447974;14;40526196
32447951;32447873;50;40848422
32447951;32448039;56;40848423
32447951;32448223;170;40632262
32447952;32447909;27;41095032
32447952;32448036;91;41095035
32447952;32448036;101;41095055
32447954;32447932;24;41946574
32447954;32447959;3;41946571
32447957;32447844;122;40246248
32447957;32447944;29;40246245
32447957;32448002;25;40246246
32447958;32447852;156;40506971
32447958;32447926;19;40506972
32447958;32448312;156;40044228
32447959;32447954;3;41946572
32447959;32448030;52;40492923
32447960;32447758;97;40044251
32447960;32447780;193;40506911
32447960;32448152;195;40506912
32447961;32447965;76;39923981
32447962;32447907;33;40626975
32447962;32448042;56;40626978
32447962;32448042;331;40626976
32447964;32447936;28;40306706
32447964;32448008;40;40306707
32447964;32448262;136;40395020
32447965;32447844;59;39922486
32447965;32447961;76;39923982
32447965;32448002;92;39923983
32447965;32449321;598;39922487
32447970;32447782;87;40537853
32447970;32448012;91;41243348
32447970;32448548;263;40537848
32447971;32447902;38;40206881
32447971;32448193;116;40910120
32447971;32448294;153;40206884
32447972;32447692;135;39922971
32447972;32447861;97;39922988
32447972;32448028;28;39922972
32447974;32447949;24;41347925
32447974;32447950;14;40526197
32447974;32447986;13;41347926
32447976;32447628;321;41094149
32447976;32448222;177;41094160
32447976;32448239;215;41094137
32447977;32447934;42;41095069
32447978;32448195;125;40667324
32447980;32448040;35;40632180
32447980;32448356;254;40848431
32447982;32447798;114;40906556
32447982;32448032;97;40906557
32447982;32448140;145;40629271
32447986;32447974;13;41347927
32447986;32448121;72;41347928
32447986;32448549;256;40571434
32447987;32447943;25;41423218
32447987;32448133;62;39922838
32447988;32447733;124;41071643
32447988;32447926;180;40485019
32447988;32448038;86;40485020
32447989;32447459;241;41175045
32447989;32447994;26;40537760
32447989;32448178;138;41175048
32447992;32447777;164;41757776
32447992;32448001;104;41881375
32447992;32448081;53;41757777
32447994;32447989;26;40537761
32447994;32448150;62;40537804
32448000;32447782;122;40537795
32448000;32448015;60;41434219
32448000;32448084;66;40537796
32448001;32447929;70;40674744
32448001;32447992;104;41881374
32448001;32448109;42;40674747
32448002;32447957;25;40246247
32448002;32447965;92;39923984
32448002;32448024;50;39923985
32448003;32447734;136;40587879
32448003;32447777;180;40587783
32448003;32448107;61;40587812
32448008;32447964;40;40306708
32448008;32448064;36;40306709
32448008;32448298;130;40395018
32448010;32447623;230;40383785
32448010;32447907;93;40626972
32448010;32448101;42;40383788
32448012;32447894;57;40571492
32448012;32447970;91;41243347
32448012;32448057;42;41243350
32448015;32448000;60;41434218
32448019;32448079;31;41937157
32448021;32448077;32;40394998
32448024;32448002;50;39923986
32448024;32449338;577;40636490
32448028;32447710;210;39923003
32448028;32447972;28;39922973
32448028;32448153;51;39922974
32448030;32447959;52;40492924
32448030;32448088;35;41890084
32448032;32447895;65;39922835
32448032;32447982;97;40906558
32448036;32447952;101;41095054
32448036;32447952;91;41095034
32448036;32448285;143;41095037
32448038;32447988;86;40485021
32448038;32448126;99;40485022
32448038;32448404;173;40444216
32448039;32447951;56;40848424
32448039;32448201;104;40632272
32448039;32448358;191;40848425
32448040;32447980;35;40632181
32448040;32448124;37;40632182
32448040;32448125;44;41297510
32448041;32447893;72;40634131
32448042;32447962;331;40626977
32448042;32447962;56;40626979
32448042;32448101;30;40626980
32448044;32447935;56;41881367
32448046;32447896;87;41095079
32448046;32447916;66;41095044
32448046;32448072;19;41095080
32448048;32448193;73;39922859
32448049;32447934;59;41095061
32448049;32448096;28;41095052
32448049;32448119;28;41095062
32448057;32448012;42;41243349
32448057;32448085;26;41243352
32448061;32448079;15;41937160
32448063;32447819;110;40537810
32448063;32448070;16;40537807
32448063;32448457;225;41621237
32448064;32446967;463;41337166
32448064;32448008;36;40306710
32448064;32448173;86;41747317
32448064;32448194;56;41337167
32448069;32448280;147;41881369
32448070;32448063;16;40537806
32448070;32448082;36;40537787
32448072;32447916;85;41095075
32448072;32448046;19;41095081
32448072;32448093;21;41095082
32448075;32448192;139;41068896
32448075;32448255;90;41068895
32448075;32448277;408;41068889
32448077;32447906;97;41404645
32448077;32448021;32;40394999
32448077;32448155;59;40395000
32448077;32448286;128;41404648
32448078;32448032;74;40910095
32448078;32448384;591;40461323
32448079;32448019;31;41937158
32448079;32448061;15;41937159
32448079;32448095;9;41937149
32448081;32447992;53;41757778
32448081;32448147;30;40043724
32448081;32448175;73;41757779
32448082;32448070;36;40537786
32448082;32448084;8;40537799
32448083;32447828;147;40632173
32448084;32448000;66;40537797
32448084;32448082;8;40537798
32448084;32448515;204;41073143
32448085;32448057;26;41243351
32448085;32448111;19;41243354
32448085;32448302;144;41071731
32448088;32448030;35;41890085
32448088;32448115;12;41337183
32448088;32448208;55;40208061
32448089;32448459;241;40483537
32448092;32448372;134;40444214
32448093;32447912;88;41095047
32448093;32448072;21;41095083
32448093;32448119;21;41095084
32448095;32448079;9;41937150
32448095;32448127;40;39922851
32448096;32448049;28;41095053
32448098;32448352;132;40571512
32448101;32448010;42;40383787
32448101;32448042;30;40626981
32448101;32448521;379;40383790
32448104;32448159;52;41094129
32448104;32448636;384;41094147
32448104;32449500;1153;41289106
32448107;32448003;61;40587811
32448107;32448216;127;41068675
32448107;32448486;330;40587814
32448109;32448001;42;40674746
32448109;32448137;11;40674749
32448111;32447848;129;41071733
32448111;32448085;19;41243353
32448111;32448134;19;41243356
32448115;32448088;12;41337184
32448115;32448189;121;39924113
32448119;32448049;28;41095063
32448119;32448093;21;41095085
32448119;32448135;19;41095086
32448120;32448220;63;40632271
32448121;32447986;72;41347929
32448121;32448145;79;40526200
32448121;32448297;85;41347930
32448124;32448040;37;40632183
32448124;32448214;65;41297507
32448124;32448229;66;40632184
32448125;32448040;44;41297509
32448126;32448038;99;40485023
32448126;32448226;191;40485024
32448126;32448326;98;40444218
32448127;32448095;40;39922852
32448127;32448133;22;39922853
32448127;32448196;88;40910129
32448131;32447858;148;40626961
32448133;32447987;62;39922837
32448133;32448127;22;39922854
32448133;32448206;61;39922855
32448134;32448111;19;41243355
32448134;32448169;28;41243358
32448134;32448176;22;40571636
32448135;32448119;19;41095087
32448137;32448109;11;40674748
32448137;32448175;19;41881371
32448138;32447936;102;40394987
32448138;32448195;31;40394988
32448138;32448262;112;40395013
32448140;32447982;145;40629272
32448145;32448121;79;40526201
32448147;32448081;30;40043725
32448147;32448242;89;40043728
32448147;32448272;66;40043726
32448148;32448290;68;40571567
32448150;32447994;62;40537805
32448152;32447891;120;40044245
32448152;32447960;195;40506913
32448152;32448289;186;40506914
32448153;32448028;51;39922975
32448153;32448165;73;41218912
32448153;32448224;81;39922978
32448153;32448225;36;41218915
32448155;32448077;59;40395001
32448156;32448115;28;39924111
32448156;32448208;61;39924132
32448158;32447900;237;39922969
32448158;32448178;84;39922980
32448158;32448224;188;39922977
32448159;32448104;52;41094130
32448159;32448172;17;41094131
32448162;32448176;11;40571554
32448163;32447775;214;40632282
32448163;32448220;43;40632266
32448163;32448527;203;40632265
32448165;32448153;73;41218913
32448165;32448179;22;40634126
32448165;32448446;142;41601344
32448166;32447907;249;40627003
32448169;32447850;154;40571606
32448169;32448134;28;41243357
32448169;32448230;50;41243360
32448172;32447818;160;40588126
32448172;32448159;17;41094132
32448172;32448213;73;40649980
32448173;32448064;86;41747316
32448173;32448264;47;41765611
32448173;32448370;145;41747319
32448175;32448081;73;41757780
32448175;32448137;19;41881370
32448175;32448280;84;41757781
32448176;32448134;22;40571637
32448176;32448162;11;40571555
32448176;32448283;90;40571556
32448178;32447989;138;41175047
32448178;32448158;84;39922981
32448178;32448331;72;41175026
32448179;32448041;56;40634132
32448179;32448165;22;40634125
32448179;32448204;40;39922407
32448188;32448306;57;40526208
32448189;32447440;363;41337185
32448192;32448075;139;41068897
32448192;32448277;123;41068898
32448192;32448547;178;41068915
32448193;32447971;116;40910119
32448193;32448048;73;39922860
32448193;32448299;62;40910122
32448194;32448064;56;41337168
32448194;32448219;37;41747464
32448194;32448303;53;41337169
32448195;32447978;125;40667323
32448195;32448138;31;40394989
32448195;32448286;66;40394990
32448195;32448443;234;40395012
32448196;32448127;88;40910130
32448201;32448039;104;40632273
32448204;32448041;74;40634128
32448204;32448179;40;39922406
32448204;32448307;63;40634120
32448206;32447820;188;39922847
32448206;32448133;61;39922856
32448206;32448294;84;39922857
32448206;32448334;67;39922850
32448208;32448030;74;39924115
32448208;32448088;55;40208060
32448208;32448540;162;39924038
32448210;32448156;38;39924112
32448213;32448172;73;40649981
32448213;32448222;86;41094161
32448214;32448124;65;41297508
32448216;32448107;127;41068674
32448219;32448194;37;41747465
32448220;32448120;63;40632270
32448220;32448163;43;40632267
32448220;32448358;108;40632268
32448222;32447976;177;41094159
32448222;32448213;86;41094162
32448223;32447951;170;40632263
32448224;32448153;81;39922979
32448224;32448158;188;39922976
32448224;32448508;188;39922954
32448225;32448153;36;41218914
32448225;32448238;6;41218917
32448225;32448274;118;41218918
32448226;32446955;550;40444207
32448226;32448126;191;40485025
32448226;32448393;126;40560733
32448226;32448514;142;40444222
32448229;32448124;66;40632185
32448229;32448288;38;40632186
32448229;32448311;58;41297505
32448230;32447947;147;40571620
32448230;32448169;50;41243359
32448230;32448247;15;41243362
32448235;32447832;204;40383760
32448235;32448255;76;41068910
32448235;32448423;97;40383763
32448237;32448736;233;41698308
32448237;32449025;374;41001207
32448238;32448225;6;41218916
32448238;32448274;18;41218921
32448238;32448274;156;39924003
32448239;32447976;215;41094138
32448242;32448147;89;40043729
32448246;32448267;12;40537846
32448247;32448230;15;41243361
32448247;32448283;22;40571450
32448247;32448290;34;41243364
32448253;32447796;265;41094140
32448253;32448417;171;41094141
32448253;32448622;246;41094133
32448255;32448075;90;41068894
32448255;32448235;76;41068911
32448255;32448427;89;41068901
32448258;32448484;120;41337186
32448258;32448806;252;39924114
32448262;32447964;136;40395019
32448262;32448138;112;40395014
32448262;32448298;29;40395015
32448264;32448173;47;41765610
32448264;32448281;33;41765598
32448264;32448406;72;41765601
32448265;32448285;74;41095097
32448267;32448246;12;40537847
32448272;32448147;66;40043727
32448274;32448225;118;41218919
32448274;32448238;156;39924004
32448274;32448238;18;41218920
32448277;32448075;408;41068888
32448277;32448192;123;41068899
32448277;32448751;237;41068891
32448280;32448069;147;41881368
32448280;32448175;84;41757782
32448280;32448314;16;41757783
32448281;32448264;33;41765599
32448281;32448284;4;41765602
32448283;32448176;90;40571557
32448283;32448247;22;40571451
32448283;32448304;12;40571558
32448284;32448281;4;41765603
32448284;32448303;26;41765613
32448284;32448424;73;41765604
32448285;32448036;143;41095036
32448285;32448265;74;41095096
32448285;32448319;17;41095039
32448286;32448077;128;41404647
32448286;32448195;66;40394991
32448286;32448436;116;40394992
32448288;32448229;38;40632187
32448289;32447852;207;40044231
32448289;32448152;186;40506915
32448289;32448312;198;40506916
32448290;32448247;34;41243363
32448290;32448317;17;41243366
32448294;32447971;153;40206883
32448294;32448206;84;39922858
32448294;32448324;35;41937153
32448294;32448367;37;40206886
32448297;32448121;85;41347931
32448297;32448306;25;40444201
32448297;32448556;137;41347932
32448298;32448008;130;40395017
32448298;32448262;29;40395016
32448299;32448193;62;40910121
32448300;32448436;112;41598346
32448302;32448085;144;41071730
32448303;32448194;53;41337170
32448303;32448284;26;41765612
32448303;32448432;73;41337171
32448304;32448283;12;40571559
32448306;32448188;57;40526207
32448306;32448297;25;40444202
32448306;32448325;58;40444203
32448307;32448204;63;40634121
32448307;32448429;76;40634129
32448308;32448396;66;41388169
32448309;32448467;111;41388218
32448311;32448229;58;41297506
32448312;32447958;156;40044227
32448312;32448289;198;40506917
32448312;32448372;189;40506918
32448314;32448280;16;41757784
32448314;32448323;8;41281079
32448314;32448375;39;41757785
32448317;32448290;17;41243365
32448317;32448350;23;40571444
32448317;32448352;32;41243368
32448318;32448508;95;39922950
32448319;32448285;17;41095038
32448319;32448422;67;41095076
32448319;32448474;109;41095041
32448320;32448179;67;41345949
32448320;32448204;81;39922412
32448323;32448314;8;41281080
32448323;32448430;82;41281077
32448323;32448486;152;41281081
32448324;32448294;35;41937154
32448325;32448306;58;40444204
32448326;32448126;98;40444217
32448326;32448387;137;40957562
32448326;32448460;74;40444220
32448330;32448580;159;40629644
32448331;32448178;72;41175025
32448331;32448339;8;39922957
32448334;32448206;67;39922849
32448335;32448350;17;40571578
32448339;32448331;8;39922956
32448339;32448407;55;39922959
32448339;32448407;78;41575326
32448343;32447712;286;42014910
32448344;32448855;242;40557140
32448345;32448600;120;39922952
32448348;32448375;102;41881378
32448349;32448356;3;40632204
32448350;32448317;23;40571445
32448350;32448335;17;40571579
32448350;32448397;43;40571580
32448351;32447944;332;39922924
32448352;32448098;132;40571513
32448352;32448317;32;41243367
32448352;32448366;11;41243370
32448354;32447455;776;40632278
32448354;32447859;240;41281085
32448354;32448527;91;41281088
32448356;32447980;254;40848432
32448356;32448349;3;40632205
32448356;32448562;187;40632206
32448356;32448599;155;40848433
32448358;32448039;191;40848426
32448358;32448220;108;40632269
32448358;32448558;144;40848427
32448363;32447334;671;40303113
32448363;32448414;40;39924117
32448363;32448478;91;40461328
32448365;32448799;198;40571515
32448366;32448352;11;41243369
32448366;32448397;23;40571438
32448366;32448416;51;41243372
32448367;32448294;37;40206885
32448369;32448428;34;41575298
32448370;32448173;145;41747318
32448370;32448389;45;40593686
32448370;32448633;163;40303116
32448372;32448092;134;40444213
32448372;32448312;189;40506919
32448372;32448404;64;40506920
32448373;32448387;9;40957559
32448375;32448314;39;41757786
32448375;32448348;102;41881379
32448375;32448649;150;41757787
32448376;32448189;101;39924066
32448376;32448210;87;39924045
32448378;32448351;53;39922914
32448384;32448307;131;39922413
32448384;32448429;144;40461324
32448387;32448326;137;40957561
32448387;32448373;9;40957560
32448387;32448390;5;40957564
32448389;32448370;45;40593687
32448390;32448387;5;40957563
32448391;32447319;478;40383764
32448393;32447527;413;41071560
32448393;32448226;126;40560734
32448393;32448442;136;40560735
32448396;32448308;66;41388168
32448396;32448586;120;41388215
32448396;32448607;130;41388212
32448397;32448350;43;40571581
32448397;32448366;23;40571439
32448397;32448431;37;40571582
32448397;32448615;107;40571440
32448402;32448501;48;40383766
32448404;32448038;173;40444215
32448404;32448372;64;40506921
32448404;32448411;16;40506922
32448406;32448264;72;41765600
32448406;32448424;40;41765607
32448406;32448771;174;41765597
32448407;32448339;78;41575325
32448407;32448339;55;39922958
32448407;32448428;24;39922961
32448411;32448404;16;40506923
32448411;32448444;19;40506924
32448414;32447483;675;40613845
32448414;32448363;40;39924116
32448414;32448670;154;39924119
32448416;32448366;51;41243371
32448416;32448458;35;41243374
32448416;32448588;78;40571586
32448417;32448253;171;41094142
32448419;32448423;87;41910772
32448419;32448465;30;41910771
32448420;32448477;37;41388140
32448420;32448482;40;41388165
32448420;32448550;548;41388139
32448422;32448319;67;41095077
32448423;32448235;97;40383762
32448423;32448419;87;41910773
32448423;32449111;320;41203660
32448424;32448284;73;41765605
32448424;32448406;40;41765606
32448424;32448432;23;41765614
32448427;32448255;89;41068900
32448427;32448547;138;41068932
32448427;32448858;245;41068903
32448428;32448369;34;41575297
32448428;32448407;24;39922960
32448428;32448595;81;39922963
32448429;32448437;21;41345933
32448430;32448323;82;41281078
32448431;32448397;37;40571583
32448432;32448303;73;41337172
32448432;32448424;23;41765615
32448432;32448450;7;41337173
32448433;32448320;65;41870680
32448435;32448286;140;41404649
32448435;32448678;125;40395021
32448436;32448286;116;40394993
32448436;32448300;112;41598345
32448436;32448447;5;40394994
32448437;32448483;75;40029807
32448438;32448497;26;41300855
32448439;32448440;179;41345259
32448439;32448464;174;41345256
32448439;32448611;80;40030664
32448440;32448439;179;41345258
32448440;32448444;69;41345261
32448440;32448546;45;40957567
32448442;32447621;398;41071562
32448442;32448393;136;40560736
32448442;32448575;179;40560737
32448443;32448450;8;40691978
32448444;32448411;19;40506925
32448444;32448440;69;41345260
32448444;32448454;58;40361200
32448444;32448523;36;40957541
32448446;32448539;37;41870683
32448447;32448436;5;40394995
32448447;32448543;55;40691948
32448447;32448678;166;40394978
32448450;32448432;7;41337174
32448450;32448828;164;41337175
32448453;32448587;63;40206892
32448454;32448411;63;40590465
32448454;32448444;58;40361199
32448454;32448460;12;40361202
32448455;32448671;122;40206893
32448457;32448063;225;41621238
32448458;32448416;35;41243373
32448458;32448500;44;41243376
32448459;32448089;241;40483538
32448459;32448477;12;40483542
32448460;32448326;74;40444219
32448460;32448454;12;40361201
32448460;32448514;206;40361204
32448461;32448481;13;41388232
32448461;32448482;12;41388176
32448461;32448550;107;41388231
32448464;32448439;174;41345257
32448464;32448520;236;41345262
32448465;32448419;30;41910770
32448465;32448521;26;41289098
32448467;32448309;111;41388219
32448467;32448516;32;41388192
32448467;32448691;135;41388220
32448474;32448319;109;41095040
32448477;32448420;37;41388141
32448477;32448459;12;40483541
32448477;32448598;78;40483539
32448477;32448664;118;40483544
32448478;32448363;91;40461327
32448478;32448512;21;40691908
32448478;32448626;81;39924017
32448481;32448461;13;41388233
32448481;32448507;14;41388234
32448481;32448537;30;41388172
32448482;32448420;40;41388164
32448482;32448461;12;41388177
32448482;32448511;16;41388178
32448483;32448779;458;39922414
32448484;32448641;76;41337187
32448485;32448391;48;40383765
32448486;32448107;330;40587813
32448486;32448323;152;41281082
32448486;32448758;268;41068670
32448486;32448824;184;40587816
32448488;32448509;26;40957556
32448490;32448506;15;40957578
32448490;32448538;23;40957553
32448490;32448582;69;40957575
32448491;32448378;509;39922409
32448497;32448438;26;41300854
32448497;32448587;103;40206887
32448497;32448640;68;41300857
32448500;32448458;44;41243375
32448500;32448518;23;41243378
32448501;32448592;40;40383757
32448502;32448671;117;41987844
32448504;32448604;45;41072230
32448506;32448490;15;40957577
32448506;32448546;28;40957580
32448506;32448620;58;40957550
32448507;32448481;14;41388235
32448507;32448533;16;41388236
32448507;32448559;30;41388174
32448508;32448224;188;39922955
32448508;32448318;95;39922951
32448508;32448600;138;39922964
32448509;32448488;26;40957555
32448509;32448523;16;40957545
32448509;32448677;85;40957544
32448511;32448482;16;41388179
32448512;32448478;21;40691907
32448512;32448633;83;41381811
32448514;32448226;142;40444221
32448514;32448460;206;40361203
32448514;32448524;38;40361206
32448515;32448084;204;41073142
32448515;32448548;66;41073138
32448515;32448705;91;41073145
32448516;32448467;32;41388193
32448516;32448586;44;41388194
32448516;32448703;114;41388205
32448518;32448500;23;41243377
32448518;32448549;43;41243380
32448518;32448573;22;40571420
32448520;32448464;236;41345263
32448520;32448568;170;40667354
32448520;32448700;360;40030433
32448521;32448101;379;40383789
32448521;32448465;26;41289097
32448521;32449297;368;41289100
32448522;32448433;37;41870679
32448523;32448444;36;40957542
32448523;32448509;16;40957546
32448523;32448677;103;40957547
32448524;32448514;38;40361205
32448524;32448661;511;40361208
32448524;32448680;69;40030582
32448527;32448163;203;40632264
32448527;32448354;91;41281087
32448527;32448584;29;41281090
32448532;32448491;75;40029808
32448533;32448507;16;41388237
32448533;32448561;16;41388238
32448533;32448577;27;41388156
32448537;32448481;30;41388173
32448538;32448490;23;40957554
32448539;32448545;1;41870681
32448540;32448208;162;39924039
32448540;32448665;68;39924040
32448540;32448840;152;40492913
32448541;32448435;72;41404650
32448541;32448619;92;40394997
32448541;32448774;127;40395023
32448543;32448447;55;40691949
32448543;32449123;413;40395060
32448545;32448651;58;41870682
32448545;32448706;82;39922410
32448546;32448440;45;40957568
32448546;32448506;28;40957579
32448546;32448635;49;40957569
32448547;32448192;178;41068914
32448547;32448427;138;41068933
32448547;32448751;257;41068934
32448548;32447970;263;40537849
32448548;32448515;66;41073139
32448548;32448693;69;40537850
32448549;32448518;43;41243379
32448549;32448552;1;41243382
32448550;32448420;548;41388138
32448550;32448461;107;41388230
32448550;32448579;23;41388143
32448552;32448549;1;41243381
32448552;32448553;2;39923300
32448553;32448552;2;39923299
32448553;32448556;27;39923302
32448553;32448949;243;39923235
32448556;32448297;137;41347933
32448556;32448553;27;39923301
32448556;32448748;95;40537820
32448558;32448358;144;40848428
32448558;32448584;42;40848429
32448558;32448728;121;40632292
32448559;32448507;30;41388175
32448561;32448533;16;41388239
32448561;32448579;15;41388240
32448561;32448610;30;41388162
32448562;32448356;187;40632207
32448567;32448582;19;40957552
32448568;32448520;170;40667355
32448568;32448715;227;40030434
32448568;32448730;687;39819973
32448571;32448733;141;40030593
32448573;32448518;22;40571421
32448575;32448442;179;40560738
32448575;32448613;141;40560741
32448576;32448532;68;41345934
32448577;32448533;27;41388157
32448579;32448550;23;41388142
32448579;32448561;15;41388241
32448579;32448664;48;41388145
32448580;32448330;159;40629643
32448580;32448729;66;40629646
32448580;32448792;163;41359391
32448582;32448490;69;40957576
32448582;32448567;19;40957551
32448582;32448620;32;40957572
32448582;32448696;60;40957581
32448583;32448640;35;39922495
32448584;32448527;29;41281089
32448584;32448558;42;40848430
32448584;32448989;232;40632285
32448586;32448396;120;41388214
32448586;32448516;44;41388195
32448586;32448634;29;41388196
32448586;32448703;72;41388217
32448587;32448453;63;40206891
32448587;32448497;103;40206888
32448587;32448827;124;40206889
32448588;32448416;78;40571587
32448592;32449592;471;40024734
32448592;32451333;1484;40383758
32448593;32448599;4;40632190
32448595;32448428;81;39922962
32448595;32448600;158;39922967
32448595;32448604;22;41072231
32448597;32448767;75;40030580
32448598;32448477;78;40483540
32448599;32448356;155;40848434
32448599;32448593;4;40632191
32448599;32448731;77;40632192
32448599;32449114;280;40848435
32448600;32448345;120;39922953
32448600;32448508;138;39922965
32448600;32448595;158;39922966
32448604;32448504;45;41072229
32448604;32448595;22;41072232
32448604;32448689;45;41072228
32448607;32448396;130;41388213
32448610;32448561;30;41388163
32448611;32448439;80;40030663
32448611;32448786;94;40030662
32448613;32448575;141;40560742
32448615;32448397;107;40571441
32448618;32448682;37;39923030
32448618;32448682;154;39923026
32448619;32448541;92;40394996
32448620;32448506;58;40957549
32448620;32448582;32;40957571
32448620;32448635;32;40957574
32448622;32448253;246;41094134
32448626;32448478;81;39924018
32448626;32448722;73;39922456
32448626;32448877;135;39924019
32448628;32448522;52;41638181
32448628;32448651;19;40634135
32448630;32448376;128;39924067
32448633;32448370;163;40303115
32448633;32448512;83;41381810
32448633;32448647;10;41381813
32448634;32448586;29;41388197
32448635;32448546;49;40957570
32448635;32448620;32;40957573
32448635;32448677;48;41233390
32448636;32448104;384;41094148
32448637;32448696;59;40957557
32448640;32448497;68;41300856
32448640;32448583;35;39922496
32448640;32448777;70;41300858
32448640;32448826;105;39922840
32448641;32448759;54;39924110
32448647;32448633;10;41381812
32448647;32448749;91;41381815
32448647;32448778;81;39922447
32448649;32448375;150;41757788
32448649;32448692;128;41881382
32448649;32448864;93;41757789
32448651;32448628;19;40634136
32448651;32448706;51;40634123
32448651;32448752;55;40634122
32448658;32448820;68;40571522
32448661;32448524;511;40361207
32448661;32448666;14;40361210
32448663;32448576;133;41345935
32448663;32448725;143;39922411
32448664;32448477;118;40483543
32448664;32448579;48;41388144
32448664;32448691;20;40483546
32448665;32448540;68;39924041
32448665;32448710;30;41870382
32448666;32448661;14;40361209
32448666;32448673;143;41345302
32448666;32448901;103;40361212
32448669;32448485;83;41746523
32448670;32448414;154;39924118
32448670;32448867;126;39924121
32448670;32448877;105;41380026
32448671;32448455;122;40206894
32448671;32448502;117;41987843
32448671;32448760;37;39922931
32448671;32448827;103;41987846
32448673;32448666;143;41345301
32448673;32448748;709;41345304
32448673;32448991;134;40568781
32448675;32448464;175;41327294
32448677;32448509;85;40957543
32448677;32448523;103;40957548
32448677;32448635;48;41233389
32448678;32448435;125;40395022
32448678;32448447;166;40394979
32448678;32448774;74;40394980
32448680;32448524;69;40030583
32448680;32448918;118;40030584
32448682;32448618;154;39923027
32448682;32448935;142;39923031
32448688;32446624;1067;40913384
32448688;32449036;247;41281092
32448689;32448604;45;41072227
32448690;32448777;74;41601287
32448691;32448467;135;41388221
32448691;32448664;20;40483545
32448691;32448717;71;41388224
32448691;32449046;190;40483548
32448692;32448649;128;41881383
32448693;32448548;69;40537851
32448693;32448705;61;41073140
32448693;32448803;47;40030001
32448696;32448582;60;40957582
32448696;32448637;59;40957558
32448696;32448707;5;40957583
32448700;32449600;737;39884753
32448701;32448989;184;40632290
32448703;32448516;114;41388204
32448703;32448586;72;41388216
32448703;32448719;10;41388207
32448705;32448515;91;41073144
32448705;32448693;61;41073141
32448706;32448651;51;40634124
32448706;32448725;69;40634134
32448706;32448752;84;40634119
32448707;32448675;89;40957565
32448707;32448696;5;40957584
32448708;32448718;93;40629635
32448708;32448753;37;40629665
32448708;32448760;136;40629664
32448710;32448665;30;41870383
32448710;32448765;30;41870380
32448715;32448766;25;41345246
32448717;32448691;71;41388225
32448717;32448735;116;41388222
32448717;32448805;51;41388154
32448718;32448708;93;40629636
32448718;32448729;65;41359356
32448718;32448919;86;40629637
32448719;32448703;10;41388206
32448719;32448770;30;41388171
32448719;32448891;97;41388209
32448722;32448626;73;39922455
32448722;32448778;34;39922458
32448722;32448972;144;39922453
32448723;32448780;77;40395026
32448724;32448700;207;39884752
32448724;32448743;141;40957586
32448724;32448769;20;40957587
32448724;32448816;83;40882738
32448725;32448576;80;40634127
32448725;32448706;69;40634133
32448728;32448558;121;40632293
32448729;32448580;66;40629645
32448729;32448718;65;41359357
32448729;32448782;22;40629648
32448730;32448568;687;39819974
32448730;32448758;100;40821329
32448731;32448599;77;40632193
32448731;32448835;53;40632194
32448731;32448970;126;40632208
32448733;32448571;141;40030592
32448733;32448918;155;40030595
32448733;32448936;96;40030596
32448735;32448717;116;41388223
32448736;32448862;49;41698309
32448737;32448343;181;42014911
32448737;32448618;160;39923029
32448739;32448630;53;39924068
32448743;32448715;21;41345245
32448743;32448724;141;40957585
32448744;32448844;82;40306979
32448744;32449017;153;40483533
32448748;32448556;95;40537821
32448748;32448673;709;41345303
32448748;32448854;73;41243386
32448748;32449162;316;41511997
32448749;32448647;91;41381814
32448749;32448771;48;41333336
32448751;32448277;237;41068890
32448751;32448547;257;41068935
32448751;32448909;100;41068936
32448752;32449134;214;41348168
32448753;32448708;37;40629666
32448758;32448486;268;41068671
32448758;32448730;100;40821330
32448758;32448849;359;40821331
32448759;32450313;737;39924105
32448760;32448671;37;39922932
32448760;32448708;136;40629663
32448760;32449065;132;39922933
32448763;32448838;39;41388161
32448765;32448710;30;41870381
32448765;32448793;22;40208064
32448766;32448743;21;41345247
32448766;32448807;17;40957593
32448767;32448597;75;40030579
32448767;32448680;132;40030581
32448767;32448773;4;41205027
32448769;32448724;20;40957588
32448769;32448807;150;42046407
32448769;32448815;16;40957589
32448770;32448719;30;41388170
32448771;32448406;174;41765596
32448771;32448749;48;41333335
32448771;32448800;44;40299589
32448773;32448767;4;41205028
32448774;32448541;127;40395024
32448774;32448678;74;40394981
32448774;32448861;49;40394982
32448775;32448838;31;41388181
32448777;32448640;70;41300859
32448777;32448690;74;41601286
32448777;32448987;107;41300860
32448778;32448647;81;39922448
32448778;32448722;34;39922457
32448778;32448974;129;39923894
32448778;32449027;147;39922449
32448779;32448785;17;41984724
32448780;32448723;77;40395025
32448780;32448861;60;40395028
32448780;32448903;82;40395029
32448782;32448729;22;40629647
32448782;32448792;74;41359352
32448782;32448937;63;40629650
32448784;32448484;187;40208063
32448784;32448787;7;39924047
32448785;32448343;381;41001208
32448785;32448935;205;41984725
32448786;32448611;94;40030661
32448786;32448816;118;40030444
32448787;32448806;7;39924049
32448792;32448580;163;41359390
32448792;32448782;74;41359353
32448792;32449077;194;41359393
32448793;32448784;14;39924048
32448798;32448767;139;40568745
32448798;32449011;133;41205022
32448799;32448365;198;40571514
32448799;32448820;78;40571551
32448799;32448821;7;40571517
32448800;32448771;44;40299588
32448800;32448828;35;40299591
32448800;32448878;29;39923918
32448803;32448693;47;40030002
32448803;32448821;49;39923242
32448803;32448863;49;41604786
32448803;32449038;96;40030003
32448805;32448717;51;41388155
32448806;32448844;14;39924051
32448807;32448766;17;40957594
32448807;32448769;150;42046406
32448807;32448856;16;40957595
32448809;32448663;224;41984723
32448812;32448936;104;40030598
32448813;32448845;56;40557105
32448813;32448980;802;40557102
32448813;32449815;565;40557145
32448815;32448769;16;40957590
32448815;32448846;113;40957601
32448815;32448931;50;40957591
32448815;32449018;152;40957604
32448816;32448724;83;40882739
32448816;32448786;118;40030443
32448816;32448908;262;40030435
32448816;32449016;86;40030445
32448820;32448658;68;40571523
32448820;32448799;78;40571550
32448820;32448843;98;40571553
32448821;32448799;7;40571516
32448821;32448803;49;39923241
32448821;32448957;57;40571519
32448823;32448853;19;41183843
32448824;32448486;184;40587815
32448824;32448849;10;40587810
32448826;32448628;110;39923006
32448826;32448640;105;39922839
32448827;32448587;124;40206890
32448827;32448671;103;41987845
32448827;32448987;110;41987848
32448828;32448450;164;41337176
32448828;32448800;35;40299590
32448828;32448885;35;40691930
32448828;32448896;29;41381807
32448829;32448765;25;40208062
32448829;32448793;14;39924050
32448835;32448731;53;40632195
32448835;32448873;20;40632196
32448835;32449007;95;40632178
32448838;32448763;39;41388160
32448838;32448775;31;41388180
32448838;32448867;16;41388183
32448840;32448540;152;40492914
32448840;32449147;165;41388199
32448840;32449559;336;40492915
32448841;32448737;42;40729792
32448842;32448798;111;40568746
32448842;32448879;108;40030576
32448842;32449011;85;40030606
32448843;32448820;98;40571552
32448844;32448744;82;40306978
32448844;32448892;22;39924053
32448845;32448813;56;40557104
32448845;32448855;42;40557125
32448845;32450005;567;40557119
32448846;32448815;113;40957602
32448846;32448856;38;40957605
32448846;32448890;52;42046405
32448849;32448758;359;40821332
32448849;32448824;10;40587809
32448849;32448864;145;40821333
32448849;32448868;9;40587782
32448852;32448853;160;41175003
32448852;32448932;111;41175002
32448852;32449032;83;39923071
32448853;32448823;19;41183844
32448853;32448852;160;41175004
32448853;32448886;19;41175005
32448854;32448748;73;41243385
32448854;32448888;28;41243388
32448854;32448982;83;41243383
32448855;32448344;242;40557139
32448855;32448845;42;40557124
32448855;32448897;129;40557136
32448856;32448807;16;40957596
32448856;32448846;38;40957606
32448856;32448890;17;40957597
32448858;32448427;245;41068902
32448858;32448898;50;41068905
32448858;32449056;97;41068919
32448859;32448860;117;39819900
32448859;32448860;151;40024626
32448859;32448864;158;39819903
32448860;32447561;1758;40981498
32448860;32448859;117;39819901
32448861;32448774;49;40394983
32448861;32448780;60;40395027
32448861;32448997;105;40394984
32448862;32448945;40;40729791
32448863;32448803;49;41604787
32448864;32448649;93;41757790
32448864;32448849;145;40821334
32448864;32448859;158;39819902
32448864;32448985;59;40587794
32448865;32448960;44;40674762
32448867;32448670;126;39924120
32448867;32448838;16;41388182
32448867;32448891;15;39924123
32448868;32448849;9;40587781
32448868;32449180;153;40587764
32448870;32448675;157;41327295
32448870;32448707;91;40957566
32448873;32448835;20;40632197
32448873;32448967;53;40632198
32448873;32449021;86;40632210
32448877;32448626;135;39924020
32448877;32448670;105;41380025
32448877;32448972;59;41380028
32448877;32449143;178;39924021
32448878;32448800;29;39923917
32448878;32448896;34;39923920
32448878;32448974;126;39923895
32448879;32448842;108;40030575
32448879;32448901;81;40030578
32448879;32449112;118;40030610
32448884;32449029;126;41237420
32448885;32448828;35;40691929
32448885;32448896;33;39923848
32448885;32448903;12;40691932
32448886;32448853;19;41175006
32448886;32448902;42;41183854
32448886;32448911;15;41175007
32448886;32448914;28;41183855
32448888;32448854;28;41243387
32448888;32448942;42;39922572
32448889;32448829;27;39924052
32448890;32448846;52;42046404
32448890;32448856;17;40957598
32448890;32449140;203;40957599
32448891;32448719;97;41388208
32448891;32448867;15;39924122
32448891;32449046;96;39924125
32448892;32448900;17;39924055
32448892;32449153;156;39924106
32448895;32448929;19;41237450
32448896;32448828;29;41381808
32448896;32448878;34;39923919
32448896;32448885;33;39923849
32448896;32449272;171;42036746
32448897;32448855;129;40557135
32448898;32448858;50;41068904
32448898;32448969;90;41068907
32448898;32449084;144;41068928
32448900;32448889;15;39924054
32448900;32448952;22;40483913
32448901;32448666;103;40361211
32448901;32448879;81;40030577
32448901;32448978;33;40361214
32448902;32448886;42;41183853
32448903;32448780;82;40395030
32448903;32448885;12;40691931
32448903;32448997;53;40691934
32448906;32448929;34;41237433
32448908;32448816;262;40030436
32448908;32448994;42;40030458
32448908;32449141;198;40030437
32448909;32448751;100;41068937
32448909;32448969;299;41068908
32448911;32448886;15;41175008
32448911;32448925;7;41175009
32448911;32448947;28;41183848
32448914;32448886;28;41183856
32448915;32448976;28;42046419
32448918;32448680;118;40030585
32448918;32448733;155;40030594
32448918;32448977;27;40030586
32448919;32448718;86;40629638
32448919;32448937;75;41359348
32448919;32449110;156;40629639
32448921;32448739;85;41337920
32448923;32448809;159;41560019
32448923;32449060;291;39923032
32448924;32449010;37;42046399
32448925;32448911;7;41175010
32448928;32449052;69;41388226
32448929;32448895;19;41237449
32448929;32448906;34;41237432
32448929;32448993;32;41237435
32448930;32449158;199;41205020
32448931;32448815;50;40957592
32448932;32448852;111;41175001
32448932;32449283;322;41954421
32448934;32448841;43;41908767
32448935;32448984;67;41001202
32448936;32448733;96;40030597
32448936;32448812;104;40030599
32448936;32449029;57;41237440
32448936;32449129;160;40030600
32448937;32448782;63;40629649
32448937;32448919;75;41359349
32448937;32449077;62;40629652
32448942;32448888;42;39922571
32448942;32449058;78;39922579
32448942;32449191;337;39922574
32448943;32449056;73;41068916
32448944;32448949;17;40571524
32448945;32449026;36;41908768
32448947;32448911;28;41183847
32448949;32448553;243;39923236
32448949;32448944;17;40571525
32448949;32449090;305;39923237
32448952;32448889;31;40483914
32448952;32448995;39;40483891
32448957;32448821;57;40571518
32448957;32448959;11;40571600
32448957;32449064;49;40571521
32448958;32448960;10;41347706
32448958;32448961;27;41347705
32448958;32448961;63;40674750
32448959;32448957;11;40571601
32448960;32448865;44;40674761
32448960;32448958;10;41347707
32448960;32449045;602;41347708
32448961;32448958;27;41347704
32448961;32448980;296;40043721
32448967;32448873;53;40632199
32448967;32449104;78;40632216
32448969;32448898;90;41068906
32448969;32448909;299;41068909
32448969;32449084;54;41068931
32448970;32448731;126;40632209
32448972;32448722;144;39922454
32448972;32448877;59;41380027
32448972;32449117;94;41380024
32448974;32448778;129;39923893
32448974;32448878;126;39923896
32448974;32449027;227;39923897
32448974;32449192;101;39923921
32448976;32448915;28;42046418
32448976;32448994;18;42046417
32448976;32449075;51;42046421
32448977;32448918;27;40030587
32448977;32448993;17;40030602
32448977;32449129;77;40030588
32448978;32448901;33;40361213
32448978;32448991;102;40568769
32448978;32449167;88;40361216
32448980;32448813;802;40557103
32448980;32448961;296;40043720
32448982;32448854;83;41243384
32448983;32449224;324;41071564
32448984;32448736;284;39923035
32448984;32449025;70;41001201
32448985;32448864;59;40587793
32448985;32449042;288;40043722
32448985;32449047;30;40587818
32448986;32448923;96;39922408
32448987;32448777;107;41300861
32448987;32448827;110;41987847
32448987;32449002;30;41300862
32448987;32449134;110;39922918
32448989;32448584;232;40632284
32448989;32448701;184;40632291
32448989;32449036;23;40632287
32448991;32448673;134;40568782
32448991;32448978;102;40568770
32448993;32448929;32;41237434
32448993;32448977;17;40030603
32448993;32449023;25;40030604
32448994;32448908;42;40030457
32448994;32448976;18;42046416
32448994;32449082;44;40030460
32448995;32448952;39;40483892
32448995;32449043;21;40306985
32448995;32449088;50;40483893
32448997;32448861;105;40394985
32448997;32448903;53;40691933
32448997;32449123;58;40691951
32449002;32448987;30;41300863
32449002;32449039;14;41359373
32449002;32449065;125;41300864
32449007;32448835;95;40632179
32449008;32449232;359;39924023
32449008;32449411;290;40579296
32449010;32448924;37;42046398
32449010;32449016;15;42046403
32449010;32449073;28;42046401
32449011;32448798;133;41205021
32449011;32448842;85;40030607
32449011;32449085;36;40030608
32449016;32448816;86;40030446
32449016;32449010;15;42046402
32449016;32449212;88;40030447
32449017;32448744;153;40483534
32449017;32449080;44;40306980
32449017;32449142;73;40483535
32449018;32448815;152;40957603
32449020;32448934;37;41908766
32449021;32448873;86;40632211
32449023;32448993;25;40030605
32449023;32449148;143;40568778
32449025;32449051;53;39923234
32449026;32449076;24;41908764
32449027;32448778;147;39922450
32449027;32448974;227;39923898
32449028;32448986;66;39923025
32449029;32448884;126;41237419
32449029;32448936;57;41237441
32449029;32449048;11;41237442
32449029;32449219;167;41237422
32449030;32449043;12;42016766
32449032;32448852;83;39923070
32449032;32449063;32;41183825
32449032;32449324;150;39923073
32449033;32449139;65;41222732
32449034;32449039;14;41359394
32449034;32449057;22;41359397
32449034;32449137;50;41359346
32449036;32448688;247;41281091
32449036;32448989;23;40632286
32449036;32449396;298;40848468
32449038;32448803;96;40030004
32449038;32449133;51;41560021
32449039;32449002;14;41359372
32449039;32449034;14;41359395
32449039;32449146;52;41359375
32449042;32448985;288;40043723
32449042;32449045;229;40674778
32449042;32449200;129;40674779
32449043;32448995;21;40306984
32449043;32449030;12;42016765
32449043;32449072;17;40306987
32449043;32449088;40;42016768
32449045;32448960;602;41347709
32449045;32449042;229;40674777
32449045;32449662;253;40592478
32449046;32448691;190;40483547
32449046;32448891;96;39924124
32449046;32449276;139;39924127
32449047;32448985;30;40587817
32449047;32449180;130;40587762
32449047;32449235;92;39820374
32449048;32449029;11;41237443
32449048;32449053;24;41237417
32449051;32449099;62;39923231
32449052;32448928;69;41388227
32449052;32449095;115;41388228
32449052;32449095;32;41388184
32449053;32448870;165;41638172
32449055;32449072;11;40283187
32449056;32448858;97;41068918
32449056;32448943;73;41068917
32449056;32449111;25;41068921
32449057;32449034;22;41359396
32449057;32449163;47;41359342
32449057;32449163;77;41359399
32449058;32448942;78;39922580
32449058;32449253;127;39922581
32449058;32449332;178;40568758
32449060;32449020;22;41345939
32449062;32449090;10;40571629
32449063;32449032;32;41183826
32449063;32449083;14;41183827
32449063;32449377;150;41183863
32449064;32448957;49;40571520
32449064;32449090;105;39923240
32449065;32448760;132;39922934
32449065;32449002;125;41300865
32449065;32449100;67;41236073
32449065;32449329;116;41300840
32449070;32449028;71;39923229
32449070;32449363;209;39923033
32449071;32449114;177;41343543
32449072;32449043;17;40306986
32449072;32449055;11;40283186
32449072;32449107;16;40306989
32449072;32449124;41;40283189
32449073;32449010;28;42046400
32449075;32448976;51;42046420
32449076;32449028;234;39923028
32449076;32449436;160;41908765
32449077;32448792;194;41359392
32449077;32448937;62;40629651
32449077;32449130;27;40629654
32449080;32449017;44;40306981
32449080;32449153;51;40306982
32449080;32449246;100;42033941
32449082;32448994;44;40030459
32449082;32449098;15;41088113
32449082;32449166;42;40030462
32449083;32449063;14;41183828
32449083;32449399;150;41183850
32449083;32449399;185;41183829
32449084;32448898;144;41068929
32449084;32448969;54;41068930
32449084;32449359;120;41068913
32449085;32449011;36;40030609
32449085;32449270;94;41605579
32449088;32448995;50;40483894
32449088;32449043;40;42016767
32449088;32449124;16;40483895
32449090;32448949;305;39923238
32449090;32449062;10;40571628
32449090;32449064;105;39923239
32449092;32449107;11;40283181
32449095;32449052;115;41388229
32449095;32449052;32;41388185
32449095;32449125;24;41388186
32449098;32449082;15;41088114
32449099;32449038;49;41560020
32449099;32449133;57;39923232
32449100;32449065;67;41236072
32449104;32448967;78;40632217
32449107;32449072;16;40306988
32449107;32449092;11;40283180
32449107;32449138;16;40306991
32449107;32449150;43;40283183
32449108;32449070;53;39923230
32449110;32448919;156;40629640
32449110;32449118;45;41359411
32449110;32449186;125;41359408
32449110;32449186;39;40629641
32449111;32448423;320;41203661
32449111;32449056;25;41068920
32449111;32449359;159;41203662
32449112;32448879;118;40030611
32449112;32449164;236;40568755
32449112;32449164;26;40030612
32449112;32449164;237;40030614
32449113;32449187;36;40860981
32449114;32448599;280;40848436
32449114;32449071;177;41343542
32449114;32449404;128;41302383
32449117;32448972;94;41380023
32449118;32449110;45;41359410
32449121;32449130;76;41359368
32449123;32448543;413;40395061
32449123;32448997;58;40691950
32449123;32449232;57;40691953
32449124;32449072;41;40283188
32449124;32449088;16;40483896
32449124;32449150;15;40483897
32449124;32449182;54;40283191
32449125;32449095;24;41388187
32449125;32449147;18;41388188
32449125;32449172;174;41388210
32449129;32448936;160;40030601
32449129;32448977;77;40030589
32449129;32449219;47;40030590
32449130;32449077;27;40629653
32449130;32449121;76;41359369
32449130;32449131;22;41359370
32449130;32449244;52;40629656
32449131;32449130;22;41359371
32449132;32449158;13;41500687
32449133;32449257;194;39923233
32449134;32448826;161;39923007
32449134;32448987;110;39922917
32449134;32449247;83;39923017
32449134;32449364;116;40030042
32449137;32449034;50;41359347
32449138;32449107;16;40306990
32449138;32449169;16;40306993
32449138;32449177;43;40283177
32449139;32449033;65;41222733
32449139;32449253;70;40537762
32449140;32448890;203;40957600
32449141;32448908;198;40030438
32449141;32449310;86;40030471
32449141;32449636;398;40030439
32449142;32449017;73;40483536
32449142;32449276;85;40307030
32449143;32448877;178;39924022
32449143;32449439;229;40461329
32449143;32449457;150;39922433
32449145;32449225;77;42033939
32449146;32449039;52;41359374
32449147;32448840;165;41388198
32449147;32449125;18;41388189
32449147;32449181;23;41388201
32449148;32449023;144;40568777
32449150;32449107;43;40283182
32449150;32449124;15;40483898
32449150;32449177;16;40483899
32449150;32449182;32;40283185
32449153;32448892;156;39924107
32449153;32449080;51;40306983
32449153;32449228;43;40306994
32449153;32449285;77;39924108
32449155;32449179;25;42016747
32449158;32448930;199;41205019
32449158;32449132;13;41500688
32449158;32449270;98;41500689
32449161;32449048;80;41237418
32449161;32449053;93;41638173
32449162;32448748;316;41511996
32449162;32449213;41;41511999
32449162;32449409;121;41001223
32449163;32449057;77;41359398
32449163;32449057;47;41359343
32449164;32449112;26;40030613
32449166;32449082;42;40030461
32449166;32449187;48;40030464
32449166;32449279;96;40030467
32449167;32448978;88;40361215
32449167;32449215;22;40371519
32449167;32449224;148;39922575
32449169;32449138;16;40306992
32449169;32449198;16;40306997
32449169;32449214;43;42016736
32449172;32449125;174;41388211
32449172;32449429;177;40492918
32449176;32449347;76;41388242
32449177;32449138;43;40283176
32449177;32449150;16;40483900
32449177;32449210;26;40283179
32449177;32449214;16;40483901
32449178;32449161;19;41638174
32449179;32449155;25;42016748
32449180;32448868;153;40587763
32449180;32449047;130;40587761
32449180;32449687;218;40480867
32449181;32449147;23;41388200
32449181;32449290;58;41388166
32449181;32449429;95;41388203
32449182;32449124;54;40283190
32449182;32449150;32;40283184
32449182;32449210;17;40283193
32449185;32449301;62;41072226
32449186;32449110;39;40629642
32449186;32449110;125;41359409
32449186;32449240;98;41359412
32449187;32449113;36;40860980
32449187;32449166;48;40030463
32449187;32449212;111;40030466
32449191;32448942;337;39922573
32449191;32449224;225;39922578
32449191;32449425;254;40568753
32449192;32449266;125;40372991
32449192;32449384;75;39923922
32449198;32449169;16;40306996
32449198;32449233;16;40306999
32449198;32449245;42;40283165
32449200;32449042;129;40674780
32449200;32449235;132;40592530
32449200;32449505;149;40674781
32449205;32448921;169;40616051
32449205;32448921;136;41337921
32449209;32449386;76;41604788
32449210;32449177;26;40283178
32449210;32449182;17;40283192
32449210;32449241;18;40283195
32449212;32449016;88;40030448
32449212;32449187;111;40030465
32449212;32449410;84;41397887
32449213;32449162;41;41511998
32449213;32449312;76;39820034
32449214;32449169;43;42016735
32449214;32449177;16;40483902
32449214;32449241;21;42016738
32449214;32449245;15;40483903
32449215;32449167;22;40371518
32449215;32449422;87;40537819
32449219;32449029;167;41237421
32449219;32449129;47;40030591
32449219;32449178;88;41237431
32449219;32449443;169;41237424
32449220;32449243;75;40537824
32449220;32449275;121;40537815
32449220;32449722;238;42006560
32449222;32449329;158;39922925
32449224;32448983;324;41071565
32449224;32449167;148;39922576
32449224;32449191;225;39922577
32449225;32449145;77;42033938
32449225;32449246;14;42033933
32449226;32449341;54;39923082
32449228;32449153;43;40306995
32449228;32449254;14;40485494
32449228;32449269;27;40307000
32449231;32449616;263;39924079
32449232;32449008;359;39924024
32449232;32449123;57;40691952
32449232;32449284;47;40395037
32449232;32449411;76;39923851
32449233;32449198;16;40306998
32449233;32449274;21;40307003
32449233;32449278;42;40283161
32449235;32449047;92;39820373
32449235;32449200;132;40592531
32449235;32449505;112;39820376
32449240;32449186;98;41359413
32449240;32449244;49;41359414
32449240;32449340;40;41359345
32449241;32449210;18;40283194
32449241;32449214;21;42016737
32449241;32449269;31;42016740
32449242;32449333;58;40383344
32449243;32449220;75;40537825
32449244;32449130;52;40629655
32449244;32449240;49;41359415
32449244;32449373;46;40629658
32449245;32449198;42;40283164
32449245;32449214;15;40483904
32449245;32449278;17;40483905
32449245;32449293;45;40283167
32449246;32449080;100;42033940
32449246;32449225;14;42033932
32449246;32449285;22;42033943
32449247;32449134;83;39923018
32449247;32449262;12;40186513
32449250;32449341;63;39923059
32449253;32449058;127;39922582
32449253;32449139;70;40537763
32449253;32449534;140;40568771
32449253;32449576;181;39922583
32449254;32449289;24;41841516
32449254;32449339;38;40485495
32449256;32449343;38;41614483
32449257;32449213;132;41001219
32449257;32449312;68;41345305
32449259;32448997;120;39924092
32449259;32449284;49;40306718
32449262;32449247;12;40186514
32449262;32449273;9;40186511
32449266;32449192;125;40372990
32449268;32449340;146;41359376
32449269;32449228;27;40307001
32449269;32449241;31;42016739
32449269;32449287;12;40307004
32449269;32449289;14;40283169
32449270;32449085;94;41605578
32449270;32449158;98;41500690
32449271;32449513;90;39923987
32449272;32448896;171;42036747
32449272;32449304;61;42036748
32449272;32449476;75;41763357
32449273;32449262;9;40186512
32449273;32449301;23;41174997
32449274;32449233;21;40307002
32449274;32449313;18;40307007
32449274;32449327;42;40283151
32449275;32449220;121;40537814
32449275;32449320;73;40537817
32449275;32449496;98;39923100
32449276;32449046;139;39924126
32449276;32449142;85;40307031
32449276;32449438;78;39924129
32449277;32449376;38;41614480
32449278;32449233;42;40283160
32449278;32449245;17;40483906
32449278;32449327;21;40483907
32449278;32449330;40;40283163
32449279;32449166;96;40030468
32449279;32449547;152;40030469
32449280;32449363;131;41141598
32449283;32448932;322;41954420
32449283;32449386;67;39923125
32449283;32449450;68;41954423
32449284;32449232;47;40395038
32449284;32449259;49;40306717
32449284;32449335;39;40691942
32449284;32449354;24;39924097
32449285;32449153;77;39924109
32449285;32449246;22;42033942
32449285;32449367;35;42033934
32449286;32449390;108;41183858
32449286;32449418;93;41183845
32449286;32449428;128;41183859
32449287;32449269;12;40307005
32449287;32449293;7;40307008
32449287;32449395;50;40283152
32449289;32449254;24;41841517
32449289;32449269;14;40283168
32449289;32449339;19;40283171
32449290;32449181;58;41388167
32449293;32449245;45;40283166
32449293;32449287;7;40307009
32449293;32449314;10;40307010
32449295;32449333;13;39924133
32449296;32449458;55;41397890
32449297;32448521;368;41289099
32449297;32449452;52;41289102
32449297;32451424;1221;40908947
32449298;32449372;35;42016741
32449301;32449185;62;41072225
32449301;32449273;23;41174998
32449301;32449380;42;41174999
32449304;32449317;14;40395040
32449304;32449605;116;39923847
32449307;32449443;54;41237447
32449308;32449360;30;40030550
32449308;32449360;189;40030549
32449308;32449490;75;40030545
32449310;32449141;86;40030472
32449310;32449343;19;41614485
32449310;32449608;116;40030473
32449312;32449213;76;39820033
32449312;32449362;26;39923177
32449312;32449409;82;39869452
32449313;32449274;18;40307006
32449313;32449375;39;40283147
32449313;32449407;44;40307013
32449314;32449293;10;40307011
32449314;32449330;7;40307014
32449314;32449395;35;40283198
32449317;32449259;24;39924093
32449317;32449304;14;40395039
32449317;32449335;19;40395042
32449318;32449108;321;39922947
32449318;32449442;43;40571777
32449319;32449449;60;41359400
32449320;32449275;73;40537816
32449321;32447965;598;39922488
32449321;32449338;127;41604118
32449321;32449489;60;39922489
32449324;32449032;150;39923072
32449324;32449377;31;41183834
32449324;32449390;64;41183831
32449324;32449463;56;39923075
32449327;32449274;42;40283150
32449327;32449278;21;40483908
32449327;32449375;17;40483909
32449327;32449378;32;40283155
32449329;32449065;116;41300841
32449329;32449222;158;39922926
32449329;32449342;5;41174981
32449329;32449400;77;41174977
32449330;32449278;40;40283162
32449330;32449314;7;40307015
32449330;32449349;9;40307016
32449331;32449449;47;41359350
32449332;32449058;178;40568757
32449332;32449455;51;39922570
32449333;32449242;58;40383343
32449333;32449295;13;39924134
32449333;32449601;116;39924135
32449335;32449284;39;40691943
32449335;32449317;19;40395041
32449335;32449354;30;39924082
32449337;32449467;54;41237439
32449338;32448024;577;40636491
32449338;32449321;127;41604117
32449338;32449502;61;41604116
32449339;32449289;19;40283170
32449339;32449372;14;40283173
32449340;32449240;40;41359344
32449340;32449268;146;41359377
32449340;32449373;54;41359378
32449341;32449226;54;39923083
32449341;32449250;63;39923058
32449341;32449450;71;39923061
32449341;32449541;87;39923084
32449342;32449329;5;41174982
32449342;32449498;60;41174987
32449343;32449256;38;41614482
32449343;32449310;19;41614486
32449343;32449376;18;41614487
32449347;32449176;76;41388243
32449347;32449352;3;42016760
32449347;32449462;51;41388244
32449347;32449462;70;42016757
32449349;32449330;9;40307017
32449349;32449378;13;40307018
32449349;32449419;35;40283196
32449352;32449347;3;42016759
32449352;32449462;54;42016762
32449354;32449284;24;39924096
32449354;32449335;30;39924081
32449354;32449648;118;39924099
32449357;32449475;51;41359354
32449359;32449084;120;41068912
32449359;32449111;159;41203663
32449360;32449308;30;40030551
32449360;32449308;189;40030548
32449360;32449471;70;41205023
32449361;32449384;32;39922480
32449361;32449558;77;39922459
32449362;32449312;26;39923178
32449362;32449318;42;39922948
32449362;32449442;51;40571442
32449363;32449280;131;41141599
32449363;32449436;34;39923034
32449364;32449134;116;40030043
32449364;32449460;45;40030044
32449367;32449285;35;42033935
32449367;32449447;44;42033936
32449367;32449527;84;39923787
32449372;32449298;35;42016742
32449372;32449339;14;40283172
32449372;32449398;12;40283175
32449373;32449244;46;40629657
32449373;32449340;54;41359379
32449373;32449512;53;40629660
32449374;32449178;145;41638175
32449374;32449219;85;41237448
32449375;32449313;39;40283146
32449375;32449327;17;40483910
32449375;32449407;15;40483911
32449375;32449408;27;40283149
32449376;32449277;38;41614481
32449376;32449343;18;41614488
32449376;32449491;59;41614484
32449377;32449063;150;41183864
32449377;32449324;31;41183833
32449377;32449399;16;41183836
32449377;32449511;62;41183865
32449378;32449327;32;40283154
32449378;32449349;13;40307019
32449378;32449402;14;40307020
32449378;32449419;50;40283157
32449380;32449301;42;41175000
32449380;32449531;81;41359382
32449380;32449570;131;41758191
32449381;32449543;88;40632215
32449384;32449361;32;39922479
32449384;32449476;137;39922482
32449385;32449497;50;41359403
32449386;32449209;76;41604789
32449386;32449283;67;39923124
32449386;32449448;41;39923127
32449390;32449286;108;41183857
32449390;32449324;64;41183832
32449390;32449403;10;41183862
32449390;32449418;15;41183837
32449391;32449427;37;40030616
32449391;32449434;75;40915933
32449391;32449434;91;40915930
32449395;32449287;50;40283153
32449395;32449314;35;40283199
32449395;32449419;16;40283158
32449396;32449036;298;40848467
32449396;32449821;192;41281094
32449398;32449372;12;40283174
32449398;32449444;22;42016743
32449399;32449083;185;41183830
32449399;32449083;150;41183849
32449399;32449377;16;41183835
32449399;32449511;49;41183852
32449400;32449329;77;41174978
32449400;32449509;217;41174979
32449400;32449556;64;39922941
32449402;32449378;14;40307021
32449402;32449408;3;40307022
32449402;32449440;17;42016764
32449403;32449390;10;41183861
32449404;32449114;128;41302384
32449404;32449543;74;41565730
32449404;32449658;107;40632176
32449407;32449313;44;40307012
32449407;32449375;15;40483912
32449407;32449445;21;40307025
32449408;32449375;27;40283148
32449408;32449402;3;40307023
32449408;32449424;12;40307026
32449409;32449576;131;41345306
32449410;32449212;84;41397888
32449410;32449458;190;40030449
32449410;32449635;94;41397891
32449411;32449008;290;40579295
32449411;32449232;76;39923850
32449411;32449616;92;39923853
32449418;32449286;93;41183846
32449418;32449390;15;41183838
32449418;32449428;6;41183839
32449419;32449349;35;40283197
32449419;32449378;50;40283156
32449419;32449395;16;40283159
32449422;32449215;87;40537818
32449422;32449427;48;40030617
32449422;32449688;118;40030568
32449422;32449688;137;40030620
32449423;32449545;46;39923098
32449424;32449408;12;40307027
32449424;32449445;7;40307028
32449424;32449465;16;42016733
32449425;32449191;254;40568754
32449427;32449391;37;40030615
32449427;32449422;48;40030618
32449427;32449503;27;41087665
32449428;32449286;128;41183860
32449428;32449418;6;41183840
32449428;32449451;9;41183841
32449429;32449172;177;40492917
32449429;32449181;95;41388202
32449429;32449559;66;40492920
32449431;32448809;353;39922949
32449431;32449060;164;41345940
32449433;32449563;113;40043715
32449434;32449391;75;40915932
32449434;32449391;91;40915931
32449435;32449488;239;40030552
32449435;32449488;247;40568756
32449435;32449488;23;40371485
32449436;32450098;352;41345944
32449438;32449276;78;39924128
32449438;32449482;19;39924101
32449439;32449143;229;40461330
32449440;32449402;17;42016763
32449442;32449318;43;40571778
32449442;32449362;51;40571443
32449442;32449723;125;41347807
32449442;32449916;311;41001183
32449443;32449219;169;41237423
32449443;32449307;54;41237446
32449443;32449467;16;41237426
32449444;32449398;22;42016744
32449445;32449407;21;40307024
32449445;32449424;7;40307029
32449445;32449609;76;42016756
32449447;32449367;44;42033937
32449447;32449438;16;39924100
32449448;32449386;41;39923126
32449449;32449319;60;41359401
32449449;32449331;47;41359351
32449449;32449475;18;41359404
32449450;32449283;68;41954422
32449450;32449341;71;39923060
32449450;32449583;107;39923063
32449450;32449622;88;41953048
32449451;32449428;9;41183842
32449451;32449463;10;41072234
32449452;32449297;52;41289101
32449452;32449548;39;41289104
32449455;32449332;51;39922569
32449457;32449143;150;39922432
32449457;32449588;90;39924147
32449457;32449629;94;39922435
32449458;32449296;55;41397889
32449458;32449410;190;40030450
32449458;32449685;94;41397894
32449460;32449364;45;40030045
32449460;32449492;16;41174991
32449460;32449535;51;40186509
32449462;32449347;51;41388245
32449462;32449347;70;42016758
32449462;32449352;54;42016761
32449462;32449501;21;41388246
32449463;32449324;56;39923074
32449463;32449451;10;41072233
32449463;32449570;52;39923077
32449464;32449447;8;39924102
32449465;32449424;16;42016734
32449467;32449337;54;41237438
32449467;32449443;16;41237425
32449467;32449470;4;41237428
32449470;32449467;4;41237427
32449470;32449490;16;41237430
32449470;32449526;27;41237436
32449471;32449360;70;41205024
32449471;32449557;40;41205039
32449471;32449571;78;41205025
32449472;32449527;26;42016746
32449475;32449357;51;41359355
32449475;32449449;18;41359405
32449475;32449497;16;41359406
32449476;32449272;75;41763358
32449476;32449384;137;39922481
32449476;32449572;40;40667338
32449477;32449501;13;42016770
32449481;32449497;45;41359387
32449482;32449484;19;39924104
32449482;32449734;172;39924130
32449484;32449464;9;39924103
32449484;32449508;14;39872435
32449488;32449435;23;40371484
32449488;32449568;37;40371487
32449489;32449321;60;39922490
32449489;32449495;126;40629631
32449489;32449502;129;41174984
32449489;32449743;114;40823610
32449490;32449308;75;40030544
32449490;32449470;16;41237429
32449490;32449507;8;40030547
32449491;32449533;16;41614492
32449491;32449533;60;41614489
32449492;32449364;82;40901970
32449492;32449460;16;41174992
32449492;32449627;72;41174993
32449495;32449489;126;40629632
32449495;32449513;50;40629633
32449495;32449676;76;39923997
32449496;32449275;98;39923101
32449496;32449545;124;39923119
32449496;32449661;84;39923102
32449497;32449385;50;41359402
32449497;32449475;16;41359407
32449497;32449481;45;41359386
32449497;32449531;15;41359389
32449498;32449342;60;41174988
32449498;32449556;80;39922928
32449498;32449627;63;41174989
32449499;32449604;76;40557431
32449500;32448104;1153;41289105
32449500;32449573;39;41289108
32449501;32449462;21;41388247
32449501;32449477;13;42016769
32449501;32449530;15;41388248
32449502;32449338;61;41604115
32449502;32449489;129;41174983
32449502;32449504;10;41174986
32449503;32449427;27;41087664
32449503;32449606;58;41087660
32449503;32449606;57;41087663
32449504;32449502;10;41174985
32449504;32449514;132;41348157
32449505;32449200;149;40674782
32449505;32449235;112;39820375
32449505;32449563;25;40043650
32449505;32449687;127;39820854
32449506;32449530;11;42016772
32449507;32449490;8;40030546
32449507;32449564;38;40568760
32449508;32449484;14;39872436
32449508;32449522;5;40691909
32449509;32449400;217;41174980
32449509;32449512;14;41348158
32449509;32449787;126;40629623
32449510;32449575;37;42016828
32449511;32449377;62;41183866
32449511;32449399;49;41183851
32449511;32449586;42;41183867
32449512;32449373;53;40629659
32449512;32449509;14;41348159
32449512;32449514;25;41348160
32449513;32449271;90;39923988
32449513;32449495;50;40629634
32449513;32449667;68;39923989
32449514;32449504;132;41348156
32449514;32449512;25;41348161
32449514;32449529;7;40629689
32449518;32449538;17;41410481
32449519;32449584;39;41388146
32449520;32448669;433;40567979
32449522;32449508;5;40691910
32449522;32449711;119;40691901
32449526;32449374;112;41638176
32449526;32449470;27;41237437
32449527;32449367;84;39923788
32449527;32449472;26;42016745
32449527;32449595;44;39923789
32449529;32449514;7;40629690
32449530;32449501;15;41388249
32449530;32449506;11;42016771
32449530;32449589;36;41388250
32449531;32449380;81;41359383
32449531;32449497;15;41359388
32449531;32449555;21;41359384
32449533;32449491;16;41614493
32449533;32449491;60;41614490
32449533;32449665;67;41614491
32449534;32449253;140;40568772
32449534;32449752;132;40568779
32449534;32449753;175;40568773
32449535;32449273;171;40186510
32449535;32449460;51;40186508
32449538;32449518;17;41410482
32449538;32449553;15;41410483
32449538;32449564;13;41237445
32449541;32449341;87;39923085
32449541;32449622;70;40557388
32449541;32449708;88;39923086
32449543;32449381;88;40632214
32449543;32449404;74;41565731
32449543;32449656;69;41565732
32449545;32449423;46;39923099
32449545;32449496;124;39923118
32449547;32449279;152;40030470
32449547;32449613;104;40030456
32449547;32449613;125;40030453
32449548;32449452;39;41289103
32449548;32449796;122;41203653
32449553;32449538;15;41410484
32449555;32449531;21;41359385
32449556;32449400;64;39922942
32449556;32449498;80;39922927
32449556;32449603;92;39922930
32449556;32449698;62;39922943
32449557;32449471;40;41205040
32449558;32449361;77;39922460
32449558;32449633;155;40667322
32449558;32449736;91;39922461
32449559;32448840;336;40492916
32449559;32449429;66;40492919
32449559;32449584;22;41388158
32449563;32449433;113;40043714
32449563;32449505;25;40043651
32449563;32449681;60;40043652
32449564;32449507;38;40568759
32449564;32449538;13;41237444
32449564;32449714;138;40568762
32449567;32449634;31;41317651
32449567;32450488;498;41317658
32449568;32449488;37;40371486
32449568;32449664;48;41380817
32449570;32449380;131;41758192
32449570;32449463;52;39923076
32449570;32449683;84;39923013
32449571;32449471;78;41205026
32449571;32449664;77;40568766
32449571;32449673;51;40568763
32449572;32449476;40;40667339
32449572;32449605;62;40395032
32449572;32449675;45;40667303
32449573;32449500;39;41289107
32449573;32449796;139;41349208
32449574;32449589;12;42016774
32449575;32449510;37;42016827
32449575;32449595;10;42016830
32449575;32449607;20;42016823
32449576;32449253;181;39922584
32449576;32450213;502;41345307
32449578;32449656;49;40632175
32449581;32449586;4;39923094
32449583;32449450;107;39923062
32449584;32449519;39;41388147
32449584;32449559;22;41388159
32449584;32449772;101;41388148
32449586;32449511;42;41183868
32449586;32449581;4;39923095
32449586;32449649;26;39923096
32449587;32449596;2;39923819
32449588;32449457;90;39924146
32449588;32449716;97;39924149
32449588;32449745;94;39924015
32449589;32449530;36;41388251
32449589;32449574;12;42016773
32449589;32449612;15;41388252
32449592;32449833;115;40567976
32449594;32449638;28;41302003
32449594;32449650;70;41362399
32449594;32449682;51;41305772
32449595;32449527;44;39923790
32449595;32449575;10;42016829
32449595;32449607;12;39923791
32449596;32449587;2;39923820
32449596;32449621;79;42016825
32449596;32449684;50;39923821
32449599;32449617;22;41205034
32449600;32449636;20;40030485
32449600;32449965;347;39884754
32449601;32449333;116;39924136
32449601;32449716;64;39924137
32449601;32449736;128;39924144
32449602;32449612;11;42016776
32449603;32449556;92;39922929
32449604;32449499;76;40557430
32449604;32449715;62;39923037
32449605;32449304;116;39923846
32449605;32449572;62;40395031
32449605;32449648;63;40395034
32449606;32449503;58;41087661
32449606;32449503;57;41087662
32449607;32449575;20;42016824
32449607;32449595;12;39923792
32449607;32449621;9;39923793
32449608;32449310;116;40030474
32449608;32449665;47;40030481
32449608;32449778;142;40030475
32449609;32449445;76;42016755
32449609;32449611;3;42016752
32449609;32449623;46;42016749
32449609;32449623;46;41388255
32449611;32449609;3;42016751
32449611;32449623;67;42016754
32449612;32449589;15;41388253
32449612;32449602;11;42016775
32449612;32449623;6;41388256
32449613;32449547;104;40030455
32449613;32449547;125;40030454
32449613;32449635;98;40030452
32449614;32449520;157;40024733
32449614;32449845;247;40567980
32449616;32449231;263;39924080
32449616;32449411;92;39923852
32449616;32449648;148;40395035
32449616;32449806;90;39923855
32449617;32449599;22;41205033
32449617;32449639;16;41205036
32449617;32449655;18;41205029
32449619;32449697;72;40030528
32449619;32449697;32;40852450
32449621;32449596;79;42016826
32449621;32449607;9;39923794
32449621;32449684;33;39923795
32449622;32449450;88;41953047
32449622;32449541;70;40557387
32449622;32449751;114;40557390
32449622;32449781;88;41954416
32449623;32449609;46;42016750
32449623;32449609;46;41388254
32449623;32449611;67;42016753
32449623;32449612;6;41388257
32449625;32449362;228;41347516
32449625;32449966;179;40568681
32449627;32449492;72;41174994
32449627;32449498;63;41174990
32449627;32449755;77;41174995
32449629;32449457;94;39922434
32449629;32449741;65;39922437
32449629;32449745;89;39923749
32449632;32449614;25;40567981
32449633;32449558;155;40667321
32449634;32449567;31;41317650
32449635;32449410;94;41397892
32449635;32449613;98;40030451
32449635;32449674;104;41397895
32449636;32449141;398;40030440
32449636;32449600;20;40030486
32449636;32449801;89;40030487
32449636;32449825;175;40030441
32449638;32449594;28;41302004
32449638;32449668;18;41301844
32449638;32449703;39;41301845
32449639;32449617;16;41205035
32449639;32449673;28;41205038
32449639;32449678;18;41205031
32449641;32449849;107;41388270
32449642;32449691;74;40632219
32449644;32449715;68;39923048
32449647;32449730;60;40592517
32449648;32449354;118;39924098
32449648;32449605;63;40395033
32449648;32449616;148;40395036
32449648;32449768;73;39923870
32449648;32449863;176;40356268
32449649;32449586;26;39923097
32449649;32449683;15;39923052
32449649;32449861;188;39923051
32449650;32449594;70;41362398
32449650;32449682;19;39923806
32449650;32449719;47;41362397
32449655;32449617;18;41205030
32449656;32449543;69;41565733
32449656;32449578;49;40632174
32449656;32449691;19;41565734
32449658;32449404;107;40632177
32449661;32449496;84;39923103
32449661;32449712;156;39923115
32449661;32449809;85;39923104
32449662;32449045;253;40592479
32449662;32449774;350;40674776
32449662;32449777;152;40674783
32449663;32449763;51;40588104
32449664;32449568;48;41380816
32449664;32449571;77;40568765
32449664;32449749;82;40030553
32449664;32449765;60;40030668
32449665;32449608;47;40030482
32449665;32449894;212;40030483
32449666;32449619;65;40030527
32449666;32449801;130;40030524
32449667;32449513;68;39923990
32449668;32449638;18;41301843
32449668;32449724;39;40843258
32449668;32449760;89;40843255
32449671;32449821;113;40632289
32449672;32449708;33;39923065
32449673;32449571;51;40568764
32449673;32449639;28;41205037
32449673;32449714;25;40568767
32449674;32449635;104;41397896
32449674;32449685;51;41397897
32449674;32449885;134;41397900
32449675;32449572;45;40667304
32449675;32449686;16;40970551
32449675;32449823;74;40667305
32449676;32449495;76;39923998
32449678;32449639;18;41205032
32449681;32449563;60;40043653
32449681;32449730;39;40043654
32449681;32449872;148;40043716
32449682;32449594;51;41305773
32449682;32449650;19;39923805
32449682;32449703;17;39923808
32449683;32449649;15;39923053
32449683;32450290;319;39923014
32449684;32449596;50;39923822
32449684;32449621;33;39923796
32449684;32449847;88;39923797
32449685;32449458;94;41397893
32449685;32449674;51;41397898
32449685;32449885;110;41397901
32449686;32449675;16;40970552
32449687;32449180;218;40480866
32449687;32449505;127;39820855
32449687;32449721;28;40587803
32449688;32449422;137;40030619
32449688;32449422;118;40030567
32449688;32449780;48;40030570
32449691;32449642;74;40632218
32449691;32449656;19;41565735
32449691;32449951;177;41565736
32449697;32449666;35;40030529
32449698;32449556;62;39922944
32449698;32449755;52;39922945
32449698;32449787;253;39922936
32449700;32449621;48;42047141
32449700;32449706;54;42047139
32449703;32449638;39;41301846
32449703;32449682;17;39923807
32449703;32449724;19;39923810
32449706;32449700;54;42047140
32449708;32449541;88;39923087
32449708;32449672;33;39923064
32449708;32449781;70;39923067
32449708;32449861;88;39923088
32449710;32449757;38;40667316
32449711;32449522;119;40691902
32449711;32449700;12;42047142
32449711;32449889;116;40691903
32449712;32449661;156;39923114
32449712;32449723;47;39923117
32449712;32449868;78;40571791
32449713;32449954;129;40337269
32449714;32449564;138;40568761
32449714;32449673;25;40568768
32449714;32449770;59;41205017
32449715;32449604;62;39923036
32449715;32449644;68;39923049
32449715;32450027;177;39923039
32449716;32449588;97;39924148
32449716;32449601;64;39924138
32449716;32449804;65;39924151
32449716;32449871;96;39924139
32449718;32450198;260;40590102
32449719;32449650;47;41362396
32449721;32449687;28;40587804
32449721;32449828;87;40587805
32449721;32449872;97;40592491
32449722;32449220;238;42006561
32449722;32449809;98;41347806
32449722;32449867;82;40537754
32449723;32449442;125;41347808
32449723;32449712;47;39923116
32449723;32449880;79;41347809
32449724;32449668;39;40843257
32449724;32449703;19;39923809
32449724;32449814;54;39923812
32449725;32449803;41;40030562
32449727;32449625;80;41347517
32449728;32449814;59;39923802
32449730;32449647;60;40592516
32449730;32449681;39;40043655
32449730;32449774;34;40043656
32449731;32450802;582;39922491
32449734;32449482;172;39924131
32449734;32449741;7;40691964
32449736;32449558;91;39922462
32449736;32449601;128;39924143
32449736;32449791;32;39922463
32449738;32449942;155;41090701
32449739;32449803;63;40030566
32449741;32449629;65;39922436
32449741;32449734;7;40691965
32449741;32449782;24;39923767
32449741;32449827;62;39868886
32449743;32449489;114;40823611
32449743;32449763;158;39922937
32449743;32449876;64;40823612
32449745;32449588;94;39924016
32449745;32449871;96;41728268
32449746;32449830;44;41359364
32449749;32449664;82;40030554
32449749;32449843;90;40030555
32449749;32449906;87;40030543
32449751;32449622;114;40557389
32449752;32449534;132;40568780
32449753;32449534;175;40568774
32449753;32449854;119;40568775
32449753;32449957;109;40568747
32449755;32449627;77;41174996
32449755;32449698;52;39922946
32449755;32449790;21;40976407
32449757;32449710;38;40667315
32449757;32449823;88;40667318
32449757;32449836;42;40667309
32449760;32449668;89;40843256
32449763;32449663;51;40588105
32449763;32449743;158;39922938
32449763;32449787;156;39922939
32449763;32449892;61;40588106
32449765;32449664;60;40030667
32449765;32449937;97;40030666
32449768;32449648;73;39923869
32449768;32449974;172;39924084
32449768;32450070;172;39923872
32449770;32449714;59;41205018
32449772;32449584;101;41388149
32449772;32449960;100;41388150
32449772;32449960;276;41388191
32449774;32449662;350;40674775
32449774;32449730;34;40043657
32449774;32449877;65;40043658
32449777;32449662;152;40674784
32449777;32449779;71;40592470
32449777;32449975;95;40674785
32449778;32449608;142;40030476
32449778;32449929;113;40756189
32449779;32449777;71;40592471
32449779;32449783;157;40592472
32449779;32449986;227;40592485
32449780;32449688;48;40030569
32449780;32449981;142;40030574
32449780;32449981;100;40030572
32449781;32449622;88;41954415
32449781;32449708;70;39923066
32449781;32449897;109;39923069
32449781;32449928;89;41953050
32449782;32449741;24;39923768
32449782;32449797;12;39923743
32449782;32449890;71;39923769
32449783;32449779;157;40592473
32449785;32449849;69;41388260
32449787;32449509;126;40629624
32449787;32449698;253;39922935
32449787;32449763;156;39922940
32449787;32449905;58;40629625
32449789;32449847;63;41744888
32449790;32449755;21;40976408
32449790;32449830;27;41359340
32449790;32449933;93;40976409
32449791;32449736;32;39922464
32449791;32449884;53;39922465
32449791;32449898;81;39922418
32449796;32449548;122;41203652
32449796;32449573;139;41349207
32449796;32449902;63;41203655
32449796;32450042;158;41782355
32449797;32449782;12;39923744
32449797;32449862;42;41424530
32449799;32449964;164;40646877
32449801;32449636;89;40030488
32449801;32449666;130;40030523
32449801;32449886;87;40030526
32449801;32449894;140;40030489
32449803;32449725;41;40030561
32449803;32449739;63;40030565
32449803;32449865;36;40030564
32449804;32449716;65;39924150
32449804;32449884;67;39924153
32449804;32449955;96;39922451
32449806;32449616;90;39923854
32449806;32449863;43;40691961
32449806;32450726;377;39923857
32449809;32449661;85;39923105
32449809;32449722;98;41347805
32449809;32449855;133;39923131
32449809;32449915;62;41347791
32449812;32449819;147;40030480
32449814;32449724;54;39923811
32449814;32449728;59;39923801
32449814;32449903;60;39923814
32449814;32449980;124;39923804
32449815;32448813;565;40557146
32449819;32449778;20;40030477
32449819;32449812;147;40030479
32449821;32449396;192;41281093
32449821;32449671;113;40632288
32449821;32449930;59;41281096
32449823;32449675;74;40667306
32449823;32449757;88;40667317
32449823;32450038;111;40667298
32449825;32449636;175;40030442
32449825;32449846;19;41809686
32449825;32449968;81;40030530
32449827;32449741;62;39868887
32449827;32449840;7;41424553
32449827;32449958;104;39868888
32449828;32449721;87;40587806
32449828;32450007;102;41140994
32449828;32451128;1795;40587807
32449830;32449746;44;41359365
32449830;32449790;27;41359341
32449830;32449856;18;41359366
32449833;32449845;7;40567977
32449836;32449757;42;40667310
32449840;32449827;7;41424552
32449840;32449862;23;40681462
32449843;32449749;90;40030556
32449843;32449865;29;40030557
32449843;32449866;17;41507330
32449845;32449879;22;40024727
32449846;32449825;19;41809687
32449847;32449684;88;39923798
32449847;32449789;63;41744887
32449847;32449889;34;39923799
32449849;32449641;107;41388271
32449849;32449785;69;41388261
32449849;32449932;50;41388272
32449851;32450050;113;40029926
32449854;32449753;119;40568776
32449854;32450014;88;39923180
32449855;32449809;133;39923130
32449855;32449868;61;39923133
32449855;32449978;72;40571765
32449856;32449830;18;41359367
32449861;32449649;188;39923050
32449861;32449708;88;39923089
32449861;32449928;70;39923055
32449861;32450039;108;39923090
32449862;32449797;42;41424531
32449862;32449840;23;40681461
32449862;32450054;102;41424532
32449863;32449648;176;40356269
32449863;32449806;43;40691960
32449863;32449974;66;40576050
32449865;32449803;36;40030563
32449865;32449843;29;40030558
32449865;32449981;268;40030559
32449866;32449888;14;41507331
32449867;32449722;82;40537755
32449867;32449969;103;39923175
32449867;32450008;79;40537756
32449868;32449712;78;40571792
32449868;32449855;61;39923132
32449868;32449880;44;39923135
32449868;32450022;75;40571793
32449871;32449716;96;39924140
32449871;32449946;59;41701288
32449871;32449979;65;39924141
32449872;32449681;148;40043717
32449872;32449721;97;40592490
32449872;32449939;49;40043718
32449874;32449932;70;41388264
32449876;32449743;64;40823613
32449876;32449892;158;39922502
32449876;32449982;50;40823614
32449877;32449774;65;40043659
32449877;32449977;59;40043660
32449877;32449987;87;40592480
32449879;32450017;68;40366600
32449879;32450287;225;40024728
32449880;32449723;79;41347810
32449880;32449868;44;39923134
32449880;32450312;193;41293158
32449882;32449995;103;40632297
32449884;32449791;53;39922466
32449884;32449804;67;39924152
32449884;32449925;25;39922467
32449885;32449674;134;41397899
32449885;32449685;110;41397902
32449885;32449988;47;41397903
32449886;32449801;87;40030525
32449888;32449908;17;41507332
32449889;32449711;116;40691904
32449889;32449847;34;39923800
32449889;32450432;265;40691905
32449890;32449782;71;39923770
32449890;32449980;60;39923771
32449890;32450119;127;39922441
32449892;32449763;61;40588107
32449892;32449876;158;39922501
32449892;32449905;156;39922506
32449892;32450051;75;40588108
32449894;32449665;212;40030484
32449894;32449801;140;40030490
32449894;32450074;106;40030491
32449895;32449905;94;39922507
32449895;32449933;133;39922504
32449895;32450092;113;40629661
32449897;32449781;109;39923068
32449898;32449791;81;39922419
32449898;32450032;105;41499616
32449902;32449796;63;41203654
32449902;32449962;38;41203657
32449902;32450373;366;40603743
32449903;32449814;60;39923813
32449903;32449985;52;39923816
32449903;32450080;123;39923746
32449905;32449787;58;40629626
32449905;32449892;156;39922505
32449905;32449895;94;39922508
32449905;32450019;56;40629627
32449906;32449526;358;41638177
32449906;32449749;87;40030542
32449908;32449888;17;41507333
32449908;32449948;151;41842481
32449908;32449948;21;41158095
32449915;32449809;62;41347792
32449915;32449969;27;41347793
32449915;32450041;120;39923120
32449916;32449442;311;41001184
32449916;32449966;115;40571788
32449916;32450189;124;41001185
32449921;32450000;91;41359380
32449925;32449884;25;39922468
32449925;32449952;20;41165845
32449925;32449972;21;39922469
32449928;32449781;89;41953049
32449928;32449861;70;39923054
32449928;32450084;129;39923057
32449928;32450215;149;39923079
32449929;32449944;20;40756190
32449929;32450348;284;40592518
32449930;32449821;59;41281095
32449930;32449963;59;40632274
32449930;32450001;33;41281098
32449931;32450340;186;39923970
32449932;32449849;50;41388273
32449932;32449874;70;41388265
32449932;32449949;108;41388274
32449932;32449961;27;41388266
32449933;32449790;93;40976410
32449933;32449895;133;39922503
32449933;32450000;37;40976411
32449937;32449765;97;40030665
32449937;32450056;62;40371481
32449939;32449872;49;40043719
32449939;32450007;55;41228574
32449942;32449738;155;41090700
32449942;32450147;111;41707304
32449944;32449819;76;40030478
32449944;32449929;20;40756191
32449944;32450284;224;40756187
32449946;32449955;5;41701289
32449946;32450058;65;39923764
32449947;32450027;71;40557432
32449948;32449908;151;41842480
32449948;32449908;21;41158096
32449948;32450012;33;41158097
32449949;32449932;108;41388275
32449951;32449691;177;41565737
32449951;32450003;178;40632188
32449951;32450077;68;41565738
32449952;32449925;20;41165844
32449954;32449713;129;40337268
32449954;32449995;19;40337271
32449954;32450088;94;40632252
32449955;32449804;96;39922452
32449955;32450069;86;41715722
32449957;32449753;109;40568748
32449958;32449827;104;39868889
32449958;32449979;16;39868890
32449958;32449984;17;41424549
32449959;32450198;197;40337093
32449960;32449772;276;41388190
32449960;32449772;100;41388151
32449960;32450531;332;41388152
32449961;32449932;27;41388267
32449961;32449990;31;41388268
32449961;32450030;35;41388262
32449962;32449902;38;41203656
32449962;32450045;59;40603741
32449962;32450373;273;41203659
32449963;32449930;59;40632275
32449963;32450009;113;40632276
32449963;32450184;268;40632280
32449964;32449799;164;40646878
32449965;32450056;170;40371483
32449965;32450276;272;39884755
32449966;32449625;179;40568682
32449966;32449916;115;40571787
32449966;32450050;135;40571790
32449966;32450227;120;39923258
32449968;32449825;81;40030531
32449968;32450056;82;40030538
32449968;32450456;224;40371464
32449969;32449867;103;39923174
32449969;32449915;27;41347794
32449969;32450052;43;41347795
32449971;32450164;92;40568744
32449972;32449925;21;39922470
32449972;32450057;65;41499618
32449972;32450069;51;39922471
32449974;32449768;172;39924083
32449974;32449863;66;40576049
32449975;32449777;95;40674786
32449977;32449877;59;40043661
32449977;32450067;61;40592512
32449977;32450086;63;40043662
32449978;32449855;72;40571766
32449978;32450041;36;40571767
32449978;32450053;118;40571785
32449979;32449871;65;39924142
32449979;32449958;16;39868891
32449979;32450058;58;39868892
32449980;32449814;124;39923803
32449980;32449890;60;39923772
32449980;32450080;59;39923773
32449981;32449780;142;40030573
32449981;32449780;100;40030571
32449981;32449865;268;40030560
32449981;32450134;74;40030621
32449982;32449876;50;40823615
32449982;32450051;162;39922497
32449982;32450314;143;40823616
32449984;32449958;17;41424548
32449984;32449994;6;41424545
32449985;32449903;52;39923815
32449985;32450160;122;41300743
32449985;32450170;132;39923818
32449986;32449779;227;40592484
32449986;32449999;7;40592487
32449986;32450006;70;40592474
32449987;32449877;87;40592481
32449988;32449885;47;41397904
32449989;32450442;539;41068940
32449990;32449961;31;41388269
32449994;32449984;6;41424544
32449994;32450054;55;39924034
32449995;32449882;103;40632296
32449995;32449954;19;40337270
32449995;32450002;153;40337273
32449998;32450402;448;41068893
32449999;32449986;7;40592486
32449999;32450006;69;40043709
32449999;32450034;28;40043710
32450000;32449921;91;41359381
32450000;32449933;37;40976412
32450000;32450055;30;40976413
32450001;32449930;33;41281097
32450001;32450002;19;40337274
32450001;32450150;66;41281100
32450002;32449995;153;40337272
32450002;32450001;19;40337275
32450002;32450207;187;40337276
32450003;32449951;178;40632189
32450005;32448845;567;40557118
32450005;32450139;188;41615096
32450005;32450417;192;40557121
32450006;32449986;70;40592475
32450006;32449999;69;40043708
32450006;32450086;55;40043713
32450007;32449828;102;41140995
32450007;32449939;55;41228575
32450007;32450301;147;41140996
32450008;32449867;79;40537757
32450008;32450123;109;39923107
32450008;32450169;85;40537758
32450009;32449963;113;40632277
32450012;32449906;107;41638178
32450012;32449948;33;41158098
32450014;32449854;88;39923179
32450014;32450164;142;40030624
32450014;32450213;95;39923182
32450017;32450130;77;40615258
32450019;32449905;56;40629628
32450019;32450051;157;39922500
32450019;32450368;144;40629629
32450020;32450082;28;40337013
32450020;32450100;66;41720370
32450022;32449868;75;40571794
32450027;32449715;177;39923038
32450027;32449947;71;40557433
32450027;32450200;90;39923041
32450030;32449961;35;41388263
32450032;32450063;30;41590528
32450034;32449999;28;40043711
32450038;32449823;111;40667299
32450038;32450060;27;39923873
32450038;32450063;9;40667311
32450039;32449861;108;39923091
32450041;32449915;120;39923121
32450041;32449978;36;40571768
32450041;32450115;38;40571769
32450042;32449796;158;41782354
32450042;32450649;293;40024737
32450045;32449962;59;40603742
32450046;32449570;271;41381988
32450050;32449851;113;40029927
32450050;32449966;135;40571789
32450050;32450305;114;40029928
32450051;32449892;75;40588109
32450051;32449982;162;39922498
32450051;32450019;157;39922499
32450052;32449969;43;41347796
32450052;32450123;36;41347797
32450052;32450168;116;39923122
32450053;32449978;118;40571786
32450054;32449862;102;41424533
32450054;32449994;55;39924033
32450054;32450119;68;39922440
32450054;32450243;91;41424534
32450055;32450000;30;40976414
32450055;32450104;36;41359361
32450055;32450474;210;40976415
32450056;32449937;62;40371480
32450056;32449965;170;40371482
32450056;32449968;82;40030539
32450056;32450172;144;40030541
32450057;32449898;95;39924145
32450057;32449972;65;41499617
32450058;32449946;65;39923765
32450058;32449979;58;39868893
32450058;32450076;14;39868894
32450059;32450172;58;40030627
32450060;32450038;27;39923874
32450060;32450070;15;39923875
32450063;32450032;30;41590529
32450063;32450038;9;40667312
32450063;32450311;109;40667313
32450066;32450152;43;41744889
32450067;32449977;61;40592513
32450069;32449972;51;39922472
32450069;32450203;67;39922473
32450070;32449768;172;39923871
32450070;32450060;15;39923876
32450070;32450101;21;39923877
32450074;32449894;106;40030492
32450074;32450097;189;40030495
32450074;32450349;122;40030493
32450075;32450091;41;40632213
32450076;32450058;14;39868895
32450076;32450192;65;40290672
32450076;32450203;88;39868896
32450077;32449951;68;41565739
32450077;32450091;19;40632200
32450077;32450147;38;41565716
32450080;32449903;123;39923745
32450080;32449980;59;39923774
32450080;32450160;51;39923775
32450082;32450020;28;40337012
32450082;32450131;26;40337015
32450082;32450156;68;41720364
32450083;32450088;82;40632249
32450084;32449431;347;41345941
32450084;32449928;129;39923056
32450086;32449977;63;40043663
32450086;32450006;55;40043712
32450086;32450212;69;40043664
32450088;32449954;94;40632253
32450088;32450083;82;40632248
32450088;32450103;7;40632254
32450090;32450419;153;40029933
32450091;32450075;41;40632212
32450091;32450077;19;40632201
32450091;32450181;195;40632202
32450092;32449895;113;40629662
32450097;32450074;189;40030496
32450097;32450140;98;40030522
32450097;32450140;23;40030497
32450098;32450200;88;39923081
32450098;32450491;181;41345945
32450100;32450020;66;41720371
32450101;32450070;21;39923878
32450101;32450132;27;39923879
32450101;32450138;23;41159904
32450103;32450088;7;40632255
32450103;32450211;54;40632250
32450103;32450248;200;40632256
32450104;32450055;36;41359360
32450104;32450149;35;41359363
32450104;32450201;55;41359359
32450105;32450060;21;40667300
32450105;32450138;27;41159914
32450106;32449632;326;40567972
32450110;32450158;44;41720375
32450115;32450041;38;40571770
32450115;32450168;27;40571771
32450115;32450244;107;39923110
32450118;32450336;114;40603964
32450119;32449890;127;39922442
32450119;32450054;68;39922439
32450119;32450208;42;39922443
32450123;32450008;109;39923106
32450123;32450052;36;41347798
32450123;32450320;91;41347799
32450127;32450387;175;40646876
32450127;32450825;304;40557222
32450130;32450017;77;40615259
32450130;32450453;326;41006042
32450131;32450082;26;40337014
32450131;32450179;24;40337017
32450131;32450217;76;41720366
32450132;32450101;27;39923880
32450132;32450161;28;39923881
32450132;32450173;23;41159940
32450134;32449981;74;40030622
32450134;32450164;287;40371526
32450138;32450101;23;41159903
32450138;32450105;27;41159913
32450138;32450173;28;41159916
32450139;32450005;188;41615097
32450140;32450097;98;40030521
32450140;32450097;23;40030498
32450140;32450196;25;40030499
32450147;32449942;111;41707303
32450147;32450077;38;41565717
32450147;32450158;6;41565718
32450147;32450268;60;41090699
32450149;32450104;35;41359362
32450150;32450001;66;41281099
32450150;32450236;37;40063423
32450152;32450066;43;41744890
32450152;32450165;20;41388259
32450152;32450300;79;41744891
32450156;32450082;68;41720365
32450158;32450110;44;41720374
32450158;32450147;6;41565719
32450158;32450220;29;41565720
32450160;32449985;122;41300742
32450160;32450080;51;39923776
32450160;32450258;48;39923747
32450161;32450132;28;39923882
32450161;32450205;28;39923883
32450161;32450210;23;41159963
32450164;32449971;92;40568743
32450164;32450014;142;40030623
32450164;32450134;287;40371527
32450165;32450152;20;41388258
32450168;32450052;116;39923123
32450168;32450115;27;40571772
32450168;32450267;49;40571773
32450169;32450008;85;40537759
32450169;32450320;115;41810969
32450169;32450351;87;41810966
32450170;32449985;132;39923817
32450172;32450056;144;40030540
32450172;32450059;58;40030628
32450172;32450283;56;40030629
32450173;32450132;23;41159939
32450173;32450138;28;41159915
32450173;32450210;28;41159918
32450177;32450220;34;41720373
32450178;32450046;63;40662872
32450178;32450197;20;40662870
32450179;32450131;24;40337016
32450179;32450237;27;40337019
32450179;32450280;90;41720368
32450181;32450091;195;40632203
32450183;32450105;39;40667301
32450183;32450224;33;40970553
32450184;32449963;268;40632281
32450189;32449916;124;41001186
32450189;32450247;113;40571783
32450189;32450371;74;41001187
32450192;32450076;65;40290671
32450192;32450251;56;40290674
32450192;32450347;103;39923750
32450196;32450140;25;40030500
32450196;32450334;84;40030501
32450196;32450334;83;40030504
32450197;32450178;20;40662871
32450197;32450270;36;40662879
32450197;32450355;298;40662878
32450198;32449718;260;40590103
32450198;32449959;197;40337092
32450198;32450519;132;40590104
32450200;32450027;90;39923040
32450200;32450098;88;39923080
32450200;32450739;218;39923043
32450201;32450104;55;41359358
32450203;32450069;67;39922474
32450203;32450076;88;39868897
32450203;32450380;111;39868898
32450205;32450161;28;39923884
32450205;32450239;28;39923885
32450205;32450286;51;41159922
32450207;32450002;187;40337277
32450208;32450119;42;39922444
32450208;32450302;95;39923778
32450208;32450323;51;39922445
32450209;32449974;123;40576051
32450209;32450322;54;40667320
32450209;32450496;181;39923974
32450210;32450161;23;41159962
32450210;32450173;28;41159917
32450210;32450218;5;41159920
32450211;32450103;54;40632251
32450212;32450086;69;40043665
32450212;32450378;79;40043666
32450212;32450394;131;40592510
32450213;32450014;95;39923181
32450213;32450255;18;40030625
32450213;32450339;312;41347504
32450215;32449928;149;39923078
32450217;32450131;76;41720367
32450218;32450210;5;41159919
32450220;32450158;29;41565721
32450220;32450177;34;41720372
32450220;32450235;8;41565722
32450222;32450269;21;40667325
32450224;32450183;33;40970554
32450224;32450264;28;40970555
32450224;32450265;21;41159880
32450225;32450376;83;40603735
32450225;32450381;79;40603766
32450225;32450407;246;40603763
32450227;32449966;120;39923257
32450227;32450247;9;39923260
32450227;32450305;130;41894570
32450230;32450183;22;40667302
32450230;32450222;11;41001085
32450235;32450220;8;41565723
32450235;32450337;115;41720376
32450235;32450337;48;41565724
32450236;32450150;37;40063422
32450236;32450242;25;40594892
32450236;32450411;553;40594883
32450237;32450179;27;40337018
32450237;32450303;32;40337021
32450237;32450350;97;40337027
32450238;32450287;65;40615260
32450239;32450205;28;39923886
32450239;32450277;28;39923887
32450239;32450286;25;41159900
32450242;32450236;25;40594891
32450242;32450274;135;41303219
32450243;32450054;91;41424535
32450243;32450251;4;41424536
32450244;32450115;107;39923111
32450244;32450312;54;39923112
32450244;32450415;77;40571779
32450247;32450189;113;40571784
32450247;32450227;9;39923259
32450247;32450444;76;39923262
32450248;32450103;200;40632257
32450249;32450380;63;41598934
32450250;32450347;49;41965223
32450251;32450192;56;40290673
32450251;32450243;4;41424537
32450251;32450356;46;41424538
32450254;32450178;35;40662873
32450254;32450270;20;40662875
32450255;32449727;422;41347515
32450255;32450213;18;40030626
32450255;32450505;95;40568749
32450257;32450349;152;40030518
32450258;32450160;48;39923748
32450258;32450297;130;41665579
32450258;32450427;76;39924088
32450261;32450300;19;40681460
32450264;32450224;28;40970556
32450264;32450299;28;40970557
32450264;32450308;20;41159869
32450265;32450224;21;41159879
32450265;32450230;26;41001086
32450265;32450318;23;41159882
32450267;32450168;49;40571774
32450267;32450415;108;39923109
32450267;32450470;83;40571775
32450268;32450147;60;41090698
32450268;32450319;21;40594886
32450269;32450318;28;41159953
32450269;32450358;37;40667326
32450270;32450197;36;40662880
32450270;32450254;20;40662876
32450270;32450517;208;40662881
32450271;32450012;239;41638179
32450272;32450238;110;40603767
32450274;32450242;135;41303218
32450274;32450281;36;41303221
32450275;32450282;119;41301675
32450275;32450292;8;40337254
32450275;32450697;349;41301678
32450276;32450492;116;41638180
32450276;32450801;240;41001206
32450277;32450239;28;39923888
32450277;32450322;26;39923889
32450277;32450330;25;41159886
32450278;32450106;78;40567973
32450280;32450179;90;41720369
32450281;32450274;36;41303220
32450281;32450293;44;40312013
32450281;32450396;45;41548934
32450282;32450275;119;41301676
32450282;32450294;16;40478773
32450283;32450172;56;40030630
32450283;32450607;118;40030631
32450283;32450722;213;40030633
32450284;32449944;224;40756188
32450286;32450205;51;41159921
32450286;32450239;25;41159899
32450286;32450330;28;41159924
32450287;32450341;38;40024729
32450290;32450317;16;39923092
32450290;32450424;55;39923015
32450292;32450275;8;40337255
32450292;32450326;10;41234550
32450293;32450281;44;40312012
32450293;32450396;69;41151973
32450293;32450513;196;40312015
32450294;32450282;16;40478774
32450294;32450464;139;40478761
32450295;32449205;521;41337922
32450297;32450258;130;41665580
32450297;32450393;72;41665581
32450297;32450497;66;39924086
32450298;32450271;39;39884756
32450298;32450492;81;41345362
32450299;32450264;28;40970558
32450299;32450343;28;40970559
32450299;32450344;20;41159949
32450300;32450152;79;41744892
32450300;32450261;19;40681459
32450300;32450432;83;41744893
32450301;32450007;147;41140997
32450301;32450672;130;41228576
32450302;32450208;95;39923777
32450303;32450237;32;40337020
32450303;32450375;29;40337023
32450303;32450431;102;40337028
32450305;32450050;114;40029929
32450305;32450227;130;41894569
32450305;32450419;160;41894572
32450305;32450556;85;40029930
32450308;32450264;20;41159870
32450308;32450265;28;41001087
32450308;32450354;24;41159871
32450311;32450057;178;39922417
32450311;32450063;109;40667314
32450311;32450703;132;40667307
32450312;32449880;193;41293159
32450312;32450244;54;39923113
32450312;32450803;173;41293160
32450313;32450533;80;39924046
32450313;32450658;128;41337923
32450314;32449982;143;40823617
32450314;32450340;60;41174973
32450314;32450368;325;41348147
32450316;32450351;28;41810973
32450317;32450046;126;41381989
32450317;32450290;16;39923093
32450318;32450265;23;41159881
32450318;32450269;28;41159952
32450318;32450354;29;41159955
32450319;32450268;21;40594885
32450319;32450425;44;40337262
32450319;32450450;72;40594888
32450320;32450123;91;41347800
32450320;32450169;115;41810968
32450320;32450470;107;41810971
32450320;32450545;85;41347801
32450322;32450209;54;40667319
32450322;32450277;26;39923890
32450322;32450366;32;40691919
32450322;32450379;26;39923823
32450323;32450208;51;39922446
32450323;32450243;68;41424547
32450323;32450363;40;41269473
32450323;32450441;49;41424551
32450326;32450292;10;41234551
32450326;32450674;188;41234552
32450329;32450298;44;41345361
32450330;32450277;25;41159885
32450330;32450286;28;41159923
32450330;32450379;27;41159926
32450332;32450519;107;41301683
32450332;32450954;267;40337010
32450334;32450196;83;40030503
32450334;32450196;84;40030502
32450334;32450447;43;40030505
32450336;32450118;114;40603963
32450336;32450620;112;42027650
32450336;32450714;168;40603966
32450337;32450235;115;41720377
32450337;32450235;48;41565725
32450337;32450763;145;41565726
32450339;32450271;222;41345360
32450339;32450329;142;41001224
32450340;32449931;186;39923969
32450340;32450314;60;41174974
32450340;32450408;72;41174975
32450341;32450402;62;40024730
32450341;32450591;101;40603747
32450343;32450299;28;40970560
32450343;32450389;27;40970561
32450343;32450392;20;41159888
32450344;32450299;20;41159948
32450344;32450308;28;41001088
32450344;32450398;24;41159951
32450346;32450254;65;40662874
32450346;32450317;15;41381990
32450347;32450192;103;39923751
32450347;32450250;49;41965224
32450347;32450385;20;39923752
32450348;32449929;284;40592519
32450348;32450406;196;40592504
32450348;32450771;145;40592520
32450349;32450074;122;40030494
32450349;32450257;152;40030517
32450349;32450535;146;40030520
32450350;32450237;97;40337026
32450351;32450169;87;41810967
32450351;32450316;28;41810972
32450351;32450545;120;41810975
32450351;32450887;218;41810962
32450354;32450308;24;41159872
32450354;32450318;29;41159954
32450354;32450398;28;41159957
32450355;32450197;298;40662877
32450356;32450251;46;41424539
32450356;32450441;70;39922438
32450356;32450610;89;41424540
32450358;32450410;37;39923829
32450358;32450413;21;40667327
32450360;32450496;51;41165142
32450361;32450295;97;40300374
32450361;32450383;35;41301674
32450363;32450323;40;41269472
32450366;32450322;32;40691920
32450366;32450404;28;40691921
32450366;32450416;25;41159938
32450368;32450019;144;40629630
32450368;32450314;325;41348146
32450368;32450474;56;39922510
32450371;32450189;74;41001188
32450371;32450444;113;41347776
32450371;32450662;95;41001189
32450373;32449902;366;40603744
32450373;32449962;273;41203658
32450373;32450381;8;41944187
32450373;32450467;37;41910765
32450375;32450303;29;40337022
32450375;32450609;80;40337025
32450375;32450773;210;40337031
32450376;32450225;83;40603736
32450378;32450212;79;40043667
32450378;32450391;274;40043706
32450378;32450484;41;40043668
32450379;32450330;27;41159925
32450379;32450416;30;41159928
32450379;32450428;24;39923824
32450380;32450203;111;39868899
32450380;32450249;63;41598933
32450380;32450388;4;39868900
32450381;32450225;79;40603765
32450381;32450373;8;41944186
32450381;32450902;333;41944189
32450383;32450361;35;41301673
32450383;32450531;65;40300378
32450383;32450608;78;39924056
32450384;32450559;62;41317656
32450385;32450347;20;39923753
32450385;32450548;80;39923754
32450387;32450127;175;40646875
32450387;32450745;204;40646880
32450388;32450380;4;39868901
32450388;32450495;55;39868902
32450388;32450548;64;39922420
32450389;32450343;27;40970562
32450389;32450428;29;40970563
32450389;32450429;20;41159874
32450391;32450378;274;40043707
32450392;32450343;20;41159887
32450392;32450344;28;41001089
32450392;32450448;24;41159890
32450393;32450297;72;41665582
32450393;32450587;74;41665583
32450394;32450212;131;40592511
32450394;32450619;195;41230682
32450396;32450274;54;41151972
32450396;32450281;45;41548933
32450396;32450464;50;41281104
32450398;32450344;24;41159950
32450398;32450354;28;41159956
32450398;32450448;28;41159959
32450399;32450255;281;41345369
32450399;32450476;24;41233344
32450402;32449998;448;41068892
32450402;32450445;39;40024731
32450404;32450366;28;40691922
32450404;32450461;28;40691923
32450404;32450473;24;41159902
32450406;32450348;196;40592505
32450406;32451208;314;40592476
32450407;32450225;246;40603764
32450408;32450340;72;41174976
32450408;32450643;128;40338021
32450410;32450358;37;39923830
32450410;32450468;29;39923831
32450410;32450471;20;41159898
32450411;32450236;553;40594884
32450411;32450450;207;40594889
32450411;32450550;69;40337247
32450413;32450471;29;41159941
32450415;32450244;77;40571780
32450415;32450267;108;39923108
32450415;32450652;83;40571781
32450416;32450366;25;41159937
32450416;32450379;30;41159927
32450416;32450473;28;41159930
32450417;32450005;192;40557120
32450417;32450582;125;41621946
32450417;32450825;383;40557123
32450419;32450090;153;40029932
32450419;32450305;160;41894571
32450419;32450680;77;40029935
32450420;32450621;71;41864625
32450422;32450452;27;40478775
32450422;32450632;133;40478772
32450424;32450465;84;39923009
32450424;32450647;76;41381987
32450425;32450319;44;40337263
32450425;32450654;71;41348010
32450426;32450399;80;41345370
32450427;32450258;76;39924087
32450427;32450430;56;39924094
32450427;32450616;55;39924090
32450428;32450389;29;40970564
32450428;32450489;29;40970565
32450428;32450494;20;39923825
32450429;32450389;20;41159873
32450429;32450392;27;41001090
32450429;32450509;24;41159876
32450430;32450427;56;39924095
32450431;32450303;102;40337029
32450432;32449889;265;40691906
32450432;32450300;83;41744894
32450432;32450581;56;41269446
32450438;32450476;32;41233352
32450441;32450323;49;41424550
32450441;32450480;14;40583239
32450442;32449989;539;41068941
32450442;32450559;42;41068922
32450444;32450247;76;39923261
32450444;32450371;113;41347775
32450444;32450523;85;41347778
32450444;32450742;95;39923264
32450445;32450457;18;40024732
32450445;32450591;82;40603760
32450447;32450334;43;40030506
32450447;32450502;17;40030507
32450447;32450535;51;40030509
32450448;32450392;24;41159889
32450448;32450398;28;41159958
32450448;32450509;27;41159961
32450448;32450524;25;41159892
32450450;32450319;72;40594887
32450450;32450411;207;40594890
32450450;32450458;16;40580006
32450452;32450422;27;40478776
32450452;32450674;282;40848469
32450453;32450526;45;40615252
32450455;32450346;40;41381991
32450456;32449968;224;40371465
32450456;32450542;98;40371474
32450456;32450566;35;40030534
32450457;32450460;35;40567971
32450459;32450575;46;41094144
32450460;32450278;135;40567970
32450460;32450529;68;40024735
32450461;32450404;28;40691924
32450461;32450518;28;40691925
32450461;32450527;23;41159965
32450464;32450294;139;40478762
32450464;32450396;50;41281103
32450464;32450537;21;41943976
32450465;32450084;179;41345942
32450467;32450373;37;41910764
32450467;32450564;36;41910763
32450468;32450410;29;39923832
32450468;32450524;27;39923833
32450468;32450528;21;41159908
32450470;32450267;83;40571776
32450470;32450320;107;41810970
32450470;32450540;39;39923167
32450470;32450708;86;41810964
32450471;32450410;20;41159897
32450471;32450493;11;41159942
32450473;32450404;24;41159901
32450473;32450416;28;41159929
32450473;32450527;28;41159932
32450474;32450055;210;40976416
32450474;32450368;56;39922509
32450474;32451367;431;41348169
32450476;32450399;24;41233343
32450476;32450438;32;41233351
32450476;32450487;32;41233354
32450476;32450522;14;41233346
32450478;32450517;39;40662884
32450480;32450441;14;40583238
32450480;32450554;50;40583237
32450484;32450378;41;40043669
32450484;32450506;118;40043704
32450484;32450679;67;40043670
32450487;32450476;32;41233353
32450487;32450624;135;41233362
32450487;32450624;147;41233356
32450488;32449567;498;41317659
32450488;32450605;54;41317660
32450488;32450656;55;41317666
32450489;32450428;29;40970566
32450489;32450544;28;40970567
32450489;32450551;21;41159912
32450491;32450681;67;41345946
32450491;32450836;127;39923010
32450492;32450571;38;41345363
32450493;32450528;18;41159943
32450494;32450429;30;41001091
32450494;32450552;20;39923826
32450495;32450388;55;39868903
32450495;32450593;51;39868904
32450495;32450731;97;39922416
32450496;32450209;181;39923973
32450496;32450360;51;41165143
32450496;32450665;61;41165144
32450497;32450297;66;39924085
32450499;32450329;62;39869453
32450499;32450426;92;39884751
32450502;32450447;17;40030508
32450502;32450579;51;40030512
32450505;32450255;95;40568750
32450505;32450562;47;40029954
32450505;32450817;116;40568751
32450506;32450484;118;40043705
32450507;32450566;83;41507237
32450509;32450429;24;41159875
32450509;32450448;27;41159960
32450510;32451219;400;40603734
32450513;32450293;196;40312014
32450513;32450696;81;40312011
32450514;32450620;55;42027646
32450516;32450272;328;40615255
32450517;32450270;208;40662882
32450517;32450478;39;40662883
32450517;32450555;12;40662868
32450518;32450461;28;40691926
32450518;32450568;21;41159906
32450518;32450657;63;40691927
32450519;32450198;132;40590105
32450519;32450332;107;41301684
32450519;32450609;53;41301685
32450520;32450562;15;41507344
32450522;32450476;14;41233345
32450522;32450592;25;41233363
32450522;32450711;172;41233348
32450523;32450444;85;41347777
32450523;32450556;44;41347751
32450523;32450612;29;39923185
32450524;32450448;25;41159891
32450524;32450468;27;39923834
32450524;32450570;29;39923835
32450524;32450573;20;41159894
32450525;32450385;54;40290669
32450525;32450692;79;40970550
32450526;32450903;287;40615254
32450527;32450461;23;41159964
32450527;32450473;28;41159931
32450527;32450568;28;41159934
32450528;32450468;21;41159907
32450528;32450573;27;41159944
32450529;32451333;465;40567968
32450531;32449960;332;41388153
32450531;32450383;65;40300377
32450531;32450608;41;41518621
32450531;32450640;47;39924059
32450533;32450658;100;39924065
32450533;32450814;108;40300375
32450535;32450349;146;40030519
32450535;32450447;51;40030510
32450535;32450579;19;40030513
32450536;32450499;14;39869454
32450537;32450464;21;41943975
32450537;32450557;6;40478764
32450540;32450470;39;39923166
32450540;32450652;68;39923169
32450540;32450762;85;41528398
32450542;32450456;98;40371475
32450542;32450638;69;40371476
32450542;32450638;67;40030533
32450544;32450489;28;40970568
32450544;32450586;28;40970569
32450544;32450594;21;41159878
32450545;32450320;85;41347802
32450545;32450351;120;41810974
32450545;32450708;103;41810977
32450545;32451010;209;41347803
32450546;32450575;232;41094136
32450548;32450385;80;39923755
32450548;32450388;64;39922421
32450548;32450629;34;39922422
32450550;32450411;69;40337246
32450550;32450583;24;40337249
32450550;32450606;23;41864626
32450551;32450489;21;41159911
32450551;32450494;29;41001092
32450552;32450625;83;41159910
32450552;32450627;29;39923827
32450553;32451944;799;41819561
32450554;32450480;50;40583236
32450555;32450517;12;40662869
32450556;32450305;85;40029931
32450556;32450523;44;41347750
32450556;32450569;24;41347753
32450557;32450537;6;40478763
32450557;32450632;26;40478770
32450559;32450384;62;41317657
32450559;32450442;42;41068923
32450559;32450744;89;41068924
32450562;32450505;47;40029955
32450562;32450520;15;41507345
32450562;32450628;54;40029956
32450564;32450467;36;41910762
32450564;32450676;42;40615257
32450566;32450456;35;40030535
32450566;32450507;83;41507236
32450566;32450859;110;40030536
32450568;32450518;21;41159905
32450568;32450527;28;41159933
32450568;32450590;13;41159936
32450569;32450556;24;41347752
32450569;32450630;74;41347755
32450569;32450664;29;42040237
32450570;32450524;29;39923836
32450570;32450626;20;41159884
32450570;32450627;30;39923837
32450571;32450536;50;39869455
32450571;32450801;89;39884758
32450572;32450592;24;41233360
32450573;32450524;20;41159893
32450573;32450626;29;41159945
32450574;32450516;45;40615253
32450575;32450459;46;41094143
32450575;32450546;232;41094135
32450575;32450902;190;41094146
32450579;32450502;51;40030511
32450579;32450535;19;40030514
32450579;32450633;17;40030515
32450580;32450785;68;40337266
32450581;32450432;56;41269447
32450581;32450685;51;40554604
32450581;32450821;101;40691897
32450582;32450417;125;41621945
32450583;32450550;24;40337248
32450583;32450621;16;40337251
32450583;32450698;41;41864622
32450586;32450544;28;40970570
32450586;32450634;23;40970571
32450586;32450646;21;41159896
32450587;32450393;110;39924091
32450587;32450393;74;41665584
32450587;32450685;32;41665585
32450590;32450568;13;41159935
32450591;32450341;101;40603748
32450591;32450445;82;40603759
32450591;32450653;25;40024744
32450592;32450522;25;41233364
32450592;32450572;24;41233359
32450592;32450622;41;41233365
32450593;32450495;51;39868905
32450593;32450703;57;41383146
32450593;32450826;97;39923915
32450594;32450544;21;41159877
32450594;32450551;28;41001093
32450596;32450849;115;40603762
32450598;32450059;343;40030646
32450598;32450846;126;40030647
32450598;32450861;102;40752493
32450599;32450661;19;40565812
32450604;32450493;41;41952829
32450604;32450723;40;41952827
32450605;32450488;54;41317661
32450605;32450656;23;41963039
32450605;32450794;86;41317662
32450606;32450550;23;41864627
32450607;32450283;118;40030632
32450608;32450531;41;41518620
32450608;32450640;65;40561632
32450608;32450709;51;41518623
32450609;32450375;80;40337024
32450609;32450519;53;41301686
32450609;32450773;90;41301687
32450610;32450356;89;41424541
32450610;32450525;61;40290670
32450610;32450721;84;40583217
32450610;32450851;98;41424542
32450612;32450523;29;39923186
32450612;32450664;67;42040229
32450612;32450783;63;39923187
32450616;32450427;55;39924089
32450619;32450394;195;41230683
32450619;32450672;17;41230680
32450620;32450336;112;42027651
32450620;32450514;55;42027647
32450620;32450668;23;42027648
32450621;32450420;71;41864624
32450621;32450583;16;40337250
32450621;32450697;41;40337253
32450622;32450592;41;41233366
32450624;32450487;147;41233355
32450624;32450487;135;41233361
32450624;32450711;30;41233358
32450625;32450552;83;41159909
32450625;32450594;15;41001094
32450626;32450570;20;41159883
32450626;32450683;29;41159946
32450627;32450570;30;39923838
32450627;32450683;20;39923828
32450627;32450751;71;39923839
32450628;32450562;54;40029957
32450628;32450790;181;40029958
32450628;32451100;208;40029977
32450629;32450548;34;39922423
32450629;32450692;23;39922424
32450629;32450731;56;39923756
32450630;32450569;74;41347754
32450630;32450680;62;41347757
32450630;32450718;29;39923197
32450631;32450739;70;39923045
32450632;32450422;133;40478771
32450632;32450557;26;40478769
32450632;32450994;163;41799060
32450633;32450579;17;40030516
32450633;32450755;53;41812191
32450633;32450755;53;41812313
32450634;32450586;23;40970572
32450635;32450295;125;39856689
32450635;32450361;106;39924044
32450638;32450542;67;40030532
32450638;32450542;69;40371477
32450638;32450908;166;40371478
32450640;32450531;47;39924060
32450640;32450682;19;39924061
32450642;32450643;16;41771378
32450643;32450408;128;40338020
32450643;32450642;16;41771377
32450643;32450706;18;40338023
32450644;32450682;94;39924064
32450644;32450717;24;40565826
32450644;32451211;469;39924057
32450646;32450586;21;41159895
32450646;32450625;12;41001095
32450647;32450465;65;41345943
32450647;32450681;10;41894566
32450649;32450042;293;40024736
32450649;32450667;5;40024739
32450650;32450663;9;41397905
32450652;32450415;83;40571782
32450652;32450540;68;39923168
32450652;32450803;111;39923171
32450653;32450591;25;40024743
32450653;32450649;24;40024738
32450654;32450425;71;41348011
32450654;32450785;116;40337259
32450654;32450819;61;41867673
32450656;32450488;55;41317667
32450656;32450605;23;41963038
32450656;32450744;30;41317668
32450657;32450518;63;40691928
32450657;32450665;10;40691954
32450657;32450666;24;40691918
32450658;32450830;75;39924035
32450661;32450599;19;40565811
32450661;32450727;23;40565814
32450661;32450736;78;40565810
32450661;32451017;321;40565807
32450662;32450371;95;41001190
32450662;32450742;113;40029903
32450662;32450862;81;41001191
32450663;32450650;9;41397906
32450663;32450670;19;41397911
32450663;32450787;67;41397910
32450664;32450569;29;42040236
32450664;32450612;67;42040228
32450664;32450687;28;42040231
32450665;32450496;61;41165145
32450665;32450657;10;40691955
32450665;32450700;52;40691956
32450666;32450657;24;40691917
32450666;32450701;57;41351218
32450666;32451016;162;41001069
32450667;32450712;19;40024741
32450668;32450620;23;42027649
32450668;32450714;28;40603967
32450668;32451268;336;40603970
32450670;32450663;19;41397912
32450672;32450301;130;41228577
32450672;32450619;17;41230681
32450672;32451674;1017;41228578
32450674;32450326;188;41234553
32450674;32450452;282;40848470
32450674;32451077;267;41301223
32450676;32450564;42;40615256
32450676;32450837;108;40603753
32450676;32451219;308;41798080
32450679;32450484;67;40043671
32450679;32450948;141;40043702
32450679;32450961;173;40587765
32450680;32450419;77;40029934
32450680;32450630;62;41347756
32450680;32450737;83;39923244
32450681;32450713;15;41894564
32450681;32450758;36;41345937
32450682;32450640;19;39924062
32450682;32450644;94;39924063
32450682;32450813;93;40565842
32450683;32450770;53;41159947
32450685;32450581;51;40554603
32450685;32450587;32;41665586
32450685;32450754;31;40691911
32450687;32450664;28;42040230
32450687;32450718;47;42040233
32450687;32450925;134;42040234
32450689;32450961;314;40592515
32450692;32450629;23;39922425
32450692;32450824;70;41950970
32450695;32450455;84;41381992
32450695;32450647;15;41894563
32450696;32450513;81;40312010
32450696;32450735;22;40478766
32450697;32450275;349;41301677
32450697;32450621;41;40337252
32450697;32450969;157;41301680
32450698;32450583;41;41864623
32450700;32450665;52;40691957
32450700;32450726;49;40691958
32450700;32451088;185;41001071
32450701;32450646;30;41001096
32450701;32450666;57;41351217
32450701;32450734;47;41351220
32450702;32450706;17;41771376
32450703;32450311;132;40667308
32450703;32450593;57;41383147
32450703;32450749;40;39924025
32450703;32450886;78;40471926
32450706;32450643;18;40338022
32450706;32450702;17;41771375
32450706;32450738;12;40338025
32450708;32450470;86;41810965
32450708;32450545;103;41810976
32450708;32450762;39;41528394
32450708;32451107;199;41810960
32450709;32450608;51;41518622
32450709;32450729;12;41910266
32450710;32450791;56;39923891
32450711;32450522;172;41233347
32450711;32450624;30;41233357
32450711;32450951;122;41233350
32450712;32450719;15;40024742
32450712;32450849;92;41309187
32450713;32450695;10;41894565
32450713;32450880;81;41381993
32450714;32450336;168;40603965
32450714;32450668;28;40603968
32450714;32450835;81;40603971
32450717;32450644;24;40565825
32450717;32450736;8;40565836
32450717;32450873;135;40565828
32450718;32450630;29;39923198
32450718;32450687;47;42040232
32450718;32450925;93;39923199
32450719;32450653;24;40024740
32450719;32451199;270;40024713
32450721;32450480;83;41424546
32450721;32450610;84;40583216
32450721;32450760;36;40583219
32450722;32450888;76;40752491
32450723;32450604;40;41952828
32450724;32450787;27;41397907
32450726;32449806;377;39923856
32450726;32450700;49;40691959
32450726;32451176;203;39923845
32450727;32450661;23;40565813
32450727;32450789;78;40565830
32450727;32450942;101;40565816
32450729;32450709;12;41910265
32450729;32450768;25;41910264
32450731;32450495;97;39922415
32450731;32450629;56;39923757
32450731;32450792;39;39923758
32450734;32450701;47;41351219
32450734;32450944;99;41001068
32450735;32450696;22;40478765
32450735;32450759;14;40478768
32450735;32450766;13;41140932
32450736;32450661;78;40565809
32450736;32450717;8;40565837
32450736;32450789;23;40565838
32450737;32450680;83;39923243
32450737;32450817;91;39923246
32450737;32450843;45;41468871
32450738;32450706;12;40338024
32450738;32450793;24;41348149
32450739;32450200;218;39923042
32450739;32450631;70;39923044
32450739;32450812;62;39923047
32450742;32450444;95;39923263
32450742;32450662;113;40029902
32450742;32450783;84;40029905
32450742;32450912;79;39923266
32450744;32450559;89;41068925
32450744;32450656;30;41317669
32450744;32450759;12;41068926
32450745;32450387;204;40646879
32450749;32450604;62;41952830
32450749;32450703;40;39924026
32450749;32450841;95;39924027
32450751;32450627;71;39923840
32450751;32450734;19;40667334
32450754;32450685;31;40691912
32450754;32450914;75;40691913
32450755;32450633;53;41812312
32450755;32450633;53;41812192
32450755;32450782;24;41809670
32450758;32450836;41;41324958
32450759;32450735;14;40478767
32450759;32450744;12;41068927
32450759;32451250;277;40024711
32450760;32450721;36;40583218
32450762;32450540;85;41528397
32450762;32450708;39;41528393
32450762;32450845;68;41528396
32450763;32450337;145;41565727
32450763;32450909;82;41565728
32450763;32451008;218;40632246
32450766;32450735;13;41140933
32450766;32450808;22;41140934
32450766;32452158;597;41140929
32450768;32450729;25;41910263
32450768;32450778;7;41518619
32450770;32450751;29;40667335
32450771;32450348;145;40592521
32450771;32450776;3;40592522
32450771;32450787;55;41397913
32450773;32450375;210;40337030
32450773;32450609;90;41301688
32450773;32450850;44;41301689
32450776;32450771;3;40592523
32450776;32451128;173;41484419
32450778;32450768;7;41518618
32450778;32450848;49;40850246
32450782;32450755;24;41809671
32450783;32450612;63;39923188
32450783;32450742;84;40029904
32450783;32450956;79;39923189
32450784;32450821;24;40339849
32450785;32450580;68;40337267
32450785;32450654;116;40337258
32450785;32450969;158;40337261
32450787;32450663;67;41397909
32450787;32450724;27;41397908
32450787;32450771;55;41397914
32450789;32450727;78;40565831
32450789;32450736;23;40565839
32450789;32450942;178;40565840
32450790;32450628;181;40029959
32450790;32450904;54;40029960
32450791;32450710;56;39923892
32450791;32450770;38;40667336
32450792;32450731;39;39923759
32450792;32450826;22;39923760
32450792;32450957;97;39922426
32450793;32450738;24;41348148
32450793;32450802;40;40338019
32450793;32450889;42;41348151
32450794;32450605;86;41317663
32450794;32450808;30;41963037
32450794;32450907;51;41317664
32450797;32451761;405;41621947
32450801;32450822;21;40030639
32450801;32451011;98;41638171
32450802;32449731;582;39922492
32450802;32450793;40;40338018
32450802;32450889;54;39922493
32450802;32450931;105;39923968
32450803;32450312;173;41293161
32450803;32450652;111;39923170
32450803;32450862;88;39923248
32450803;32450993;87;41293162
32450805;32450635;74;39856688
32450808;32450766;22;41140935
32450808;32450794;30;41963036
32450808;32450907;49;41140936
32450810;32450883;42;40337056
32450812;32450739;62;39923046
32450813;32450682;93;40565843
32450814;32450533;108;40300376
32450814;32450876;35;39924043
32450814;32450921;52;40300373
32450817;32450505;116;40568752
32450817;32450737;91;39923245
32450817;32451410;266;41347505
32450819;32450654;61;41867674
32450819;32451008;97;41904938
32450820;32450843;49;41468876
32450821;32450581;101;40691898
32450821;32450784;24;40339848
32450821;32450958;77;40691899
32450822;32450801;21;40030638
32450822;32450846;33;40030641
32450822;32451007;90;40030649
32450824;32450692;70;41950971
32450824;32450871;31;41950972
32450824;32450957;95;39922430
32450825;32450127;304;40557221
32450825;32450417;383;40557122
32450825;32450999;161;41621950
32450825;32451733;453;40557234
32450826;32450593;97;39923916
32450826;32450792;22;39923761
32450826;32450918;77;39923762
32450828;32450882;209;40626712
32450830;32450854;15;39924036
32450835;32450714;81;40603972
32450835;32450844;7;40603946
32450835;32450943;83;40603947
32450836;32450946;77;41324959
32450837;32450676;108;40603754
32450837;32450869;27;40603755
32450837;32450869;96;40603749
32450841;32450749;95;39924028
32450841;32450791;62;40667337
32450841;32450891;58;39924029
32450843;32450737;45;41468872
32450843;32450820;49;41468875
32450843;32451033;91;41468873
32450844;32450835;7;40603945
32450844;32450943;47;40603950
32450845;32450762;68;41528395
32450845;32450934;89;41528388
32450845;32451217;195;41528391
32450846;32450598;126;40030648
32450846;32450822;33;40030640
32450846;32450861;30;40030643
32450847;32450856;55;41175577
32450847;32451106;150;40653137
32450848;32450778;49;40850245
32450848;32450814;42;40561633
32450848;32450876;25;40850248
32450849;32450596;115;40603761
32450849;32450712;92;41309186
32450849;32450882;30;41309189
32450850;32450773;44;41301690
32450850;32450909;42;41301691
32450850;32450949;74;41864628
32450851;32450610;98;41424543
32450851;32450871;15;41424524
32450854;32450995;85;39924037
32450854;32451041;95;40383279
32450856;32450847;55;41175576
32450856;32450878;56;41175579
32450856;32451173;177;40284653
32450859;32450566;110;40030537
32450859;32450932;50;40371466
32450861;32450598;102;40752494
32450861;32450846;30;40030642
32450861;32450888;197;40030645
32450862;32450662;81;41001192
32450862;32450803;88;39923247
32450862;32450905;91;39923250
32450869;32450837;27;40603756
32450869;32450837;96;40603750
32450869;32450980;65;40603751
32450869;32451025;112;40603757
32450870;32450455;148;39923011
32450870;32450695;86;40338155
32450871;32450824;31;41950973
32450871;32450851;15;41424525
32450871;32450924;25;41424526
32450873;32450717;135;40565827
32450876;32450814;35;39924042
32450876;32450848;25;40850247
32450876;32450921;33;41333352
32450877;32451123;179;40613793
32450878;32450856;56;41175578
32450878;32450900;51;41175581
32450878;32451256;201;39923328
32450880;32451042;87;41345938
32450882;32450828;209;40626711
32450882;32450849;30;41309188
32450882;32450922;58;41309191
32450883;32450810;42;40337057
32450883;32450923;32;40337060
32450883;32451344;242;40337058
32450886;32450703;78;40471927
32450886;32451201;144;41383148
32450887;32450351;218;41810963
32450887;32450966;40;40537826
32450887;32451010;128;39923173
32450888;32450722;76;40752492
32450888;32450861;197;40030644
32450888;32450901;17;40030634
32450889;32450793;42;41348150
32450889;32450802;54;39922494
32450889;32450931;19;41348153
32450891;32450841;58;39924030
32450891;32450944;57;39924031
32450891;32451024;68;40576702
32450896;32450426;227;41001205
32450896;32450536;138;41345371
32450897;32450713;101;41345936
32450897;32450880;119;39923016
32450900;32450878;51;41175580
32450900;32451013;110;41175583
32450900;32451322;222;39923339
32450901;32450888;17;40030635
32450901;32450935;19;41537274
32450901;32450945;60;40030636
32450902;32450381;333;41944188
32450902;32450575;190;41094145
32450902;32450920;9;41944191
32450903;32451417;347;41832119
32450904;32450790;54;40029961
32450905;32450862;91;39923249
32450905;32450912;20;39923252
32450905;32451039;60;40029940
32450907;32450794;51;41317665
32450907;32450808;49;41140937
32450907;32452106;508;41140938
32450908;32450638;166;40371479
32450909;32450763;82;41565729
32450909;32450850;42;41301692
32450909;32450968;46;41301693
32450910;32450923;9;40337062
32450912;32450742;79;39923265
32450912;32450905;20;39923251
32450912;32450956;85;39923254
32450914;32450754;75;40691914
32450914;32450754;128;40554602
32450914;32451050;58;40691915
32450915;32451167;127;40565821
32450918;32450826;77;39923763
32450920;32450902;9;41944190
32450920;32450976;29;41944193
32450921;32450876;33;41333351
32450921;32451086;115;41333354
32450922;32450882;58;41309190
32450923;32450883;32;40337061
32450923;32450910;9;40337063
32450923;32451026;61;40337064
32450924;32450871;25;41424527
32450924;32450960;17;41424528
32450924;32450963;43;39869795
32450925;32450687;134;42040235
32450925;32450718;93;39923200
32450925;32451040;52;39923201
32450928;32450935;17;41537255
32450929;32450574;285;40366598
32450931;32450802;105;39923967
32450931;32450889;19;41348152
32450931;32451105;97;41348155
32450932;32450859;50;40371467
32450932;32450984;25;41136881
32450932;32450986;85;40371468
32450934;32450845;89;41528387
32450934;32450993;52;39923165
32450934;32451350;214;41528389
32450935;32450901;19;41537275
32450935;32450928;17;41537254
32450935;32450967;13;41537276
32450936;32450970;64;41219541
32450940;32451146;260;41537250
32450942;32450727;101;40565815
32450942;32450789;178;40565841
32450942;32451017;36;40565818
32450943;32450835;83;40603948
32450943;32450844;47;40603949
32450943;32451268;195;40603955
32450944;32450891;57;39924032
32450944;32451016;80;41351215
32450945;32450901;60;40030637
32450946;32451082;117;39923129
32450948;32450679;141;40043703
32450948;32451047;81;40587869
32450948;32451820;441;40587780
32450949;32450850;74;41864629
32450951;32450711;122;41233349
32450951;32450896;28;41345356
32450953;32450967;22;41537256
32450954;32450332;267;40337011
32450954;32451174;105;41611627
32450956;32450783;79;39923190
32450956;32450912;85;39923253
32450956;32451040;141;39923256
32450956;32451617;283;39923191
32450957;32450792;97;39922427
32450957;32450824;95;39922431
32450957;32451061;72;41810533
32450957;32451062;60;39922428
32450958;32450821;77;40691900
32450958;32451086;86;41383585
32450960;32450924;17;41424529
32450960;32451089;64;41424558
32450961;32450679;173;40587766
32450961;32450689;314;40592514
32450961;32451027;45;40587767
32450963;32450924;43;39869794
32450963;32450996;42;39869797
32450963;32451021;29;41395568
32450965;32450897;53;39923128
32450966;32450887;40;40537827
32450967;32450935;13;41537277
32450967;32450953;22;41537257
32450967;32450973;29;41537278
32450968;32450909;46;41301694
32450968;32451049;107;40918718
32450968;32451051;37;40063379
32450969;32450697;157;41301679
32450969;32450785;158;40337260
32450969;32451068;67;41301682
32450970;32450936;64;41219542
32450970;32451269;146;41324152
32450973;32450967;29;41537279
32450974;32451180;97;41537262
32450976;32450920;29;41944192
32450976;32450983;3;40028971
32450977;32450805;97;40567967
32450979;32451027;284;41898161
32450980;32450869;65;40603752
32450981;32451144;106;40028973
32450983;32450976;3;40028970
32450983;32451045;118;40603745
32450984;32450932;25;41136882
32450984;32451034;85;41998821
32450984;32451224;107;41136883
32450985;32451046;41;40337052
32450986;32450932;85;40371469
32450986;32451034;22;41136887
32450986;32451037;86;40371470
32450991;32451115;60;41165859
32450992;32451038;48;40590464
32450993;32450803;87;41293163
32450993;32450934;52;39923164
32450993;32451457;196;41293164
32450994;32450632;163;41799059
32450994;32451309;133;41799069
32450994;32451354;149;41799062
32450995;32451193;119;40567964
32450996;32450963;42;39869796
32450996;32451043;42;39869799
32450996;32451119;58;41395528
32450999;32450825;161;41621949
32451000;32451084;65;39923899
32451007;32450822;90;40030650
32451008;32450763;218;40632247
32451008;32450819;97;41904939
32451008;32451052;19;41904936
32451010;32450545;209;41347804
32451010;32450887;128;39923172
32451010;32451107;103;41347812
32451011;32451157;69;41345364
32451013;32450900;110;41175582
32451013;32451706;365;40960611
32451016;32450666;162;41001070
32451016;32450944;80;41351216
32451016;32451070;58;40691935
32451017;32450661;321;40565808
32451017;32450942;36;40565817
32451020;32451036;17;41395550
32451021;32450963;29;41395569
32451024;32450891;68;40576701
32451024;32451095;34;40576704
32451025;32450869;112;40603758
32451025;32451045;11;40603737
32451026;32450923;61;40337065
32451027;32450961;45;40587768
32451027;32450979;284;41898162
32451027;32451177;94;40587769
32451029;32450870;87;40338156
32451030;32451136;65;42027654
32451033;32450843;91;41468874
32451034;32450984;85;41998822
32451034;32450986;22;41136888
32451034;32451058;44;41998823
32451034;32451368;142;41136889
32451036;32451020;17;41395551
32451037;32450986;86;40371471
32451037;32451081;79;40371472
32451037;32451360;138;41136885
32451038;32450992;48;40590463
32451038;32451059;25;41377311
32451038;32452438;608;41377314
32451039;32450905;60;40029941
32451039;32451121;41;40029942
32451039;32451121;103;40882301
32451040;32450925;52;39923202
32451040;32450956;141;39923255
32451040;32451132;45;39923203
32451041;32451083;24;40525567
32451041;32451108;44;40383282
32451042;32451887;425;40653110
32451043;32450996;42;39869798
32451043;32451145;92;39869801
32451043;32451227;86;41395571
32451045;32450983;118;40603746
32451045;32451025;11;40603738
32451045;32451621;424;40603739
32451046;32450985;41;40337053
32451046;32451174;95;40337054
32451046;32451448;211;40337051
32451047;32450948;81;40587870
32451048;32451050;17;40691977
32451049;32450968;107;40918719
32451049;32451052;9;40918720
32451049;32451318;121;40632258
32451050;32450914;58;40691916
32451050;32451048;17;40691976
32451051;32450968;37;40063380
32451051;32451054;27;40636769
32451051;32451246;97;40063381
32451052;32451008;19;41904937
32451052;32451049;9;40918721
32451052;32451060;14;40918722
32451053;32451230;102;42027652
32451054;32451051;27;40636770
32451057;32451289;117;40338012
32451058;32451034;44;41998824
32451059;32450951;51;41345357
32451059;32451038;25;41377312
32451060;32451052;14;40918723
32451060;32451094;73;40918724
32451060;32451444;171;40632245
32451061;32450957;72;41810534
32451061;32451196;75;40290657
32451061;32451201;92;41779668
32451062;32450957;60;39922429
32451062;32451089;15;41424554
32451063;32451167;70;40565824
32451068;32450969;67;41301681
32451068;32451094;125;40918727
32451068;32451160;92;40337256
32451070;32451016;58;40691936
32451070;32451088;25;40691937
32451070;32451330;119;41994374
32451073;32451162;45;41600052
32451077;32450674;267;41301224
32451077;32451090;10;41301225
32451077;32451571;239;40337264
32451080;32451189;141;40525542
32451081;32451037;79;40371473
32451082;32451130;47;41685833
32451083;32451041;24;40525568
32451083;32451108;49;40525522
32451083;32451155;38;40525569
32451084;32451000;65;39923900
32451084;32451125;39;39923901
32451084;32451151;42;40970573
32451086;32450921;115;41333353
32451086;32450958;86;41383586
32451086;32451209;105;40283201
32451086;32451215;84;41383584
32451087;32451252;325;39872689
32451088;32450700;185;41001072
32451088;32451070;25;40691938
32451088;32451176;99;40691939
32451089;32450960;64;41424559
32451089;32451062;15;41424555
32451089;32451228;66;41424560
32451090;32451077;10;41301226
32451090;32451103;11;41262723
32451091;32451281;83;41707336
32451094;32451060;73;40918725
32451094;32451068;125;40918726
32451095;32451024;34;40576703
32451095;32451115;36;41165860
32451095;32451166;35;40576706
32451096;32451119;24;41395562
32451097;32450965;118;41685834
32451098;32451638;292;40028940
32451100;32450628;208;40029978
32451103;32451090;11;41262724
32451103;32451160;221;41262725
32451105;32450931;97;41348154
32451105;32451302;154;40338026
32451105;32451406;150;39922476
32451106;32450847;150;40653138
32451106;32451173;54;40284646
32451106;32451359;131;40653139
32451107;32450708;199;41810961
32451107;32451010;103;41347811
32451107;32451217;97;41347814
32451108;32451142;21;40383283
32451115;32450991;60;41165858
32451115;32451095;36;41165861
32451115;32451129;10;41165833
32451119;32450996;58;41395529
32451119;32451096;24;41395563
32451119;32451152;31;41395564
32451119;32451168;23;41395530
32451121;32451039;41;40029943
32451121;32451039;118;40882300
32451121;32451385;105;40029944
32451122;32451202;34;41165846
32451123;32450877;179;40613794
32451123;32451150;48;40742188
32451125;32451024;100;39923843
32451125;32451084;39;39923902
32451125;32451166;35;39923903
32451128;32449828;1795;40587808
32451128;32450776;173;41484420
32451128;32451195;27;40208015
32451128;32451208;172;40208017
32451129;32451115;10;41165832
32451129;32451202;68;41165840
32451129;32451399;117;41165835
32451130;32451097;47;39923012
32451130;32451222;100;40471929
32451132;32451040;45;39923204
32451132;32451156;41;41698085
32451132;32451697;238;39923205
32451136;32451030;65;42027655
32451137;32451059;38;41345358
32451140;32451177;86;41141000
32451142;32451193;57;40303100
32451143;32451760;249;41621943
32451144;32450981;106;40028972
32451144;32451348;110;41719677
32451144;32451363;121;40028975
32451145;32451043;92;39869800
32451145;32451192;20;40893438
32451145;32451320;105;39869803
32451146;32450940;260;41537251
32451146;32451272;63;41537252
32451146;32451292;61;41537260
32451148;32451168;23;41395554
32451149;32451167;66;40565833
32451149;32451211;197;40592732
32451150;32451123;48;40742189
32451150;32451622;235;41175574
32451151;32451084;42;40970574
32451152;32451119;31;41395565
32451153;32451199;30;40626719
32451155;32451083;38;40525570
32451155;32451142;91;40383284
32451155;32451189;14;40525549
32451156;32451132;41;41698086
32451156;32451251;75;41698083
32451156;32451357;136;41698087
32451157;32451171;22;41507343
32451157;32451734;249;41345365
32451160;32451094;60;40337257
32451160;32451103;221;41262726
32451162;32451073;45;41600053
32451162;32451171;4;41600054
32451162;32451180;20;41537266
32451163;32451801;307;40603960
32451164;32451265;45;40626722
32451166;32451095;35;40576705
32451166;32451125;35;39923904
32451167;32450915;127;40565822
32451167;32451063;70;40565823
32451167;32451149;66;40565832
32451167;32451181;42;40565835
32451168;32451119;23;41395531
32451168;32451148;23;41395555
32451168;32451178;5;41395532
32451170;32451348;103;41731480
32451171;32451157;22;41507342
32451171;32451162;4;41600055
32451171;32451543;159;41600056
32451173;32450856;177;40284654
32451173;32451106;54;40284645
32451173;32451234;28;40284655
32451173;32451256;50;40284648
32451174;32450954;105;41611628
32451174;32451046;95;40337055
32451176;32450726;203;39923844
32451176;32451088;99;40691940
32451176;32451714;534;40918622
32451177;32451027;94;40587770
32451177;32451140;86;41141001
32451177;32451288;59;40587771
32451178;32451168;5;41395533
32451178;32451218;32;41395556
32451178;32451232;22;41395534
32451180;32450974;97;41537263
32451180;32451162;20;41537267
32451180;32451206;23;41537268
32451180;32451394;85;41537264
32451181;32451167;42;40565834
32451189;32451080;141;40525541
32451189;32451155;14;40525550
32451189;32451270;32;40525551
32451192;32451145;20;40893439
32451192;32451214;38;40946014
32451192;32451263;33;40893440
32451193;32451244;32;40567965
32451195;32451128;27;40208016
32451195;32451555;204;41384784
32451196;32451228;30;40290658
32451196;32451362;102;40290659
32451199;32450719;270;40024712
32451199;32451153;30;40626720
32451199;32451265;42;40626723
32451199;32451379;89;40024715
32451201;32450886;144;41383149
32451201;32451061;92;41779669
32451201;32451401;82;40667328
32451202;32451122;34;41165847
32451202;32451129;68;41165841
32451202;32451231;18;41165848
32451203;32451725;236;40890583
32451206;32451180;23;41537269
32451208;32450406;314;40592477
32451208;32451128;172;40208018
32451208;32451486;204;40208019
32451209;32451086;105;40283200
32451209;32451270;117;41380497
32451211;32450644;469;39924058
32451211;32451149;197;40592733
32451211;32451239;125;40565819
32451211;32451465;129;40592734
32451212;32451232;23;41395560
32451214;32451192;38;40946015
32451215;32451086;84;41383583
32451215;32451264;35;41383588
32451216;32451013;103;41175584
32451216;32451311;38;39923276
32451217;32450845;195;41528392
32451217;32451107;97;41347813
32451217;32451350;80;41347816
32451218;32451178;32;41395557
32451219;32450510;400;40603733
32451219;32450676;308;41798079
32451219;32451363;76;41541471
32451220;32451293;51;41175586
32451222;32451130;100;40471928
32451222;32451249;26;41347771
32451223;32450977;151;40567956
32451224;32450984;107;41136884
32451227;32451043;86;41395570
32451227;32451326;40;41395552
32451227;32451336;68;41395573
32451228;32451089;66;41424561
32451228;32451572;159;41424562
32451230;32451053;102;42027653
32451231;32451202;18;41165849
32451231;32451236;2;41165852
32451231;32451384;123;41165836
32451232;32451178;22;41395535
32451232;32451212;23;41395561
32451232;32451247;6;41395536
32451234;32451173;28;40284656
32451235;32451320;46;40681455
32451236;32451231;2;41165853
32451236;32451399;140;41165850
32451236;32451428;83;41165857
32451239;32451211;125;40565820
32451240;32451288;199;41141002
32451242;32448669;1407;41746524
32451242;32450106;529;40024726
32451244;32451838;344;40366602
32451244;32451998;563;40567966
32451246;32451051;97;40063382
32451246;32451266;10;41262711
32451247;32451232;6;41395537
32451247;32451285;32;41395548
32451247;32451286;17;41395538
32451249;32451222;26;41347770
32451249;32451283;34;41347761
32451249;32451325;33;41089929
32451250;32450759;277;40024710
32451250;32451625;162;40024709
32451251;32451156;75;41698084
32451252;32451087;325;39872688
32451252;32451353;41;39872691
32451252;32451356;140;40681457
32451255;32451399;120;41165838
32451256;32450878;201;39923327
32451256;32451173;50;40284647
32451256;32451322;48;40284650
32451256;32451520;131;39923330
32451262;32451286;27;41395546
32451263;32451192;33;40893441
32451263;32451405;59;41395790
32451263;32451449;90;40893442
32451264;32451215;35;41383587
32451264;32451294;44;41383590
32451264;32451339;33;40303108
32451265;32451164;45;40626721
32451265;32451199;42;40626724
32451265;32451298;25;42027656
32451266;32451246;10;41262712
32451266;32451337;54;41262713
32451268;32450668;336;40603969
32451268;32450943;195;40603956
32451268;32451408;72;40603957
32451269;32450970;146;41324153
32451269;32451445;365;41219540
32451269;32451792;240;41314086
32451270;32451189;32;40525552
32451270;32451209;117;41380498
32451270;32451393;50;40383280
32451270;32451871;441;41380499
32451272;32451146;63;41537253
32451272;32451276;43;40752423
32451272;32451612;157;40752426
32451276;32451272;43;40752424
32451276;32451301;376;40752421
32451276;32451314;18;41537280
32451280;32451300;11;41456197
32451280;32451339;108;41456194
32451280;32451388;90;41456199
32451281;32451091;83;41707335
32451283;32451249;34;41347760
32451283;32451325;50;41347772
32451283;32451415;141;41347763
32451285;32451247;32;41395549
32451286;32451247;17;41395539
32451286;32451262;27;41395547
32451286;32451306;8;41395540
32451287;32451330;41;41165830
32451288;32451177;59;40587772
32451288;32451240;199;41141003
32451288;32451463;119;40587773
32451289;32451057;117;40338013
32451289;32451406;80;40338016
32451289;32451815;240;40338014
32451292;32451146;61;41537261
32451293;32451220;51;41175585
32451293;32451359;46;41175588
32451293;32451754;230;39923282
32451294;32451264;44;41383589
32451294;32451349;123;39923780
32451297;32451429;67;41869146
32451298;32451265;25;42027657
32451300;32451280;11;41456196
32451300;32451393;187;40303102
32451300;32451407;90;40303103
32451301;32451276;376;40752422
32451301;32451327;34;40752427
32451301;32451612;600;40030652
32451302;32451105;154;40338027
32451302;32451367;266;41348164
32451302;32451603;132;41066461
32451305;32451390;60;40290668
32451306;32451286;8;41395541
32451306;32451336;27;41395574
32451306;32451338;14;41395542
32451307;32451338;29;41395558
32451309;32450994;133;41799070
32451311;32451216;38;39923275
32451311;32451411;47;40742186
32451311;32451433;48;39923278
32451314;32451276;18;41537281
32451318;32451049;121;40632259
32451320;32451145;105;39869802
32451320;32451235;46;40681456
32451320;32451434;64;39869805
32451322;32450900;222;39923340
32451322;32451256;48;40284649
32451322;32451382;37;40284652
32451322;32451396;32;39923341
32451325;32451222;45;39923152
32451325;32451249;33;41089930
32451325;32451425;42;41347773
32451326;32451227;40;41395553
32451327;32451301;34;40752428
32451329;32451810;308;41106107
32451330;32451070;119;41994375
32451330;32451287;41;41165831
32451330;32451683;159;41994376
32451333;32451496;73;40383759
32451335;32451379;27;40626733
32451336;32451227;68;41395572
32451336;32451306;27;41395575
32451336;32451372;23;41395566
32451337;32451266;54;41262714
32451337;32451344;13;40337036
32451337;32451740;203;41262715
32451338;32451306;14;41395543
32451338;32451307;29;41395559
32451338;32451386;19;41395544
32451339;32451264;33;40303107
32451339;32451280;108;41456195
32451339;32451388;21;40303110
32451341;32451414;68;39923841
32451344;32450883;242;40337059
32451344;32451337;13;40337037
32451344;32451429;82;40337038
32451348;32451144;110;41719676
32451348;32451170;103;41731479
32451348;32451537;108;41719679
32451348;32451541;123;41731482
32451349;32451294;123;39923779
32451349;32451353;13;39923782
32451349;32451422;29;40367665
32451350;32450934;214;41528390
32451350;32451217;80;41347815
32451350;32451415;35;41347785
32451350;32451457;136;40537793
32451353;32451252;41;39872690
32451353;32451349;13;39923781
32451353;32451403;121;39923784
32451354;32450994;149;41799061
32451354;32451421;26;41314083
32451356;32451252;140;40681458
32451357;32451156;136;41698088
32451359;32451106;131;40653140
32451359;32451293;46;41175587
32451359;32451520;112;41175590
32451359;32451814;227;40653141
32451360;32451037;138;41136886
32451362;32451196;102;40290660
32451362;32451390;10;40290663
32451362;32451392;16;40290661
32451363;32451144;121;40028974
32451363;32451219;76;41541470
32451363;32451541;103;41541473
32451365;32451538;138;41869123
32451367;32450474;431;41348170
32451367;32451302;266;41348165
32451367;32451778;208;41348171
32451368;32451034;142;41136890
32451370;32451518;92;41395797
32451371;32451563;97;41339731
32451372;32451336;23;41395567
32451376;32450862;224;40882298
32451376;32451427;87;40029950
32451377;32451662;173;41089931
32451379;32451199;89;40024714
32451379;32451335;27;40626734
32451379;32451441;33;40024717
32451379;32451573;115;40626735
32451382;32451322;37;40284651
32451384;32451231;123;41165837
32451385;32451121;105;40029945
32451385;32451413;13;41549014
32451386;32451338;19;41395545
32451388;32451280;90;41456198
32451388;32451339;21;40303109
32451388;32451407;10;40303112
32451390;32451305;60;40290667
32451390;32451362;10;40290664
32451390;32451604;93;40290665
32451392;32451362;16;40290662
32451392;32451401;10;41424556
32451393;32451270;50;40383281
32451393;32451300;187;40303101
32451393;32451627;127;40303098
32451393;32451703;194;40367648
32451394;32451180;85;41537265
32451395;32451166;94;40691893
32451395;32451399;56;41165855
32451396;32451322;32;39923342
32451399;32451129;117;41165834
32451399;32451236;140;41165851
32451399;32451255;120;41165839
32451399;32451395;56;41165854
32451400;32451441;26;40626726
32451401;32451201;82;40667329
32451401;32451392;10;41424557
32451401;32451756;151;40667330
32451403;32451353;121;39923783
32451403;32451436;15;40367671
32451403;32451450;134;39923786
32451405;32451263;59;41395791
32451405;32451416;25;41395795
32451405;32451458;25;41395792
32451406;32451105;150;39922475
32451406;32451289;80;40338017
32451406;32451885;222;39922478
32451407;32451300;90;40303104
32451407;32451388;10;40303111
32451407;32451757;193;40303105
32451408;32451268;72;40603958
32451410;32450817;266;41347506
32451410;32451453;87;40029962
32451410;32451836;180;41347507
32451411;32451311;47;40742187
32451411;32451433;28;40662886
32451411;32451901;249;40742185
32451412;32452150;739;41621941
32451413;32451385;13;41549015
32451413;32451427;7;41549008
32451414;32451341;68;39923842
32451414;32451395;10;40691894
32451415;32451283;141;41347762
32451415;32451350;35;41347786
32451415;32451495;75;41594507
32451416;32451405;25;41395794
32451417;32451502;126;40366605
32451421;32451354;26;41314082
32451421;32451438;114;40337278
32451421;32451456;18;40295124
32451422;32451349;29;40367666
32451422;32451426;15;40525566
32451422;32451522;41;40367667
32451424;32449297;1221;40908948
32451425;32451325;42;41347774
32451425;32451474;24;40028662
32451426;32451422;15;40525565
32451427;32451376;87;40029951
32451427;32451413;7;41549009
32451427;32451459;73;40029952
32451427;32451552;56;41549010
32451428;32451236;83;41165856
32451429;32451297;67;41869145
32451429;32451344;82;40337039
32451429;32451448;25;40337040
32451433;32451311;48;39923277
32451433;32451411;28;40662885
32451433;32451622;79;39923280
32451434;32451320;64;39869804
32451434;32451480;24;41898390
32451436;32451468;53;40525525
32451436;32451522;140;40367672
32451438;32451421;114;40337279
32451438;32451445;52;40337280
32451438;32451542;55;41799068
32451439;32450929;344;41832118
32451441;32451379;33;40024716
32451441;32451400;26;40626725
32451441;32451529;49;40024719
32451443;32451561;53;41395799
32451444;32451060;171;40632244
32451445;32451269;365;41219539
32451445;32451438;52;40337281
32451445;32451470;13;41314088
32451448;32451046;211;40337050
32451448;32451429;25;40337041
32451448;32451462;15;40337042
32451449;32451263;90;40893443
32451450;32451403;134;39923785
32451450;32451434;40;41898389
32451451;32451818;228;40603954
32451453;32451410;87;40029963
32451453;32451515;94;40029964
32451453;32451864;173;40029976
32451456;32451421;18;40295123
32451456;32452040;271;40295130
32451457;32450993;196;41293165
32451457;32451350;136;40537792
32451457;32451524;25;41594504
32451458;32451405;25;41395793
32451459;32451427;73;40029953
32451460;32451149;151;40565829
32451460;32451223;206;40366603
32451462;32451448;15;40337043
32451462;32451538;84;40337044
32451462;32451707;124;41151966
32451463;32451288;119;40587774
32451463;32451469;202;40592526
32451463;32451566;71;40587775
32451465;32451211;129;40592735
32451465;32451483;6;40592730
32451468;32451436;53;40525526
32451469;32451463;202;40592527
32451469;32451482;73;40592528
32451469;32451643;70;41140998
32451470;32451445;13;41314089
32451470;32451528;23;41314090
32451470;32451542;51;41799063
32451474;32451425;24;40028663
32451474;32451491;13;40663275
32451474;32451935;201;40028664
32451480;32451512;43;39923914
32451480;32451544;126;40303311
32451482;32451469;73;40592529
32451483;32451465;6;40592731
32451483;32451527;23;41944198
32451484;32451529;31;40626714
32451486;32451208;204;40208020
32451486;32451501;114;41137156
32451486;32451774;140;40208021
32451489;32451518;17;40946016
32451491;32451474;13;40663276
32451495;32451415;75;41594506
32451495;32451634;92;41594509
32451495;32451689;87;41528372
32451496;32451616;57;41746527
32451500;32451511;26;40615216
32451501;32451486;114;41137155
32451502;32451500;14;40615213
32451505;32451740;143;40337088
32451506;32451242;120;41746525
32451511;32451460;159;40366604
32451511;32451583;85;40615217
32451512;32451450;24;39923913
32451512;32451619;55;39869784
32451514;32451376;58;40882299
32451514;32451552;85;40029947
32451515;32451453;94;40029965
32451515;32451563;92;40029966
32451516;32451547;103;41395803
32451518;32451370;92;41395796
32451518;32451489;17;40946017
32451518;32451547;19;40946018
32451520;32451256;131;39923329
32451520;32451359;112;41175589
32451520;32451706;139;41175592
32451520;32451951;219;39923332
32451522;32451422;41;40367668
32451522;32451582;29;40367669
32451524;32451457;25;41594505
32451525;32451595;35;40861295
32451527;32451483;23;41944199
32451527;32451718;97;41944194
32451528;32451470;23;41314091
32451528;32451880;157;41317646
32451529;32451441;49;40024718
32451529;32451484;31;40626713
32451529;32451642;59;40024721
32451535;32451556;24;40500059
32451535;32451646;44;40548201
32451537;32451348;108;41719678
32451537;32451677;69;41719681
32451537;32451741;120;40028957
32451538;32451365;138;41869124
32451538;32451462;84;40337045
32451538;32451587;57;40337046
32451539;32451535;17;40500060
32451539;32451649;41;40284232
32451540;32451561;30;41395789
32451541;32451348;123;41731481
32451541;32451363;103;41541472
32451541;32451638;52;41731478
32451541;32451741;108;41541469
32451542;32451438;55;41799067
32451542;32451470;51;41799064
32451542;32451596;20;41799065
32451543;32451171;159;41600057
32451543;32451612;81;40030653
32451543;32452141;252;41156403
32451544;32451480;126;40303312
32451544;32451605;92;41957231
32451546;32451600;21;41397947
32451547;32451516;103;41395802
32451547;32451518;19;40946019
32451547;32451605;21;40946020
32451549;32451773;166;40691945
32451552;32451427;56;41549011
32451552;32451514;85;40029946
32451552;32451617;102;40029949
32451552;32451883;136;41549012
32451555;32451195;204;41384785
32451555;32451579;14;41508790
32451556;32451562;6;40500062
32451556;32451624;25;40500101
32451560;32451593;23;40525532
32451561;32451443;53;41395798
32451561;32451540;30;41395788
32451561;32451679;49;41395801
32451562;32451569;13;40574796
32451563;32451371;97;41339732
32451563;32451515;92;40029967
32451566;32451463;71;40587776
32451566;32451820;241;40043700
32451566;32451846;166;40587777
32451569;32451576;15;40574797
32451569;32451647;30;40284231
32451571;32451077;239;40337265
32451572;32451228;159;41424563
32451572;32451604;14;41424564
32451572;32451657;48;41054924
32451573;32451379;115;40626736
32451576;32451586;15;40574798
32451576;32451655;30;40284229
32451579;32451555;14;41508791
32451579;32452242;320;41508792
32451580;32451773;83;41165842
32451582;32451522;29;40367670
32451582;32451713;59;40367663
32451583;32451701;57;40615210
32451585;32451589;14;40525553
32451585;32451589;90;40880053
32451585;32451696;44;40525556
32451586;32451601;17;40574799
32451586;32451665;30;40284227
32451587;32451538;57;40337047
32451587;32451851;138;41151970
32451587;32451954;265;40337048
32451589;32451585;90;40880054
32451589;32451585;14;40525554
32451589;32451590;6;40525557
32451590;32451589;6;40525558
32451590;32451595;8;40525559
32451590;32451696;65;40880045
32451593;32451560;23;40525531
32451593;32451582;46;40367662
32451595;32451525;35;40861294
32451595;32451590;8;40525560
32451595;32451619;21;40525561
32451596;32451542;20;41799066
32451596;32451912;128;41219547
32451597;32451774;126;40592489
32451598;32451682;35;41549000
32451600;32451546;21;41397948
32451600;32451658;56;41397931
32451600;32451710;49;41397949
32451601;32451669;114;40574800
32451601;32451671;29;40284225
32451603;32451302;132;41066460
32451603;32451685;90;40284591
32451603;32452075;212;41465356
32451604;32451390;93;40290666
32451604;32451572;14;41424565
32451605;32451544;92;41957232
32451605;32451547;21;40946021
32451605;32451636;52;41957229
32451612;32451272;157;40752425
32451612;32451301;600;40030651
32451612;32451543;81;40030654
32451612;32451666;22;40030656
32451613;32451677;39;40028967
32451616;32454094;1155;41746522
32451617;32450956;283;39923192
32451617;32451552;102;40029948
32451617;32451697;140;40537769
32451617;32452160;227;39923193
32451619;32451512;55;39869785
32451619;32451595;21;40525562
32451619;32451652;33;40278164
32451619;32451798;85;39869786
32451620;32451654;36;41054872
32451620;32451686;69;41054871
32451621;32451045;424;40603740
32451622;32451150;235;41175575
32451622;32451433;79;39923279
32451622;32451965;184;41175568
32451624;32451688;30;41547655
32451625;32451250;162;40024708
32451625;32451978;162;41303223
32451627;32451393;127;40303099
32451628;32451648;9;41537270
32451629;32451506;57;41746526
32451634;32451495;92;41594508
32451634;32451705;46;40960613
32451634;32452031;176;41594510
32451635;32451662;73;40537828
32451635;32451700;36;40537801
32451635;32451775;99;40537835
32451636;32451605;52;41957230
32451636;32451664;42;41301661
32451637;32451641;26;40525540
32451638;32451098;292;40028941
32451638;32451541;52;41731477
32451638;32451684;27;40028955
32451638;32451833;104;40028942
32451639;32451644;21;40500097
32451639;32451647;14;40500074
32451641;32451637;26;40525539
32451642;32451529;59;40024720
32451642;32451691;34;40626727
32451642;32451923;141;40024723
32451643;32451469;70;41140999
32451644;32451646;8;40500092
32451646;32451535;44;40548202
32451646;32451649;14;40500093
32451647;32451569;30;40284230
32451647;32451639;14;40500075
32451647;32451655;14;40500076
32451648;32451628;9;41537271
32451648;32451666;19;41537259
32451648;32451844;101;41537272
32451649;32451539;41;40284233
32451649;32451652;18;40500094
32451652;32451539;55;40500061
32451652;32451619;33;40278165
32451653;32451514;59;39923176
32451653;32451682;55;41548998
32451653;32451782;57;40882297
32451654;32451414;109;40691895
32451654;32451620;36;41054873
32451655;32451576;30;40284228
32451655;32451647;14;40500077
32451655;32451665;14;40500078
32451657;32451572;48;41054925
32451658;32451600;56;41397932
32451659;32451772;72;40525519
32451662;32451377;173;41089932
32451662;32451635;73;40537829
32451662;32451790;68;40537830
32451664;32451636;42;41301662
32451664;32451679;36;41333355
32451664;32451753;46;39923867
32451665;32451586;30;40284226
32451665;32451655;14;40500079
32451665;32451671;18;40500080
32451666;32451612;22;40030655
32451666;32451648;19;41537258
32451666;32451844;81;40030658
32451669;32451672;16;40574801
32451669;32451763;41;40284223
32451671;32451601;29;40284224
32451671;32451665;18;40500081
32451671;32451784;102;40500082
32451672;32451680;15;40574802
32451672;32451739;29;40284221
32451674;32450672;1017;41228579
32451674;32452502;473;41228580
32451676;32451711;30;39923315
32451677;32451537;69;41719680
32451677;32451613;39;40028966
32451677;32451796;63;41719683
32451677;32451858;120;40028969
32451679;32451561;49;41395800
32451679;32451664;36;41333356
32451679;32451715;59;41957233
32451680;32451698;19;40574803
32451680;32451719;18;40284219
32451682;32451598;35;41549001
32451682;32451653;55;41548999
32451682;32451894;87;41549002
32451683;32451330;159;41994377
32451683;32451767;83;41165123
32451683;32451863;83;39868783
32451684;32451638;27;40028954
32451685;32451603;90;40284592
32451685;32451752;85;40655653
32451685;32451778;104;40284593
32451686;32451620;70;41054870
32451688;32451980;161;41553448
32451689;32451495;87;41528371
32451689;32451835;61;41764466
32451689;32451853;99;41764463
32451691;32451642;34;40626728
32451696;32451585;44;40525555
32451696;32451590;65;40880046
32451696;32451798;44;40525564
32451697;32451132;238;39923206
32451697;32451617;140;40537768
32451697;32451810;176;40537771
32451697;32452411;300;39923207
32451698;32451719;21;40284210
32451698;32451751;21;40574804
32451699;32451654;23;40691896
32451699;32451773;75;40691946
32451700;32451635;36;40537800
32451700;32451775;30;40537803
32451700;32451790;129;40537789
32451701;32451838;54;40615211
32451703;32451393;194;40367649
32451705;32451634;46;40960612
32451705;32451653;59;40882302
32451705;32451782;44;40960615
32451706;32451013;365;40960610
32451706;32451520;139;41175591
32451706;32451856;105;41605780
32451706;32452136;211;40960609
32451707;32451462;124;41151967
32451710;32451600;49;41397950
32451710;32451783;71;41397918
32451710;32452159;226;41397951
32451711;32451676;30;39923316
32451711;32451754;32;39923317
32451711;32452333;287;39923288
32451712;32451762;21;41397938
32451713;32451593;104;40367664
32451713;32451729;11;40525524
32451714;32451176;534;40918623
32451714;32451725;18;41174965
32451714;32452696;476;40882743
32451715;32451679;59;41957234
32451715;32451732;36;41747134
32451716;32452446;498;40613770
32451717;32451137;249;41347518
32451718;32451527;97;41944195
32451718;32451721;93;41106838
32451718;32451724;3;41944196
32451719;32451680;18;40284218
32451719;32451698;21;40284211
32451719;32451739;19;40284212
32451721;32451718;93;41106839
32451724;32451718;3;41944197
32451724;32451764;17;41944200
32451725;32451203;236;40890582
32451725;32451714;18;41174966
32451725;32451815;80;41174967
32451726;32452512;324;40374001
32451727;32451439;137;40366606
32451727;32451502;142;40615214
32451729;32451713;11;40525523
32451731;32452094;163;40545541
32451732;32451715;36;41747135
32451732;32451756;33;41747136
32451732;32452049;138;41054926
32451733;32450825;453;40557233
32451733;32451761;266;40557224
32451733;32452208;214;40557109
32451734;32451717;37;41235646
32451734;32451834;41;41345366
32451738;32452258;236;39922520
32451739;32451672;29;40284220
32451739;32451719;19;40284213
32451739;32451763;18;40284214
32451740;32451337;203;41262716
32451740;32451505;143;40337089
32451740;32452057;146;41262717
32451741;32451537;120;40028956
32451741;32451541;108;41541468
32451741;32451833;57;40028959
32451741;32451858;64;41563493
32451743;32451796;30;40028961
32451747;32451772;92;40525572
32451751;32451809;25;40574805
32451751;32451830;81;40284208
32451752;32451685;85;40655654
32451753;32451636;53;39856819
32451753;32451664;46;39923868
32451753;32451879;60;41957235
32451754;32451293;230;39923281
32451754;32451711;32;39923318
32451754;32451814;44;39923319
32451756;32451401;151;40667331
32451756;32451732;33;41747137
32451756;32451786;13;40667332
32451756;32451805;81;41957243
32451757;32451407;193;40303106
32451760;32451143;249;41621944
32451760;32451761;182;40557094
32451760;32451771;231;40557097
32451761;32450797;405;41621948
32451761;32451733;266;40557223
32451761;32451760;182;40557095
32451761;32451892;52;40557155
32451762;32451712;21;41397937
32451762;32451783;12;41397940
32451762;32451905;176;41397936
32451763;32451669;41;40284222
32451763;32451739;18;40284215
32451763;32451784;27;40284216
32451764;32451724;17;41944201
32451764;32451818;27;41944202
32451767;32451683;83;41165122
32451768;32451727;14;40615215
32451771;32451760;231;40557096
32451772;32451659;72;40525518
32451772;32451747;92;40525571
32451772;32451907;53;40525521
32451773;32451549;166;40691944
32451773;32451580;83;41165843
32451773;32451699;75;40691947
32451774;32451486;140;40208022
32451774;32451597;126;40592488
32451774;32452340;256;40208023
32451775;32451635;99;40537834
32451775;32451700;30;40537802
32451775;32451777;3;40537783
32451777;32451775;3;40537782
32451777;32451837;58;40537785
32451777;32451903;64;40663241
32451778;32451367;208;41348172
32451778;32451685;104;40284594
32451778;32451910;60;41348166
32451782;32451705;44;40960614
32451782;32451894;63;40960617
32451782;32452328;225;39923161
32451783;32451710;71;41397917
32451783;32451762;12;41397939
32451783;32451905;52;41397942
32451784;32451671;102;40500083
32451784;32451763;27;40284217
32451784;32451830;19;40500084
32451786;32451756;13;40667333
32451786;32452078;125;41318271
32451790;32451662;68;40537831
32451790;32451700;129;40537788
32451790;32451825;15;40537832
32451791;32451882;41;40663249
32451792;32451269;240;41314087
32451792;32451934;131;40848541
32451792;32452036;110;40636767
32451796;32451677;63;41719682
32451796;32451743;30;40028960
32451796;32451973;121;40028963
32451796;32452139;183;41719685
32451798;32451619;85;39869787
32451798;32451696;44;40525563
32451798;32451890;44;39869788
32451801;32451163;307;40603959
32451801;32451831;48;40615312
32451801;32451874;61;40603962
32451803;32452107;157;41357180
32451804;32451699;43;40691941
32451804;32451824;9;41001098
32451805;32451756;81;41957244
32451805;32451824;33;41413343
32451808;32451717;36;41347519
32451808;32451834;42;41235645
32451809;32451859;61;40284206
32451809;32451899;66;40574806
32451810;32451329;308;41106106
32451810;32451697;176;40537770
32451810;32451812;4;40537773
32451812;32451810;4;40537772
32451812;32451836;43;40537775
32451812;32451975;111;41106103
32451814;32451359;227;40653142
32451814;32451754;44;39923320
32451814;32451951;114;39923321
32451814;32452412;278;39923284
32451815;32451289;240;40338015
32451815;32451725;80;41174968
32451815;32451885;76;41174969
32451818;32451451;228;40603953
32451818;32451764;27;41944203
32451818;32451874;86;40615207
32451819;32451841;84;41106840
32451820;32450948;441;40587779
32451820;32451566;241;40043701
32451824;32451804;9;41001097
32451824;32451805;33;41413344
32451824;32451889;64;41413345
32451825;32451790;15;40537833
32451825;32451854;27;41347764
32451825;32451898;31;40537766
32451827;32451907;116;40488444
32451830;32451751;81;40284207
32451830;32451784;19;40500085
32451830;32451859;15;40500086
32451831;32451801;48;40615313
32451831;32451936;58;40615314
32451831;32452799;419;40402185
32451832;32451872;19;41165138
32451833;32451638;104;40028943
32451833;32451741;57;40028958
32451833;32452055;126;40028944
32451834;32452336;213;41345367
32451835;32451689;61;41764465
32451835;32451853;44;41764468
32451835;32452002;110;41764462
32451836;32451410;180;41347508
32451836;32451812;43;40537774
32451836;32452082;108;41347509
32451837;32451777;58;40537784
32451837;32451854;24;40537837
32451837;32451986;72;40537839
32451838;32451855;10;40615212
32451841;32451819;84;41106841
32451841;32451843;13;41106833
32451841;32451959;64;41106842
32451843;32451841;13;41106832
32451843;32451845;20;41106835
32451844;32451648;101;41537273
32451844;32451666;81;40030657
32451844;32451881;30;40030660
32451845;32451843;20;41106834
32451845;32451871;51;41106837
32451846;32451566;166;40587778
32451846;32451869;159;40557141
32451846;32452148;143;40557237
32451847;32451963;56;41101135
32451851;32451587;138;41151971
32451853;32451689;99;41764464
32451853;32451835;44;41764467
32451853;32452002;67;41764459
32451854;32451825;27;41347765
32451854;32451837;24;40537836
32451854;32451898;37;40663260
32451855;32452035;136;40615218
32451855;32452282;177;40756676
32451856;32451216;324;40742190
32451856;32451706;105;41605779
32451856;32451870;8;41605782
32451857;32451923;32;40626710
32451858;32451677;120;40028968
32451858;32451741;64;41563492
32451858;32451973;62;41563495
32451859;32451809;61;40284205
32451859;32451830;15;40500087
32451859;32451899;14;40500088
32451860;32451989;60;41165130
32451861;32451944;58;41819564
32451863;32451683;83;39868784
32451863;32451876;8;41165124
32451863;32451999;65;39868785
32451864;32451914;67;40537844
32451866;32451896;16;41357149
32451866;32452019;83;41357128
32451868;32451768;44;40615222
32451869;32451846;159;40557142
32451869;32452150;475;40557090
32451870;32451029;424;41605783
32451870;32451856;8;41605781
32451870;32451887;9;40918625
32451871;32451270;441;41380500
32451871;32451845;51;41106836
32451871;32452216;139;41380501
32451872;32451832;19;41165139
32451872;32451876;51;41165147
32451872;32451989;124;41165148
32451874;32451801;61;40603961
32451874;32451818;86;40615206
32451874;32452188;131;40615209
32451876;32451863;8;41165125
32451876;32451872;51;41165146
32451876;32451930;39;41165126
32451877;32451890;76;40488449
32451879;32451753;60;41957236
32451879;32451931;20;41957237
32451880;32451528;157;41317647
32451880;32451912;94;41219552
32451880;32451992;79;41317648
32451881;32451844;30;40030659
32451882;32451791;41;40663250
32451882;32451903;19;40663248
32451882;32452184;133;40663251
32451883;32451552;136;41549013
32451883;32451911;9;41549004
32451885;32451406;222;39922477
32451885;32451815;76;41174970
32451885;32452075;209;41174971
32451887;32451870;9;40918624
32451887;32451901;8;39923268
32451887;32451921;16;41605778
32451889;32451824;64;41413346
32451889;32451956;35;39868780
32451889;32451999;129;41413347
32451890;32451798;44;39869789
32451890;32451877;76;40488448
32451890;32451940;24;39869790
32451892;32451761;52;40557156
32451892;32452870;447;40592525
32451894;32451682;87;41549003
32451894;32451782;63;40960616
32451894;32451919;12;40960619
32451895;32452143;102;40613774
32451896;32451866;16;41357148
32451896;32451928;17;41357151
32451896;32452041;83;41357162
32451898;32451825;31;40537767
32451898;32451854;37;40663259
32451898;32451935;35;40663262
32451899;32451859;14;40500089
32451899;32451932;20;40574807
32451899;32451942;18;40500090
32451901;32451887;8;39923267
32451901;32451965;56;39923270
32451903;32451777;64;40663242
32451903;32451882;19;40663247
32451903;32452099;90;40663243
32451904;32451688;190;41553449
32451905;32451762;176;41397935
32451905;32451783;52;41397941
32451905;32452153;113;41397944
32451906;32451946;69;41262266
32451907;32451772;53;40525520
32451907;32451827;116;40488445
32451907;32451940;46;40488446
32451910;32451778;60;41348167
32451910;32451970;75;39922527
32451910;32452263;159;41348162
32451911;32451883;9;41549005
32451911;32451949;22;41549006
32451912;32451596;128;41219548
32451912;32451880;94;41219551
32451912;32452040;101;41219554
32451914;32451515;173;40537845
32451919;32451894;12;40960618
32451919;32451949;28;40960621
32451919;32452541;273;41528377
32451921;32451870;16;41605777
32451921;32452888;478;41345948
32451923;32451642;141;40024722
32451923;32451857;32;40626709
32451923;32452030;77;40024725
32451928;32451896;17;41357150
32451928;32451941;15;41357153
32451928;32452074;83;41357140
32451929;32452057;86;41869131
32451930;32451876;39;41165127
32451930;32452029;128;41165128
32451930;32452097;151;41165140
32451931;32451879;20;41957238
32451931;32451960;23;41957239
32451932;32451931;33;40284209
32451932;32451943;13;40574808
32451933;32452775;368;40402187
32451934;32451792;131;40848542
32451934;32452013;231;40848543
32451934;32452036;109;40848522
32451935;32451474;201;40028665
32451935;32451898;35;40663261
32451935;32451945;36;39923137
32451935;32452287;147;41347779
32451936;32451831;58;40615315
32451936;32452794;372;40402181
32451940;32451890;24;39869791
32451940;32451907;46;40488447
32451940;32451997;64;40525543
32451940;32452010;42;39869792
32451941;32451928;15;41357152
32451941;32451953;17;41357155
32451941;32452102;83;41357144
32451942;32451899;18;40500091
32451943;32451960;17;40525620
32451944;32450553;799;41819560
32451944;32451861;58;41819565
32451944;32452112;68;41819563
32451945;32451935;36;39923136
32451945;32451974;49;39923139
32451945;32452039;92;40663280
32451946;32451906;69;41262265
32451946;32452006;39;41262275
32451946;32452024;43;41262268
32451949;32451911;22;41549007
32451949;32451919;28;40960620
32451949;32452160;119;41347767
32451951;32451520;219;39923331
32451951;32451814;114;39923322
32451951;32452136;137;39923323
32451951;32452515;261;39923334
32451953;32451941;17;41357154
32451953;32451971;13;41357157
32451953;32452128;82;41357131
32451954;32451587;265;40337049
32451956;32451987;34;40294962
32451956;32452218;106;39868781
32451959;32451841;64;41106843
32451960;32451931;23;41957240
32451960;32451943;17;40525619
32451960;32452044;174;40525622
32451960;32452155;89;41957241
32451963;32451847;56;41101134
32451963;32451975;24;41101131
32451963;32452178;82;41101132
32451965;32451622;184;41175569
32451965;32451901;56;39923269
32451965;32452063;71;39923272
32451965;32452375;199;41175570
32451967;32451997;21;41010019
32451969;32451868;56;40615221
32451970;32452154;78;41771149
32451970;32452223;134;39922528
32451971;32451953;13;41357156
32451971;32452146;82;41357404
32451972;32451904;52;41547656
32451973;32451796;121;40028962
32451973;32451858;62;41563494
32451973;32452055;59;40028965
32451973;32452327;178;40028931
32451974;32451945;49;39923138
32451974;32452039;36;40663264
32451975;32451812;111;41106102
32451975;32451963;24;41101130
32451975;32452192;81;41106105
32451978;32451625;162;41303222
32451978;32452030;30;39820479
32451980;32451904;178;41553450
32451980;32452070;38;41553447
32451984;32452038;40;40626730
32451986;32451837;72;40537838
32451986;32452017;146;40663255
32451986;32452017;17;40537841
32451987;32451956;34;40294963
32451989;32451860;60;41165131
32451989;32451872;124;41165149
32451989;32452029;21;41165132
32451992;32451880;79;41317649
32451996;32452216;130;40367674
32451997;32451940;64;40525544
32451997;32451967;21;41010018
32451997;32452028;36;40525545
32451998;32452396;182;40596382
32451999;32451863;65;39868786
32451999;32451889;129;41413348
32451999;32452212;175;41413349
32451999;32452362;155;39868787
32452002;32451835;110;41764461
32452002;32451853;67;41764460
32452002;32452031;47;40663279
32452004;32452175;72;41357408
32452005;32451971;30;41357403
32452005;32452201;82;41357158
32452006;32451946;39;41262276
32452006;32452024;12;41262280
32452006;32452226;101;41262277
32452007;32452285;253;40303087
32452010;32451940;42;39869793
32452010;32452034;21;41386244
32452010;32452124;46;40525537
32452012;32451969;43;40366599
32452012;32452456;288;40615223
32452013;32451934;231;40848544
32452013;32452094;51;40337080
32452014;32452108;51;40294964
32452017;32451986;17;40537840
32452017;32451986;146;40663256
32452017;32452061;19;40537843
32452019;32451866;83;41357129
32452019;32452041;16;40613750
32452019;32452206;79;41357132
32452020;32452061;58;39923162
32452021;32452005;15;41357405
32452021;32452225;82;41357166
32452024;32451946;43;41262267
32452024;32452006;12;41262279
32452024;32452260;100;41262270
32452027;32451223;594;40567957
32452028;32451997;36;40525546
32452028;32452109;95;40525547
32452029;32451930;128;41165129
32452029;32451989;21;41165133
32452029;32452097;22;41165134
32452030;32451923;77;40024724
32452030;32451978;30;39820478
32452030;32452247;97;41741336
32452031;32451634;176;41594511
32452031;32452280;97;41594512
32452034;32452010;21;41386243
32452034;32452130;95;40488450
32452034;32452130;58;41386246
32452035;32452012;54;40615219
32452036;32451792;110;40636768
32452036;32451934;109;40848521
32452036;32452498;298;40636765
32452038;32451984;40;40626729
32452038;32452121;50;40626732
32452038;32452247;92;40626737
32452039;32451945;92;40663281
32452039;32451974;36;40663263
32452039;32452157;40;40663266
32452040;32451456;271;40295129
32452040;32451912;101;41219553
32452040;32452087;13;40295132
32452041;32451896;83;41357163
32452041;32452019;16;40613749
32452041;32452074;17;40613752
32452041;32452206;63;41357164
32452044;32451960;174;40525621
32452047;32452021;16;41357406
32452047;32452249;82;41357411
32452049;32451732;138;41054927
32452049;32452078;33;41010020
32452050;32452184;74;40663254
32452051;32452139;50;40028949
32452052;32452092;35;40401947
32452052;32452137;44;40401948
32452054;32452193;102;40367651
32452055;32451833;126;40028945
32452055;32451973;59;40028964
32452055;32452406;178;40028946
32452056;32452071;16;40880067
32452056;32452145;54;40880066
32452056;32452169;44;40880039
32452057;32451740;146;41262718
32452057;32451929;86;41869132
32452057;32452117;21;41262719
32452061;32452017;19;40537842
32452061;32452020;58;39923163
32452063;32451965;71;39923271
32452063;32452181;60;39923274
32452063;32452451;194;40613797
32452065;32451942;61;40500095
32452065;32451972;48;40284234
32452070;32452028;79;40488443
32452071;32452056;16;40880068
32452071;32452085;16;40880069
32452071;32452204;51;40880038
32452074;32451928;83;41357141
32452074;32452041;17;40613751
32452074;32452102;16;40613754
32452074;32452228;64;41357142
32452075;32451603;212;41465355
32452075;32451885;209;41174972
32452075;32452091;12;41066469
32452075;32452224;55;41066463
32452076;32452248;62;40663272
32452077;32452164;158;40655658
32452078;32451786;125;41318272
32452078;32452049;33;41010021
32452078;32452533;195;41549016
32452082;32451836;108;41347510
32452082;32452135;66;40029970
32452082;32452439;149;41347511
32452085;32452071;16;40880070
32452085;32452234;61;40880042
32452085;32452266;82;40880071
32452087;32452040;13;40295131
32452091;32452075;12;41066470
32452091;32452164;66;41270090
32452092;32452052;35;40401946
32452092;32452112;15;40028983
32452094;32451731;163;40545540
32452094;32452013;51;40337081
32452094;32452378;179;40337082
32452095;32452170;108;41945172
32452097;32451930;151;41165141
32452097;32452029;22;41165135
32452097;32452212;43;41165136
32452098;32452124;19;40525527
32452099;32451903;90;40663244
32452102;32451941;83;41357145
32452102;32452074;16;40613753
32452102;32452128;16;40613756
32452102;32452255;64;41357146
32452104;32452190;71;41771156
32452106;32450907;508;41140939
32452106;32452158;56;41140944
32452106;32452787;297;41140940
32452107;32451803;157;41357179
32452107;32452047;20;41357407
32452107;32452270;73;40373997
32452108;32452014;51;40294965
32452109;32452028;95;40525548
32452112;32451944;68;41819562
32452112;32452092;15;40028982
32452112;32452458;200;40028985
32452117;32452057;21;41262720
32452117;32452469;158;41262721
32452117;32452611;443;40337066
32452118;32452121;3;40626716
32452121;32452038;50;40626731
32452121;32452118;3;40626715
32452121;32452315;108;40626718
32452122;32452162;62;40314872
32452123;32452258;113;40310865
32452124;32452010;46;40525538
32452124;32452098;19;40525528
32452124;32452138;7;40525529
32452125;32452226;43;41262274
32452128;32451953;82;41357130
32452128;32452102;16;40613755
32452128;32452146;13;40613758
32452128;32452255;81;41357135
32452129;32452310;164;40560098
32452129;32452332;108;40560099
32452129;32452369;107;40028842
32452130;32452034;58;41386245
32452130;32452145;12;41386248
32452135;32452082;66;40029969
32452135;32452177;59;40029972
32452135;32452468;148;41465248
32452136;32451706;211;40960608
32452136;32451951;137;39923324
32452136;32452276;100;39923325
32452136;32452587;216;41290873
32452137;32452052;44;40401949
32452138;32452124;7;40525530
32452139;32451796;183;41719684
32452139;32452051;50;40028948
32452139;32452327;124;40028951
32452139;32452418;148;40028913
32452141;32451543;252;41156404
32452141;32452221;87;40043620
32452141;32452353;90;41156405
32452143;32451895;102;40613773
32452143;32452655;588;40613747
32452143;32452681;225;40613776
32452145;32452056;54;40880065
32452145;32452130;12;41386247
32452145;32452167;13;41386250
32452146;32452128;13;40613757
32452146;32452175;15;40613760
32452146;32452357;101;40374003
32452148;32451846;143;40557238
32452148;32452526;184;40557239
32452148;32452879;774;41416143
32452150;32451412;739;41621942
32452150;32451869;475;40557091
32452150;32452227;79;40557092
32452153;32451905;113;41397943
32452153;32452159;12;41397954
32452153;32452340;164;41397946
32452154;32451970;78;41771150
32452154;32452190;12;41771151
32452154;32452223;57;41771159
32452155;32451960;89;41957242
32452155;32452065;33;40284235
32452155;32452473;161;41301663
32452157;32452039;40;40663265
32452157;32452176;19;40663273
32452157;32452383;126;40663268
32452158;32450766;597;41140928
32452158;32452106;56;41140945
32452158;32452863;330;41140946
32452159;32451710;226;41397952
32452159;32452153;12;41397953
32452159;32452361;87;41397933
32452160;32451617;227;39923194
32452160;32451949;119;41347766
32452160;32452286;52;39923154
32452160;32452411;154;41347769
32452162;32452122;62;40314871
32452162;32452214;16;40314865
32452162;32452218;74;40314874
32452164;32452077;158;40655657
32452164;32452091;66;41270091
32452164;32452197;25;41270092
32452167;32452145;13;41386249
32452167;32452169;2;41386252
32452167;32452687;321;40488433
32452168;32452612;191;40412472
32452169;32452056;44;40880040
32452169;32452167;2;41386251
32452169;32452204;15;41386254
32452170;32452095;108;41945171
32452175;32452004;72;41357409
32452175;32452146;15;40613759
32452175;32452201;16;40613762
32452175;32452323;79;41357412
32452176;32452157;19;40663274
32452177;32452135;59;40029971
32452177;32452246;115;40029974
32452177;32452609;302;40029975
32452178;32451963;82;41101133
32452181;32452063;60;39923273
32452181;32452534;187;41604138
32452184;32451882;133;40663252
32452184;32452050;74;40663253
32452184;32452313;51;40663245
32452187;32452214;31;40314870
32452188;32451874;131;40615208
32452188;32452236;57;40615220
32452188;32452384;90;40603951
32452190;32452104;71;41771155
32452190;32452154;12;41771152
32452190;32452251;57;41771158
32452190;32452284;41;41771153
32452191;32451768;188;40366607
32452192;32451975;81;41106104
32452193;32452054;102;40367650
32452193;32452220;11;40367655
32452193;32452269;72;40367653
32452197;32452164;25;41270093
32452201;32452005;82;41357159
32452201;32452175;16;40613761
32452201;32452225;16;40613764
32452201;32452323;63;41357160
32452202;32452241;71;40663283
32452204;32452071;51;40880037
32452204;32452169;15;41386253
32452204;32452234;16;41386256
32452206;32452019;79;41357133
32452206;32452041;63;41357165
32452206;32452228;16;41357136
32452208;32451733;214;40557108
32452209;32452507;146;41140871
32452212;32451999;175;41413350
32452212;32452097;43;41165137
32452212;32452283;74;41413351
32452214;32452162;16;40314866
32452214;32452187;31;40314869
32452214;32452243;51;40314867
32452216;32451871;139;41380502
32452216;32451996;130;40367673
32452216;32452632;223;41380503
32452218;32452162;74;40314873
32452218;32452479;127;39868782
32452220;32452193;11;40367654
32452220;32452285;30;40367657
32452220;32452306;48;40828479
32452221;32452141;87;40043621
32452221;32452240;103;41222734
32452222;32452563;158;40303077
32452223;32452154;57;41771160
32452223;32452251;12;39922529
32452224;32452075;55;41066462
32452224;32452275;23;40284585
32452225;32452021;82;41357167
32452225;32452201;16;40613763
32452225;32452249;15;40613766
32452225;32452344;63;41357168
32452226;32452006;101;41262278
32452226;32452125;43;41262273
32452226;32452260;13;41262281
32452227;32452150;79;40557093
32452227;32452305;149;40557098
32452228;32452074;64;41357143
32452228;32452206;16;41357137
32452228;32452255;16;41357138
32452233;32452330;44;40284691
32452234;32452085;61;40880041
32452234;32452204;16;41386255
32452234;32452266;15;41386258
32452235;32453151;404;41963040
32452236;32452191;24;40592736
32452239;32452262;16;40488436
32452239;32452262;84;40880047
32452239;32452273;17;40488437
32452240;32452292;23;40338147
32452240;32452307;85;40338146
32452241;32452202;71;40663282
32452241;32452248;62;40663293
32452241;32452349;48;40663294
32452242;32451579;320;41508793
32452242;32452288;24;40208030
32452243;32452214;51;40314868
32452246;32451563;289;40029968
32452246;32452177;115;40029973
32452246;32452609;168;41339729
32452247;32452030;97;41741335
32452247;32452038;92;40626738
32452247;32452315;36;41741338
32452248;32452076;62;40663271
32452248;32452241;62;40663292
32452248;32452264;27;40663297
32452249;32452047;82;41357410
32452249;32452225;15;40613765
32452249;32452270;17;40613768
32452249;32452344;79;41357415
32452250;32452259;63;41397921
32452251;32452190;57;41771157
32452251;32452303;25;39922530
32452252;32452307;318;40338143
32452252;32452872;347;40371533
32452255;32452102;64;41357147
32452255;32452128;81;41357134
32452255;32452228;16;41357139
32452258;32451738;236;39922521
32452258;32452123;113;40310864
32452258;32452333;90;40310867
32452258;32452395;72;39922522
32452259;32452250;63;41397922
32452260;32452024;100;41262269
32452260;32452226;13;41262282
32452260;32452320;27;41262272
32452262;32452239;16;40488435
32452262;32452239;84;40880048
32452262;32452335;61;40488440
32452263;32451910;159;41348163
32452263;32452324;73;40284595
32452263;32452370;53;40471930
32452264;32452248;27;40663296
32452264;32452280;36;41465348
32452264;32452554;136;40663277
32452266;32452085;82;40880072
32452266;32452234;15;41386257
32452266;32452289;14;41386260
32452269;32452193;72;40367652
32452270;32452107;73;40373996
32452270;32452249;17;40613767
32452270;32452381;59;40373999
32452271;32452320;25;42026701
32452273;32452239;17;40488438
32452273;32452289;11;40488441
32452273;32452366;76;40880050
32452275;32452224;23;40284584
32452276;32452136;100;39923326
32452277;32452395;139;40779464
32452278;32452224;56;40284590
32452278;32452300;10;40395053
32452278;32452330;57;40284587
32452280;32452031;97;41594513
32452280;32452264;36;41465347
32452280;32452328;88;39923226
32452280;32452987;326;41340081
32452282;32452360;38;40871918
32452283;32452212;74;41413352
32452283;32452433;164;41340099
32452283;32452607;161;39869590
32452284;32452190;41;41771154
32452285;32452007;253;40303086
32452285;32452220;30;40367656
32452285;32452462;93;40303089
32452286;32452160;52;39923153
32452286;32452616;149;39923156
32452286;32452648;180;40338108
32452287;32451935;147;41347780
32452287;32452354;47;40663290
32452287;32452622;149;41347781
32452288;32452299;21;40208031
32452288;32452357;76;40362784
32452289;32452266;14;41386259
32452289;32452273;11;40488442
32452289;32452319;17;40488452
32452289;32452386;79;41386262
32452292;32452221;95;41222737
32452292;32452240;23;40338148
32452292;32452427;65;40043622
32452296;32452310;9;40559574
32452299;32452242;42;40208029
32452299;32452584;143;40207920
32452300;32452278;10;40395054
32452300;32452311;6;41771163
32452300;32452322;10;40395055
32452303;32452314;7;41771161
32452303;32452380;41;39922531
32452304;32452362;62;41976512
32452305;32452227;149;40557099
32452305;32452421;75;40557235
32452306;32452341;44;40367658
32452306;32452519;108;40367661
32452307;32452240;85;40338145
32452307;32452252;318;40338144
32452307;32452605;145;40043629
32452308;32452035;158;40871919
32452309;32452312;87;40029995
32452310;32452129;164;40560097
32452310;32452296;9;40559573
32452310;32452369;65;40559576
32452311;32452300;6;41771164
32452312;32452309;87;40029996
32452312;32452313;90;40029997
32452312;32452454;69;39923143
32452313;32452184;51;40663246
32452313;32452312;90;40029998
32452313;32452316;51;40029999
32452314;32452303;7;41771162
32452315;32452121;108;40626717
32452315;32452247;36;41741337
32452315;32452368;35;41741340
32452316;32452313;51;40030000
32452319;32452289;17;40488451
32452319;32452334;16;40880055
32452319;32452443;74;40488454
32452320;32452260;27;41262271
32452320;32452271;25;42026700
32452320;32452326;5;42026703
32452322;32452300;10;40395056
32452322;32452325;6;41771165
32452322;32452407;45;40395057
32452323;32452175;79;41357413
32452323;32452201;63;41357161
32452323;32452344;16;41357416
32452324;32452380;70;40284596
32452324;32452436;54;40577926
32452325;32452322;6;41771166
32452326;32452320;5;42026702
32452326;32452397;45;42026705
32452326;32452857;700;41262264
32452327;32451973;178;40028930
32452327;32452139;124;40028950
32452327;32452406;60;40028953
32452327;32452586;141;40028933
32452328;32452280;88;39923225
32452328;32452862;251;41764457
32452329;32452414;42;40298707
32452330;32452233;44;40284692
32452330;32452278;57;40284586
32452330;32452370;51;40284589
32452332;32452129;108;40560100
32452332;32452390;36;40559551
32452332;32452403;60;40559550
32452333;32451711;287;39923287
32452333;32452258;90;40310866
32452333;32452412;88;40310869
32452333;32452476;72;39923290
32452334;32452319;16;40880056
32452334;32452356;17;40880057
32452334;32452443;59;40880032
32452335;32452262;61;40488439
32452335;32452366;16;40500065
32452335;32452388;49;40500064
32452336;32452353;22;41235644
32452336;32452518;85;41345368
32452340;32451774;256;40208024
32452340;32452153;164;41397945
32452340;32452791;224;40208025
32452341;32452306;44;40367659
32452343;32452426;44;40559592
32452344;32452225;63;41357169
32452344;32452249;79;41357414
32452344;32452323;16;41357417
32452346;32452375;31;40613787
32452349;32452241;48;40663295
32452352;32452383;62;40663285
32452353;32452141;90;41156406
32452353;32452336;22;41235643
32452353;32452455;51;41156407
32452354;32452287;47;40663291
32452355;32452447;49;40559567
32452356;32452334;17;40880058
32452356;32452373;19;40880059
32452356;32452460;59;40880044
32452357;32452146;101;40374002
32452357;32452288;76;40362785
32452357;32452401;26;40374005
32452357;32452420;85;40362786
32452359;32452466;60;40559569
32452360;32453737;694;40756677
32452361;32452159;87;41397934
32452361;32452393;37;41397930
32452361;32452506;83;41397927
32452362;32451999;155;39868788
32452362;32452304;62;41976511
32452362;32452597;118;39868789
32452363;32452499;65;40043640
32452364;32452462;114;40367676
32452365;32452492;67;40559589
32452366;32452273;76;40880049
32452366;32452335;16;40500066
32452366;32452386;13;40500067
32452366;32452388;64;40880052
32452368;32452315;35;41741339
32452368;32452428;44;40401938
32452368;32452529;83;41741342
32452369;32452129;107;40028843
32452369;32452310;65;40559575
32452369;32452391;28;40559578
32452369;32452572;110;40028844
32452370;32452263;53;40471931
32452370;32452330;51;40284588
32452370;32452504;66;41934813
32452372;32452407;41;40395048
32452373;32452356;19;40880060
32452373;32452392;15;40880061
32452373;32452485;59;40880036
32452374;32452401;87;42043193
32452375;32451965;199;41175571
32452375;32452346;31;40613788
32452375;32452451;69;40613789
32452375;32452966;282;41175572
32452377;32452700;153;41976514
32452378;32452094;179;40337083
32452378;32452549;161;41314080
32452379;32452308;40;40871917
32452380;32452494;55;41066464
32452381;32452270;59;40373998
32452381;32452430;30;41357176
32452383;32452157;126;40663267
32452383;32452352;62;40663284
32452383;32452408;41;40663287
32452383;32452422;57;40663270
32452384;32452188;90;40603952
32452386;32452289;79;41386261
32452386;32452366;13;40500068
32452386;32452415;15;40488455
32452386;32452442;45;40278167
32452388;32452065;152;40500096
32452388;32452335;49;40500063
32452388;32452366;64;40880051
32452389;32452552;72;40412474
32452390;32452332;36;40559552
32452390;32452391;14;40871901
32452390;32452403;28;40871900
32452391;32452369;28;40559577
32452391;32452390;14;40871902
32452392;32452373;15;40880062
32452392;32452415;17;40880063
32452392;32452505;59;40880034
32452393;32452361;37;41397929
32452395;32452258;72;39922523
32452395;32452277;139;40779463
32452395;32452476;91;41944363
32452395;32452546;74;41929906
32452396;32452027;157;39923766
32452396;32452409;6;41106831
32452397;32452326;45;42026704
32452397;32452423;14;42026699
32452399;32452693;124;40663229
32452401;32452357;26;40374004
32452401;32452374;87;42043194
32452401;32452749;206;42043195
32452402;32452450;23;41771168
32452403;32452332;60;40559549
32452403;32452390;28;40871899
32452403;32452426;20;40871904
32452406;32452055;178;40028947
32452406;32452327;60;40028952
32452407;32452322;45;40395058
32452407;32452372;41;40395047
32452407;32452450;51;40395050
32452408;32452383;41;40663286
32452408;32452440;54;40663289
32452408;32452627;93;40338028
32452409;32452191;97;40366608
32452409;32452396;6;41106830
32452409;32452456;23;41596689
32452411;32451697;300;39923208
32452411;32452160;154;41347768
32452411;32452531;79;39923020
32452411;32453005;263;41347758
32452412;32451814;278;39923283
32452412;32452333;88;40310868
32452412;32452515;115;40310871
32452412;32452548;68;39923286
32452413;32452576;74;39923217
32452414;32452329;42;40298708
32452414;32452707;131;41594500
32452415;32452386;15;40488456
32452415;32452392;17;40880064
32452415;32452505;76;40488457
32452418;32452139;148;40028912
32452418;32452529;64;40028915
32452418;32452586;135;40028916
32452419;32452428;4;40401945
32452420;32452357;85;40362787
32452420;32452381;25;41357178
32452421;32452305;75;40557236
32452422;32452383;57;40663269
32452423;32452397;14;42026698
32452423;32452569;85;40312009
32452426;32452343;44;40559591
32452426;32452403;20;40871903
32452426;32452447;22;40871906
32452427;32452292;65;40043623
32452427;32452544;57;40832707
32452428;32452368;44;40401939
32452428;32452419;4;40401944
32452428;32452480;36;40401940
32452430;32452420;53;41357177
32452430;32452470;219;40362779
32452432;32452479;69;41421994
32452433;32452283;164;41340100
32452433;32452501;79;41340101
32452433;32452935;247;39869575
32452436;32452324;54;40577925
32452436;32452370;72;40284597
32452438;32451038;608;41377313
32452438;32452449;21;40590466
32452438;32452876;232;41377316
32452439;32452082;149;41347512
32452439;32452465;62;41465256
32452439;32452797;167;41347513
32452440;32452408;54;40663288
32452442;32452386;45;40278166
32452442;32452473;29;40278169
32452442;32452687;122;40880076
32452443;32452319;74;40488453
32452443;32452334;59;40880031
32452443;32452460;17;40488460
32452444;32452436;16;40284598
32452444;32452580;65;40577944
32452446;32451716;498;40613769
32452446;32452452;143;40613772
32452446;32452527;35;40613784
32452447;32452355;49;40559568
32452447;32452426;22;40871905
32452447;32452466;21;40871908
32452449;32451808;282;41347520
32452449;32452438;21;40590467
32452450;32452402;23;41771167
32452450;32452407;51;40395049
32452450;32452504;58;40395052
32452451;32452063;194;40613798
32452451;32452375;69;40613790
32452451;32452534;71;40613791
32452452;32452446;143;40613771
32452453;32452454;74;40029994
32452454;32452312;69;39923142
32452454;32452453;74;40029993
32452454;32452486;13;39923145
32452455;32452353;51;41156408
32452455;32452499;59;40043638
32452455;32452669;95;41156409
32452456;32452409;23;41596688
32452456;32452824;196;40567963
32452458;32452112;200;40028984
32452458;32452480;151;42027659
32452458;32452606;76;40028987
32452460;32452356;59;40880043
32452460;32452443;17;40488459
32452460;32452485;19;40488462
32452461;32452714;111;40371529
32452462;32452285;93;40303088
32452462;32452364;114;40367675
32452462;32452519;39;40303091
32452465;32452439;62;41465255
32452465;32452468;4;41465251
32452466;32452359;60;40559570
32452466;32452447;21;40871907
32452466;32452492;20;40871910
32452468;32452465;4;41465252
32452468;32452482;21;41465249
32452469;32452117;158;41262722
32452469;32452549;35;41281011
32452469;32452551;82;40337068
32452470;32452430;219;40362778
32452470;32452478;815;41377124
32452470;32452478;19;40362781
32452471;32452613;149;40577941
32452473;32452155;161;41301664
32452473;32452442;29;40278168
32452473;32452716;125;41301665
32452476;32452333;72;39923289
32452476;32452395;91;41944362
32452476;32452548;86;41340074
32452476;32452668;86;41787965
32452477;32452581;50;41659472
32452478;32452470;19;40362780
32452478;32452470;815;41377123
32452478;32452509;100;40362783
32452479;32452432;69;41421993
32452479;32452493;16;41828086
32452480;32452428;36;40401941
32452480;32452458;151;42027658
32452480;32452606;83;40401942
32452482;32452500;32;41465253
32452482;32452565;38;41465250
32452485;32452373;59;40880035
32452485;32452460;19;40488461
32452485;32452505;16;40488464
32452486;32452454;13;39923144
32452486;32452487;54;40663233
32452486;32452621;57;39923147
32452487;32452486;54;40663234
32452489;32452513;30;40362769
32452492;32452365;67;40559590
32452492;32452466;20;40871909
32452492;32452594;71;40871912
32452493;32452560;34;40568058
32452493;32452597;100;41828087
32452494;32452444;55;40284599
32452494;32452535;53;40577927
32452494;32452639;65;41066465
32452496;32452572;65;40028849
32452498;32452036;298;40636766
32452498;32452503;3;41799463
32452498;32452595;55;41799466
32452499;32452363;65;40043641
32452499;32452455;59;40043639
32452499;32452760;122;40043642
32452500;32452482;32;41465254
32452501;32452433;79;41340102
32452501;32452538;21;40569120
32452501;32452703;144;41340103
32452502;32451674;473;41228581
32452503;32452498;3;41799464
32452503;32453282;457;41314084
32452504;32452370;66;41934814
32452504;32452450;58;40395051
32452504;32452521;17;40577916
32452504;32452613;50;41934815
32452505;32452392;59;40880033
32452505;32452415;76;40488458
32452505;32452485;16;40488463
32452506;32452361;83;41397928
32452507;32452209;146;41140872
32452507;32452362;152;41976513
32452507;32452607;98;40569125
32452507;32452748;119;41140873
32452509;32452478;100;40362782
32452509;32452489;10;40362770
32452510;32452533;54;41053916
32452512;32451726;324;40374000
32452512;32452536;25;40362763
32452513;32452537;137;40362775
32452513;32452542;19;40362772
32452515;32451951;261;39923333
32452515;32452412;115;40310870
32452515;32452587;142;40310873
32452515;32452667;70;39923336
32452516;32452560;87;40568057
32452518;32452901;179;41345359
32452518;32453120;405;41001227
32452519;32452306;108;40367660
32452519;32452462;39;40303090
32452519;32452977;239;40303093
32452521;32452567;61;40577917
32452521;32452567;78;40577942
32452524;32452959;246;40559682
32452525;32452535;9;40655656
32452526;32452148;184;40557240
32452526;32452742;97;40557241
32452526;32452763;238;40043692
32452527;32452446;35;40613783
32452527;32452530;139;40373969
32452527;32452536;169;40373972
32452529;32452368;83;41741341
32452529;32452418;64;40028914
32452529;32452610;35;41741344
32452530;32452527;139;40373970
32452530;32452552;101;40373973
32452530;32452659;51;40613785
32452531;32452411;79;39923019
32452531;32452678;84;39923022
32452531;32452946;183;39923184
32452533;32452078;195;41549017
32452533;32452510;54;41053917
32452533;32452789;119;41549018
32452534;32452181;187;41604137
32452534;32452451;71;40613792
32452535;32452494;53;40577928
32452535;32452525;9;40655655
32452535;32452581;46;40577929
32452536;32452527;169;40373971
32452536;32452601;26;40362765
32452537;32452512;30;40362764
32452537;32452513;137;40362774
32452538;32452501;21;40569119
32452538;32452645;76;40569166
32452538;32452717;105;40569122
32452540;32452509;19;40362771
32452540;32452918;169;40373991
32452541;32451919;273;41528376
32452541;32452576;63;39923210
32452541;32452910;166;39923160
32452542;32452540;18;40362773
32452542;32452590;156;40412479
32452544;32452427;57;40832708
32452544;32452605;78;40043624
32452544;32452761;98;41235635
32452546;32452395;74;41929905
32452546;32452571;12;41340078
32452548;32452412;68;39923285
32452548;32452476;86;41340073
32452548;32452667;113;41953014
32452548;32452928;179;39922525
32452549;32452378;161;41314081
32452549;32452469;35;41281012
32452549;32452649;37;41281013
32452550;32452676;94;40367645
32452551;32452469;82;40337069
32452551;32452906;504;40337070
32452551;32452919;369;40337074
32452552;32452389;72;40412473
32452552;32452530;101;40373974
32452552;32452612;282;40373975
32452554;32452264;136;40663278
32452560;32452493;34;40568059
32452560;32452516;87;40568056
32452560;32452608;22;40568060
32452561;32452571;14;41771147
32452562;32452876;148;41377310
32452563;32452222;158;40303076
32452563;32452632;42;40367679
32452563;32452705;78;40303083
32452563;32452735;82;40303079
32452565;32452465;58;41465257
32452567;32452521;78;40577943
32452567;32452580;10;40577918
32452568;32452971;195;40569160
32452569;32452397;98;40312008
32452569;32452633;28;40312003
32452571;32452546;12;41340077
32452571;32452561;14;41771146
32452571;32452675;42;41340080
32452572;32452369;110;40028845
32452572;32452496;65;40028848
32452572;32452620;33;40028851
32452572;32452923;183;40028846
32452576;32452413;74;39923218
32452576;32452541;63;39923209
32452576;32452616;65;39923212
32452576;32452951;167;39923219
32452577;32452595;313;41652966
32452580;32452444;65;40577945
32452580;32452639;55;40577939
32452580;32452651;27;41890503
32452581;32452477;50;41659471
32452581;32452535;46;40577930
32452581;32452675;94;40577931
32452581;32453034;208;40284601
32452584;32452299;143;40207919
32452584;32452788;99;40207922
32452586;32452327;141;40028932
32452586;32452418;135;40028917
32452586;32452682;72;40028918
32452586;32452750;86;40028935
32452587;32452136;216;41290872
32452587;32452515;142;40310872
32452587;32452637;99;40310875
32452587;32452770;94;39923338
32452590;32452537;22;40362766
32452590;32452542;156;40412480
32452594;32452492;71;40871911
32452594;32452617;20;40871916
32452594;32452699;47;40871914
32452595;32452498;55;41799465
32452595;32452577;313;41652965
32452595;32453282;328;41290555
32452597;32452362;118;39868790
32452597;32452748;154;39868795
32452597;32452837;124;39868791
32452598;32452657;108;40412440
32452601;32452619;21;40362768
32452601;32452657;126;40412452
32452605;32452307;145;40043628
32452605;32452544;78;40043625
32452605;32452653;49;40043626
32452606;32452458;76;40028986
32452606;32452480;83;40401943
32452606;32452839;131;40028989
32452607;32452283;161;39869591
32452607;32452686;33;39869592
32452607;32452700;85;40569126
32452608;32452560;22;40568061
32452608;32452741;86;40568062
32452608;32452773;150;40500070
32452609;32452246;168;41339730
32452610;32452529;35;41741343
32452610;32452671;24;41741346
32452610;32452839;139;40028980
32452611;32452117;443;40337067
32452612;32452168;191;40412471
32452612;32452552;282;40373976
32452612;32452628;57;40373977
32452613;32452471;149;40577940
32452613;32452504;50;41934816
32452613;32453250;288;41934817
32452614;32452584;24;39884743
32452614;32452665;46;41400899
32452615;32452914;135;40412476
32452616;32452286;149;39923155
32452616;32452576;65;39923211
32452616;32452638;46;39923214
32452616;32452989;168;39923158
32452617;32452594;20;40871915
32452619;32452590;21;40362767
32452619;32452993;165;40362776
32452620;32452572;33;40028850
32452621;32452486;57;39923146
32452621;32452625;83;40663235
32452621;32452626;14;40029990
32452621;32452779;77;39923149
32452622;32452287;149;41347782
32452622;32452625;59;40663240
32452622;32452627;138;40663237
32452622;32452921;144;41347783
32452623;32452642;166;40312007
32452623;32452642;18;40443877
32452625;32452621;83;40663236
32452625;32452622;59;40663239
32452625;32453028;184;39923141
32452626;32452621;14;40029989
32452626;32452693;123;40029992
32452626;32452793;82;40663257
32452627;32452408;93;40338029
32452627;32452622;138;40663238
32452627;32452883;120;40338030
32452628;32452612;57;40373978
32452628;32452655;123;40373979
32452628;32453010;169;40613777
32452632;32452216;223;41380504
32452632;32452563;42;40367680
32452632;32452643;4;41380505
32452633;32452569;28;40312002
32452633;32452650;97;40312005
32452633;32452857;149;40568228
32452637;32452587;99;40310874
32452637;32452641;3;40310877
32452637;32452853;114;40662553
32452638;32452616;46;39923213
32452638;32452648;18;39923216
32452638;32453008;168;39923195
32452639;32452727;41;41066466
32452641;32452637;3;40310876
32452642;32452795;78;39886620
32452643;32452632;4;41380506
32452643;32452692;38;40303074
32452643;32452739;56;41380507
32452645;32452538;76;40569165
32452647;32452719;57;40563047
32452647;32452730;41;40563050
32452648;32452286;180;40338109
32452648;32452638;18;39923215
32452649;32452549;37;41281014
32452649;32453012;214;40337078
32452649;32453187;223;41281015
32452650;32452623;28;40312006
32452650;32452633;97;40312004
32452651;32452580;27;41890504
32452651;32452758;58;41890505
32452651;32452758;80;40578600
32452653;32452605;49;40043627
32452655;32452143;588;40613748
32452655;32452628;123;40373980
32452655;32452689;166;40373981
32452657;32452598;108;40412441
32452657;32452601;126;40412453
32452657;32452691;17;40412442
32452659;32452530;51;40613786
32452659;32452683;456;40613743
32452659;32452683;91;40613746
32452663;32452647;16;40563048
32452663;32452743;44;40563095
32452665;32452685;18;41400900
32452665;32452815;85;41400890
32452667;32452515;70;39923335
32452667;32452548;113;41953013
32452667;32452770;140;41175614
32452668;32452476;86;41787964
32452668;32452908;119;39922515
32452669;32452455;95;41156410
32452669;32452984;446;40043644
32452671;32452610;24;41741345
32452671;32453013;154;40822159
32452673;32452691;105;40412438
32452674;32452623;20;42026696
32452674;32452650;31;42026697
32452675;32452571;42;41340079
32452675;32452581;94;40577932
32452675;32452838;87;41934780
32452676;32452550;94;40367644
32452676;32452663;14;40563049
32452676;32452767;54;40367647
32452678;32452531;84;39923021
32452678;32452797;89;39923024
32452678;32452900;107;40338110
32452680;32452449;100;41347521
32452681;32452143;225;40613775
32452681;32452752;72;40373985
32452682;32452586;72;40028919
32452682;32452812;141;40028920
32452682;32452829;87;40028976
32452683;32452659;456;40613744
32452683;32452659;91;40613745
32452685;32452697;15;41400901
32452685;32452844;90;41400888
32452686;32452607;33;39869593
32452686;32452766;109;40569146
32452686;32452766;51;39869594
32452687;32452167;321;40488434
32452687;32452442;122;40880075
32452687;32452716;24;40880073
32452689;32452655;166;40373982
32452689;32452704;88;40373983
32452689;32453113;179;40412585
32452691;32452657;17;40412443
32452691;32452673;105;40412439
32452691;32452889;109;40412444
32452692;32452643;38;40303075
32452692;32452719;21;41457168
32452693;32452399;124;40663230
32452693;32452626;123;40029991
32452693;32452746;28;40663231
32452694;32453045;171;40569143
32452696;32451714;476;40882742
32452696;32452734;20;41854847
32452697;32452710;16;41400902
32452697;32452886;100;41400887
32452699;32452594;47;40871913
32452699;32452827;76;40028853
32452700;32452377;153;41976515
32452700;32453131;201;39923866
32452702;32452712;7;40383327
32452702;32452785;89;40383318
32452703;32452501;144;41340104
32452703;32452696;15;41854846
32452704;32452689;88;40373984
32452704;32452722;78;41344989
32452705;32452563;78;40303082
32452705;32452735;22;40303085
32452705;32452778;123;40367677
32452706;32452762;30;41423727
32452707;32452414;180;41528370
32452707;32452414;131;41594501
32452707;32452848;76;41594502
32452709;32452750;44;41314166
32452710;32452729;16;41400903
32452710;32452926;109;41400889
32452711;32452814;136;40383330
32452712;32452702;7;40383328
32452712;32452892;100;40554579
32452713;32453080;171;40569155
32452714;32452461;111;40371528
32452714;32452806;53;40371531
32452716;32452473;125;41301666
32452716;32452687;24;40880074
32452716;32453031;175;41301667
32452717;32452538;105;40569121
32452719;32452692;21;41457169
32452719;32452767;53;41457170
32452722;32452681;31;40373986
32452722;32452704;78;41344990
32452726;32452763;61;40043695
32452727;32452771;41;40578599
32452727;32452771;32;41066467
32452729;32452737;17;41400904
32452729;32452831;60;41400895
32452730;32452647;41;40563051
32452734;32452740;16;41854838
32452734;32452744;18;41854849
32452735;32452563;82;40303078
32452735;32452705;22;40303084
32452735;32452977;144;40303081
32452737;32452749;18;41400905
32452737;32452825;50;42043192
32452739;32452643;56;41380508
32452739;32452930;103;40652067
32452740;32452734;16;41854839
32452740;32452772;46;41940041
32452740;32452784;46;41854850
32452741;32452608;86;40568063
32452742;32452526;97;40557242
32452742;32452847;127;40043690
32452742;32453064;134;40557243
32452743;32452663;44;40563096
32452744;32452703;28;41854848
32452744;32452784;24;41854852
32452746;32452693;28;40663232
32452748;32452507;119;41140874
32452748;32452597;154;39868796
32452749;32452401;206;42043196
32452749;32452843;51;39884745
32452750;32452586;86;40028934
32452750;32452709;44;41314165
32452750;32452829;77;41597340
32452750;32452881;69;40028937
32452752;32452722;25;40373987
32452752;32452884;116;41071301
32452753;32453018;129;40559684
32452758;32452651;58;41890506
32452758;32452651;80;40578601
32452758;32452920;79;41890502
32452760;32452499;122;40043643
32452761;32452544;98;41235636
32452762;32452706;30;41423726
32452762;32452773;38;41421996
32452763;32452526;238;40043693
32452763;32452726;61;40043694
32452763;32452847;118;40043697
32452764;32452954;127;40476289
32452766;32452686;109;40569145
32452766;32452686;51;39869595
32452766;32452841;35;39869596
32452767;32452676;54;40367646
32452767;32452719;53;41457171
32452767;32452776;6;41457172
32452769;32452811;45;40563062
32452770;32452587;94;39923337
32452770;32452667;140;41175613
32452770;32452832;71;39923292
32452770;32453083;130;39922517
32452771;32452727;41;40578598
32452771;32452927;70;41066468
32452772;32452740;46;41940042
32452772;32452821;52;41940039
32452772;32452821;55;41934828
32452773;32452608;150;40500069
32452773;32452805;15;40500072
32452775;32451933;368;40402186
32452775;32452794;124;40402182
32452775;32452794;69;40402189
32452776;32452767;6;41457173
32452776;32452811;18;40563072
32452778;32452705;123;40367678
32452779;32452621;77;39923148
32452779;32452793;18;40029979
32452779;32453094;128;39923151
32452780;32452739;24;40914427
32452784;32452744;24;41854851
32452784;32453460;291;41681911
32452785;32452702;89;40383317
32452785;32452814;29;40383320
32452785;32453048;122;40383313
32452786;32452762;16;41421995
32452786;32452805;39;41423478
32452787;32452106;297;41140941
32452787;32452863;37;41219543
32452787;32453299;240;41219549
32452788;32452584;99;40207921
32452788;32452816;18;41340089
32452789;32452533;119;41549019
32452789;32452801;24;41319098
32452789;32453004;89;41319099
32452791;32452340;224;40208026
32452791;32452802;148;40208027
32452791;32452936;434;40043631
32452792;32452845;57;40563098
32452793;32452626;82;40663258
32452793;32452779;18;40029980
32452793;32452850;82;40029981
32452794;32451936;372;40402180
32452794;32452775;69;40402188
32452794;32452775;124;40402183
32452794;32452799;17;40402191
32452795;32452674;69;40443876
32452795;32452955;66;39886621
32452795;32452991;113;40028854
32452797;32452439;167;41347514
32452797;32452678;89;39923023
32452797;32452876;402;40028678
32452797;32452893;45;41066487
32452798;32453523;311;40569127
32452799;32451831;419;40402184
32452799;32452794;17;40402190
32452799;32452824;21;40402193
32452801;32452807;14;40500099
32452802;32452788;18;41340088
32452802;32452791;148;40208028
32452805;32452773;15;40500071
32452805;32452786;39;41423479
32452805;32452810;14;41423480
32452806;32452714;53;40371530
32452806;32452872;88;40043634
32452806;32452984;74;40043633
32452807;32452786;11;41423477
32452810;32452805;14;41423481
32452810;32452813;3;41423729
32452811;32452769;45;40563061
32452811;32452776;18;40563071
32452811;32452828;15;40563064
32452811;32452845;16;40563074
32452812;32452682;141;40028921
32452812;32452981;91;41314160
32452812;32452992;106;40028922
32452813;32452810;3;41423730
32452813;32452860;27;41423731
32452814;32452711;136;40383329
32452814;32452785;29;40383319
32452814;32452896;63;40383322
32452815;32452614;129;39884744
32452816;32452835;18;41340072
32452816;32452904;65;39884739
32452819;32452880;111;40559579
32452819;32452885;30;40559582
32452819;32452932;74;40559564
32452821;32452772;55;41934827
32452821;32452772;52;41940040
32452821;32452874;60;41934824
32452821;32452874;55;41940043
32452823;32452868;24;40560102
32452824;32452456;196;40567962
32452824;32452799;21;40402192
32452824;32452868;38;41357423
32452824;32453001;77;41357427
32452825;32452831;21;41400897
32452825;32452855;17;41400893
32452827;32452699;76;40028852
32452827;32452959;61;40559556
32452828;32452811;15;40563063
32452829;32452682;87;40028977
32452829;32452750;77;41597339
32452829;32452981;118;40028929
32452829;32452994;67;41598382
32452830;32452882;24;41934826
32452831;32452970;59;41400896
32452832;32452770;71;39923291
32452832;32452853;32;39923294
32452832;32452940;46;40769906
32452834;32453095;150;42027668
32452835;32452802;18;41340090
32452835;32453104;103;40303252
32452837;32452597;124;39868792
32452837;32453020;156;40341810
32452837;32453146;129;39868793
32452838;32452675;87;41934779
32452838;32452922;93;41771145
32452838;32452982;59;41934782
32452839;32452606;131;40028988
32452839;32452610;139;40028981
32452839;32453051;118;40028991
32452841;32452748;99;41828085
32452841;32452766;35;39869597
32452841;32453027;80;39869598
32452843;32452825;19;41400898
32452843;32452970;109;39884747
32452844;32452815;20;39884746
32452845;32452792;57;40563097
32452845;32452811;16;40563073
32452845;32452861;18;40563100
32452845;32452891;18;40563076
32452847;32452742;127;40043691
32452847;32452763;118;40043696
32452847;32453087;128;40043699
32452848;32452707;76;41594503
32452848;32452862;92;40298709
32452850;32452793;82;40029982
32452850;32452942;97;40029983
32452850;32453190;133;40029987
32452851;32452891;29;40563068
32452852;32452931;65;40563092
32452852;32453014;89;40563056
32452853;32452637;114;40662554
32452853;32452832;32;39923293
32452853;32452888;29;39923296
32452854;32452880;23;40559543
32452855;32452825;17;41400894
32452857;32452326;700;41262263
32452857;32452633;149;40568227
32452857;32452915;20;40568230
32452858;32453107;145;42027671
32452860;32452813;27;41423732
32452860;32452873;4;41428818
32452861;32452845;18;40563099
32452862;32452328;251;41764458
32452862;32452848;92;40298710
32452862;32452910;69;40298711
32452863;32452158;330;41140947
32452863;32452787;37;41219544
32452863;32453110;111;41219545
32452864;32453214;168;40043687
32452865;32452889;69;40412482
32452866;32452903;24;40569161
32452868;32452823;24;40560101
32452868;32452824;38;41357422
32452868;32452923;36;41357425
32452869;32452903;44;40569164
32452870;32451892;447;40592524
32452871;32452280;285;41340093
32452872;32452252;347;40371532
32452872;32452806;88;40043635
32452872;32452917;16;40371521
32452873;32452860;4;41428819
32452873;32453071;75;41428820
32452874;32452821;55;41940044
32452874;32452821;60;41934823
32452874;32452882;7;41854840
32452875;32452680;100;39884757
32452876;32452438;232;41377315
32452876;32452562;148;41377309
32452876;32452797;402;40028679
32452877;32452937;21;40412488
32452879;32452148;774;41416144
32452880;32452819;111;40559580
32452880;32452854;23;40559544
32452880;32452905;23;40559545
32452881;32452750;69;40028936
32452881;32452994;91;40028979
32452881;32453013;60;40028939
32452882;32452830;24;41934825
32452882;32452874;7;41854841
32452882;32452944;23;40395043
32452882;32453109;227;41854842
32452883;32452627;120;40338031
32452884;32452752;116;41071302
32452885;32452819;30;40559581
32452885;32452905;8;40559584
32452885;32452932;50;40559553
32452886;32452844;19;39884748
32452888;32451921;478;41345947
32452888;32452853;29;39923295
32452888;32452966;69;40613800
32452888;32453182;111;41940036
32452889;32452691;109;40412445
32452889;32452865;69;40412481
32452889;32452929;18;40412446
32452891;32452845;18;40563075
32452891;32452851;29;40563067
32452891;32452916;22;40563070
32452891;32452931;18;40563078
32452892;32452712;100;40554580
32452892;32452956;52;40479612
32452892;32453009;51;40554593
32452893;32452797;45;41066488
32452893;32452900;70;40298714
32452894;32452807;36;41423728
32452896;32452814;63;40383321
32452896;32452964;52;40383324
32452896;32453003;67;41765777
32452900;32452678;107;40338111
32452900;32452893;70;40298713
32452900;32452946;77;40298716
32452901;32452875;39;41001225
32452901;32453022;50;40303255
32452903;32452866;24;40569162
32452903;32452869;44;40569163
32452903;32452961;27;40569154
32452904;32452816;65;39884738
32452904;32453145;163;39884740
32452905;32452880;23;40559546
32452905;32452885;8;40559583
32452905;32453123;86;40559586
32452906;32452551;504;40337071
32452906;32452909;4;40337072
32452906;32453041;57;41475448
32452908;32452668;119;39922514
32452908;32452922;6;39922532
32452909;32452906;4;40337073
32452910;32452541;166;39923159
32452910;32452862;69;40298712
32452910;32452951;67;40298717
32452913;32452929;61;40412484
32452914;32452615;135;40412475
32452914;32452918;16;40362758
32452914;32453098;69;40412478
32452915;32452857;20;40568229
32452915;32452983;29;40568232
32452915;32453075;74;40028885
32452916;32452891;22;40563069
32452917;32452872;16;40371520
32452917;32452979;27;40043637
32452918;32452540;169;40373990
32452918;32452914;16;40362757
32452918;32452937;68;40362760
32452918;32453150;85;40373993
32452919;32452551;369;40337075
32452919;32453041;157;40337076
32452919;32453271;145;41151968
32452920;32452978;81;40578597
32452920;32453147;101;41890508
32452921;32452622;144;41347784
32452922;32452908;6;39922533
32452922;32453070;60;39922534
32452923;32452572;183;40028847
32452923;32452868;36;41357424
32452923;32452925;37;40365068
32452923;32453018;103;40367230
32452925;32453001;66;40365069
32452925;32453153;136;40560095
32452926;32452886;18;39884749
32452927;32452965;35;41200916
32452927;32453234;129;40577920
32452928;32452548;179;39922524
32452928;32453158;89;41200914
32452929;32452889;18;40412447
32452929;32452913;61;40412483
32452929;32452969;16;40412448
32452930;32452739;103;40652068
32452930;32452780;87;40367641
32452930;32453077;64;40914413
32452931;32452852;65;40563091
32452931;32452891;18;40563077
32452931;32452957;25;40563094
32452931;32453000;30;40563080
32452932;32452819;74;40559563
32452932;32452885;50;40559554
32452932;32453260;138;40559566
32452935;32452433;247;39869574
32452935;32452971;57;40569136
32452935;32453216;122;39869577
32452936;32452791;434;40043630
32452936;32452979;52;40043647
32452937;32452877;21;40412487
32452937;32452918;68;40362759
32452937;32453002;99;40362762
32452938;32452944;4;40569567
32452940;32452832;46;40769905
32452940;32453056;46;40769908
32452942;32452850;97;40029984
32452942;32453256;130;40029985
32452943;32453295;188;40626770
32452944;32452882;23;40395044
32452944;32452938;4;40569566
32452944;32453928;406;40395045
32452945;32452961;19;39923858
32452946;32452531;183;39923183
32452946;32452900;77;40298715
32452946;32453005;73;40298720
32452950;32452965;7;41771374
32452951;32452576;167;39923220
32452951;32452910;67;40298718
32452951;32452989;63;40298721
32452952;32452969;54;40412486
32452954;32452764;127;40476288
32452954;32453395;286;40476298
32452954;32453446;218;40476291
32452955;32452795;66;39886622
32452955;32453122;61;39886623
32452955;32453138;134;40028832
32452956;32452892;52;40479613
32452957;32452931;25;40563093
32452958;32452940;15;40662555
32452958;32452960;49;40742167
32452959;32452524;246;40559681
32452959;32452827;61;40559555
32452959;32453047;39;40559558
32452960;32452958;49;40742168
32452961;32452903;27;40569153
32452961;32452945;19;39923859
32452961;32453027;54;39923860
32452964;32452896;52;40383323
32452964;32453003;19;41765780
32452964;32453031;49;40383326
32452965;32452950;7;41771373
32452965;32453034;64;41200917
32452966;32452375;282;41175573
32452966;32452888;69;40613799
32452966;32453379;178;40613796
32452969;32452929;16;40412449
32452969;32452952;54;40412485
32452969;32452990;63;40412450
32452970;32452926;18;39884750
32452971;32452568;195;40569159
32452971;32452935;57;40569135
32452971;32453045;88;40569138
32452975;32452801;81;40500100
32452975;32452894;32;40500098
32452977;32452519;239;40303092
32452977;32452735;144;40303080
32452977;32452998;13;40303095
32452978;32452920;70;40578596
32452978;32453147;113;40578602
32452979;32452917;27;40043636
32452979;32452936;52;40043646
32452979;32452984;123;40043649
32452980;32452871;58;41340094
32452980;32452987;40;39923221
32452981;32452812;91;41314159
32452981;32452829;118;40028928
32452981;32453202;84;40028927
32452982;32452838;59;41934781
32452982;32453144;62;40380886
32452983;32452915;29;40568231
32452983;32453026;19;40568234
32452983;32453073;45;42026695
32452984;32452669;446;40043645
32452984;32452806;74;40043632
32452984;32452979;123;40043648
32452985;32453017;29;40563046
32452987;32452871;43;41528386
32452987;32453006;167;40445067
32452987;32453038;21;41340091
32452989;32452616;168;39923157
32452989;32452951;63;40298722
32452989;32453008;45;40298723
32452990;32452969;63;40412451
32452991;32452795;113;40028855
32452991;32453193;96;40028856
32452992;32452812;106;40028923
32452993;32452619;165;40362777
32452993;32453044;24;40355196
32452994;32452829;67;41598383
32452994;32452881;91;40028978
32452997;32453020;8;39923905
32452998;32452977;13;40303094
32452998;32453015;8;40497698
32452998;32453077;40;40303097
32452999;32453311;149;40559548
32453000;32452931;30;40563079
32453000;32453016;13;40563052
32453000;32453017;6;40563082
32453001;32452824;77;41357426
32453001;32453084;30;40822167
32453002;32452937;99;40362761
32453002;32452993;22;40355195
32453003;32452896;67;41765776
32453003;32452964;19;41765781
32453003;32453042;18;41765779
32453004;32452789;89;41319100
32453004;32453011;13;40691962
32453004;32453118;40;41319101
32453005;32452411;263;41347759
32453005;32452946;73;40298719
32453005;32453008;101;40298726
32453006;32452987;167;40445068
32453006;32453023;8;40445072
32453006;32453134;90;40445069
32453007;32453002;3;40355197
32453008;32452638;168;39923196
32453008;32452989;45;40298724
32453008;32453005;101;40298725
32453009;32452892;51;40554594
32453009;32453414;178;40554581
32453010;32452628;169;40613778
32453010;32453113;291;40412592
32453010;32453204;82;40613779
32453011;32453004;13;40691963
32453011;32453030;25;41155503
32453012;32452649;214;40337079
32453012;32453263;134;41864630
32453013;32452671;154;40822158
32453013;32452881;60;40028938
32453013;32453051;51;40028992
32453013;32453255;160;40822161
32453014;32452852;89;40563057
32453014;32453096;67;40563103
32453015;32452998;8;40497699
32453016;32453000;13;40563053
32453016;32453036;16;40563054
32453016;32453046;14;40563042
32453017;32452985;29;40563045
32453017;32453000;6;40563081
32453017;32453054;16;40563084
32453018;32452753;129;40559683
32453018;32452923;103;40367229
32453018;32453126;113;40367232
32453020;32452837;156;40341811
32453020;32452997;8;39923906
32453020;32453035;6;39923907
32453022;32453233;87;41235642
32453023;32453006;8;40445071
32453023;32453076;18;40445078
32453023;32453092;75;40445074
32453024;32452875;59;41235641
32453026;32452983;19;40568233
32453026;32453164;55;40028881
32453026;32453193;99;40568236
32453027;32452841;80;39869599
32453027;32452961;54;39923861
32453027;32453131;84;39923862
32453027;32453222;86;39869600
32453028;32452625;184;39923140
32453030;32452975;21;40500073
32453030;32453011;25;41155504
32453030;32453053;43;41155505
32453031;32452716;175;41301668
32453031;32452964;49;40383325
32453031;32453388;193;41301669
32453032;32453054;21;40563066
32453033;32453186;84;40476703
32453034;32452581;208;40284600
32453034;32453144;105;41943135
32453034;32453450;186;39922544
32453035;32453020;6;39923908
32453035;32453061;32;40569157
32453035;32453089;20;39923909
32453036;32453016;16;40563055
32453037;32453414;189;40488465
32453038;32452987;21;41340092
32453038;32453237;82;40030015
32453041;32452906;57;41475449
32453041;32452919;157;40337077
32453041;32453305;106;41475450
32453042;32453003;18;41765778
32453043;32453083;26;40742175
32453044;32453055;19;40355199
32453044;32453212;68;40355200
32453045;32452694;171;40569144
32453045;32452971;88;40569137
32453045;32453080;24;40569140
32453047;32452959;39;40559557
32453047;32453123;124;40559572
32453047;32453126;29;40559560
32453048;32452785;122;40383314
32453048;32453180;65;40383339
32453048;32453224;79;40383315
32453051;32452839;118;40028990
32453051;32453013;51;40028993
32453051;32453310;112;40028994
32453053;32453030;43;41155506
32453053;32453071;23;41155507
32453053;32453137;34;40353051
32453054;32453017;16;40563083
32453054;32453032;21;40563065
32453054;32453096;16;40563086
32453055;32453007;19;40355198
32453055;32453124;26;40355203
32453056;32452940;46;40769907
32453056;32453062;16;40742169
32453056;32453266;103;40769910
32453059;32453177;46;42027666
32453061;32453035;32;40569158
32453062;32452958;38;40662556
32453064;32452742;134;40557244
32453064;32453087;19;40043682
32453064;32453214;70;41345241
32453065;32453116;18;40554591
32453065;32453118;74;40453652
32453065;32453154;70;40453649
32453067;32453136;58;40563058
32453070;32452922;60;39922535
32453070;32452982;91;40655652
32453070;32453158;85;41771143
32453070;32453223;67;39922536
32453071;32452873;75;41428821
32453071;32453053;23;41155508
32453071;32453146;83;40691966
32453072;32453036;14;40563060
32453073;32452983;45;42026694
32453075;32452915;74;40028884
32453075;32453293;111;40028887
32453076;32453023;18;40445077
32453076;32453093;51;41528381
32453076;32453093;7;40445080
32453077;32452930;64;40914414
32453077;32452998;40;40303096
32453077;32453352;143;40914415
32453080;32452713;171;40569156
32453080;32453045;24;40569139
32453080;32453090;8;40569142
32453081;32453150;119;40374006
32453083;32452770;130;39922516
32453083;32453043;26;40742176
32453083;32453205;119;40742177
32453083;32453531;194;39922519
32453084;32453001;30;40822166
32453084;32453156;29;40822169
32453087;32452847;128;40043698
32453087;32453064;19;40043683
32453087;32453294;109;42006550
32453088;32453159;61;40367642
32453089;32453035;20;39923910
32453089;32453097;12;40569151
32453089;32453312;102;39923911
32453090;32453080;8;40569141
32453092;32453023;75;40445073
32453092;32453093;72;40445081
32453092;32453140;47;40445076
32453093;32453076;51;41528380
32453093;32453076;7;40445079
32453093;32453092;72;40445082
32453094;32452779;128;39923150
32453095;32452834;150;42027669
32453095;32453107;18;42027673
32453095;32453177;65;42027674
32453096;32453014;67;40563104
32453096;32453054;16;40563085
32453096;32453136;17;40563088
32453097;32453089;12;40569152
32453098;32452914;69;40412477
32453100;32453186;49;40563044
32453104;32452835;103;40303251
32453104;32453188;31;40303254
32453107;32452858;145;42027670
32453107;32453095;18;42027672
32453107;32453291;99;42027677
32453109;32452882;227;41854843
32453109;32453173;26;40577733
32453109;32453250;156;41854844
32453110;32452863;111;41219546
32453110;32453247;65;41140942
32453111;32453204;92;41884604
32453112;32453114;183;41999743
32453112;32453125;181;41345382
32453113;32452689;179;40412586
32453113;32453010;291;40412591
32453113;32453127;84;40412594
32453113;32453422;132;40412587
32453114;32453115;19;41999746
32453115;32452904;134;39884737
32453116;32453065;18;40554592
32453117;32452680;475;39884759
32453117;32453120;666;41347500
32453118;32453004;40;41319102
32453118;32453065;74;40453651
32453118;32453644;219;41319103
32453120;32453112;681;41345381
32453122;32452955;61;39886624
32453122;32452991;107;40028866
32453122;32453276;63;39886625
32453123;32452905;86;40559585
32453123;32453047;124;40559571
32453123;32453231;46;40559588
32453124;32453269;78;40355202
32453125;32453129;18;42000661
32453126;32453018;113;40367231
32453126;32453047;29;40559559
32453126;32453231;126;40367234
32453127;32453113;84;40412593
32453128;32453184;47;40563102
32453129;32453142;84;42000662
32453130;32453253;57;40341854
32453131;32453027;84;39923863
32453131;32453216;76;39923864
32453132;32453229;47;40580003
32453134;32453006;90;40445070
32453134;32453117;543;41340096
32453136;32453067;58;40563059
32453136;32453096;17;40563087
32453136;32453159;41;40563090
32453137;32453053;34;40353052
32453138;32452955;134;40028833
32453138;32453268;96;40028834
32453139;32453155;995;41006194
32453140;32453092;47;40445075
32453140;32453134;194;41340075
32453142;32453163;119;42000659
32453144;32452982;62;40380885
32453144;32453223;88;41200915
32453144;32453517;164;40380888
32453145;32453148;12;39884742
32453145;32453163;9;42009417
32453146;32452837;129;39868794
32453146;32453071;83;40691967
32453146;32453253;104;40691968
32453146;32453355;101;41958646
32453147;32452920;101;41890509
32453147;32452978;113;40578603
32453147;32453209;28;40578604
32453148;32453124;607;39884741
32453150;32452918;85;40373992
32453150;32453081;119;40374007
32453150;32453171;26;40373995
32453151;32452235;404;41963041
32453151;32453195;20;41963471
32453153;32452925;136;40560096
32453154;32453065;70;40453650
32453154;32453169;30;40453667
32453154;32453292;64;40453653
32453155;32453160;303;41345380
32453155;32453226;384;40303258
32453156;32453084;29;40822168
32453156;32453268;58;40443871
32453158;32452928;89;41200913
32453158;32453070;85;41771144
32453158;32453308;70;39922539
32453159;32453088;61;40367643
32453159;32453136;41;40563089
32453159;32453184;17;40476704
32453160;32453168;806;41347501
32453162;32453139;232;41999738
32453163;32453148;9;42009416
32453163;32453167;14;42000660
32453164;32453026;55;40028880
32453164;32453075;53;42026675
32453164;32453372;101;40028883
32453165;32453162;18;41999736
32453166;32453200;28;42026682
32453167;32453258;495;40349819
32453168;32453241;310;41347502
32453169;32453154;30;40453668
32453171;32453150;26;40373994
32453172;32453229;56;40479617
32453173;32453109;26;40577734
32453173;32453221;59;40577741
32453173;32453457;132;40577735
32453174;32453206;30;40353053
32453176;32453139;232;41999742
32453177;32453059;46;42027667
32453177;32453095;65;42027675
32453177;32453189;8;42027678
32453178;32453235;32;41230705
32453179;32453176;18;41999745
32453180;32453048;65;40383340
32453181;32453283;46;40383342
32453182;32452888;111;41940035
32453182;32453062;65;40662557
32453182;32453273;41;41940038
32453183;32453222;45;40569149
32453184;32453128;47;40563101
32453184;32453159;17;40476705
32453184;32453186;50;40476706
32453185;32453247;167;41140931
32453186;32453033;84;40476702
32453186;32453100;49;40563043
32453186;32453184;50;40476707
32453187;32452649;223;41281016
32453187;32453263;52;40337084
32453187;32453710;209;41281017
32453188;32453104;31;40303253
32453188;32453574;159;41340087
32453189;32453177;8;42027679
32453189;32453307;125;40028997
32453189;32453363;92;40028998
32453190;32452850;133;40029988
32453193;32452991;96;40028857
32453193;32453026;99;40568235
32453193;32453284;62;40401918
32453193;32453445;113;40028858
32453195;32453151;20;41963472
32453199;32452980;272;39923222
32453199;32453140;348;41340076
32453200;32453138;30;40028836
32453200;32453166;28;42026683
32453201;32453360;86;42027686
32453202;32452981;84;40028926
32453202;32453244;60;41314161
32453202;32453316;129;40028925
32453204;32453010;82;40613780
32453204;32453111;92;41884603
32453204;32453365;69;40613781
32453205;32453083;119;40742178
32453206;32453174;30;40353054
32453207;32453165;299;40349818
32453208;32453318;113;40544711
32453209;32453147;28;40578605
32453209;32453217;13;41772230
32453210;32453572;152;40159050
32453212;32453044;68;40355201
32453212;32453387;77;40355193
32453213;32453267;107;41890511
32453214;32452864;168;40043686
32453214;32453064;70;41345242
32453214;32453331;66;41345243
32453216;32452935;122;39869576
32453216;32453131;76;39923865
32453216;32453356;65;39869579
32453217;32453234;17;41772231
32453217;32453267;38;41890507
32453218;32453243;28;40769912
32453219;32453375;70;42027685
32453221;32453173;59;40577742
32453222;32453027;86;39869601
32453222;32453183;45;40569150
32453222;32453406;86;39869602
32453223;32453070;67;39922537
32453223;32453308;84;39922526
32453223;32453399;80;41925429
32453224;32453048;79;40383316
32453226;32453024;84;40303257
32453228;32453239;44;41230708
32453228;32453527;134;41881359
32453229;32453132;47;40580002
32453229;32453172;56;40479616
32453229;32453283;26;40580005
32453231;32453123;46;40559587
32453231;32453126;126;40367233
32453231;32453260;39;40367236
32453233;32453160;435;40303256
32453234;32452927;129;40577919
32453234;32453369;63;40577922
32453235;32453178;32;41230704
32453235;32453290;38;40582680
32453235;32453572;165;41230707
32453236;32453246;255;41528385
32453237;32453038;82;40030016
32453237;32453334;198;40030017
32453238;32453562;131;40159052
32453239;32453228;44;41230709
32453239;32453742;667;41230710
32453239;32453995;348;41494562
32453241;32453571;415;41347503
32453243;32453218;28;40769911
32453243;32453266;61;40742170
32453243;32453287;18;40742173
32453244;32453202;60;41314162
32453244;32453255;58;41314163
32453244;32453371;75;40029010
32453246;32453236;255;41528384
32453246;32453354;138;41528383
32453247;32453110;65;41140943
32453247;32453185;167;41140930
32453250;32452613;288;41934818
32453250;32453109;156;41854845
32453250;32453369;144;41925340
32453250;32453500;112;40577914
32453253;32453130;57;40341855
32453253;32453146;104;40691969
32453253;32453280;24;40691970
32453255;32453013;160;40822160
32453255;32453244;58;41314164
32453255;32453371;119;40822163
32453255;32453408;83;41849972
32453256;32452942;130;40029986
32453257;32453378;56;40559562
32453258;32453286;112;40968913
32453260;32452932;138;40559565
32453260;32453231;39;40367235
32453260;32453311;46;40367238
32453262;32453241;107;41042387
32453262;32453334;50;40030020
32453262;32453366;50;39923223
32453263;32453012;134;41864631
32453263;32453187;52;40337085
32453263;32453966;396;40337086
32453265;32453296;39;40157489
32453265;32453324;23;40157476
32453266;32453056;103;40769909
32453266;32453243;61;40742171
32453266;32453449;83;40742180
32453267;32453209;29;41890501
32453267;32453213;107;41890510
32453268;32453138;96;40028835
32453268;32453156;58;40443870
32453268;32453680;189;40443873
32453269;32453275;14;42003230
32453271;32452919;145;41151969
32453273;32453182;41;41940037
32453273;32453469;88;41934797
32453273;32453469;86;41934799
32453273;32453469;85;41940032
32453275;32453321;146;42003231
32453276;32453122;63;39886626
32453276;32453344;32;39886627
32453280;32453253;24;40691971
32453280;32453312;30;40691972
32453280;32453525;111;40569147
32453281;32453443;69;40476693
32453282;32452503;457;41314085
32453282;32452595;328;41290554
32453282;32453481;134;41652964
32453283;32453181;46;40383341
32453283;32453229;26;40580004
32453283;32453336;29;40579997
32453284;32453276;109;40401919
32453286;32453289;14;41999735
32453287;32453243;18;40742172
32453288;32453207;398;41345254
32453288;32453300;8;42009414
32453289;32453321;146;41345250
32453290;32453235;38;40582679
32453291;32453107;99;42027676
32453292;32453154;64;40453654
32453292;32453315;36;40453665
32453292;32453400;52;40453655
32453293;32453075;111;40028886
32453293;32453350;50;40028871
32453293;32453407;191;40028868
32453294;32453087;109;42006551
32453294;32454029;453;40587797
32453295;32452943;188;40626769
32453295;32453373;46;40626783
32453295;32453383;56;40626772
32453296;32453265;39;40157488
32453296;32453409;95;40157513
32453299;32452787;240;41219550
32453300;32453401;649;42003493
32453301;32453443;197;40476687
32453302;32453334;25;40664079
32453304;32453288;8;42009415
32453304;32453300;11;42003494
32453305;32453041;106;41475451
32453307;32453189;125;40028996
32453307;32453310;3;40029001
32453307;32453439;82;40401950
32453308;32453158;70;39922538
32453308;32453515;91;39922541
32453310;32453051;112;40028995
32453310;32453307;3;40029000
32453310;32453360;57;40029003
32453311;32452999;149;40559547
32453311;32453260;46;40367237
32453311;32453378;72;40367240
32453312;32453089;102;39923912
32453312;32453280;30;40691973
32453312;32453412;93;40691974
32453315;32453292;36;40453666
32453316;32453202;129;40028924
32453316;32453448;68;40402118
32453318;32453208;113;40544710
32453318;32453332;18;40295201
32453319;32453288;127;41345255
32453320;32453319;14;41999740
32453321;32453342;135;41345251
32453322;32453402;40;39923956
32453323;32453335;18;40353057
32453323;32453398;57;40353056
32453323;32453398;38;40353068
32453324;32453265;23;40157477
32453324;32453347;13;41644542
32453325;32453482;70;40157511
32453326;32453415;84;40355189
32453327;32453326;14;42003229
32453328;32453373;49;40626786
32453331;32453214;66;41345244
32453331;32453683;166;40592492
32453331;32454351;715;40043684
32453332;32453318;18;40295200
32453332;32453497;130;40295203
32453332;32453703;156;42026686
32453334;32453237;198;40030018
32453334;32453262;50;40030019
32453334;32453302;25;40664078
32453335;32453323;18;40353058
32453335;32453355;15;40353059
32453335;32453420;38;40353066
32453336;32453283;29;40579996
32453336;32453388;38;40383336
32453336;32453547;92;40579999
32453338;32453497;102;42026685
32453339;32453200;77;40028837
32453339;32453344;44;40401930
32453339;32453413;51;40028838
32453340;32453320;136;41345248
32453340;32453327;136;42003232
32453342;32453434;421;40373988
32453342;32453434;387;41345252
32453343;32453345;7;40338114
32453343;32453636;133;40338119
32453344;32453276;32;39886628
32453344;32453339;44;40401929
32453344;32453423;33;39886629
32453345;32453343;7;40338115
32453345;32453347;8;40338112
32453347;32453324;13;41644543
32453347;32453345;8;40338113
32453347;32453410;25;41644544
32453350;32453293;50;40028870
32453350;32453372;24;40028873
32453350;32453886;279;40028888
32453352;32453077;143;40914416
32453352;32453442;49;40525533
32453352;32453503;97;40914417
32453354;32453246;138;41528382
32453354;32453467;106;41528378
32453355;32453146;101;41958647
32453355;32453335;15;40353060
32453355;32453429;35;41958648
32453356;32453216;65;39869578
32453356;32453402;45;39923972
32453356;32453573;92;39869581
32453357;32453521;69;41613843
32453358;32453381;24;40452294
32453358;32453432;40;40452289
32453360;32453201;86;42027687
32453360;32453310;57;40029002
32453360;32453375;25;40029005
32453361;32453365;12;41884605
32453362;32453404;26;40476699
32453363;32453189;92;40028999
32453363;32453394;18;42027663
32453365;32453204;69;40613782
32453365;32453361;12;41884606
32453365;32453376;57;41884607
32453366;32453262;50;39923224
32453366;32453467;140;40664056
32453366;32453548;205;40664068
32453369;32453234;63;40577921
32453369;32453250;144;41925339
32453369;32453428;27;40577910
32453369;32453450;98;41925342
32453370;32453428;66;40577924
32453371;32453244;75;40029011
32453371;32453255;119;40822162
32453371;32453458;92;40822165
32453372;32453164;101;40028882
32453372;32453350;24;40028872
32453372;32453384;15;40028875
32453373;32453295;46;40626784
32453373;32453328;49;40626785
32453373;32453419;36;40626793
32453375;32453219;70;42027684
32453375;32453360;25;40029004
32453375;32453405;45;40029007
32453376;32453365;57;41884608
32453378;32453257;56;40559561
32453378;32453311;72;40367239
32453378;32453777;253;40367242
32453379;32452966;178;40613795
32453380;32453399;52;40582623
32453381;32453358;24;40452293
32453381;32453411;28;40452296
32453381;32453529;184;40452300
32453383;32453295;56;40626771
32453383;32453419;44;40626796
32453383;32453440;44;40626774
32453384;32453372;15;40028874
32453384;32453464;110;40028877
32453384;32453510;70;42026676
32453387;32453212;77;40355194
32453387;32453591;91;40355192
32453388;32453031;193;41301670
32453388;32453336;38;40383335
32453388;32453432;24;40383338
32453388;32453601;105;41301671
32453394;32453363;18;42027662
32453394;32453440;22;42027665
32453394;32453589;98;42027660
32453395;32452954;286;40476299
32453395;32453426;13;40476300
32453395;32453446;62;40476296
32453398;32453323;57;40353055
32453398;32453323;38;40353067
32453398;32453420;17;40353062
32453399;32453223;80;41925430
32453399;32453380;52;40582622
32453399;32453518;46;41925431
32453400;32453292;52;40453656
32453400;32453466;30;40453657
32453400;32453535;82;40426479
32453401;32453179;144;39884736
32453401;32453513;50;39884733
32453402;32453322;40;39923955
32453402;32453356;45;39923971
32453402;32453495;40;39923958
32453403;32453404;7;40476697
32453404;32453362;26;40476698
32453404;32453403;7;40476696
32453404;32453444;16;40476701
32453405;32453375;45;40029006
32453405;32453408;83;40626839
32453405;32453435;40;40029009
32453406;32453222;86;39869603
32453406;32453421;7;41001210
32453407;32453293;191;40028869
32453407;32453506;119;41614866
32453407;32453526;60;40028878
32453408;32453255;83;41849973
32453408;32453405;83;40626840
32453408;32453435;14;41849974
32453408;32453486;50;40626841
32453409;32453296;95;40157512
32453409;32453471;30;41549735
32453410;32453347;25;41644545
32453410;32453471;121;40157482
32453410;32453567;59;41644546
32453411;32453381;28;40452295
32453412;32453312;93;40691975
32453412;32453406;7;41001209
32453413;32453339;51;40028839
32453413;32453468;42;40028840
32453413;32453476;35;42026680
32453414;32453009;178;40554582
32453414;32453037;189;40488466
32453414;32453418;2;40554583
32453415;32453304;85;42003495
32453415;32453590;69;40355190
32453416;32453418;47;41600519
32453417;32453493;33;40577740
32453418;32453414;2;40554584
32453418;32453416;47;41600520
32453418;32453492;33;40554585
32453419;32453373;36;40626794
32453419;32453383;44;40626795
32453419;32453850;358;40626757
32453420;32453335;38;40353065
32453420;32453398;17;40353061
32453420;32453438;16;40353064
32453421;32453425;8;41001212
32453421;32453573;156;41001193
32453422;32453113;132;40412588
32453423;32453344;33;39886630
32453423;32453433;62;40401921
32453423;32453993;213;39886631
32453425;32453412;7;41001211
32453425;32453740;129;40915963
32453426;32453395;13;40476301
32453428;32453369;27;40577911
32453428;32453370;66;40577923
32453428;32453559;134;40577912
32453429;32453355;35;41958649
32453429;32453470;44;40568048
32453431;32453555;354;39922512
32453432;32453358;40;40452290
32453432;32453388;24;40383337
32453432;32453575;66;40452291
32453433;32453437;47;40401922
32453433;32453767;132;40028897
32453434;32453342;421;40373989
32453434;32454007;1205;41345253
32453435;32453405;40;40029008
32453435;32453408;14;41849975
32453435;32453622;90;41849976
32453436;32453507;28;40157490
32453437;32453284;65;40401920
32453437;32453445;71;40028867
32453438;32453420;16;40353063
32453439;32453307;82;40401951
32453439;32453455;181;42027689
32453439;32453622;110;40401952
32453440;32453383;44;40626773
32453440;32453394;22;42027664
32453440;32453477;31;40626776
32453442;32453352;49;40525534
32453442;32453459;13;40525535
32453442;32453465;18;40476694
32453443;32453281;69;40476692
32453443;32453301;197;40476686
32453443;32453444;37;40476689
32453444;32453404;16;40476700
32453444;32453443;37;40476688
32453444;32453459;41;40476691
32453445;32453193;113;40028859
32453445;32453464;10;40028860
32453446;32452954;218;40476290
32453446;32453395;62;40476297
32453446;32453451;3;40476293
32453448;32453316;68;40402119
32453448;32453458;8;41314167
32453449;32453266;83;40742179
32453450;32453034;186;39922545
32453450;32453369;98;41925341
32453450;32453502;59;40380892
32453451;32453446;3;40476292
32453451;32453487;44;40476304
32453451;32453542;32;40476295
32453454;32453540;40;40452268
32453455;32453439;181;42027688
32453457;32453173;132;40577736
32453457;32453493;35;40577727
32453457;32453792;130;40577737
32453458;32453371;92;40822164
32453458;32453448;8;41314168
32453458;32453526;50;41266504
32453459;32453442;13;40525536
32453459;32453444;41;40476690
32453459;32453670;87;40476710
32453460;32452784;291;41681910
32453460;32453523;56;40569123
32453460;32453851;149;41681913
32453462;32453697;97;41213476
32453463;32453485;150;40626829
32453463;32453486;12;40626832
32453463;32453522;74;42027700
32453464;32453384;110;40028876
32453464;32453445;10;40028861
32453464;32453610;53;40028862
32453465;32453442;18;40476695
32453466;32453400;30;40453658
32453466;32453484;8;41320643
32453466;32453535;50;40453659
32453467;32453354;106;41528379
32453467;32453366;140;40664057
32453467;32453583;141;40664058
32453468;32453413;42;40028841
32453469;32453273;86;41934800
32453469;32453273;85;41940031
32453469;32453273;88;41934798
32453469;32453478;4;41964742
32453470;32453429;44;40568047
32453470;32453508;22;40568050
32453470;32453660;98;39924072
32453471;32453409;30;41549734
32453471;32453410;121;40157483
32453471;32453482;21;40157484
32453472;32453533;37;40476303
32453476;32453413;35;42026681
32453477;32453440;31;40626775
32453477;32453589;60;40626778
32453477;32453880;162;42027681
32453477;32454002;250;40626833
32453478;32453469;4;41964741
32453478;32453555;22;41344869
32453480;32453548;20;40664063
32453481;32453282;134;41652963
32453481;32453579;64;41944749
32453482;32453325;70;40157510
32453482;32453471;21;40157485
32453482;32453507;20;40157486
32453484;32453466;8;41320644
32453484;32453516;9;40426474
32453484;32453560;48;40426469
32453485;32453463;150;40626830
32453486;32453408;50;40626842
32453486;32453463;12;40626831
32453486;32453675;100;40626843
32453487;32453451;44;40476305
32453490;32454070;419;41522589
32453492;32453418;33;40554586
32453492;32453533;12;40554587
32453492;32453621;90;40383331
32453493;32453417;33;40577739
32453493;32453457;35;40577728
32453493;32453520;20;40577729
32453494;32453693;90;40452275
32453495;32453402;40;39923957
32453497;32453332;130;40295202
32453497;32453338;102;42026684
32453497;32453875;170;40544709
32453497;32454117;276;40029607
32453500;32453250;112;40577915
32453500;32453716;90;40030038
32453502;32453450;59;40380891
32453502;32453514;26;40380894
32453502;32453577;26;40577938
32453503;32453352;97;40914418
32453503;32453542;36;40914419
32453503;32453746;97;41106769
32453504;32453540;26;40452264
32453506;32453407;119;41614867
32453507;32453436;28;40157491
32453507;32453482;20;40157487
32453507;32453676;65;41198672
32453508;32453470;22;40568049
32453508;32453578;25;41873819
32453510;32453384;70;42026677
32453512;32453598;34;40295936
32453513;32453401;50;39884732
32453513;32453539;13;40412597
32453513;32453574;88;39884735
32453514;32453502;26;40380893
32453514;32453532;25;40380896
32453515;32453308;91;39922540
32453515;32453518;91;41340082
32453515;32453521;121;40486949
32453516;32453484;9;40426473
32453516;32453566;18;40426476
32453517;32453144;164;40380887
32453517;32453536;9;41604852
32453518;32453399;46;41925432
32453518;32453515;91;41340083
32453518;32453536;90;41340084
32453519;32453517;4;41604853
32453520;32453493;20;40577730
32453521;32453357;69;41613842
32453521;32453515;121;40486948
32453521;32453531;148;40486951
32453522;32453463;74;42027701
32453523;32452798;311;40569128
32453523;32453460;56;40569124
32453523;32453641;50;40569129
32453525;32453280;111;40569148
32453526;32453407;60;40028879
32453526;32453458;50;41266505
32453526;32453584;49;41303225
32453527;32453228;134;41881358
32453527;32453558;25;41881361
32453527;32453640;100;41881356
32453529;32453381;184;40452299
32453529;32453585;152;40452229
32453529;32453607;71;40452232
32453531;32453083;194;39922518
32453531;32453521;148;40486950
32453531;32453538;74;40486953
32453532;32453514;25;40380895
32453532;32453519;5;41604854
32453533;32453472;37;40476302
32453533;32453492;12;40554588
32453533;32453581;20;40554589
32453534;32453551;64;42027682
32453535;32453400;82;40426480
32453535;32453466;50;40453660
32453535;32453560;8;40426481
32453536;32453518;90;41340085
32453536;32453568;17;41604856
32453537;32453543;8;40159047
32453538;32453531;74;40486952
32453538;32453541;43;40486947
32453539;32453513;13;40412598
32453539;32453558;51;41881384
32453540;32453454;40;40452267
32453540;32453504;26;40452263
32453540;32453566;19;40452266
32453541;32453544;9;41964746
32453541;32453830;155;39922511
32453542;32453451;32;40476294
32453542;32453503;36;40914420
32453542;32453546;5;40914421
32453543;32453537;8;40159048
32453543;32453562;84;41230700
32453544;32453541;9;41964745
32453544;32453549;57;41176635
32453546;32453542;5;40914422
32453546;32453609;96;40914423
32453546;32453753;83;41106766
32453547;32453336;92;40579998
32453547;32453599;71;40580001
32453547;32453621;145;40479618
32453548;32453366;205;40664069
32453548;32453480;20;40664062
32453548;32453827;161;40664070
32453549;32453544;57;41176634
32453549;32453544;72;40742174
32453549;32453552;6;41176637
32453551;32453534;64;42027683
32453552;32453478;34;41964748
32453552;32453549;6;41176636
32453552;32453555;27;40613802
32453555;32453431;354;39922513
32453555;32453478;22;41344868
32453555;32453552;27;40613801
32453555;32453606;23;41964744
32453557;32453577;30;40577933
32453558;32453527;25;41881360
32453558;32453539;51;41881385
32453558;32453932;140;40412575
32453559;32453428;134;40577913
32453560;32453535;8;40426482
32453560;32453644;85;40426470
32453562;32453238;131;40159051
32453562;32453543;84;41230701
32453562;32453572;83;41230702
32453565;32453746;110;40476709
32453566;32453516;18;40426475
32453566;32453540;19;40452265
32453566;32453684;51;40426478
32453567;32453410;59;41644547
32453567;32453598;63;40157480
32453567;32453642;34;41644548
32453568;32453532;16;41604855
32453568;32453628;26;40300306
32453571;32453651;104;41344987
32453571;32453766;103;41001222
32453572;32453210;152;40159049
32453572;32453235;165;41230706
32453572;32453562;83;41230703
32453572;32453617;19;40159046
32453573;32453356;92;39869580
32453573;32453421;156;41001194
32453573;32453625;48;41001195
32453573;32453888;131;39869583
32453574;32453188;159;41340086
32453574;32453513;88;39884734
32453574;32453617;204;40338154
32453575;32453432;66;40452292
32453575;32453585;10;40452234
32453576;32453680;60;42026679
32453577;32453502;26;40577937
32453577;32453557;30;40577934
32453577;32453852;162;40577935
32453578;32453508;25;41873818
32453578;32453597;29;40353037
32453578;32453619;17;41873821
32453579;32453481;64;41944748
32453579;32455378;889;40632119
32453580;32453694;44;40157584
32453581;32453533;20;40554590
32453581;32453609;15;41391685
32453583;32453467;141;40664059
32453583;32453629;69;40664060
32453583;32454313;338;41260939
32453584;32453526;49;41303224
32453584;32453632;36;40028905
32453585;32453529;152;40452230
32453585;32453575;10;40452233
32453585;32453749;64;40452279
32453589;32453394;98;42027661
32453589;32453477;60;40626777
32453589;32453892;173;40626780
32453590;32453591;22;42003237
32453591;32453387;91;40355191
32453591;32453605;5;42003239
32453594;32453621;52;40383334
32453595;32453610;70;40028895
32453596;32453701;84;40568017
32453597;32453578;29;40353038
32453597;32453619;16;40353049
32453597;32453627;13;40353039
32453598;32453512;34;40295935
32453598;32453567;63;40157481
32453598;32453602;8;40571678
32453598;32453704;37;40295938
32453599;32453547;71;40580000
32453601;32453388;105;41301672
32453601;32453803;90;41384788
32453602;32453598;8;40571679
32453602;32453658;84;40571676
32453602;32453658;24;40582677
32453604;32453614;57;40544696
32453604;32453847;92;40443894
32453605;32453590;60;42003238
32453606;32453552;40;41964747
32453606;32453555;23;41964743
32453606;32453734;47;39922543
32453607;32453529;71;40452231
32453607;32453693;46;40452236
32453607;32453770;64;40452273
32453608;32453662;116;42027693
32453609;32453546;96;40914424
32453609;32453581;15;41391686
32453609;32453686;103;40914425
32453609;32453919;124;41391687
32453610;32453464;53;40028863
32453610;32453595;70;40028896
32453610;32453767;100;40401923
32453610;32453813;79;40028864
32453612;32453630;13;40452246
32453614;32453604;57;40544697
32453614;32453685;83;40544698
32453614;32453702;267;42027852
32453616;32454756;759;40412589
32453617;32453572;19;40159045
32453617;32453574;204;40338153
32453617;32453659;19;40371535
32453619;32453578;17;41873820
32453619;32453597;16;40353050
32453619;32453653;13;41873823
32453621;32453492;90;40383332
32453621;32453547;145;40479619
32453621;32453594;52;40383333
32453622;32453435;90;41849977
32453622;32453439;110;40401953
32453622;32453751;58;40626787
32453625;32453573;48;41001196
32453625;32453689;57;41001197
32453625;32453775;61;40568045
32453626;32454431;339;41549752
32453627;32453597;13;40353040
32453627;32453653;19;40353047
32453627;32453663;24;40353046
32453627;32453663;16;40353041
32453628;32453514;51;40655727
32453628;32453568;26;40300305
32453628;32453728;37;41873705
32453629;32453583;69;40664061
32453629;32453762;131;41173839
32453630;32453612;13;40452245
32453630;32453649;18;40452271
32453630;32453761;52;40452248
32453632;32453584;36;40028904
32453632;32453690;26;40394038
32453632;32453838;122;40028907
32453634;32453662;18;42027695
32453635;32453678;26;40626752
32453636;32453343;133;40338118
32453636;32453638;8;40338117
32453638;32453636;8;40338116
32453638;32453642;7;40157479
32453640;32453527;100;41881357
32453641;32453523;50;40569130
32453641;32453652;8;40569562
32453641;32453826;69;40569131
32453642;32453567;34;41644549
32453642;32453638;7;40157478
32453642;32453724;30;41644550
32453644;32453118;219;41319104
32453644;32453671;9;41319105
32453649;32453630;18;40452272
32453651;32453823;220;41347497
32453652;32453641;8;40569563
32453653;32453619;13;41873822
32453653;32453627;19;40353048
32453653;32453677;10;41873825
32453656;32453691;28;40571680
32453658;32453602;84;40571677
32453658;32453602;24;40582678
32453659;32453617;19;40371534
32453659;32453708;17;41494476
32453660;32453470;98;39924071
32453662;32453608;116;42027692
32453662;32453634;18;42027694
32453662;32453750;45;42027697
32453663;32453627;16;40353042
32453663;32453627;24;40353045
32453663;32453699;23;40353043
32453664;32453769;71;40380890
32453670;32453459;87;40476711
32453670;32453782;46;40367245
32453671;32453516;135;40426468
32453671;32453644;9;41319106
32453671;32453774;39;41319107
32453675;32453486;100;40626844
32453676;32453711;47;40157575
32453676;32453845;61;41198673
32453677;32453653;10;41873824
32453677;32453699;6;41873827
32453677;32453715;55;39923960
32453678;32453635;26;40626751
32453678;32453695;22;40626754
32453678;32454062;203;40626763
32453680;32453268;189;40443872
32453680;32453576;60;42026678
32453680;32453993;143;40443875
32453683;32453331;166;40592493
32453684;32453566;51;40426477
32453684;32453712;20;40578867
32453684;32453884;110;40233814
32453685;32453614;83;40544699
32453686;32453609;103;40914426
32453686;32453747;21;42037280
32453686;32453771;69;41382707
32453688;32454011;306;40632145
32453689;32453625;57;41001198
32453689;32453794;122;41001199
32453689;32453957;107;40568015
32453690;32453632;26;40394037
32453690;32453695;20;40626755
32453690;32453878;87;40394040
32453691;32453656;28;40571681
32453691;32453708;32;41447644
32453693;32453494;90;40452276
32453693;32453607;46;40452235
32453693;32453736;37;40452238
32453694;32453580;44;40157583
32453694;32453729;66;40295933
32453694;32453743;19;40157586
32453695;32453678;22;40626753
32453695;32453690;20;40626756
32453695;32454055;192;40626817
32453697;32453462;97;41213475
32453699;32453663;23;40353044
32453699;32453677;6;41873826
32453699;32453907;80;41873829
32453701;32453596;84;40568016
32453701;32453740;35;40568019
32453701;32453879;74;40568035
32453702;32453614;267;42027853
32453703;32453332;156;42026687
32453704;32453598;37;40295937
32453708;32453659;17;41494475
32453708;32453691;32;41447643
32453708;32453816;42;41494478
32453708;32453816;83;40157590
32453709;32453830;409;41340098
32453710;32453187;209;41281018
32453710;32453950;90;41281019
32453710;32454023;215;40632158
32453711;32453676;47;40157576
32453711;32453743;50;40157577
32453711;32453871;61;40157700
32453712;32453684;20;40578866
32453712;32453778;55;40578869
32453712;32453884;126;40452261
32453715;32453677;55;39923959
32453716;32453500;90;40030039
32453716;32453768;85;40577731
32453716;32453841;58;40030040
32453719;32453770;38;40451788
32453722;32453990;135;40664081
32453723;32453842;51;40401936
32453724;32453642;30;41644551
32453724;32453809;127;40157492
32453724;32453855;48;41644552
32453728;32453628;37;41873704
32453728;32453730;1;41873701
32453729;32453694;66;40295932
32453729;32453805;27;41549742
32453730;32453709;198;40284603
32453730;32453728;1;41873700
32453730;32453733;1;41873703
32453733;32453730;1;41873702
32453733;32453924;68;40300308
32453734;32453606;47;39922542
32453734;32453890;57;39922548
32453736;32453693;37;40452237
32453736;32453761;15;40452249
32453736;32453795;24;40452252
32453737;32453976;249;41645156
32453740;32453425;129;40915964
32453740;32453701;35;40568018
32453740;32453788;20;40915965
32453742;32453239;667;41230711
32453742;32453913;68;40412599
32453743;32453694;19;40157585
32453743;32453711;50;40157578
32453743;32453765;8;40157579
32453745;32453833;91;40028894
32453746;32453503;97;41106768
32453746;32453565;110;40476708
32453747;32453686;21;42037281
32453748;32453926;206;40284602
32453748;32453963;399;41340095
32453749;32453585;64;40452280
32453749;32453843;83;40452281
32453749;32453947;98;40452287
32453750;32453662;45;42027696
32453750;32453800;33;42027699
32453750;32453818;35;42027690
32453751;32453622;58;40626788
32453751;32453798;25;40626806
32453753;32453546;83;41106767
32453758;32453975;104;40394027
32453761;32453630;52;40452247
32453761;32453736;15;40452250
32453761;32453795;67;40452269
32453762;32453629;131;41173840
32453762;32453825;25;41549747
32453762;32453839;118;41173841
32453765;32453743;8;40157580
32453765;32453805;66;40157587
32453765;32453908;55;40157581
32453766;32453651;56;39922546
32453766;32453904;55;40298703
32453767;32453433;132;40028898
32453767;32453610;100;40401924
32453767;32453842;47;40401925
32453768;32453716;85;40577732
32453769;32453664;71;40380889
32453770;32453607;64;40452274
32453770;32453719;38;40451787
32453770;32453934;65;40451790
32453771;32453686;69;41382708
32453771;32453803;23;41382709
32453774;32453671;39;41319108
32453774;32453790;22;40426471
32453774;32453824;18;41363129
32453775;32453625;61;40568046
32453777;32453378;253;40367241
32453777;32453793;33;42026692
32453778;32453712;55;40578868
32453778;32453824;72;40578871
32453778;32454204;178;40453664
32453782;32453670;46;40367246
32453782;32453832;22;40578873
32453788;32453740;20;40915966
32453788;32453940;123;39923952
32453788;32454180;176;40915967
32453790;32453774;22;40426472
32453792;32453457;130;40577738
32453793;32453782;14;40578872
32453794;32453689;122;41001200
32453794;32453797;8;41174913
32453795;32453736;24;40452251
32453795;32453761;67;40452270
32453795;32453854;23;40452254
32453797;32453794;8;41174914
32453797;32453851;60;41174915
32453797;32453912;45;40568022
32453798;32453751;25;40626805
32453798;32453883;48;40626797
32453798;32453892;50;40626808
32453799;32452379;730;41645154
32453800;32453750;33;42027698
32453803;32453601;90;41384789
32453803;32453771;23;41382710
32453803;32453865;41;41312192
32453803;32453901;35;41384790
32453805;32453729;27;41549743
32453805;32453765;66;40157588
32453805;32453946;54;41549744
32453809;32453471;124;40295934
32453809;32453724;127;40157493
32453809;32453819;6;40157494
32453813;32453610;79;40028865
32453814;32453340;1449;41345249
32453816;32453708;83;40157589
32453816;32453708;42;41494477
32453816;32453974;60;41494480
32453817;32453777;33;42026693
32453817;32453793;11;40578874
32453818;32453750;35;42027691
32453819;32453809;6;40157495
32453819;32453845;36;40157496
32453819;32453941;55;40157600
32453823;32453857;89;41347499
32453823;32453873;19;40664082
32453824;32453774;18;41363130
32453824;32453778;72;40578870
32453824;32453858;12;41363131
32453825;32453762;25;41549746
32453825;32453936;199;41549751
32453825;32454431;1957;41549749
32453826;32453641;69;40569132
32453826;32453831;8;40569564
32453826;32454049;101;40569133
32453827;32453548;161;40664071
32453827;32453984;65;40664072
32453827;32454232;170;40664076
32453829;32453972;70;40479615
32453830;32453199;903;41344988
32453831;32453826;8;40569565
32453832;32453853;11;40578876
32453833;32453813;8;40401932
32453833;32454001;194;40401934
32453838;32453632;122;40028906
32453838;32453970;80;40028909
32453838;32454048;116;40394002
32453839;32453762;118;41173842
32453839;32453936;80;41549737
32453839;32454151;731;41173843
32453841;32453716;58;40030041
32453841;32453954;45;40568023
32453842;32453723;51;40401937
32453842;32453767;47;40401926
32453842;32453935;56;40401927
32453843;32453749;83;40452282
32453843;32453866;27;40452297
32453843;32453947;43;40452283
32453845;32453819;36;40157497
32453845;32453871;47;40157498
32453845;32453922;30;40157601
32453846;32453942;61;40568037
32453847;32453604;92;40443893
32453847;32453875;41;40029648
32453847;32454198;173;40443896
32453849;32453879;30;40568041
32453850;32453419;358;40626758
32453850;32454031;97;40626759
32453850;32454258;213;40626765
32453851;32453460;149;41681912
32453851;32453797;60;41174916
32453851;32454279;279;41681915
32453852;32453577;162;40577936
32453853;32453817;22;40578875
32453853;32453951;93;41122695
32453854;32453795;23;40452253
32453854;32453921;28;40452256
32453854;32453921;70;40452259
32453855;32453724;48;41644553
32453855;32453863;4;41494465
32453856;32453990;152;40664065
32453857;32453748;459;41347498
32453857;32454102;110;40577579
32453858;32453824;12;41363132
32453858;32454082;95;39886633
32453860;32453904;42;40664054
32453862;32454419;234;40827773
32453863;32453855;4;41494466
32453863;32453988;51;41494467
32453864;32453897;81;41348136
32453864;32453897;85;41772233
32453865;32453803;41;41312191
32453865;32453901;39;40795651
32453865;32453915;32;41331150
32453866;32453843;27;40452298
32453871;32453711;61;40157701
32453871;32453845;47;40157499
32453871;32453894;27;40157500
32453873;32453823;19;40664083
32453875;32453497;170;40544708
32453875;32453847;41;40029649
32453875;32453881;8;40544712
32453875;32453906;11;40029651
32453878;32453690;87;40394039
32453878;32453889;5;40394012
32453879;32453701;74;40568036
32453879;32453849;30;40568042
32453879;32453895;12;40568043
32453880;32453477;162;42027680
32453881;32453875;8;40544713
32453882;32453940;22;39923948
32453883;32453798;48;40626798
32453884;32453684;110;40233815
32453884;32453712;126;40452262
32453884;32454045;80;40452239
32453886;32453350;279;40028889
32453886;32453745;56;40401931
32453886;32453927;16;40028891
32453887;32454015;198;40412463
32453888;32453573;131;39869582
32453888;32453962;101;40568033
32453888;32454233;165;39869585
32453889;32453878;5;40394011
32453889;32453975;52;40394014
32453889;32454138;141;40626827
32453890;32453734;57;39922547
32453890;32453992;43;41286412
32453892;32453589;173;40626779
32453892;32453798;50;40626807
32453892;32454445;643;40626810
32453894;32453871;27;40157501
32453894;32453908;25;40157502
32453894;32453965;29;40157609
32453895;32453879;12;40568044
32453897;32453938;263;41348137
32453898;32453799;97;41645155
32453898;32453951;89;40367243
32453900;32454285;509;39884779
32453901;32454104;93;40795649
32453903;32453942;40;40568051
32453904;32453766;55;40298704
32453904;32453860;42;40664055
32453904;32454090;191;40298705
32453906;32453875;11;40029650
32453907;32453699;80;41873828
32453907;32454032;56;39924073
32453907;32454077;285;39923962
32453908;32453765;55;40157582
32453908;32453894;25;40157503
32453908;32453933;31;40157504
32453910;32454136;110;40544693
32453912;32453797;45;40568021
32453913;32453742;68;40412600
32453913;32453937;7;41494789
32453915;32453865;32;41331149
32453915;32453972;39;40652066
32453915;32454017;56;40449307
32453919;32453609;124;41391688
32453921;32453854;28;40452255
32453921;32453854;70;40452260
32453921;32453989;32;40452258
32453922;32453845;30;40157602
32453922;32453941;28;40157603
32453922;32453965;75;40157607
32453924;32453733;68;40300307
32453924;32453926;1;41873697
32453925;32453900;125;41772232
32453925;32453900;125;39884778
32453926;32453924;1;41873696
32453926;32453930;1;41873699
32453926;32453963;196;41340097
32453927;32453833;163;40401933
32453927;32453886;16;40028890
32453927;32453970;19;40028893
32453928;32452944;406;40395046
32453930;32453926;1;41873698
32453930;32454022;45;40380897
32453932;32453558;140;40412576
32453932;32453949;8;41494559
32453933;32453908;31;40157505
32453933;32453946;35;40157506
32453933;32453998;36;40157591
32453934;32453770;65;40451789
32453934;32453989;50;40451792
32453934;32454037;58;40452224
32453935;32453842;56;40401928
32453936;32453825;199;41549750
32453936;32453839;80;41549736
32453936;32454372;478;41549739
32453937;32453913;7;41494790
32453937;32454660;301;41494785
32453938;32453709;420;40338134
32453938;32453730;226;40284604
32453940;32453788;123;39923951
32453940;32453882;22;39923947
32453940;32454018;75;39923950
32453941;32453819;55;40157599
32453941;32453922;28;40157604
32453941;32454060;58;40157605
32453942;32453846;61;40568038
32453942;32453903;40;40568052
32453942;32453962;10;40568039
32453944;32454040;72;40632123
32453946;32453805;54;41549745
32453946;32453933;35;40157507
32453946;32453974;50;40157508
32453947;32453749;98;40452288
32453947;32453843;43;40452284
32453947;32454053;97;40452285
32453949;32453932;8;41494560
32453949;32454051;52;41494555
32453950;32453710;90;41281020
32453950;32454140;87;41313921
32453950;32454509;279;41281021
32453951;32453799;64;40367244
32453951;32453853;93;41122694
32453954;32453841;45;40568024
32453954;32454125;82;41370169
32453957;32453689;107;40568014
32453962;32453888;101;40568034
32453962;32453942;10;40568040
32453963;32453925;281;39884780
32453964;32454136;97;40544704
32453965;32453894;29;40157610
32453965;32453922;75;40157608
32453965;32454152;86;40157611
32453966;32453263;396;40337087
32453970;32453838;80;40028908
32453970;32453927;19;40028892
32453970;32454144;129;40028911
32453972;32453829;70;40479614
32453972;32453915;39;40652065
32453972;32453981;8;39856821
32453974;32453816;60;41494479
32453974;32453946;50;40157509
32453974;32454121;69;41494482
32453975;32453758;104;40394028
32453975;32453889;52;40394013
32453975;32454048;60;40394016
32453975;32454166;107;40394029
32453976;32454181;204;41125111
32453981;32453972;8;39856820
32453981;32454004;25;39856823
32453981;32454017;21;40449299
32453984;32453827;65;40664073
32453984;32453990;165;40664066
32453984;32454193;487;40664074
32453986;32454011;15;40632095
32453988;32453863;51;41494468
32453988;32454008;56;40157613
32453988;32454146;73;41494469
32453989;32453921;32;40452257
32453989;32453934;50;40451791
32453989;32454016;31;40451794
32453990;32453722;135;40664080
32453990;32453856;152;40664064
32453990;32453984;165;40664067
32453991;32454097;232;40577587
32453991;32454225;237;40577538
32453992;32453890;43;41286411
32453992;32454114;58;40593658
32453993;32453423;213;39886632
32453993;32453680;143;40443874
32453993;32454080;53;41337949
32453993;32454134;71;40401954
32453995;32453239;348;41494561
32453995;32454006;9;41494564
32453998;32453933;36;40157592
32453998;32454028;67;40157593
32453998;32454103;62;40157595
32453999;32453898;119;41125110
32454000;32454083;44;42026689
32454001;32453833;194;40401935
32454002;32453477;250;40626834
32454004;32453981;25;39856822
32454004;32454118;102;39856681
32454004;32454157;77;41308571
32454006;32453995;9;41494563
32454006;32454489;191;40412602
32454007;32454154;198;41999747
32454007;32454167;197;41999734
32454008;32453988;56;40157614
32454008;32454039;65;40157615
32454008;32454078;30;40157679
32454010;32454256;201;41370192
32454011;32453688;306;40632144
32454011;32453986;15;40632094
32454011;32454040;15;40632097
32454014;32454035;19;42026672
32454014;32454041;16;40545412
32454014;32454096;105;40545411
32454015;32453887;198;40412462
32454015;32454029;90;40412458
32454015;32454129;58;40412461
32454016;32453989;31;40451793
32454016;32454027;10;40451796
32454016;32454122;50;40452277
32454017;32453915;56;40449306
32454017;32453981;21;40449298
32454017;32454157;68;40449301
32454018;32453940;75;39923949
32454022;32453930;45;40380898
32454022;32454476;182;40577568
32454023;32453710;215;40632159
32454023;32454071;77;40632160
32454023;32454101;77;40632152
32454024;32454830;323;41447583
32454025;32454040;231;40632124
32454027;32454016;10;40451795
32454028;32453998;67;40157594
32454029;32453294;453;40587798
32454029;32454015;90;40412459
32454029;32454105;60;40412470
32454031;32453850;97;40626760
32454031;32454248;238;40626761
32454031;32454248;145;41219536
32454032;32454077;52;39923963
32454032;32454180;166;39924074
32454033;32454230;104;40394032
32454034;32454233;145;39923954
32454035;32454014;19;42026671
32454036;32454151;484;41549741
32454037;32453934;58;40452223
32454037;32454053;7;40452226
32454037;32454127;59;40452221
32454038;32454110;121;40577575
32454039;32454008;65;40157616
32454039;32454060;29;40157617
32454039;32454109;30;40157671
32454040;32453944;72;40632122
32454040;32454011;15;40632096
32454040;32454025;231;40632125
32454040;32454425;165;40632099
32454041;32454014;16;40545413
32454041;32454065;17;42026674
32454041;32454124;37;40545414
32454043;32453999;62;41819221
32454045;32453884;80;40452240
32454045;32454089;18;40452241
32454045;32454115;60;40233816
32454048;32453838;116;40394001
32454048;32453975;60;40394015
32454048;32454139;59;40394018
32454048;32454259;108;40394004
32454049;32453826;101;40569134
32454051;32453949;52;41494556
32454051;32454074;70;41998783
32454051;32454333;118;41494557
32454053;32453947;97;40452286
32454053;32454037;7;40452225
32454053;32454118;29;40452228
32454054;32454652;278;40632107
32454055;32453695;192;40626818
32454058;32454096;19;40545418
32454060;32453941;58;40157606
32454060;32454039;29;40157618
32454060;32454066;13;40157619
32454061;32454257;106;40295196
32454062;32453678;203;40626764
32454063;32455071;488;40848497
32454064;32454272;91;41377169
32454065;32454041;17;42026673
32454066;32454060;13;40157620
32454066;32454092;42;40157621
32454066;32454289;95;40157669
32454070;32453490;419;41522590
32454071;32454023;77;40632161
32454071;32454085;16;41313918
32454071;32454101;138;40632155
32454074;32454051;70;41998784
32454077;32453907;285;39923961
32454077;32454032;52;39923964
32454077;32454169;40;39924076
32454078;32454008;30;40157678
32454078;32454109;66;40157675
32454078;32454188;49;40157676
32454080;32453993;53;41337948
32454080;32454083;11;40028900
32454080;32454098;14;41337925
32454082;32454093;25;41091966
32454082;32454305;95;39886634
32454083;32454000;44;42026688
32454083;32454080;11;40028901
32454083;32454098;10;42026691
32454083;32454144;198;40028902
32454085;32454071;16;41313919
32454089;32454045;18;40452242
32454089;32454100;16;39856693
32454089;32454254;77;40452243
32454090;32453904;191;40298706
32454090;32454114;59;41286425
32454090;32454215;63;40592821
32454091;32454103;31;41410480
32454092;32454066;42;40157622
32454092;32454130;24;40157623
32454093;32454082;25;41091967
32454094;32454383;150;40567978
32454096;32454014;105;40545410
32454096;32454058;19;40545419
32454096;32454117;17;40545417
32454097;32453991;232;40577586
32454097;32454142;54;40577555
32454097;32454882;356;40577552
32454098;32454080;14;41337924
32454098;32454083;10;42026690
32454098;32454270;92;41337927
32454099;32453803;128;40365067
32454100;32454089;16;39856692
32454100;32454120;13;39856695
32454100;32454240;67;40351098
32454101;32454023;77;40632153
32454101;32454071;138;40632154
32454101;32454140;107;40632157
32454102;32453857;110;40577578
32454103;32453998;62;40157596
32454103;32454091;31;41410479
32454103;32454187;44;40157597
32454104;32454695;247;40795655
32454105;32454415;320;40412455
32454107;32454043;41;41106765
32454108;32454402;117;40029628
32454109;32454039;30;40157670
32454109;32454078;66;40157674
32454109;32454255;60;40157673
32454110;32454038;121;40577574
32454110;32454662;235;40577558
32454110;32454786;324;40577577
32454111;32454201;73;40544700
32454114;32453992;58;40593657
32454114;32454090;59;41286426
32454114;32454126;6;41286414
32454115;32454045;60;40233817
32454115;32454172;51;40233818
32454115;32454238;56;40453670
32454117;32453497;276;40029608
32454117;32454096;17;40545416
32454117;32454155;19;40029609
32454118;32454004;102;39856682
32454118;32454053;29;40452227
32454118;32454254;120;39856683
32454120;32454100;13;39856694
32454120;32454240;55;40351102
32454120;32454262;76;39856697
32454121;32453974;69;41494481
32454121;32454137;8;41494484
32454122;32454016;50;40452278
32454124;32454041;37;40545415
32454125;32453954;82;41370168
32454125;32454312;226;41370172
32454125;32454435;119;41370171
32454126;32454114;6;41286413
32454126;32454215;46;40593659
32454126;32454741;256;41286418
32454127;32454037;59;40452222
32454128;32454278;65;41370181
32454129;32454015;58;40412460
32454129;32454239;50;40412457
32454130;32454092;24;40157624
32454130;32454152;20;40157625
32454131;32454108;103;41064874
32454131;32454364;99;39942682
32454134;32453993;71;40401955
32454134;32454080;63;40028899
32454134;32454303;122;40471916
32454136;32453910;110;40544692
32454136;32453964;97;40544705
32454136;32454175;27;40544706
32454136;32454198;27;40544695
32454137;32454121;8;41494483
32454137;32454231;39;41881110
32454138;32453889;141;40626828
32454139;32454048;59;40394017
32454139;32454230;58;40394020
32454139;32454353;109;40394041
32454140;32453950;87;41313920
32454140;32454101;107;40632156
32454140;32454408;117;40632139
32454142;32454097;54;40577554
32454144;32453970;129;40028910
32454144;32454083;198;40028903
32454144;32454275;80;41337929
32454145;32453814;373;40412469
32454145;32454190;26;42003226
32454145;32454236;53;40412464
32454146;32453988;73;41494470
32454146;32454188;56;40157635
32454146;32454472;125;41494471
32454147;32454327;207;40567841
32454150;32454186;30;40449303
32454151;32453839;731;41173844
32454151;32454036;484;41549740
32454151;32454431;514;41173845
32454152;32453965;86;40157612
32454152;32454130;20;40157626
32454152;32454183;49;40157627
32454154;32454161;10;41999744
32454155;32454117;19;40029610
32454155;32454201;19;40029611
32454155;32454341;150;40029662
32454157;32454004;77;41308570
32454157;32454017;68;40449300
32454157;32454221;39;40763317
32454158;32454172;6;40453661
32454159;32454456;173;40443908
32454161;32454105;69;40412454
32454166;32453975;107;40394030
32454166;32454170;3;40393983
32454167;32454176;10;41999741
32454169;32454077;40;39924075
32454169;32454220;20;39924078
32454169;32454269;82;39923966
32454170;32454166;3;40393984
32454170;32454217;23;40626781
32454170;32454259;54;40393985
32454171;32454186;7;40453620
32454172;32454115;51;40233819
32454172;32454158;6;40453662
32454172;32454200;22;40233820
32454175;32454136;27;40544707
32454176;32454306;177;41345264
32454179;32454377;101;40394006
32454180;32453788;176;40915968
32454180;32454379;82;40915969
32454181;32454218;26;41819220
32454183;32454152;49;40157628
32454183;32454187;11;40157629
32454183;32454261;33;40157662
32454184;32454287;55;40553842
32454186;32454150;30;40449302
32454186;32454171;7;40453619
32454186;32454264;36;40453622
32454187;32454103;44;40157598
32454187;32454183;11;40157630
32454187;32454202;24;40157631
32454188;32454078;49;40157677
32454188;32454146;56;40157636
32454188;32454205;15;40157637
32454189;32454688;323;40412596
32454189;32455120;384;40412578
32454190;32454145;26;42003227
32454190;32454239;104;40412466
32454192;32454228;13;40544715
32454193;32453984;487;40664075
32454197;32453814;481;40338132
32454198;32453847;173;40443895
32454198;32454136;27;40544694
32454198;32454228;41;40443898
32454200;32454172;22;40233821
32454200;32454204;5;40233822
32454200;32454294;77;40453677
32454201;32454111;73;40544701
32454201;32454155;19;40029612
32454201;32454212;11;40544702
32454201;32454311;53;40029613
32454202;32454187;24;40157632
32454202;32454231;53;40157633
32454202;32454420;82;40157661
32454203;32454197;9;41999739
32454204;32453778;178;40453663
32454204;32454200;5;40233823
32454204;32454214;32;40453673
32454205;32454188;15;40157638
32454205;32454211;6;40157639
32454205;32454520;118;41507233
32454208;32454190;119;40412468
32454211;32454205;6;40157640
32454211;32454246;34;40157641
32454211;32454563;134;40158759
32454212;32454201;11;40544703
32454213;32454131;79;41064875
32454213;32454360;151;41336181
32454213;32454449;87;40029645
32454214;32454204;32;40453674
32454215;32454466;95;40687641
32454216;32454208;9;42003225
32454217;32454170;23;40626782
32454218;32454276;45;41819219
32454219;32454316;88;40233829
32454220;32454169;20;39924077
32454221;32454157;39;40763316
32454221;32454325;48;39942677
32454223;32454043;144;41819222
32454225;32453991;237;40577539
32454225;32454322;59;41173838
32454225;32454461;126;40577540
32454226;32454130;39;40157666
32454226;32454261;68;40157665
32454228;32454192;13;40544714
32454228;32454198;41;40443897
32454228;32454268;61;40443900
32454229;32454236;13;41510426
32454230;32454033;104;40394031
32454230;32454139;58;40394019
32454230;32454377;90;40394022
32454230;32454473;109;40394034
32454231;32454137;39;41881109
32454231;32454202;53;40157634
32454231;32454459;81;41881112
32454232;32453827;170;40664077
32454233;32453888;165;39869584
32454233;32454034;145;39923953
32454233;32454358;53;39869587
32454236;32454145;53;40412465
32454236;32454229;13;41510425
32454236;32454271;56;40587795
32454238;32454115;56;40453669
32454238;32454273;34;40453675
32454238;32454320;37;40453672
32454239;32454129;50;40412456
32454239;32454190;104;40412467
32454240;32454100;67;40351099
32454240;32454120;55;40351103
32454240;32454262;24;40351100
32454242;32454223;24;41819218
32454243;32454291;51;40030028
32454244;32454280;24;40544687
32454246;32454211;34;40157642
32454246;32454255;12;40157643
32454246;32454561;121;40157702
32454248;32454031;238;40626762
32454248;32454031;145;41219535
32454248;32455413;1395;41219538
32454251;32454265;37;40742092
32454251;32454382;51;40742153
32454254;32454089;77;40452244
32454254;32454118;120;39856684
32454254;32454309;53;41869127
32454254;32454405;61;41301010
32454255;32454109;60;40157672
32454255;32454246;12;40157644
32454255;32454289;41;40157645
32454256;32454010;201;41370193
32454256;32454278;33;41809720
32454256;32454730;263;41809723
32454257;32454061;106;40295195
32454257;32454280;14;40544690
32454257;32454369;79;40295198
32454258;32453850;213;40626766
32454259;32454048;108;40394003
32454259;32454170;54;40393986
32454259;32454353;59;40393987
32454261;32454226;68;40157664
32454261;32454397;50;40157663
32454262;32454120;76;39856696
32454262;32454240;24;40351101
32454262;32454309;21;39856699
32454264;32454186;36;40453621
32454264;32454286;19;40449304
32454264;32454316;23;40453624
32454265;32454251;37;40742091
32454265;32454277;16;40742094
32454265;32454378;43;41964684
32454268;32454228;61;40443899
32454268;32454272;6;40443902
32454268;32454392;47;40531677
32454269;32454169;82;39923965
32454270;32454098;92;41337926
32454270;32454359;44;39820748
32454270;32454480;72;40832930
32454271;32454236;56;40587796
32454271;32454346;29;40587887
32454272;32454064;91;41377170
32454272;32454268;6;40443901
32454272;32454389;138;40443904
32454272;32454665;159;41377171
32454273;32454238;34;40453676
32454275;32454144;80;41337928
32454275;32454270;66;40832927
32454275;32454359;47;39820372
32454276;32454221;40;39942678
32454276;32454242;43;40366601
32454276;32454325;47;40303260
32454277;32454265;16;40742093
32454277;32454284;17;40742096
32454277;32454391;42;41964674
32454278;32454128;65;41370180
32454278;32454256;33;41809721
32454278;32454312;44;41809724
32454279;32453851;279;41681914
32454279;32454295;8;41681917
32454279;32454367;36;41681909
32454280;32454244;24;40544686
32454280;32454257;14;40544691
32454280;32454369;91;40544689
32454281;32454334;62;41101585
32454282;32454290;17;40742100
32454282;32454304;18;40742097
32454282;32454455;57;41964670
32454284;32454277;17;40742095
32454284;32454297;16;40742102
32454284;32454403;42;41964696
32454285;32454330;22;40567844
32454285;32454545;176;39884781
32454286;32454264;19;40449305
32454287;32454184;55;40553843
32454287;32454422;56;40553844
32454287;32454497;106;40553851
32454289;32454255;41;40157646
32454289;32454324;43;40157647
32454290;32454282;17;40742099
32454290;32454301;17;40742104
32454290;32454465;58;41964678
32454291;32454243;51;40030029
32454291;32454343;19;40030030
32454292;32454389;36;41583465
32454293;32453858;190;40871378
32454294;32454200;77;40453678
32454295;32454279;8;41681916
32454295;32454345;23;39869570
32454297;32454284;16;40742101
32454297;32454326;22;40742106
32454297;32454414;42;41964680
32454301;32454290;17;40742103
32454301;32454308;16;40742108
32454301;32454479;58;41964690
32454303;32454134;122;40471917
32454303;32454311;8;40471918
32454303;32454450;61;41533558
32454304;32454282;18;40742098
32454304;32454326;22;40742109
32454304;32454447;45;40743286
32454305;32454388;48;40030021
32454305;32454505;70;41633411
32454306;32454415;165;41987721
32454308;32454301;16;40742107
32454308;32454319;16;40742112
32454308;32454482;59;41964682
32454309;32454254;53;41869128
32454309;32454262;21;39856698
32454309;32454320;8;41869129
32454311;32454201;53;40029614
32454311;32454303;8;40471919
32454311;32454363;36;40471920
32454312;32454125;226;41370173
32454312;32454278;44;41809725
32454312;32454384;74;41809726
32454312;32454623;130;41370174
32454313;32453583;338;41260938
32454314;32454539;99;41598348
32454316;32454219;88;40233828
32454316;32454264;23;40453623
32454316;32454432;41;40233835
32454316;32454440;81;40233831
32454319;32454308;16;40742111
32454319;32454323;17;40742114
32454319;32454495;59;41964686
32454320;32454238;37;40453671
32454320;32454309;8;41869130
32454320;32454334;102;39856690
32454320;32454700;158;40449294
32454322;32454225;59;41173837
32454323;32454319;17;40742113
32454323;32454335;17;40742116
32454323;32454501;59;41964694
32454324;32454092;99;40157668
32454324;32454289;43;40157648
32454324;32454347;20;40157649
32454325;32454276;47;40303259
32454325;32454493;95;40453616
32454326;32454297;22;40742105
32454326;32454304;22;40742110
32454326;32454429;31;41964692
32454327;32454147;207;40567840
32454327;32454328;28;41396724
32454327;32454457;37;41396725
32454328;32454327;28;41396723
32454328;32454329;23;40567847
32454329;32454328;23;40567846
32454329;32454330;29;40567849
32454329;32454609;101;41809785
32454330;32454285;22;40567845
32454330;32454329;29;40567848
32454330;32454627;241;41173831
32454332;32454640;174;40577560
32454333;32454051;118;41494558
32454334;32454281;58;41869205
32454334;32454320;102;39856691
32454335;32454323;17;40742115
32454335;32454349;16;40742118
32454335;32454512;60;41964676
32454336;32454295;34;41681908
32454336;32454345;15;40030025
32454337;32454408;114;40632151
32454338;32454203;179;41999737
32454338;32454216;181;42003228
32454339;32454437;45;40626836
32454340;32454336;8;41934848
32454341;32454155;150;40029663
32454341;32454369;24;40029664
32454341;32454542;77;40029666
32454343;32454291;125;41091970
32454343;32454291;19;40030031
32454343;32454406;20;40030032
32454344;32454293;20;41604057
32454345;32454295;23;39869571
32454345;32454367;15;40030026
32454345;32454370;11;39869572
32454346;32454271;29;40587888
32454346;32456204;886;40587892
32454346;32456231;1016;40587889
32454347;32454226;50;40157667
32454347;32454324;20;40157650
32454347;32454381;50;40157651
32454348;32454099;103;40208321
32454348;32454107;133;40367255
32454349;32454335;16;40742117
32454349;32454357;16;40742120
32454349;32454511;55;41964672
32454351;32453331;715;40043685
32454352;32454340;101;41934849
32454352;32454340;107;40568053
32454353;32454139;109;40394042
32454353;32454259;59;40393988
32454353;32454437;31;40626837
32454353;32454473;56;40393989
32454356;32451629;1289;40567969
32454357;32454349;16;40742119
32454357;32454499;48;41964688
32454357;32454499;72;40742122
32454358;32454233;53;39869586
32454358;32454352;84;41934850
32454358;32454401;12;39869589
32454359;32454270;44;39820747
32454359;32454275;47;39820371
32454359;32454480;50;40443929
32454359;32454500;58;39819961
32454360;32454213;151;41336182
32454360;32454446;59;41336183
32454360;32454600;91;40472777
32454361;32454380;6;40568030
32454362;32454897;203;41388775
32454363;32454311;36;40471921
32454363;32454410;15;41533561
32454363;32454442;39;40471922
32454364;32454131;99;39942681
32454364;32454402;96;40029615
32454364;32454449;81;39942679
32454364;32454708;139;39942684
32454366;32454525;62;41198697
32454367;32454407;61;40030027
32454369;32454257;79;40295197
32454369;32454280;91;40544688
32454369;32454341;24;40029665
32454370;32454345;11;39869573
32454370;32454374;29;41681901
32454372;32453936;478;41549738
32454373;32454440;19;40449292
32454374;32454386;75;41681902
32454375;32454681;123;40531669
32454377;32454179;101;40394005
32454377;32454230;90;40394021
32454377;32454539;82;40394024
32454377;32454610;110;40394008
32454378;32454265;43;41964683
32454378;32454382;20;40742124
32454378;32454391;16;40742125
32454379;32454180;82;40915970
32454379;32454358;164;41934851
32454379;32454423;13;39884784
32454380;32454361;6;40568029
32454380;32454387;97;41167530
32454380;32454400;5;40568032
32454381;32454347;50;40157652
32454381;32454397;18;40157653
32454381;32454573;69;40157690
32454382;32454251;51;40742154
32454382;32454378;20;40742123
32454382;32454767;215;40742155
32454383;32455141;360;41746528
32454384;32454312;74;41809727
32454384;32454435;36;41809728
32454384;32454690;129;41370184
32454386;32454401;101;41681903
32454386;32454475;26;40567835
32454387;32454379;68;41934852
32454388;32454406;107;39884789
32454389;32454272;138;40443903
32454389;32454292;36;41583466
32454389;32454456;64;40443906
32454389;32454470;25;40531671
32454391;32454277;42;41964673
32454391;32454378;16;40742126
32454391;32454403;16;40742127
32454392;32454268;47;40531678
32454395;32454626;105;40531684
32454396;32454405;7;40449297
32454397;32454381;18;40157654
32454397;32454399;4;40157655
32454399;32454397;4;40157656
32454399;32454420;30;40157657
32454399;32454583;69;40157692
32454400;32454380;5;40568031
32454400;32454387;95;41934853
32454401;32454358;12;39869588
32454401;32454423;163;41681904
32454402;32454108;117;40029629
32454402;32454364;96;40029616
32454402;32454484;78;40029617
32454402;32454621;91;40029630
32454403;32454284;42;41964695
32454403;32454391;16;40742128
32454403;32454414;16;40742129
32454404;32454344;84;39884774
32454404;32454624;115;40659038
32454405;32454254;61;41301011
32454405;32454396;7;40449296
32454405;32454483;28;41301012
32454406;32454343;20;40030033
32454406;32454400;59;41934854
32454406;32454451;12;40664285
32454407;32453864;663;41348135
32454408;32454140;117;40632138
32454408;32454337;114;40632150
32454408;32454509;78;40632141
32454410;32454363;15;41533562
32454414;32454297;42;41964679
32454414;32454403;16;40742130
32454414;32454429;17;40742131
32454419;32453862;234;40827772
32454420;32454399;30;40157658
32454420;32454459;55;40157659
32454422;32454287;56;40553845
32454423;32454379;13;39884783
32454423;32454451;224;41681905
32454423;32454528;35;39884786
32454425;32454040;165;40632098
32454425;32454525;197;41198701
32454425;32454738;281;40632101
32454429;32454326;31;41964691
32454429;32454414;17;40742132
32454429;32454447;18;40742133
32454431;32453626;339;41549753
32454431;32453825;1957;41549748
32454431;32454151;514;41173846
32454432;32454316;41;40233834
32454432;32454493;24;40233837
32454432;32454540;103;41582061
32454435;32454125;119;41370170
32454435;32454384;36;41809729
32454435;32454565;53;41370167
32454437;32454339;45;40626835
32454437;32454353;31;40626838
32454437;32454667;115;40626825
32454439;32454453;60;41744149
32454439;32454502;31;40296598
32454439;32454505;54;40030022
32454440;32454316;81;40233830
32454440;32454373;19;40449293
32454440;32454483;37;40233833
32454442;32454363;39;40471923
32454442;32454542;74;40471924
32454442;32454562;96;40553854
32454445;32453892;643;40626809
32454446;32454360;59;41336184
32454446;32454549;97;40906684
32454446;32454651;91;41336192
32454447;32454304;45;40743285
32454447;32454429;18;40742134
32454447;32454455;13;40742135
32454449;32454213;87;40029644
32454449;32454364;81;39942680
32454449;32454600;152;41724000
32454449;32454782;150;40029647
32454450;32454303;61;41533557
32454450;32454462;5;40553862
32454450;32454497;23;41533560
32454451;32454406;12;40664286
32454451;32454453;49;41681907
32454451;32454547;36;40664287
32454453;32454439;60;41681906
32454453;32454439;60;41744148
32454455;32454282;57;41964669
32454455;32454447;13;40742136
32454455;32454465;17;40742137
32454456;32454159;173;40443907
32454456;32454389;64;40443905
32454456;32454532;44;40443910
32454457;32454327;37;41396726
32454457;32454496;139;40567810
32454457;32454769;256;41396727
32454459;32454231;81;41881111
32454459;32454420;55;40157660
32454459;32454564;43;41881114
32454461;32454225;126;40577541
32454462;32454450;5;40553863
32454464;32454475;76;40296579
32454465;32454290;58;41964677
32454465;32454455;17;40742138
32454465;32454479;16;40742139
32454466;32454544;63;40592824
32454466;32454595;53;40687642
32454470;32454389;25;40531672
32454472;32454146;125;41494472
32454472;32454520;81;40159043
32454472;32454537;25;41494473
32454473;32454230;109;40394033
32454473;32454353;56;40393990
32454473;32454610;89;40393991
32454473;32454620;84;40394036
32454475;32454386;26;40567834
32454475;32454464;76;40296578
32454475;32454485;168;40296581
32454476;32454022;182;40577569
32454476;32454559;335;40577550
32454476;32454888;240;40577549
32454478;32454370;30;41638170
32454478;32454374;42;40030023
32454479;32454301;58;41964689
32454479;32454465;16;40742140
32454479;32454482;16;40742141
32454480;32454359;50;40443930
32454480;32454500;80;40832928
32454480;32454701;134;41336528
32454482;32454308;59;41964681
32454482;32454479;16;40742142
32454482;32454495;16;40742143
32454483;32454405;28;41301013
32454483;32454440;37;40233832
32454483;32454572;40;41301014
32454484;32454402;78;40029618
32454484;32454532;45;40029619
32454484;32454570;36;40029636
32454485;32454475;168;40296580
32454485;32454519;59;40296583
32454485;32454519;95;40567836
32454486;32454494;21;41934831
32454486;32454502;21;41744155
32454488;32454404;63;41819165
32454489;32454006;191;40412601
32454489;32454607;48;40391523
32454490;32454344;54;41819162
32454492;32454572;124;41582064
32454493;32454325;95;40453615
32454493;32454432;24;40233836
32454493;32454654;121;40453618
32454494;32454486;21;41934832
32454494;32454513;21;41934833
32454495;32454319;59;41964685
32454495;32454482;16;40742144
32454495;32454501;17;40742145
32454496;32454457;139;40567811
32454497;32454287;106;40553850
32454497;32454450;23;41533559
32454499;32454357;48;41964687
32454499;32454357;72;40742121
32454499;32454511;18;40742148
32454500;32454275;81;40832929
32454500;32454359;58;39819962
32454500;32454622;58;41337930
32454501;32454323;59;41964693
32454501;32454495;17;40742146
32454501;32454512;17;40742149
32454502;32454486;21;41744154
32454502;32454541;65;41934829
32454505;32454932;170;39792083
32454509;32453950;279;41281022
32454509;32454408;78;40632140
32454509;32454652;79;41313904
32454511;32454349;55;41964671
32454511;32454499;18;40742147
32454511;32454512;17;40742152
32454512;32454335;60;41964675
32454512;32454501;17;40742150
32454512;32454511;17;40742151
32454513;32454494;21;41934834
32454513;32454541;8;41934835
32454514;32454488;11;39884771
32454514;32454490;11;40186503
32454515;32454631;50;40296563
32454516;32454632;50;40296560
32454517;32454630;49;40296565
32454518;32454633;49;40296559
32454519;32454485;59;40296582
32454519;32454485;95;40567837
32454519;32454528;39;40296585
32454520;32454205;118;41507232
32454520;32454472;81;40159044
32454520;32454566;19;41507235
32454521;32454629;48;40296567
32454522;32454634;49;40296556
32454525;32454366;62;41198698
32454525;32454425;197;41198702
32454525;32454608;41;41198699
32454526;32454635;49;40296555
32454527;32454628;47;40296569
32454528;32454423;35;39884785
32454528;32454519;39;40296584
32454528;32454530;18;40296587
32454528;32454705;80;39884788
32454529;32454672;65;40296552
32454530;32454528;18;40296586
32454532;32454456;44;40443909
32454532;32454484;45;40029620
32454532;32454570;38;40029622
32454532;32454590;76;40443891
32454533;32454673;64;40296550
32454536;32454594;39;40531673
32454537;32454472;25;41494474
32454537;32454548;5;40371522
32454537;32455160;386;40371462
32454539;32454314;99;41598347
32454539;32454377;82;40394023
32454539;32454585;28;41595121
32454539;32454622;66;40394026
32454540;32454432;103;41582062
32454541;32454513;8;41934836
32454541;32454560;19;41934830
32454542;32454341;77;40029667
32454542;32454442;74;40471925
32454542;32454616;93;41361381
32454542;32454618;42;40029597
32454544;32454595;51;40592811
32454544;32454639;64;40592822
32454545;32454678;136;39884782
32454545;32454750;108;39884777
32454547;32454451;36;40664288
32454547;32454581;23;40285781
32454548;32454537;5;40371523
32454548;32454566;82;40157680
32454548;32454870;141;40371524
32454549;32454446;97;40906685
32454549;32454571;29;41819229
32454553;32454587;68;40567833
32454556;32454616;32;41566083
32454559;32454476;335;40577551
32454560;32454567;15;40296589
32454560;32454587;22;40296590
32454561;32454246;121;40157703
32454561;32454563;29;40157685
32454561;32454584;106;40157682
32454562;32454442;96;40553855
32454563;32454211;134;40158760
32454563;32454561;29;40157684
32454563;32454566;6;40157687
32454564;32454459;43;41881113
32454564;32454653;47;40157694
32454564;32454664;50;41881116
32454565;32454435;53;41370166
32454565;32454662;125;40577563
32454565;32454724;72;40577580
32454566;32454520;19;41507234
32454566;32454548;82;40157681
32454566;32454563;6;40157686
32454567;32454547;18;41934847
32454567;32454560;15;40296588
32454568;32454660;116;41139910
32454570;32454484;36;40029637
32454570;32454532;38;40029621
32454570;32454621;59;40029624
32454570;32454868;125;40029638
32454571;32454549;29;41819230
32454571;32454669;117;41819223
32454572;32454483;40;41301015
32454572;32454492;124;41582063
32454572;32454644;36;41301016
32454573;32454381;69;40157691
32454578;32454407;136;41348138
32454578;32454478;65;40030024
32454579;32454810;332;40410851
32454579;32455155;277;41544667
32454580;32454338;444;41259821
32454581;32454604;25;40296548
32454581;32454605;15;40285782
32454583;32454399;69;40157693
32454584;32454561;106;40157683
32454584;32454653;186;40157688
32454584;32454735;71;40157714
32454585;32454539;28;41595120
32454585;32454686;141;42026669
32454585;32454686;59;41595123
32454587;32454553;68;40567832
32454587;32454560;22;40296591
32454587;32454619;17;40296592
32454589;32454727;81;40741479
32454590;32454456;68;40029627
32454590;32454532;76;40443892
32454590;32454671;112;40447348
32454594;32454536;39;40531674
32454594;32454626;86;40531668
32454594;32454675;39;40531675
32454595;32454741;67;40687643
32454600;32454360;91;40472776
32454600;32454449;152;41724001
32454600;32454651;57;41724002
32454600;32454655;29;40295178
32454602;32454567;19;41934845
32454602;32454759;72;40030035
32454604;32454581;25;40296549
32454604;32454677;33;40296570
32454605;32454602;6;41934846
32454607;32454489;48;40391524
32454607;32454798;174;41881099
32454607;32454800;83;40391525
32454608;32454525;41;41198700
32454609;32454329;101;41809784
32454609;32454693;107;41396715
32454610;32454377;110;40394007
32454610;32454473;89;40393992
32454610;32454725;83;40393993
32454610;32454755;85;40394010
32454613;32454655;50;40472779
32454614;32454884;194;40556714
32454616;32454542;93;41361382
32454616;32454556;32;41566084
32454616;32454668;74;41361383
32454618;32454542;42;40029598
32454618;32454744;122;40553852
32454618;32454855;106;40029599
32454619;32454587;17;40296593
32454619;32454680;25;41934842
32454619;32454684;30;41744150
32454619;32454768;66;40296594
32454619;32454835;93;41744157
32454620;32454473;84;40394035
32454620;32454755;89;40393996
32454621;32454402;91;40029631
32454621;32454570;59;40029623
32454621;32454708;87;40029626
32454621;32454924;119;40029632
32454622;32454500;58;41337931
32454622;32454539;66;40394025
32454622;32454894;113;41337932
32454623;32454312;130;41370175
32454623;32454690;78;41370176
32454623;32454939;124;41370182
32454624;32454404;115;40659039
32454624;32454780;73;39884772
32454625;32454716;52;40553859
32454626;32454395;105;40531683
32454626;32454594;86;40531667
32454627;32454330;241;41173832
32454628;32454527;47;40296568
32454629;32454521;48;40296566
32454630;32454517;49;40296564
32454631;32454515;50;40296562
32454632;32454516;50;40296561
32454633;32454518;49;40296558
32454634;32454522;49;40296557
32454635;32454526;49;40296554
32454635;32454672;32;40296573
32454637;32454747;50;40225828
32454637;32454864;247;40371543
32454639;32454544;64;40592823
32454639;32454723;40;41286429
32454639;32454767;100;41286432
32454640;32454332;174;40577561
32454641;32454715;37;41819195
32454644;32454572;36;41301017
32454644;32454654;6;41301008
32454651;32454446;91;41336193
32454651;32454600;57;41724003
32454651;32454721;85;41724004
32454651;32454772;56;41336194
32454652;32454054;278;40632106
32454652;32454509;79;41313905
32454652;32454738;43;41313906
32454653;32454564;47;40157695
32454653;32454584;186;40157689
32454653;32454664;39;40238307
32454653;32454820;68;40157696
32454654;32454493;121;40453617
32454654;32454644;6;41301009
32454654;32454728;82;40366640
32454655;32454600;29;40295177
32454655;32454613;50;40472778
32454655;32454703;21;40295180
32454657;32454578;88;41348139
32454660;32453937;301;41494786
32454660;32454568;116;41139909
32454660;32454864;80;41494787
32454662;32454110;235;40577559
32454662;32454565;125;40577562
32454662;32454745;99;40577565
32454664;32454564;50;41881115
32454664;32454653;39;40238308
32454664;32454830;217;41881118
32454665;32454272;159;41377172
32454667;32454437;115;40626826
32454668;32454616;74;41361384
32454668;32454675;4;40443911
32454668;32454788;51;40029586
32454669;32454571;117;41819224
32454669;32454911;97;39865605
32454669;32455044;286;41819225
32454670;32454704;14;40472781
32454671;32454590;112;40447349
32454671;32454681;8;40447343
32454672;32454529;65;40296553
32454672;32454635;32;40296572
32454672;32454673;16;40296575
32454673;32454533;64;40296551
32454673;32454672;16;40296574
32454673;32454677;16;40296577
32454675;32454594;39;40531676
32454675;32454668;4;40443912
32454675;32454729;136;40443913
32454676;32453992;288;40592810
32454676;32454866;205;41286434
32454677;32454604;33;40296571
32454677;32454673;16;40296576
32454677;32454863;173;41091968
32454678;32454829;154;41348141
32454680;32454619;25;41934841
32454680;32454731;25;41744152
32454680;32454811;53;41934844
32454681;32454375;123;40531670
32454681;32454671;8;40447344
32454681;32454683;6;40447345
32454682;32454657;183;40380884
32454682;32454694;18;39884794
32454682;32454699;102;39884793
32454683;32454681;6;40447346
32454683;32454729;95;41569920
32454683;32454844;72;40447347
32454684;32454619;30;41744151
32454684;32454768;38;41934837
32454686;32454585;141;42026670
32454686;32454585;59;41595122
32454686;32454725;24;41595125
32454687;32454348;141;40208322
32454688;32454189;323;40412595
32454688;32454756;206;40412580
32454688;32455256;231;40412581
32454690;32454384;129;41370185
32454690;32454623;78;41370177
32454690;32454724;47;41370178
32454692;32456403;1013;41239130
32454693;32454717;13;41809718
32454693;32454806;125;41396716
32454694;32454682;18;39884795
32454694;32454705;32;41605775
32454695;32454860;61;40844367
32454699;32454682;102;39884792
32454699;32454814;112;39884791
32454700;32454320;158;40449295
32454701;32454480;134;41336529
32454701;32454497;115;40295199
32454701;32454753;32;41317952
32454703;32454655;21;40295179
32454704;32454670;14;40472780
32454704;32454713;22;40472786
32454704;32454883;70;40472783
32454705;32454528;80;39884787
32454705;32454694;32;41605776
32454708;32454364;139;39942683
32454708;32454621;87;40029625
32454708;32454782;79;40028818
32454708;32454836;48;39942686
32454713;32454704;22;40472787
32454715;32454641;37;41819194
32454715;32454749;12;41819197
32454716;32454625;52;40553858
32454716;32454748;15;40553861
32454716;32454753;21;40553857
32454717;32454609;115;41396719
32454717;32454693;13;41809719
32454720;32454744;99;40534924
32454721;32454651;85;41724005
32454721;32454803;32;40472785
32454723;32454639;40;41286430
32454723;32454766;16;41286419
32454724;32454565;72;40577581
32454724;32454690;47;41370179
32454724;32455000;100;40577582
32454725;32454610;83;40393994
32454725;32454686;24;41595124
32454725;32454894;93;41883030
32454725;32454916;86;40393982
32454727;32454589;79;40741478
32454727;32454771;20;40741477
32454728;32454624;99;39884773
32454728;32454654;82;40366639
32454728;32454754;71;39884766
32454729;32454675;136;40443914
32454729;32454683;95;41569921
32454729;32454737;16;40443889
32454730;32454256;263;41809722
32454731;32454680;25;41744153
32454731;32454811;28;41934839
32454735;32454584;71;40157715
32454737;32454729;16;40443890
32454737;32454826;74;40471933
32454738;32454425;281;40632100
32454738;32454652;43;41313907
32454738;32455087;129;41313908
32454741;32454126;256;41286417
32454741;32454857;40;40446817
32454743;32454751;12;41809737
32454743;32454825;127;41809730
32454743;32454825;120;41809734
32454744;32454618;122;40553853
32454744;32454720;99;40534925
32454744;32454855;48;40534926
32454745;32454662;99;40577564
32454745;32454752;15;40577567
32454745;32455191;176;41173829
32454746;32454833;29;40567843
32454747;32454637;50;40225829
32454747;32454798;20;40225830
32454747;32454886;132;40225836
32454748;32454716;15;40553860
32454749;32454715;12;41819196
32454749;32454784;14;40567823
32454750;32454678;96;39884796
32454750;32454774;10;40568025
32454751;32454743;12;41809736
32454751;32454774;27;40567839
32454752;32454745;15;40577566
32454752;32454786;37;41173833
32454753;32454701;32;41317953
32454753;32454716;21;40553856
32454753;32454804;24;41317954
32454754;32454780;30;40338133
32454755;32454610;85;40394009
32454755;32454620;89;40393995
32454755;32454916;84;40393998
32454756;32453616;759;40412590
32454756;32454688;206;40412579
32454756;32455129;142;40412584
32454757;32454792;12;40531679
32454758;32454723;16;41286427
32454758;32454766;10;40592812
32454759;32454602;72;40030036
32454759;32454941;83;40030037
32454764;32454907;637;41290542
32454766;32454799;15;40592814
32454767;32454382;215;40742156
32454767;32454789;15;41286420
32454768;32454619;66;40296595
32454768;32454684;38;41934838
32454768;32454851;33;40296596
32454769;32454457;256;41396728
32454771;32454727;20;40741476
32454771;32454773;16;41286424
32454772;32454651;56;41336195
32454772;32454877;81;41336189
32454772;32454885;40;40029391
32454773;32454758;9;40592813
32454774;32454750;10;40568026
32454774;32454751;27;40567838
32454774;32454814;73;40568027
32454775;32454909;62;41857781
32454776;32454884;48;40556724
32454780;32454838;58;41329658
32454782;32454449;150;40029646
32454782;32454708;79;40028819
32454782;32454849;43;40028820
32454784;32454749;14;40567822
32454784;32454833;54;40567825
32454784;32454842;15;40567826
32454785;32454728;71;40596383
32454786;32454110;324;40577576
32454786;32454752;37;41173834
32454786;32454872;69;41173835
32454787;32454795;29;41383513
32454787;32454947;304;41383524
32454788;32454668;51;40029585
32454788;32454823;37;40534941
32454788;32455197;159;40029588
32454789;32454767;15;41286421
32454789;32454852;39;41286423
32454790;32454820;21;40158792
32454792;32454757;12;40531680
32454792;32454821;23;40531666
32454792;32454981;69;40531681
32454794;32454805;7;40442939
32454795;32454787;29;41383514
32454797;32454771;16;41286428
32454797;32454773;10;40592815
32454798;32454607;174;41881100
32454798;32454747;20;40225831
32454798;32455027;80;40225832
32454799;32454789;29;41286431
32454799;32454852;17;40592817
32454800;32454607;83;40391526
32454800;32454944;47;41388777
32454801;32454975;93;40626789
32454803;32454721;32;40472784
32454804;32454753;24;41317955
32454804;32454884;38;40556715
32454804;32454902;46;41317956
32454805;32454794;7;40442938
32454805;32454834;18;40442941
32454805;32454920;42;40381304
32454806;32454850;13;41809716
32454806;32454939;123;41396717
32454808;32454909;48;40553847
32454810;32454579;332;40410852
32454810;32455491;374;41215876
32454811;32454680;53;41934843
32454811;32454731;28;41934840
32454811;32454835;8;40669209
32454813;32454930;56;40029593
32454813;32455012;85;40029438
32454814;32454699;112;39884790
32454814;32454774;73;40568028
32454820;32454653;68;40157697
32454820;32454790;21;40158791
32454820;32455185;147;40157698
32454821;32454792;23;40531665
32454821;32454868;50;40029641
32454823;32454788;37;40534940
32454823;32454906;66;40534943
32454823;32455026;94;40534912
32454825;32454743;127;41809731
32454825;32454743;120;41809735
32454825;32454887;58;41809738
32454826;32454737;74;40471934
32454826;32454844;11;40471935
32454826;32455012;88;40530857
32454829;32454929;65;40567856
32454829;32454943;158;41348142
32454830;32454024;323;41447584
32454830;32454664;217;41881117
32454830;32454897;235;41881120
32454830;32455117;110;41447585
32454831;32454797;8;40592816
32454833;32454746;29;40567842
32454833;32454784;54;40567824
32454833;32454851;43;40567829
32454834;32454805;18;40442940
32454834;32454861;18;40442943
32454834;32454946;42;40381306
32454835;32454619;93;41744156
32454835;32454811;8;40669208
32454835;32454851;8;40669211
32454836;32454708;48;39942685
32454836;32454912;73;40295181
32454836;32455115;107;39942688
32454838;32454873;52;41819175
32454842;32454784;15;40567827
32454844;32454826;11;40471936
32454844;32454981;102;41569910
32454849;32454782;43;40028821
32454849;32454865;8;40472433
32454849;32454883;33;40028822
32454850;32454717;125;41396720
32454850;32454806;13;41809717
32454850;32455300;204;40577570
32454851;32454768;33;40296597
32454851;32454833;43;40567828
32454851;32454835;8;40669210
32454852;32454862;5;40592819
32454854;32454687;66;40795652
32454855;32454618;106;40029600
32454855;32454744;48;40534927
32454855;32454893;24;40534928
32454855;32454918;35;40029601
32454857;32454676;158;40592825
32454857;32454741;40;40446816
32454857;32455040;72;40446815
32454858;32454657;207;41348140
32454858;32454694;92;40380883
32454859;32454831;10;40592818
32454859;32454866;18;40592809
32454860;32454904;21;41336187
32454860;32454935;31;41568825
32454861;32454834;18;40442942
32454861;32454876;17;40442945
32454861;32454966;42;40381308
32454862;32454859;14;40592820
32454863;32454677;173;41091969
32454864;32454637;247;40371542
32454864;32454660;80;41494788
32454864;32455003;51;40225841
32454864;32455050;184;40371545
32454865;32454849;8;40472434
32454866;32454676;205;41286433
32454866;32454831;16;41286422
32454868;32454570;125;40029639
32454868;32454821;50;40029640
32454868;32454924;61;40029643
32454870;32454548;141;40371525
32454872;32454786;69;41173836
32454873;32454915;84;41819177
32454874;32454785;86;40568020
32454874;32454971;137;39884775
32454876;32454861;17;40442944
32454876;32454890;17;40442947
32454876;32454982;42;40381310
32454877;32454772;81;41336190
32454877;32454854;21;41300686
32454879;32454874;4;41819174
32454882;32454097;356;40577553
32454882;32454888;13;40577532
32454882;32455195;276;40577556
32454883;32454704;70;40472782
32454883;32454849;33;40028823
32454883;32454892;8;40028824
32454884;32454614;194;40556713
32454884;32454776;48;40556723
32454884;32454804;38;40556716
32454885;32454772;40;40029390
32454885;32454895;8;40472774
32454885;32455038;57;40029393
32454886;32454747;132;40225837
32454886;32455003;111;40225838
32454886;32455080;71;40225844
32454887;32454825;58;41809739
32454887;32454898;30;41809740
32454887;32454928;44;41809732
32454888;32454476;240;40577548
32454888;32454882;13;40577533
32454888;32454896;8;40577534
32454890;32454876;17;40442946
32454890;32454911;19;40442949
32454890;32455002;42;40381311
32454892;32454883;8;40028825
32454892;32454905;6;40472427
32454892;32454964;57;40028826
32454893;32454855;24;40534929
32454894;32454622;113;41337933
32454894;32454725;93;41883031
32454894;32455085;89;41883032
32454895;32454885;8;40472775
32454896;32454888;8;40577535
32454896;32455041;132;40577536
32454896;32455316;177;40577584
32454897;32454362;203;41388776
32454897;32454830;235;41881119
32454897;32454931;83;41881122
32454898;32454887;30;41809741
32454898;32454922;14;40567863
32454899;32454912;5;40472423
32454902;32454804;46;41317957
32454902;32454965;29;40556704
32454902;32455039;65;41317958
32454904;32454935;19;41336188
32454904;32455035;115;41336186
32454905;32454892;6;40472428
32454906;32454823;66;40534942
32454906;32454930;26;40534909
32454906;32455095;68;40534910
32454907;32454764;637;41290543
32454908;32454879;51;41819176
32454909;32454775;62;41857780
32454909;32454808;48;40553846
32454909;32454952;17;40553849
32454911;32454669;97;39865606
32454911;32454890;19;40442948
32454911;32455035;48;39865607
32454912;32454836;73;40295182
32454912;32454899;5;40472424
32454912;32454983;61;40295183
32454915;32454759;123;40030034
32454915;32454941;138;41329651
32454916;32454725;86;40393981
32454916;32454755;84;40393997
32454916;32454968;21;40626814
32454916;32455085;93;40394000
32454918;32454855;35;40029602
32454918;32454952;14;40029603
32454918;32454959;18;40534932
32454920;32454805;42;40381303
32454922;32454898;14;40567862
32454922;32454937;9;40567815
32454922;32454974;20;40567812
32454923;32454908;19;41337919
32454924;32454621;119;40029633
32454924;32454868;61;40029642
32454924;32455070;52;40029634
32454925;32455134;100;41064877
32454928;32454887;44;41809733
32454929;32454937;15;40567816
32454929;32454962;12;40567857
32454930;32454813;56;40029594
32454930;32454906;26;40534908
32454930;32455124;77;40029595
32454931;32454800;48;40391527
32454931;32454897;83;41881121
32454931;32454944;22;41881124
32454932;32455146;120;39792082
32454932;32455266;136;41337190
32454934;32454514;166;41605774
32454935;32455135;87;41336191
32454936;32454854;32;40795653
32454936;32454877;22;40795650
32454937;32454922;9;40567814
32454937;32454929;15;40567817
32454937;32454967;12;42046270
32454939;32454623;124;41370183
32454939;32454969;12;41809714
32454939;32455055;128;41396718
32454941;32454858;224;41348145
32454943;32454978;139;41348144
32454944;32454931;22;41881123
32454944;32454984;33;41881126
32454946;32454834;42;40381305
32454947;32454787;304;41383523
32454947;32454974;201;40567855
32454952;32454909;17;40553848
32454952;32454918;14;40029604
32454952;32455039;49;40029605
32454953;32455171;184;41447598
32454953;32455234;250;40483521
32454953;32455234;136;40483524
32454954;32454963;16;41819211
32454954;32454971;89;40904534
32454954;32454993;16;40871374
32454959;32454918;18;40534933
32454959;32454988;92;40534930
32454959;32454988;15;40534934
32454961;32454943;56;40567858
32454962;32454961;48;40567859
32454962;32455016;21;40567851
32454963;32454954;16;41819210
32454963;32454987;50;41819205
32454964;32454892;57;40028827
32454964;32455038;68;40028828
32454964;32455363;180;41569923
32454965;32454902;29;40556705
32454966;32454861;42;40381307
32454967;32454995;12;42046269
32454968;32454916;21;40626813
32454968;32454973;4;40626816
32454968;32455103;161;40626801
32454969;32454850;124;41396721
32454969;32454939;12;41809715
32454971;32454728;99;39884776
32454971;32454954;89;40904535
32454971;32455051;39;39884769
32454972;32455066;128;41916195
32454973;32454968;4;40626815
32454973;32454975;99;40626812
32454973;32455103;61;40626804
32454974;32454922;20;40567813
32454974;32454947;201;40567854
32454974;32454986;148;40567818
32454975;32454801;93;40626790
32454975;32454973;99;40626811
32454975;32455057;44;40626791
32454977;32455023;31;41447604
32454978;32454923;207;41348143
32454978;32455028;101;39792086
32454980;32455054;68;40910049
32454981;32454792;69;40531682
32454981;32454844;102;41569911
32454981;32455156;217;41569912
32454981;32455238;111;40029430
32454982;32454876;42;40381309
32454983;32454912;61;40295184
32454983;32455004;19;40295185
32454983;32455014;12;40472421
32454984;32454944;33;41881125
32454984;32455018;13;40391519
32454984;32455186;113;41881128
32454986;32454974;148;40567819
32454986;32455021;13;42046266
32454986;32455077;56;40567820
32454987;32454963;50;41819204
32454987;32454994;14;41809747
32454988;32454959;92;40534931
32454988;32454959;15;40534935
32454988;32455073;41;40534936
32454993;32454954;16;40871375
32454994;32454987;14;41809746
32454994;32455017;55;40910050
32454995;32455016;19;42046268
32454996;32455247;124;40556700
32455000;32454724;100;40577583
32455000;32455055;22;40577542
32455000;32455191;215;41370186
32455001;32455230;135;41857775
32455002;32454890;42;40381312
32455003;32454864;51;40225840
32455003;32454886;111;40225839
32455003;32455119;45;40225843
32455004;32454983;19;40295186
32455006;32455032;38;40871376
32455008;32455021;27;42046262
32455009;32455018;5;41423571
32455012;32454813;85;40029437
32455012;32454826;88;40530858
32455012;32455079;30;40029440
32455014;32454983;12;40472422
32455016;32454961;61;40567850
32455017;32455034;8;40383752
32455017;32455060;40;40186507
32455018;32454984;13;40391520
32455018;32455009;5;41423570
32455018;32455820;377;40391521
32455020;32455023;68;40238293
32455020;32455082;64;40238296
32455020;32455140;56;41447595
32455021;32454986;13;42046267
32455021;32455008;27;42046263
32455021;32455033;30;42046264
32455023;32454977;31;41447603
32455023;32455020;68;40238294
32455023;32455171;74;40238297
32455026;32454823;94;40534913
32455027;32454798;80;40225833
32455027;32455080;128;40391503
32455027;32455186;81;40225834
32455028;32455060;37;41809743
32455028;32455113;52;39792087
32455031;32454994;15;40383751
32455032;32455006;38;40871377
32455033;32455021;30;42046265
32455034;32455053;25;41809748
32455034;32455109;48;40383754
32455035;32454904;115;41336185
32455035;32454911;48;39865608
32455035;32455054;7;41336175
32455037;32455031;9;41809742
32455038;32454885;57;40029392
32455038;32454964;68;40028829
32455038;32455135;94;40028830
32455039;32454902;65;41317959
32455039;32454952;49;40029606
32455039;32455158;69;41356394
32455040;32454857;72;40446814
32455040;32455200;74;39820473
32455041;32454896;132;40577537
32455044;32454669;286;41819226
32455044;32455097;40;41819227
32455046;32455037;13;41809744
32455050;32454864;184;40371544
32455050;32455120;75;40587822
32455050;32455233;89;40225810
32455051;32454934;112;39884770
32455051;32454971;39;39884768
32455053;32455046;8;41809745
32455053;32455061;3;41809749
32455054;32454980;68;40910048
32455054;32455035;7;41336176
32455054;32455130;32;41336177
32455055;32455000;22;40577543
32455055;32455083;13;40577544
32455057;32454975;44;40626792
32455060;32454923;96;39792093
32455060;32455017;40;40186506
32455061;32455084;11;41819201
32455064;32455227;76;40534921
32455066;32454972;128;41916194
32455066;32455102;47;41916193
32455067;32455087;52;40632091
32455070;32454924;52;40029635
32455071;32454063;488;40848498
32455071;32455106;31;40630611
32455071;32455112;27;40848501
32455071;32455112;28;40630610
32455073;32454988;41;40534937
32455077;32454986;56;40567821
32455077;32455133;251;40383756
32455079;32455012;30;40029439
32455079;32455175;66;40029442
32455079;32455449;166;40029450
32455080;32454886;71;40225845
32455080;32455027;128;40391504
32455080;32455545;210;40225846
32455082;32455020;64;40238295
32455082;32455123;37;40238300
32455082;32455246;92;41447637
32455083;32454969;128;41396722
32455083;32455055;13;40577545
32455083;32455192;52;40577546
32455084;32455109;10;41819200
32455085;32454894;89;41883033
32455085;32454916;93;40393999
32455085;32455101;7;41883034
32455087;32454738;129;41313909
32455087;32455067;52;40632090
32455087;32455152;31;41313910
32455088;32455202;77;40534907
32455093;32455134;41;40029098
32455095;32454906;68;40534911
32455097;32455044;40;41819228
32455097;32455226;131;41569937
32455097;32455419;150;40906686
32455101;32455085;7;41883035
32455101;32455240;83;41883036
32455101;32455284;80;40556722
32455102;32455066;47;41916192
32455102;32455116;29;41477342
32455103;32454968;161;40626802
32455103;32454973;61;40626803
32455103;32455167;39;40626819
32455105;32455301;98;40534919
32455106;32455071;31;40630612
32455109;32455031;45;40383753
32455112;32455071;27;40848502
32455112;32455071;28;40630609
32455112;32455209;963;40848499
32455112;32456103;455;40630614
32455113;32455060;23;39792094
32455113;32455133;11;39792090
32455115;32454836;107;39942687
32455115;32455164;122;40295189
32455116;32455102;29;41477341
32455117;32454830;110;41447586
32455118;32455154;20;40632143
32455119;32455003;45;40225842
32455120;32454189;384;40412577
32455120;32455050;75;40587821
32455120;32455174;84;40587824
32455120;32455310;90;40225815
32455123;32455082;37;40238299
32455123;32455185;99;40238302
32455123;32455315;95;41447607
32455124;32454930;77;40029596
32455126;32455199;56;40393071
32455129;32454756;142;40412583
32455129;32455715;255;40225858
32455130;32455054;32;41336178
32455130;32455221;104;40365073
32455130;32455248;59;41336179
32455131;32454356;364;40567982
32455133;32455077;251;40383755
32455133;32455113;11;39792089
32455133;32455146;34;39792092
32455134;32454925;100;41064876
32455134;32455093;41;40029099
32455134;32455269;142;40443794
32455135;32454936;81;40795654
32455135;32455038;94;40028831
32455135;32455168;48;41453763
32455135;32455311;80;41568827
32455139;32455430;136;40906690
32455140;32455020;56;41447596
32455141;32457428;1148;40567974
32455146;32455133;34;39792091
32455146;32455266;110;39792088
32455149;32455215;41;41946604
32455150;32455159;21;40632121
32455152;32455087;31;41313911
32455152;32455154;8;40632128
32455152;32455187;17;41313912
32455154;32455118;20;40632142
32455154;32455152;8;40632129
32455154;32455159;25;40632130
32455155;32454579;277;41544668
32455155;32455761;263;40410894
32455156;32454981;217;41569913
32455156;32455363;217;40295187
32455158;32455039;69;41356395
32455158;32455189;24;41377174
32455158;32455215;35;41331239
32455159;32455150;21;40632120
32455159;32455154;25;40632131
32455159;32455183;14;40632132
32455160;32454537;386;40371463
32455162;32455771;311;41447642
32455164;32455115;122;40295190
32455166;32455187;30;40632112
32455167;32455103;39;40626820
32455167;32455219;29;40626821
32455167;32455235;47;40626799
32455168;32455135;48;41453764
32455168;32455181;6;40443797
32455168;32455248;87;41453765
32455171;32454953;184;41447597
32455171;32455023;74;40238298
32455171;32455390;108;40238303
32455174;32455120;84;40587823
32455174;32455256;204;40587826
32455174;32455447;112;40225822
32455175;32455079;66;40029441
32455175;32455263;61;40029444
32455175;32455492;138;40029446
32455178;32455365;98;41857764
32455181;32455168;6;40443798
32455182;32455188;8;40472432
32455183;32455159;14;40632133
32455185;32454820;147;40157699
32455185;32455123;99;40238301
32455185;32455404;106;41447612
32455186;32454984;113;41881127
32455186;32455027;81;40225835
32455186;32455224;53;40391507
32455186;32455270;40;41881130
32455187;32455152;17;41313913
32455187;32455166;30;40632113
32455187;32455212;24;40632114
32455187;32455349;74;41313914
32455188;32455038;69;40029385
32455188;32455182;8;40472431
32455189;32455158;24;41377173
32455191;32454745;176;41173830
32455191;32455000;215;41370187
32455191;32455198;5;41370188
32455192;32455083;52;40577547
32455195;32454882;276;40577557
32455195;32455198;6;41370191
32455196;32455622;240;41840737
32455197;32454788;159;40029587
32455197;32455202;2;40029590
32455197;32455227;39;40029408
32455198;32455191;5;41370189
32455198;32455195;6;41370190
32455198;32455702;324;40577572
32455199;32455126;56;40393072
32455199;32455233;143;40393073
32455199;32455357;70;40225805
32455200;32455040;74;39820472
32455200;32455504;138;40298697
32455202;32455088;77;40534906
32455202;32455197;2;40029589
32455202;32455437;131;40029592
32455208;32455650;193;40338150
32455209;32455112;963;40848500
32455209;32455280;28;40630642
32455209;32455454;309;40630649
32455210;32455260;28;40472436
32455211;32455274;34;41946602
32455212;32455187;24;40632115
32455215;32455149;41;41946603
32455215;32455158;35;41331240
32455215;32455274;30;41331241
32455219;32455167;29;40626822
32455219;32455308;47;40626823
32455219;32455321;65;40626767
32455221;32455229;6;40440026
32455221;32455262;39;40365074
32455224;32455186;53;40391508
32455226;32455097;131;41569938
32455226;32455258;45;41819178
32455227;32455064;76;40534920
32455227;32455197;39;40029407
32455227;32455301;43;40029410
32455229;32455221;6;40440027
32455230;32455001;135;41857774
32455230;32455247;10;41857777
32455230;32455297;35;41857749
32455233;32455050;89;40225811
32455233;32455199;143;40393074
32455233;32455310;79;40393075
32455233;32455996;338;40225812
32455234;32454953;250;40483522
32455234;32454953;136;40483523
32455235;32455167;47;40626800
32455236;32455402;135;40632088
32455238;32454981;111;40029429
32455238;32455263;9;40029432
32455238;32455285;59;40527538
32455240;32455101;83;41883037
32455240;32455284;61;40029562
32455240;32455361;69;41883038
32455242;32454934;127;40186504
32455242;32455051;120;39884767
32455246;32455082;92;41447638
32455246;32455315;51;41447616
32455246;32455479;134;41447639
32455247;32454996;124;40556701
32455247;32455230;10;41857776
32455247;32455318;29;40556702
32455248;32455130;59;41336180
32455248;32455168;87;41453766
32455248;32455353;112;41453767
32455248;32455369;58;40208034
32455250;32455342;50;40391506
32455254;32455544;152;40843596
32455255;32455393;90;41857756
32455256;32454688;231;40412582
32455256;32455174;204;40587825
32455256;32455647;176;40225850
32455258;32455226;45;41819179
32455258;32455261;7;41819180
32455259;32455281;20;40472426
32455260;32455188;29;40029386
32455260;32455210;28;40472435
32455261;32455258;7;41819181
32455261;32455273;32;41902047
32455262;32455134;62;39886614
32455262;32455276;12;40365075
32455263;32455175;61;40029443
32455263;32455238;9;40029431
32455263;32455533;125;40029434
32455264;32455298;14;41857746
32455265;32455276;4;40441497
32455266;32455307;18;41337191
32455267;32456284;487;40410822
32455269;32455044;102;41301020
32455269;32455525;120;40029097
32455270;32455186;40;41881129
32455270;32455342;38;41881132
32455270;32455653;211;40391509
32455273;32455261;32;41902048
32455273;32455339;28;40904027
32455273;32455424;303;40818098
32455274;32455211;34;41946601
32455274;32455215;30;41331242
32455274;32455437;96;41331243
32455276;32455262;12;40365076
32455276;32455265;4;40441496
32455276;32455309;37;40365077
32455277;32455303;14;41857739
32455278;32455304;22;41343536
32455279;32455600;217;40889636
32455280;32455209;28;40630641
32455280;32455326;68;40630639
32455280;32455373;48;40630644
32455281;32455259;20;40472425
32455281;32455260;7;40029387
32455284;32455240;61;40029563
32455284;32455298;33;40029564
32455285;32455238;59;40527539
32455285;32455354;105;40527540
32455285;32455385;109;40527536
32455287;32455427;64;40865149
32455289;32455273;26;41902046
32455289;32455339;38;41604058
32455292;32455331;18;41857734
32455296;32455281;7;40029388
32455296;32455333;57;40469551
32455297;32455230;35;41857750
32455298;32455264;14;41857745
32455298;32455284;33;40029565
32455298;32455303;21;40029566
32455300;32454850;204;40577571
32455301;32455105;98;40534918
32455301;32455227;43;40029409
32455301;32455305;6;40029412
32455303;32455277;14;41857740
32455303;32455298;21;40029567
32455303;32455331;59;40029568
32455304;32455278;22;41343537
32455304;32455485;97;40400499
32455305;32455301;6;40029411
32455305;32455355;36;40029414
32455305;32455423;65;40534938
32455307;32455428;56;39856687
32455308;32455219;47;40626824
32455309;32455276;37;40365078
32455310;32455120;90;40225814
32455310;32455233;79;40393076
32455310;32455447;114;40393077
32455310;32455474;75;40225817
32455311;32455135;80;41568826
32455311;32455497;86;40453708
32455315;32455123;95;41447608
32455315;32455246;51;41447615
32455315;32455340;26;41447618
32455315;32455364;29;41447609
32455316;32454896;177;40577585
32455317;32455242;29;40186505
32455318;32455247;29;40556703
32455318;32455348;14;41857735
32455319;32455372;39;40556711
32455321;32455219;65;40626768
32455323;32455289;149;40910046
32455323;32455414;53;40906879
32455325;32455491;72;40410888
32455326;32455280;68;40630640
32455331;32455292;18;41857733
32455331;32455303;59;40029569
32455331;32455348;37;40029570
32455333;32455296;57;40469552
32455334;32455409;73;40527533
32455337;32455401;58;40632093
32455339;32455261;44;41902051
32455339;32455273;28;40904026
32455339;32455537;88;41902050
32455340;32455315;26;41447617
32455342;32455250;50;40391505
32455342;32455270;38;41881131
32455342;32455545;110;41881134
32455345;32455353;6;40440028
32455348;32455318;14;41857736
32455348;32455331;37;40029571
32455348;32455365;45;40029572
32455349;32455187;74;41313915
32455349;32455352;42;40632109
32455349;32455401;64;40063337
32455349;32455421;51;40586663
32455351;32455562;100;40527527
32455352;32455349;42;40632108
32455352;32455362;10;41931800
32455352;32455421;27;40848489
32455353;32455248;112;41453768
32455353;32455345;6;40440029
32455353;32455381;30;41453769
32455354;32455285;105;40527541
32455355;32455305;36;40029413
32455355;32455449;87;40029416
32455355;32455490;68;40534914
32455357;32455199;70;40225804
32455357;32455405;70;40393084
32455357;32455596;109;40225807
32455360;32455536;82;40904012
32455361;32455240;69;41883039
32455361;32455500;75;40569181
32455362;32455352;10;41931799
32455362;32455378;23;40848488
32455363;32454964;180;41569922
32455363;32455156;217;40295188
32455363;32455431;66;41569914
32455363;32455791;189;39942694
32455364;32455315;29;41447610
32455365;32455178;98;41857763
32455365;32455348;45;40029573
32455365;32455375;21;40029574
32455367;32455432;76;40440031
32455369;32455392;10;40208035
32455369;32455508;142;40365071
32455372;32455319;39;40556712
32455372;32455403;77;40556706
32455372;32455484;49;40556709
32455373;32455280;48;40630643
32455373;32455465;100;40630635
32455373;32455566;90;40630646
32455375;32455365;21;40029575
32455375;32455393;32;40029576
32455375;32455415;13;41857747
32455378;32453579;889;40632118
32455378;32455362;23;40848487
32455378;32455402;69;40295128
32455381;32455262;59;39886615
32455381;32455353;30;41453770
32455381;32455483;94;41453771
32455385;32455285;109;40527537
32455388;32455392;6;40443800
32455390;32455171;108;40238304
32455390;32455441;35;41447646
32455390;32455471;35;40238305
32455392;32455388;6;40443799
32455392;32455432;15;40208036
32455393;32455255;90;41857755
32455393;32455375;32;40029577
32455393;32455395;7;40029578
32455395;32455393;7;40029579
32455395;32455410;22;40029580
32455395;32455435;14;41857751
32455397;32455485;131;41324081
32455400;32455415;16;41857765
32455401;32455337;58;40632092
32455401;32455349;64;40063338
32455401;32455454;49;40063339
32455402;32455236;135;40632089
32455402;32455378;69;40295127
32455403;32455372;77;40556707
32455404;32455185;106;41447611
32455404;32455476;263;41447588
32455404;32455513;155;41447589
32455405;32455357;70;40393083
32455409;32455334;73;40527532
32455409;32455417;5;40527535
32455409;32455469;24;40527542
32455410;32455395;22;40029581
32455410;32455422;24;40029582
32455410;32455578;79;40029555
32455413;32454248;1395;41219537
32455413;32455500;64;40401917
32455414;32455323;53;40906878
32455415;32455375;13;41857748
32455415;32455400;16;41857766
32455415;32455435;36;41857767
32455417;32455409;5;40527534
32455417;32455438;24;40029402
32455418;32455317;45;41819164
32455419;32455097;150;40906687
32455419;32455430;14;40029670
32455419;32455571;75;40906688
32455421;32455349;51;40586664
32455421;32455352;27;40848490
32455421;32455446;35;40586667
32455421;32455457;20;40632102
32455422;32455410;24;40029583
32455422;32455444;35;41857717
32455423;32455305;65;40534939
32455424;32455481;42;41598726
32455427;32455287;64;40865148
32455427;32455429;9;40410831
32455427;32456244;392;40410830
32455428;32455666;109;41819163
32455429;32455427;9;40410832
32455429;32455456;34;40410837
32455430;32455139;136;40906691
32455430;32455419;14;40029671
32455430;32455472;65;40029672
32455430;32455546;56;40906692
32455431;32455363;66;41569915
32455431;32455439;8;41569916
32455432;32455367;76;40440030
32455432;32455461;11;40208037
32455435;32455395;14;41857752
32455435;32455415;36;41857768
32455435;32455572;75;41857769
32455436;32455469;42;40527529
32455437;32455202;131;40029591
32455437;32455274;96;41331244
32455437;32455487;32;41339901
32455438;32455417;24;40029403
32455438;32455489;24;40454534
32455438;32455505;87;40029404
32455439;32455296;65;40029389
32455439;32455431;8;41569917
32455439;32455497;97;41569918
32455440;32455482;91;40806389
32455441;32455390;35;41447645
32455441;32455479;42;41447648
32455441;32455543;54;41447619
32455442;32455460;58;40843597
32455442;32455460;35;40063384
32455442;32455522;124;40063385
32455443;32455323;119;40910047
32455443;32455424;11;41598730
32455444;32455422;35;41857718
32455444;32455467;42;41857719
32455444;32455467;67;41857773
32455446;32455421;35;40586668
32455446;32455453;7;41043364
32455446;32455570;61;41043395
32455447;32455174;112;40225823
32455447;32455310;114;40393078
32455447;32455760;135;40225824
32455449;32455079;166;40029449
32455449;32455355;87;40029415
32455449;32455492;61;40029418
32455449;32455767;142;40029452
32455450;32455559;61;40865132
32455452;32455472;10;40665831
32455453;32455446;7;41043365
32455453;32455642;223;40063397
32455454;32455209;309;40630650
32455454;32455401;49;40063340
32455454;32455566;183;40063341
32455456;32455429;34;40410838
32455456;32455463;14;40410833
32455457;32455421;20;40632103
32455457;32455494;56;40632104
32455457;32455557;57;40632126
32455460;32455442;35;40063383
32455460;32455442;58;40843598
32455460;32455464;12;40063388
32455461;32455466;6;40440033
32455461;32455496;21;40208038
32455463;32455456;14;40410834
32455463;32455559;164;40410835
32455463;32455976;422;40865138
32455464;32455460;12;40063387
32455464;32455502;21;41869117
32455464;32455544;77;40063390
32455465;32455373;100;40630636
32455466;32455461;6;40440032
32455467;32455444;42;41857720
32455467;32455477;21;41857721
32455467;32455486;29;41857771
32455469;32455409;24;40527543
32455469;32455436;42;40527528
32455469;32455489;27;40527531
32455470;32455630;106;40534917
32455471;32455390;35;40238306
32455472;32455430;65;40029673
32455472;32455452;10;40665830
32455472;32455511;59;40029674
32455474;32455310;75;40225816
32455474;32455520;55;40393082
32455474;32455742;116;40225819
32455476;32455404;263;41447587
32455476;32455649;113;41447592
32455476;32455696;110;41447621
32455477;32455467;21;41857722
32455477;32455484;15;41857723
32455477;32455560;45;40406731
32455478;32455776;130;40630608
32455479;32455246;134;41447640
32455479;32455441;42;41447647
32455479;32455714;146;41447650
32455481;32455501;20;41598728
32455481;32455994;259;40595448
32455482;32455440;91;40806388
32455482;32455443;18;41598727
32455483;32455381;94;41453772
32455483;32455503;27;41301021
32455483;32455577;55;39886636
32455484;32455372;49;40556708
32455484;32455477;15;41857724
32455484;32455495;27;41857725
32455485;32455304;97;40400500
32455485;32455397;131;41324080
32455485;32455605;340;40578757
32455486;32455467;29;41857772
32455487;32455437;32;41339902
32455487;32455548;35;40534922
32455487;32455597;80;41339903
32455489;32455438;24;40454533
32455489;32455469;27;40527530
32455489;32455636;69;40454536
32455490;32455355;68;40534915
32455491;32454810;374;41215877
32455491;32455325;72;40410887
32455491;32455690;86;41215878
32455492;32455175;138;40029445
32455492;32455449;61;40029417
32455492;32455533;61;40029420
32455492;32455833;153;40029448
32455493;32455503;6;40441502
32455494;32455457;56;40632105
32455495;32455484;27;41857726
32455495;32455510;35;41857727
32455496;32455603;55;40208039
32455497;32455311;86;40453707
32455497;32455439;97;41569919
32455497;32455564;36;40453703
32455497;32455587;107;41961946
32455500;32455361;75;40569182
32455500;32455413;64;40401916
32455500;32455617;70;40567958
32455501;32455482;22;41598729
32455501;32455740;98;40818101
32455502;32455464;21;41869118
32455502;32455717;93;41869119
32455502;32455738;141;40843599
32455503;32455483;27;41301022
32455503;32455493;6;40441503
32455503;32455525;23;41301023
32455504;32455200;138;40298698
32455504;32455795;128;40298699
32455505;32455438;87;40029405
32455507;32455634;56;41857758
32455508;32455381;57;39886616
32455510;32455495;35;41857728
32455510;32455542;79;41857729
32455510;32455560;122;40556699
32455511;32455472;59;40029675
32455511;32455519;7;40029676
32455511;32455527;7;40665825
32455513;32455404;155;41447590
32455514;32455648;63;41857779
32455517;32455549;43;41857762
32455519;32455511;7;40029677
32455520;32455474;55;40393081
32455522;32455442;124;40063386
32455522;32455582;43;40843589
32455522;32455600;62;40063391
32455525;32455269;120;40029096
32455525;32455503;23;41301024
32455525;32455571;57;41301018
32455527;32455511;7;40665826
32455530;32455615;114;41857706
32455533;32455263;125;40029433
32455533;32455492;61;40029419
32455533;32455562;51;40029422
32455533;32455941;180;40029436
32455534;32455572;97;40556719
32455535;32456144;273;40567852
32455536;32455360;82;40904013
32455536;32455537;25;40904610
32455537;32455339;88;41902049
32455537;32455593;29;40904607
32455539;32455549;38;40295148
32455540;32455508;15;39886617
32455542;32455510;79;41857730
32455542;32455548;28;41857731
32455542;32455726;81;40029584
32455543;32455441;54;41447620
32455544;32455254;152;40843595
32455544;32455464;77;40063389
32455544;32455558;14;40063394
32455545;32455080;210;40225847
32455545;32455342;110;41881133
32455545;32455650;64;41881136
32455546;32455430;56;40906693
32455548;32455487;35;40534923
32455548;32455542;28;41857732
32455548;32455672;74;40295122
32455549;32455517;43;41857761
32455549;32455539;38;40295147
32455549;32455588;20;40295150
32455552;32455849;188;40371502
32455554;32456105;356;40865137
32455557;32455457;57;40632127
32455558;32455544;14;40063393
32455558;32455664;202;41290541
32455559;32455450;61;40865133
32455559;32455463;164;40410836
32455559;32455850;123;40865134
32455560;32455477;45;40406730
32455560;32455657;34;40406733
32455562;32455351;100;40527526
32455562;32455533;51;40029421
32455562;32455565;5;40029424
32455564;32455497;36;40453704
32455564;32455723;75;39865600
32455564;32455868;130;40666784
32455565;32455562;5;40029423
32455565;32455638;78;40029426
32455565;32455902;144;40338181
32455566;32455373;90;40630645
32455566;32455454;183;40063342
32455566;32455640;75;40063343
32455570;32455446;61;41043394
32455570;32455786;122;41043397
32455570;32455898;242;40630647
32455571;32455419;75;40906689
32455571;32455525;57;41301019
32455571;32455641;55;40924832
32455571;32455701;54;40146086
32455572;32455435;75;41857770
32455572;32455534;97;40556718
32455572;32455578;16;40556721
32455577;32455483;55;39886635
32455577;32455612;28;40443795
32455577;32455613;15;39886638
32455578;32455410;79;40029554
32455578;32455572;16;40556720
32455578;32455667;32;40029557
32455579;32455594;5;40441501
32455580;32455540;59;41793146
32455582;32455522;43;40843590
32455585;32455690;177;40410882
32455587;32455497;107;41961947
32455587;32455603;12;41961948
32455588;32455549;20;40295149
32455588;32455608;8;40295136
32455591;32455608;36;41857754
32455593;32455536;35;40904609
32455593;32455537;29;40904606
32455593;32455616;9;41287843
32455594;32455579;5;40441500
32455594;32455580;11;40377592
32455594;32455604;5;40441498
32455594;32455613;18;40365080
32455596;32455357;109;40225806
32455596;32455627;47;40393086
32455596;32455816;86;40225809
32455597;32455487;80;41339904
32455597;32455630;19;41339905
32455597;32455672;34;40295117
32455600;32455279;217;40889635
32455600;32455522;62;40063392
32455600;32455646;17;40063395
32455603;32455587;12;41961949
32455603;32455626;18;41961950
32455604;32455594;5;40441499
32455605;32455485;340;40578756
32455605;32455646;187;40578759
32455605;32456055;213;40610960
32455607;32455641;9;40665829
32455608;32455588;8;40295135
32455608;32455591;36;41857753
32455608;32455620;4;40295138
32455612;32455577;28;40443796
32455613;32455577;15;39886637
32455613;32455594;18;40365079
32455613;32455847;106;39886640
32455615;32455530;114;41857705
32455615;32455617;50;41857704
32455615;32456248;398;41857701
32455616;32455593;9;41287842
32455616;32455743;45;40904608
32455617;32455500;70;40567959
32455617;32455615;50;41857703
32455617;32455687;32;40567960
32455618;32455620;38;41857760
32455620;32455608;4;40295137
32455620;32455618;38;41857759
32455620;32455625;2;40295140
32455622;32455196;240;41840736
32455622;32455642;5;41934944
32455625;32455620;2;40295139
32455625;32455634;6;40295142
32455625;32455688;24;41857743
32455626;32455603;18;41961951
32455626;32455754;127;40453689
32455626;32455775;63;39865601
32455627;32455596;47;40393085
32455629;32455744;77;40664085
32455630;32455470;106;40534916
32455630;32455597;19;41339906
32455630;32455840;176;41339907
32455632;32455496;143;40365072
32455632;32455540;43;39886618
32455634;32455507;56;41857757
32455634;32455625;6;40295141
32455634;32455648;10;40295144
32455636;32455489;69;40454535
32455636;32455695;69;40295191
32455636;32455739;42;40454538
32455638;32455565;78;40029425
32455638;32455739;120;40029428
32455638;32455961;148;40029406
32455640;32455566;75;40063344
32455640;32455776;159;40063345
32455640;32456015;176;40630603
32455641;32455571;55;40924833
32455641;32455607;9;40665828
32455641;32455662;22;40924834
32455642;32455622;5;41934943
32455642;32455682;69;40063399
32455646;32455600;17;40063396
32455646;32455605;187;40578758
32455646;32455707;28;40586655
32455647;32455256;176;40225851
32455647;32456340;328;40984897
32455648;32455514;63;41857778
32455648;32455634;10;40295143
32455648;32455657;15;40295146
32455649;32455476;113;41447591
32455649;32455835;93;41447594
32455649;32455979;170;41447602
32455650;32455208;193;40338149
32455650;32455545;64;41881135
32455650;32455750;67;41881138
32455650;32455855;105;40225849
32455653;32455270;211;40391510
32455657;32455560;34;40406732
32455657;32455648;15;40295145
32455659;32455418;109;41064917
32455660;32455681;9;40665835
32455662;32455641;22;40924835
32455662;32455681;16;41569929
32455662;32455943;128;40909221
32455664;32455453;225;41290540
32455664;32455792;66;41290544
32455666;32455720;89;41064919
32455666;32455841;76;41064923
32455667;32455578;32;40029556
32455667;32455805;52;40029559
32455667;32455895;115;40556697
32455671;32455657;38;40406728
32455671;32455734;24;41857737
32455672;32455597;34;40295116
32455672;32455827;79;40295119
32455674;32455744;60;40664092
32455676;32455697;10;40665833
32455681;32455660;9;40665834
32455681;32455662;16;41569930
32455681;32455693;14;41569931
32455682;32455558;126;40063398
32455687;32455617;32;40567961
32455687;32455938;139;40307573
32455688;32455625;24;41857744
32455690;32455491;86;41215879
32455690;32455585;177;40410881
32455690;32455736;87;40410884
32455690;32455939;107;41215880
32455693;32455681;14;41569932
32455693;32455697;4;41569933
32455693;32455837;63;40029100
32455695;32455636;69;40295192
32455695;32455700;6;40295193
32455695;32455989;135;40450058
32455696;32455476;110;41447622
32455696;32455824;223;41447626
32455696;32455865;84;41447623
32455697;32455676;10;40665832
32455697;32455693;4;41569934
32455697;32455733;28;41569935
32455700;32455695;6;40295194
32455701;32455571;54;40146087
32455701;32455779;68;40664089
32455702;32455198;324;40577573
32455706;32455993;122;41239122
32455707;32455646;28;40586656
32455707;32455729;41;40843593
32455707;32455843;58;40586657
32455710;32455819;85;41447627
32455714;32455479;146;41447649
32455715;32455129;255;40225859
32455715;32455870;311;40225867
32455715;32456607;432;40587865
32455717;32455502;93;41869120
32455717;32455830;56;41869115
32455717;32455842;97;41869121
32455720;32455616;44;41064918
32455721;32455881;73;41400473
32455723;32455587;79;40377593
32455723;32455845;88;40208033
32455726;32455671;98;40406729
32455726;32455801;31;40556266
32455729;32455707;41;40843594
32455730;32455789;28;40448720
32455731;32456189;242;40295113
32455733;32455659;40;40029678
32455733;32455697;28;41569936
32455734;32455671;24;41857738
32455736;32455690;87;40410883
32455738;32455502;141;40843600
32455739;32455636;42;40454537
32455739;32455638;120;40029427
32455740;32455501;98;40818102
32455742;32455474;116;40225818
32455742;32455802;77;40393080
32455742;32456030;148;40225821
32455743;32455720;25;40904611
32455743;32455841;131;41569928
32455744;32455629;77;40664084
32455744;32455674;60;40664091
32455744;32455779;17;40664087
32455750;32455650;67;41881137
32455750;32455816;47;41881140
32455750;32456154;186;40225803
32455754;32455626;127;40453690
32455754;32455632;50;39886619
32455754;32455847;81;40453691
32455757;32455827;54;40556265
32455760;32455447;135;40225825
32455760;32455813;52;41137154
32455760;32456196;200;40225826
32455761;32455155;263;40410893
32455761;32456227;226;40410892
32455763;32455659;43;41064920
32455763;32455733;21;41064916
32455766;32455966;91;41564894
32455767;32455449;142;40029451
32455771;32455162;311;41447641
32455775;32455626;63;39865602
32455775;32455876;54;39865603
32455776;32455478;130;40630607
32455776;32455640;159;40063346
32455776;32455881;149;40063347
32455779;32455701;68;40664090
32455779;32455744;17;40664086
32455786;32455570;122;41043396
32455786;32456098;271;41043399
32455786;32456435;345;40632110
32455789;32455890;120;40450063
32455789;32455890;50;40448721
32455791;32455363;189;39942693
32455791;32455730;76;40029394
32455791;32455826;13;39942696
32455792;32455664;66;41290545
32455792;32456650;437;41290546
32455792;32456684;469;41290551
32455795;32455504;128;40298700
32455795;32455850;45;40194065
32455795;32456060;131;41286415
32455796;32455970;455;40567831
32455796;32455970;262;40445520
32455796;32456180;409;40445519
32455797;32455934;66;40818099
32455801;32455726;31;40556267
32455801;32455810;16;41857741
32455801;32455812;9;40556268
32455802;32455742;77;40393079
32455805;32455667;52;40029558
32455805;32455888;124;40295151
32455805;32455895;45;40029561
32455810;32455801;16;41857742
32455811;32456271;250;40410795
32455812;32455801;9;40556269
32455813;32455760;52;41137153
32455816;32455596;86;40225808
32455816;32455750;47;41881139
32455816;32455973;123;41881142
32455817;32455883;35;40461460
32455819;32455710;85;41447628
32455819;32455820;48;41447629
32455819;32455905;49;41447632
32455820;32455018;377;40391522
32455820;32455819;48;41447630
32455823;32456392;284;40225853
32455824;32455696;223;41447625
32455826;32455791;13;39942695
32455826;32455869;66;40029378
32455826;32456011;93;39942698
32455827;32455672;79;40295118
32455827;32455757;54;40556264
32455827;32456041;134;40295121
32455830;32455717;56;41869116
32455833;32455492;153;40029447
32455835;32455649;93;41447593
32455836;32455971;60;41137607
32455837;32455852;32;40445528
32455837;32455969;59;40029101
32455840;32455630;176;41339908
32455840;32455941;86;41339909
32455840;32455977;66;42025655
32455841;32456035;93;41064924
32455842;32455717;97;41869122
32455843;32455707;58;40586658
32455843;32455878;74;40303172
32455843;32456023;82;40586659
32455845;32455932;40;41521693
32455847;32455613;106;39886639
32455847;32455754;81;40453692
32455847;32455960;64;39857233
32455847;32456089;217;40453693
32455849;32455552;188;40371503
32455849;32455873;131;40411115
32455849;32456092;114;40371504
32455850;32455559;123;40865135
32455850;32455976;69;40194066
32455852;32455837;32;40445529
32455852;32455854;5;40445530
32455854;32455852;5;40445531
32455855;32455650;105;40225848
32455856;32455775;80;39942709
32455856;32456034;94;40666783
32455857;32456292;349;40610955
32455859;32455870;38;40393064
32455859;32456172;230;40587871
32455860;32455701;73;41311995
32455860;32455926;68;40665827
32455863;32455657;97;40406718
32455863;32455879;58;40556263
32455864;32455896;84;40629159
32455864;32455964;76;40629729
32455864;32455991;61;40629170
32455865;32455696;84;41447624
32455868;32455564;130;40666785
32455868;32455981;53;41745676
32455869;32455431;200;40029381
32455869;32455937;62;40029379
32455870;32455715;311;40225866
32455870;32455859;38;40393063
32455870;32456038;80;40225863
32455871;32455901;14;40461457
32455872;32455902;35;40448724
32455873;32455849;131;40411116
32455876;32455723;75;40208032
32455876;32455775;54;39865604
32455876;32455923;23;39942713
32455877;32455860;8;41311996
32455877;32455913;103;40146089
32455878;32455843;74;40303173
32455878;32456050;97;40303174
32455879;32455863;58;40556262
32455880;32455939;111;40410886
32455881;32455721;73;41400472
32455881;32455776;149;40063348
32455881;32455891;15;40063349
32455883;32455817;35;40461459
32455883;32455901;20;40461462
32455883;32455942;25;40461465
32455885;32455923;48;40432853
32455888;32455805;124;40295152
32455890;32455947;27;40448722
32455891;32455881;15;40063350
32455891;32456103;294;40063351
32455891;32456608;359;40630605
32455895;32455667;115;40556698
32455895;32455805;45;40029560
32455895;32455967;205;40029553
32455896;32455864;84;40629160
32455897;32455962;37;41447605
32455898;32455570;242;40630648
32455901;32455871;14;40461458
32455901;32455883;20;40461461
32455901;32455922;24;40461464
32455902;32455565;144;40338182
32455902;32455872;35;40448723
32455902;32455961;76;40448726
32455905;32455819;49;41447631
32455905;32455962;55;41447657
32455905;32455963;34;41447634
32455905;32455963;187;41447656
32455907;32455978;91;41239118
32455910;32455878;153;40303175
32455910;32456050;194;40687648
32455910;32456097;271;40063401
32455911;32455912;105;40400512
32455912;32455911;105;40400511
32455912;32455982;34;40400514
32455912;32455990;61;40400507
32455913;32455877;103;40146088
32455920;32456125;103;40410896
32455921;32455953;33;40578761
32455922;32455739;87;40029399
32455922;32455901;24;40461463
32455923;32455876;23;39942714
32455923;32455885;48;40432852
32455923;32456003;42;39942715
32455925;32456152;112;41239133
32455926;32455943;10;40664088
32455932;32456003;89;40377614
32455934;32455797;66;40818100
32455934;32456036;152;40818103
32455934;32456153;108;40960487
32455936;32455922;6;40029400
32455936;32455989;68;40450062
32455937;32455868;92;40447820
32455937;32455981;48;40029380
32455938;32455687;139;40307574
32455938;32455949;10;41857699
32455939;32455690;107;41215881
32455939;32455880;111;40410885
32455939;32456118;88;41215882
32455941;32455533;180;40029435
32455941;32455840;86;41339910
32455941;32456175;216;41317960
32455942;32455883;25;40461466
32455943;32455662;128;40909222
32455943;32455877;78;40909798
32455944;32456008;310;40407026
32455944;32456361;201;40407036
32455947;32456011;78;40295176
32455947;32456131;90;40029395
32455949;32455938;10;41857700
32455949;32455953;3;40307575
32455953;32455921;33;40578760
32455953;32455949;3;40307576
32455953;32456054;64;40307577
32455956;32455966;27;41564897
32455960;32455847;64;39857232
32455960;32455856;118;39942710
32455960;32456062;56;39857235
32455961;32455902;76;40448725
32455961;32456039;92;40448728
32455962;32455897;37;41447606
32455962;32455905;55;41447658
32455962;32456021;33;41447659
32455963;32455905;34;41447633
32455963;32455905;187;41447655
32455963;32456214;135;41447636
32455964;32455864;76;40629730
32455964;32455991;28;40630599
32455964;32456066;51;40629731
32455966;32455766;91;41564895
32455966;32455956;27;41564896
32455966;32455994;89;41564899
32455967;32455863;65;40406719
32455967;32456024;42;40406721
32455969;32455943;56;40365070
32455969;32455988;28;41389253
32455969;32456049;39;40146084
32455970;32455796;455;40567830
32455970;32455796;262;40445521
32455970;32456144;95;40445522
32455971;32455836;60;41137608
32455971;32456036;58;41137605
32455973;32455816;123;41881141
32455973;32455996;18;40587868
32455973;32456884;489;40225798
32455976;32455463;422;40865139
32455976;32456101;60;40194067
32455977;32455840;66;42025656
32455978;32455907;91;41239117
32455979;32455649;170;41447601
32455980;32456255;194;40610945
32455981;32455868;53;41745677
32455981;32456177;99;40453687
32455982;32455912;34;40400513
32455982;32456001;8;40400516
32455982;32456028;67;40400509
32455986;32456001;48;40400505
32455988;32455969;28;41389254
32455989;32455695;135;40450057
32455989;32455936;68;40450061
32455989;32456022;20;40450060
32455990;32455912;61;40400508
32455991;32455864;61;40629169
32455991;32455964;28;40630600
32455991;32456086;51;40629172
32455993;32455706;122;41239121
32455993;32456152;238;41239131
32455993;32456385;322;41239124
32455994;32455481;259;40595449
32455994;32455966;89;41564898
32455994;32456360;181;40595450
32455996;32455233;338;40225813
32455996;32455973;18;40587867
32455996;32456030;44;39820706
32455997;32456008;112;41733185
32455998;32456093;150;40411099
32455999;32456228;114;40628992
32456001;32455982;8;40400515
32456001;32455986;48;40400506
32456001;32456028;17;40400518
32456003;32455923;42;39942716
32456003;32456094;80;40029110
32456003;32456200;93;40369733
32456005;32456096;82;40394045
32456005;32456463;285;40400477
32456008;32455944;310;40407025
32456008;32455997;112;41733186
32456008;32456222;401;40407028
32456010;32456244;115;40410840
32456011;32455826;93;39942697
32456011;32455947;78;40295175
32456011;32456053;54;41506539
32456011;32456133;61;39942700
32456013;32455763;116;41064921
32456015;32455640;176;40630604
32456015;32456098;104;41043400
32456015;32456443;220;40630637
32456017;32456125;75;40410874
32456021;32455962;33;41447660
32456022;32455989;20;40450059
32456023;32455843;82;40586660
32456023;32456099;37;40586661
32456023;32456119;89;40610956
32456024;32455967;42;40406720
32456024;32456041;16;40406723
32456028;32455982;67;40400510
32456028;32456001;17;40400517
32456028;32456166;71;40400520
32456030;32455742;148;40225820
32456030;32455996;44;39820705
32456030;32456196;149;39820708
32456034;32455856;94;40666782
32456034;32456094;29;40029107
32456035;32456013;14;41064922
32456035;32456108;33;40662216
32456035;32456121;81;40960490
32456036;32455934;152;40818104
32456036;32455971;58;41137606
32456038;32455870;80;40225862
32456038;32456234;148;41137565
32456038;32456903;407;40225865
32456039;32455961;92;40448727
32456039;32456056;23;40448730
32456039;32456175;66;40029397
32456041;32455827;134;40295120
32456041;32456024;16;40406722
32456041;32456061;13;40406725
32456041;32456218;107;40295114
32456042;32456351;230;40610998
32456043;32456205;112;41676450
32456044;32456479;224;40225854
32456049;32455969;39;40146085
32456050;32455910;194;40687649
32456050;32456063;11;40687650
32456050;32456132;116;40303181
32456053;32455869;97;40029382
32456053;32456011;54;41506540
32456053;32456177;110;41506541
32456054;32455953;64;40307578
32456054;32456220;99;40567942
32456055;32455605;213;40610961
32456055;32456119;36;40610962
32456055;32456233;129;40611018
32456056;32455936;62;40029401
32456056;32456039;23;40448729
32456056;32456131;95;40448732
32456060;32455795;131;41286416
32456060;32456101;18;40687635
32456061;32456041;13;40406724
32456061;32456189;99;40406727
32456061;32456236;107;40556717
32456062;32455960;56;39857234
32456062;32456164;54;39857237
32456062;32456170;82;40298639
32456063;32456050;11;40687651
32456063;32456124;51;40307583
32456064;32456183;57;40295154
32456065;32456220;213;40397038
32456066;32455964;51;40629732
32456066;32456086;27;40630601
32456066;32456187;63;40629733
32456067;32455960;84;39942711
32456067;32456170;55;40029103
32456070;32456233;97;40610981
32456080;32456509;213;40397070
32456081;32456121;20;41128055
32456083;32456084;174;40523168
32456083;32456093;491;39821030
32456083;32456242;76;41352100
32456084;32456083;174;40523169
32456084;32456092;93;40371506
32456085;32456013;36;41687638
32456086;32455991;51;40629171
32456086;32456066;27;40630602
32456086;32456187;64;40629174
32456089;32455847;217;40453694
32456089;32456129;48;40453695
32456089;32456246;81;40423696
32456092;32455849;114;40371505
32456092;32456084;93;40371507
32456092;32456118;226;40371488
32456093;32455998;150;40411100
32456093;32456083;491;39821029
32456093;32456105;27;39821032
32456093;32456258;81;40411101
32456094;32456034;29;40029106
32456094;32456223;70;40029109
32456094;32456225;102;40029111
32456096;32456005;82;40394044
32456096;32456127;33;40394047
32456096;32456446;209;40400501
32456097;32455910;271;40063400
32456097;32457136;523;40303188
32456098;32455786;271;41043398
32456098;32456015;104;41043401
32456098;32456217;78;40632116
32456099;32456023;37;40586662
32456099;32456219;92;40303170
32456100;32456318;103;40400523
32456101;32456060;18;40687636
32456101;32456215;53;40687615
32456102;32456268;98;41447600
32456103;32455112;455;40630613
32456103;32455891;294;40063352
32456103;32456147;53;40063353
32456103;32456994;452;41870576
32456105;32455554;356;40865136
32456105;32456093;27;39821031
32456105;32456400;483;39821034
32456108;32456160;24;39886641
32456111;32456183;63;42025658
32456113;32456085;18;41687639
32456113;32456160;23;40662546
32456115;32456155;31;40587786
32456118;32455939;88;41215883
32456118;32456092;226;40371489
32456118;32456179;27;40410877
32456118;32456184;277;40371490
32456119;32456023;89;40610957
32456119;32456055;36;40610963
32456119;32456292;129;40610958
32456121;32456035;81;40960489
32456121;32456081;20;41128056
32456121;32456153;33;40960492
32456124;32456063;51;40307584
32456124;32456440;248;40063402
32456125;32455920;103;40410895
32456125;32456017;75;40410873
32456125;32456184;26;40410898
32456126;32456113;27;40960497
32456126;32456129;11;40445527
32456127;32456096;33;40394046
32456127;32456166;32;40394049
32456127;32456424;181;40400491
32456128;32456155;46;41447614
32456129;32456089;48;40453696
32456129;32456126;11;40445526
32456130;32456163;55;40849919
32456131;32456056;95;40448731
32456131;32456201;78;40029396
32456132;32455910;158;40303180
32456132;32456195;35;40303177
32456133;32456011;61;39942699
32456133;32456201;29;39942702
32456133;32456226;101;40295173
32456134;32456279;69;40400521
32456136;32456195;31;40843592
32456138;32456176;64;41672462
32456138;32456176;56;41672464
32456138;32456207;69;41672467
32456141;32456390;341;41239136
32456144;32455535;273;40567853
32456144;32455970;95;40445523
32456144;32456180;20;40445524
32456147;32456103;53;40063354
32456147;32456173;33;40063355
32456147;32456276;81;40629053
32456152;32455925;112;41239134
32456152;32455993;238;41239132
32456152;32456385;117;41239137
32456153;32455934;108;40960488
32456153;32456121;33;40960491
32456153;32456324;91;40132994
32456153;32456505;268;40960494
32456154;32455750;186;40225802
32456155;32456115;31;40587785
32456155;32456128;46;41447613
32456155;32456214;51;40587788
32456157;32456242;120;40411089
32456159;32456280;63;41881091
32456160;32456085;31;41707787
32456160;32456167;15;41687637
32456160;32456206;21;40960498
32456163;32456130;55;40849920
32456163;32456239;88;40849955
32456163;32456285;105;40849921
32456164;32456062;54;39857236
32456164;32456225;38;39857239
32456165;32456168;103;40849986
32456165;32456209;69;40849948
32456166;32456028;71;40400519
32456166;32456127;32;40394048
32456166;32456279;84;40394051
32456167;32456129;37;41687640
32456168;32456165;103;40849985
32456168;32456210;123;40849988
32456168;32456310;72;40849963
32456170;32456067;55;40029102
32456170;32456275;83;40298641
32456172;32455859;230;40587872
32456172;32456231;288;40587873
32456172;32456548;198;40393052
32456173;32456147;33;40063356
32456173;32456260;137;40063357
32456173;32456276;58;40629056
32456175;32455941;216;41317961
32456175;32456039;66;40029398
32456175;32456193;16;41861894
32456176;32456138;64;41672463
32456176;32456138;56;41672465
32456176;32456207;15;41672468
32456177;32455981;99;40453688
32456177;32456053;110;41506542
32456177;32456267;105;40453697
32456177;32456282;61;40453705
32456178;32456060;58;40194044
32456178;32456395;242;40194045
32456179;32456118;27;40410878
32456179;32456291;142;40410864
32456179;32456371;104;40410879
32456180;32455796;409;40445518
32456180;32456144;20;40445525
32456180;32456249;47;40567860
32456183;32456064;57;40295153
32456183;32456111;63;42025657
32456183;32456330;85;40295156
32456184;32456118;277;40371491
32456184;32456125;26;40410897
32456184;32456227;130;40371492
32456185;32456497;195;40445516
32456187;32456066;63;40629734
32456187;32456086;64;40629173
32456187;32456260;40;40629176
32456189;32455731;242;40295112
32456189;32456061;99;40406726
32456189;32456307;98;40029551
32456193;32456175;16;41861895
32456193;32456247;36;40029459
32456193;32456277;95;41317950
32456195;32456132;35;40303176
32456195;32456136;31;40843591
32456195;32456219;21;40303179
32456196;32455760;200;40225827
32456196;32456030;149;39820707
32456196;32456263;88;39820710
32456199;32456210;8;40849998
32456200;32456003;93;40369734
32456200;32456223;45;40029112
32456200;32456332;70;40369735
32456201;32456133;29;39942701
32456201;32456245;29;39942704
32456203;32456295;63;41874975
32456204;32454346;886;40587891
32456204;32456231;253;41510432
32456204;32456892;352;40587886
32456205;32456024;106;40556710
32456205;32456043;112;41676449
32456205;32456218;12;41676452
32456206;32456160;21;40960499
32456206;32456167;20;40471932
32456206;32456341;72;40662217
32456207;32456138;69;41672466
32456207;32456176;15;41672469
32456209;32456165;69;40849947
32456209;32456258;88;40849950
32456209;32456365;83;40849927
32456210;32456168;123;40849987
32456210;32456199;8;40849997
32456210;32456239;18;40850000
32456214;32455963;135;41447635
32456214;32456155;51;40587787
32456214;32456268;49;40587790
32456215;32456101;53;40687616
32456215;32456178;49;40194043
32456215;32456423;111;40687622
32456217;32456098;78;40632117
32456218;32456041;107;40295115
32456218;32456205;12;41676451
32456218;32456236;16;41676454
32456219;32456099;92;40303171
32456219;32456195;21;40303178
32456219;32456255;64;41337030
32456220;32456054;99;40567943
32456220;32456065;213;40397037
32456220;32456264;34;40567944
32456221;32456224;7;40375626
32456222;32456008;401;40407027
32456223;32456094;70;40029108
32456223;32456339;96;40029113
32456224;32456164;48;40298640
32456224;32456221;7;40375625
32456225;32456164;38;39857238
32456225;32456339;67;39857241
32456226;32456282;56;40295174
32456226;32456342;69;40445605
32456227;32455761;226;40410891
32456227;32456184;130;40371493
32456227;32456344;334;40371494
32456228;32455999;114;40628991
32456228;32456386;85;41287636
32456228;32456718;314;40628990
32456231;32454346;1016;40587890
32456231;32456172;288;40587874
32456231;32456204;253;41510431
32456232;32456366;69;40410859
32456233;32456055;129;40611019
32456233;32456070;97;40610980
32456233;32456292;36;40610983
32456234;32456038;148;41137566
32456235;32456359;260;40849924
32456235;32456625;194;40849977
32456235;32456750;419;40849925
32456236;32456218;16;41676453
32456239;32456163;88;40849956
32456239;32456210;18;40849999
32456239;32456285;23;40850002
32456241;32457287;1037;40407058
32456242;32456083;76;41352099
32456242;32456157;120;40411090
32456242;32456306;87;40411091
32456242;32456376;64;41352102
32456244;32455427;392;40410829
32456244;32456010;115;40410839
32456244;32456363;62;40410842
32456245;32456201;29;39942703
32456245;32456320;37;39942706
32456245;32456342;91;40029383
32456246;32456089;81;40423697
32456246;32456265;16;40423698
32456246;32456281;17;40423239
32456247;32456294;87;40365081
32456247;32456304;164;40029460
32456248;32455615;398;41857702
32456249;32456180;47;40567861
32456255;32455980;194;40610944
32456255;32456219;64;41337031
32456255;32456351;92;40610990
32456255;32456451;143;40610964
32456256;32457332;981;41891056
32456258;32456093;81;40411102
32456258;32456209;88;40849949
32456258;32456336;38;40411103
32456260;32456173;137;40063358
32456260;32456187;40;40629175
32456260;32456386;190;40063359
32456261;32456372;55;40610935
32456263;32456196;88;39820709
32456263;32456280;22;41510458
32456263;32456467;109;39820717
32456264;32456054;144;40400474
32456264;32456220;34;40567945
32456264;32456305;25;40567946
32456265;32456067;143;39942712
32456265;32456246;16;40423699
32456267;32456177;105;40453698
32456267;32456332;69;41301026
32456267;32456491;128;40369737
32456268;32456102;98;41447599
32456268;32456214;49;40587789
32456268;32456913;514;40587792
32456271;32455811;250;40410796
32456271;32456284;95;40410799
32456271;32456344;38;40410797
32456271;32456363;173;40410802
32456273;32456734;418;40063847
32456275;32456298;21;40298643
32456275;32456301;12;40375629
32456276;32456147;81;40629054
32456276;32456173;58;40629055
32456276;32456313;45;40629165
32456277;32456193;95;41317951
32456277;32456327;25;40029453
32456277;32456348;71;41861896
32456279;32456134;69;40400522
32456279;32456166;84;40394050
32456279;32456319;60;40394053
32456279;32456459;109;40400485
32456280;32456159;63;41881092
32456280;32456263;22;41510457
32456280;32456340;69;41510460
32456281;32456246;17;40423240
32456282;32456177;61;40453706
32456282;32456408;72;40453699
32456284;32455267;487;40410821
32456284;32456271;95;40410800
32456285;32456163;105;40849922
32456285;32456239;23;40850001
32456285;32456306;12;40850004
32456291;32456179;142;40410863
32456291;32456366;111;40410866
32456291;32456393;57;40410875
32456292;32455857;349;40610954
32456292;32456119;129;40610959
32456292;32456233;36;40610982
32456294;32456247;87;40365082
32456295;32456189;253;41874976
32456295;32456203;63;41874974
32456295;32456330;38;40406715
32456298;32456224;45;40298642
32456298;32456420;95;40375627
32456298;32456421;81;40029105
32456301;32456275;12;40375630
32456304;32456330;59;40365083
32456304;32456377;37;40029461
32456305;32456264;25;40567947
32456305;32456328;21;40567948
32456305;32456389;134;41244010
32456306;32456242;87;40411092
32456306;32456285;12;40850003
32456306;32456663;373;40411093
32456307;32456236;88;40029552
32456307;32456353;24;41857798
32456310;32456168;72;40849964
32456313;32456276;45;40629166
32456314;32456422;215;40410867
32456316;32456317;119;40400525
32456316;32456317;46;40394056
32456316;32456328;13;40394055
32456317;32456316;119;40400526
32456317;32456316;46;40394057
32456317;32456318;54;40394058
32456318;32456100;103;40400524
32456318;32456317;54;40394059
32456318;32456319;34;40394060
32456319;32456279;60;40394052
32456319;32456318;34;40394061
32456319;32456559;117;41244031
32456320;32456245;37;39942705
32456320;32456277;109;40450064
32456320;32456350;18;39942708
32456320;32456383;52;40450065
32456321;32456337;82;40132984
32456324;32456153;91;40132993
32456324;32456333;36;40132985
32456324;32456338;49;40132988
32456325;32456333;3;40133023
32456326;32456680;226;40610989
32456327;32456277;25;40029454
32456327;32456375;57;40295157
32456327;32456436;63;40029455
32456328;32456305;21;40567949
32456328;32456316;13;40394054
32456328;32456488;83;40397085
32456328;32456559;187;40567950
32456330;32456183;85;40295155
32456330;32456295;38;40406714
32456330;32456304;59;40365084
32456330;32456377;50;40406716
32456332;32456200;70;40369736
32456332;32456267;69;41301027
32456332;32456562;113;41301039
32456333;32456324;36;40132986
32456333;32456325;3;40133024
32456333;32456337;14;40132989
32456336;32456258;38;40411104
32456336;32456359;48;40849989
32456336;32456448;62;40411105
32456337;32456321;82;40132983
32456337;32456333;14;40132990
32456337;32456450;65;40132995
32456338;32456324;49;40132987
32456338;32456341;66;40132992
32456338;32456445;126;41383560
32456339;32456225;67;39857240
32456339;32456410;47;39857243
32456340;32455647;328;40984898
32456340;32456280;69;41510459
32456340;32456392;52;41510462
32456341;32456206;72;40662218
32456341;32456338;66;40132991
32456341;32456364;11;40662219
32456342;32456226;69;40445604
32456342;32456408;59;40029384
32456344;32456227;334;40371495
32456344;32456271;38;40410798
32456344;32456398;178;40371496
32456344;32456449;55;40410813
32456346;32456467;144;41447582
32456348;32456277;71;41861897
32456348;32456367;16;41861892
32456350;32456320;18;39942707
32456350;32456387;23;41331238
32456351;32456042;230;40610999
32456351;32456255;92;40610991
32456351;32456522;112;40610992
32456351;32456596;167;40611020
32456353;32456307;24;41857799
32456359;32456235;260;40849923
32456359;32456336;48;40849990
32456359;32456369;11;40849991
32456360;32455994;181;40595451
32456360;32456402;30;41072197
32456360;32456497;167;40595452
32456361;32455944;201;40407035
32456361;32456395;26;40407038
32456361;32456613;306;40407039
32456362;32456371;237;40410854
32456362;32456374;12;40586565
32456363;32456244;62;40410841
32456363;32456271;173;40410801
32456363;32456398;19;40410844
32456364;32456341;11;40662220
32456365;32456209;83;40849928
32456365;32456448;107;40849958
32456366;32456232;69;40410860
32456366;32456291;111;40410865
32456366;32456406;67;40410870
32456366;32456527;92;40410861
32456367;32456348;16;41861893
32456367;32456350;17;41331237
32456369;32456359;11;40849992
32456369;32456382;41;40849993
32456369;32456444;45;40849966
32456371;32456179;104;40410880
32456371;32456362;237;40410853
32456371;32456405;22;40849930
32456372;32456261;55;40610934
32456372;32456407;83;40610975
32456372;32456457;46;40610937
32456374;32456362;12;40586566
32456374;32456401;59;40586581
32456375;32456327;57;40295158
32456376;32456242;64;41352101
32456376;32456455;45;40410856
32456377;32456304;37;40029462
32456377;32456330;50;40406717
32456377;32456549;241;40447328
32456379;32456560;94;40629163
32456382;32456369;41;40849994
32456382;32456416;77;40849995
32456382;32456625;194;40849954
32456383;32456320;52;40450066
32456385;32455993;322;41239123
32456385;32456152;117;41239138
32456385;32456390;5;41239139
32456386;32456228;85;41287637
32456386;32456260;190;40063360
32456386;32456718;238;40063361
32456387;32456396;16;39942692
32456387;32456411;25;39942689
32456389;32456305;134;41244009
32456389;32456452;76;41244012
32456390;32456141;341;41239135
32456390;32456385;5;41239140
32456390;32456403;6;41141726
32456392;32455823;284;40225852
32456392;32456340;52;41510461
32456392;32456479;82;41510464
32456393;32456291;57;40410876
32456395;32456178;242;40194046
32456395;32456361;26;40407037
32456395;32456471;40;40194047
32456396;32456367;20;39942691
32456396;32456413;14;40450071
32456398;32456344;178;40371497
32456398;32456363;19;40410843
32456398;32456425;112;40371498
32456399;32456786;177;40225860
32456400;32456105;483;39821033
32456400;32456674;246;39821036
32456400;32456677;128;40411109
32456401;32456374;59;40586582
32456401;32456437;20;41248227
32456401;32456470;132;40586583
32456402;32456360;30;41072198
32456402;32456595;96;41072195
32456403;32454692;1013;41239129
32456403;32456390;6;41141727
32456403;32456734;147;41141728
32456404;32456752;162;40410812
32456405;32456371;22;40849929
32456405;32456414;82;40850014
32456405;32456527;276;40850015
32456406;32456366;67;40410869
32456406;32456422;142;40410889
32456406;32456422;31;40410872
32456407;32456372;83;40610974
32456408;32456282;72;40453700
32456408;32456427;16;40453701
32456410;32456332;91;41301025
32456410;32456339;47;39857242
32456411;32456387;25;39942690
32456411;32456521;105;41861879
32456413;32456396;14;40450072
32456414;32456405;82;40850013
32456416;32456382;77;40849996
32456420;32456298;95;40375628
32456421;32456298;81;40029104
32456422;32456314;215;40410868
32456422;32456406;142;40410890
32456422;32456406;31;40410871
32456423;32456215;111;40687623
32456423;32456513;43;40194039
32456424;32456127;181;40400492
32456424;32456446;12;40400493
32456424;32456459;131;40400503
32456425;32456398;112;40371499
32456425;32456426;5;40371500
32456425;32457149;361;40410828
32456426;32456425;5;40371501
32456426;32456438;53;40687628
32456426;32456480;50;40194052
32456427;32456408;16;40453702
32456427;32456491;110;40029115
32456427;32456521;51;41861881
32456433;32456437;9;41248229
32456435;32455786;345;40632111
32456436;32456327;63;40029456
32456436;32456461;19;41424833
32456436;32456549;53;40029457
32456437;32456401;20;41248226
32456437;32456433;9;41248228
32456437;32456442;9;41248231
32456438;32456426;53;40687629
32456438;32456454;47;40687624
32456438;32456480;24;40194053
32456440;32456124;248;40063403
32456440;32456567;92;40307579
32456442;32456437;9;41248230
32456443;32456015;220;40630638
32456444;32456369;45;40849965
32456445;32456338;126;41383559
32456445;32456450;33;41383562
32456445;32456462;7;40132999
32456446;32456096;209;40400502
32456446;32456424;12;40400494
32456446;32456570;67;40400495
32456448;32456336;62;40411106
32456448;32456365;107;40849957
32456448;32456663;97;40411107
32456449;32456344;55;40410814
32456449;32456475;45;40410805
32456449;32456682;106;40410815
32456450;32456337;65;40132996
32456450;32456445;33;41383561
32456450;32456456;43;41383564
32456451;32456255;143;40610965
32456451;32456533;62;40610966
32456451;32456596;89;40610976
32456452;32456389;76;41244011
32456452;32456503;61;41244014
32456452;32456966;225;40397067
32456453;32456680;210;40611009
32456454;32456438;47;40687625
32456454;32456493;172;40687637
32456455;32456376;45;40410855
32456455;32456470;9;40410858
32456455;32456547;239;41248232
32456456;32456450;43;41383563
32456456;32456609;70;40132998
32456457;32456372;46;40610936
32456457;32456498;78;40610952
32456457;32456533;49;40610939
32456459;32456279;109;40400486
32456459;32456424;131;40400504
32456459;32456704;132;40400487
32456461;32456436;19;41424834
32456461;32456466;12;41424835
32456461;32456519;35;41424829
32456462;32456445;7;40133000
32456462;32456476;15;40133001
32456462;32456616;110;40445532
32456463;32456005;285;40400478
32456463;32456631;96;40400479
32456463;32456646;85;40394063
32456465;32456712;146;41141731
32456466;32456461;12;41424836
32456466;32456473;13;41424837
32456466;32456528;35;41424819
32456467;32456263;109;39820718
32456467;32456346;144;41447581
32456467;32456749;131;39820719
32456470;32456401;132;40586584
32456470;32456455;9;40410857
32456471;32456395;40;40194048
32456471;32456511;53;40687634
32456471;32456525;27;40687626
32456473;32456466;13;41424838
32456475;32456449;45;40410806
32456476;32456462;15;40133002
32456476;32456536;42;40909799
32456476;32456572;56;40133003
32456477;32456550;36;40450069
32456478;32456410;54;40373898
32456479;32456044;224;40225855
32456479;32456392;82;41510463
32456479;32456607;89;41510466
32456479;32457124;305;40225856
32456480;32456564;35;40194054
32456484;32456738;249;40410792
32456487;32457019;280;40393043
32456488;32456328;83;40397086
32456488;32456546;24;40397087
32456488;32456721;158;40397083
32456489;32456438;27;40194051
32456489;32456454;48;40687630
32456491;32456495;7;41301038
32456493;32456454;172;40687638
32456493;32456569;154;40194036
32456495;32456562;96;41301028
32456496;32456510;13;40904528
32456497;32456185;195;40445517
32456497;32456360;167;40595453
32456497;32456510;17;40595454
32456498;32456457;78;40610953
32456499;32456496;2;40904529
32456499;32456505;134;40455383
32456501;32456548;93;41137561
32456503;32456452;61;41244013
32456503;32456509;20;41244016
32456505;32456153;268;40960493
32456505;32456499;134;40455382
32456505;32456556;20;40960496
32456506;32456586;35;40450067
32456509;32456080;213;40397069
32456509;32456503;20;41244015
32456509;32456515;27;41244018
32456510;32456497;17;40595455
32456510;32456526;14;40904531
32456511;32456493;113;40687620
32456512;32456906;177;40407033
32456513;32456423;43;40194040
32456513;32456870;157;40194041
32456515;32456509;27;41244017
32456518;32456551;14;41169671
32456518;32456579;52;41169660
32456518;32456597;69;41169657
32456519;32456461;35;41424830
32456519;32456528;12;41424825
32456519;32456565;18;41424831
32456521;32456411;105;41861880
32456521;32456427;51;41861882
32456521;32456579;25;40443880
32456521;32456647;109;40443878
32456522;32456351;112;40610993
32456522;32456662;73;40610994
32456522;32456781;158;40610946
32456523;32456551;16;41424818
32456524;32456757;126;40610985
32456525;32456471;27;40687627
32456525;32456511;42;40687621
32456525;32456569;15;40687632
32456526;32456499;14;40904530
32456526;32457201;403;40904532
32456527;32456366;92;40410862
32456527;32456405;276;40850016
32456528;32456466;35;41424820
32456528;32456519;12;41424826
32456528;32456545;12;41424827
32456531;32456933;178;40383843
32456532;32456575;35;41086958
32456533;32456451;62;40610967
32456533;32456457;49;40610938
32456533;32456555;7;40610968
32456536;32456476;42;40909800
32456545;32456528;12;41424828
32456546;32456488;24;40397088
32456546;32456563;122;40397095
32456546;32456582;16;40397089
32456547;32456455;239;41248233
32456548;32456172;198;40393051
32456548;32456501;93;41137562
32456548;32456603;25;40393054
32456549;32456436;53;40029458
32456549;32456565;18;40029464
32456550;32456477;36;40450070
32456551;32456518;14;41169672
32456551;32456523;16;41424817
32456551;32456589;19;41169673
32456555;32456533;7;40610969
32456555;32456681;79;40610970
32456555;32456716;91;40611004
32456556;32456505;20;40960495
32456556;32456668;54;40193856
32456559;32456319;117;41244030
32456559;32456328;187;40567951
32456559;32456719;67;40397092
32456559;32456820;194;40567952
32456560;32456379;94;40629164
32456561;32456708;64;40407062
32456562;32456332;113;41301040
32456562;32456670;105;41301029
32456562;32456759;94;41301041
32456563;32456546;122;40397096
32456564;32456489;33;40687631
32456564;32456637;31;40194056
32456565;32456519;18;41424832
32456565;32456549;18;40029463
32456565;32456584;26;40029466
32456567;32456440;92;40307580
32456567;32456731;135;40307581
32456569;32456525;15;40687633
32456569;32456715;241;40194037
32456570;32456446;67;40400496
32456570;32456704;115;40400483
32456570;32456717;113;40400497
32456572;32456476;56;40133004
32456572;32456609;27;40133005
32456572;32456742;107;40909804
32456574;32456471;99;40687619
32456574;32456525;87;41352123
32456575;32456532;35;41086959
32456575;32456588;24;40380693
32456576;32456987;183;40383846
32456577;32456589;15;41424822
32456578;32456639;39;40397032
32456579;32456518;52;41169659
32456579;32456521;25;40443881
32456579;32456640;28;40443882
32456582;32456546;16;40397090
32456582;32456730;61;41244019
32456583;32456364;110;40748525
32456584;32456565;26;40029465
32456586;32456506;35;40450068
32456587;32456635;22;41424840
32456588;32456583;50;40748514
32456589;32456551;19;41169674
32456589;32456577;15;41424821
32456589;32456612;11;41169675
32456595;32456402;96;41072196
32456595;32456614;10;41478356
32456596;32456351;167;40611021
32456596;32456451;89;40610977
32456596;32456716;70;40611022
32456596;32456781;107;40610978
32456597;32456518;69;41169658
32456597;32456612;20;41169667
32456597;32456695;44;41169661
32456603;32456548;25;40393053
32456603;32456687;92;40587884
32456603;32456693;38;40393056
32456604;32456779;73;40407045
32456607;32455715;432;40587866
32456607;32456479;89;41510465
32456607;32456786;110;41510468
32456608;32455891;359;40630606
32456608;32456630;8;41931795
32456609;32456456;70;40132997
32456609;32456572;27;40133006
32456609;32456633;11;40133007
32456612;32456589;11;41169676
32456612;32456597;20;41169668
32456612;32456627;6;41169677
32456613;32456361;306;40407040
32456614;32456595;10;41478357
32456616;32456462;110;40445533
32456617;32457046;193;40383848
32456621;32456632;29;41917643
32456622;32456649;14;40373944
32456625;32456235;194;40849978
32456625;32456382;194;40849953
32456625;32456750;55;40849979
32456627;32456612;6;41169678
32456627;32456635;15;41424841
32456627;32456679;22;41169679
32456628;32456687;25;40393045
32456629;32456752;151;40410808
32456630;32456608;8;41931796
32456630;32456652;170;41974003
32456630;32456664;13;41931797
32456631;32456463;96;40400480
32456631;32456646;79;40909095
32456631;32456710;42;40400481
32456632;32456621;29;41917642
32456633;32456609;11;40133008
32456633;32456775;88;41383515
32456634;32456665;42;40849933
32456634;32456672;74;40849984
32456634;32456893;238;40849932
32456635;32456587;22;41424839
32456635;32456627;15;41424842
32456635;32456658;16;41424815
32456636;32457198;290;40611013
32456637;32456564;31;40194055
32456637;32456676;15;40194058
32456637;32456836;98;40410823
32456638;32456749;81;41072382
32456639;32456578;39;40397031
32456639;32456801;163;40397034
32456639;32456889;113;40397063
32456640;32456579;28;40443883
32456640;32456694;24;40241005
32456641;32456760;51;41891057
32456645;32456693;89;41137559
32456646;32456463;85;40394062
32456646;32456689;16;40394065
32456647;32456491;74;40369738
32456647;32456521;109;40443879
32456647;32456657;5;41301030
32456647;32456777;61;41427876
32456649;32456622;14;40373943
32456649;32456671;11;40373946
32456649;32456770;69;42032651
32456650;32455792;437;41290547
32456650;32456684;55;41290556
32456650;32457482;416;41290548
32456652;32456630;170;41974004
32456657;32456647;5;41301031
32456657;32456759;98;41301032
32456658;32456635;16;41424816
32456661;32457094;197;40383852
32456662;32456522;73;40610995
32456662;32456686;13;40610996
32456662;32456864;273;40611014
32456663;32456306;373;40411094
32456663;32456448;97;40411108
32456663;32456810;210;40411095
32456664;32456630;13;41931798
32456664;32456973;177;41043362
32456665;32456634;42;40849934
32456665;32456677;24;40849935
32456665;32456822;79;40849967
32456667;32456679;13;41424824
32456668;32456914;138;40193881
32456670;32456478;99;40373897
32456670;32456723;23;40369731
32456671;32456649;11;40373945
32456671;32456683;7;40373949
32456671;32456723;43;40373948
32456672;32456634;74;40849983
32456674;32456400;246;39821035
32456674;32457057;341;39821038
32456674;32457405;415;40411080
32456675;32456574;154;41352124
32456675;32456715;17;41352104
32456676;32456637;15;40194057
32456676;32457014;182;40194060
32456676;32457149;282;40410825
32456677;32456400;128;40411110
32456677;32456665;24;40849936
32456677;32456699;31;40849937
32456678;32456695;20;41169670
32456679;32456627;22;41169680
32456679;32456667;13;41424823
32456679;32456720;18;41169681
32456680;32456326;226;40610988
32456680;32456453;210;40611008
32456680;32456686;18;40611011
32456681;32456555;79;40610971
32456681;32456757;49;40610972
32456681;32456789;64;40611006
32456682;32456449;106;40410816
32456682;32456738;81;40410793
32456682;32456813;63;40410817
32456683;32456671;7;40373950
32456683;32456701;14;42032649
32456684;32455792;469;41290550
32456684;32456650;55;41290557
32456684;32458142;769;41290553
32456685;32456999;151;40393041
32456686;32456662;13;40610997
32456686;32456680;18;40611010
32456686;32457799;539;41182412
32456687;32456603;92;40587883
32456687;32456628;25;40393046
32456687;32456824;70;40393047
32456688;32456640;22;41380998
32456689;32456646;16;40394064
32456689;32456862;102;40394068
32456691;32456556;59;40193884
32456693;32456603;38;40393055
32456693;32456645;89;41137560
32456693;32456771;36;40393058
32456694;32456816;63;41380997
32456695;32456597;44;41169662
32456695;32456678;20;41169669
32456695;32456720;20;41169663
32456699;32456677;31;40849938
32456699;32456867;80;40849971
32456699;32457042;250;40849939
32456701;32456683;14;42032650
32456704;32456459;132;40400488
32456704;32456570;115;40400484
32456704;32456768;32;40400489
32456705;32456939;109;40586568
32456705;32457009;434;41456220
32456708;32456561;64;40407061
32456708;32456779;224;40407019
32456708;32457034;210;40407022
32456710;32456631;42;40400482
32456710;32456895;95;40400529
32456712;32456465;146;41141730
32456712;32456734;245;41141733
32456712;32457458;352;41141746
32456713;32456575;69;40748540
32456715;32456675;17;41352103
32456715;32456840;63;41352106
32456715;32457116;435;41352094
32456716;32456555;91;40611005
32456716;32456596;70;40611023
32456717;32456570;113;40400498
32456718;32456228;314;40628989
32456718;32456386;238;40063362
32456718;32457442;511;40063363
32456719;32456559;67;40397091
32456719;32456730;162;40397097
32456719;32456926;95;40397094
32456720;32456679;18;41169682
32456720;32456695;20;41169664
32456720;32456792;47;41169665
32456721;32456488;158;40397084
32456723;32456670;23;40369732
32456723;32456671;43;40373947
32456723;32456788;46;40373967
32456723;32456868;81;40373953
32456730;32456582;61;41244020
32456730;32456719;162;40397098
32456730;32456946;97;41244021
32456731;32456567;135;40307582
32456731;32456755;26;40394069
32456734;32456273;418;40063848
32456734;32456403;147;41141729
32456734;32456712;245;41141732
32456734;32456892;277;40063849
32456736;32456801;29;40397082
32456738;32456484;249;40410791
32456738;32456682;81;40410794
32456738;32456877;72;40410803
32456742;32456572;107;40909803
32456743;32456754;10;40372972
32456747;32456779;119;40407024
32456749;32456467;131;39820720
32456749;32456638;81;41072383
32456749;32456850;66;39820721
32456750;32456235;419;40849926
32456750;32456625;55;40849980
32456750;32456810;29;40849981
32456752;32456404;162;40410811
32456752;32456629;151;40410807
32456752;32456813;84;40410810
32456754;32456743;10;40372971
32456754;32456817;36;40372969
32456754;32456826;82;40372974
32456755;32456731;26;40394070
32456755;32456767;10;40394071
32456757;32456524;126;40610984
32456757;32456681;49;40610973
32456757;32456852;64;40610987
32456759;32456562;94;41301042
32456759;32456657;98;41301033
32456759;32456868;114;41301034
32456760;32456641;51;41891058
32456760;32456803;21;41906825
32456763;32457311;988;40193889
32456765;32456713;26;40372975
32456765;32456833;66;40381359
32456766;32456777;11;40383750
32456767;32456689;116;40394067
32456767;32456755;10;40394072
32456767;32456862;159;41337068
32456768;32456704;32;40400490
32456768;32456835;63;40400527
32456769;32456780;7;40381314
32456770;32456649;69;42032652
32456771;32456693;36;40393057
32456771;32456821;28;40393060
32456771;32456824;85;40587882
32456775;32456633;88;41383516
32456777;32456647;61;41427875
32456777;32456766;11;40383749
32456777;32456807;18;41427878
32456779;32456604;73;40407046
32456779;32456708;224;40407020
32456779;32456747;119;40407023
32456779;32456863;42;40407047
32456780;32456765;8;40372976
32456780;32456769;7;40381313
32456781;32456522;158;40610947
32456781;32456596;107;40610979
32456781;32456864;60;40610948
32456783;32456834;80;40193847
32456786;32456399;177;40225861
32456786;32456607;110;41510467
32456786;32456921;161;41510470
32456787;32456794;7;40373952
32456788;32456723;46;40373968
32456789;32456681;64;40611007
32456790;32456821;86;41137563
32456792;32456688;54;40241006
32456792;32456720;47;41169666
32456793;32456840;67;40865151
32456794;32456780;12;40372977
32456794;32456787;7;40373951
32456801;32456639;163;40397033
32456801;32456736;29;40397081
32456801;32456825;14;40397036
32456803;32456760;21;41906826
32456803;32457849;499;41906823
32456804;32456819;101;40193865
32456804;32456935;116;40193879
32456807;32456777;18;41427877
32456807;32456826;12;41427880
32456807;32456911;102;40029118
32456810;32456663;210;40411096
32456810;32456750;29;40849982
32456810;32456851;77;40411097
32456812;32456792;12;40241007
32456813;32456682;63;40410818
32456813;32456752;84;40410809
32456813;32456905;44;40410819
32456816;32456996;81;40295204
32456817;32456754;36;40372970
32456819;32456763;84;40193888
32456820;32456559;194;40567953
32456820;32456835;13;41336612
32456820;32456907;44;40909098
32456821;32456771;28;40393059
32456821;32456790;86;41137564
32456821;32456959;61;40393062
32456822;32456665;79;40849968
32456822;32457024;125;40849942
32456824;32456687;70;40393048
32456824;32456771;85;40587881
32456824;32456998;77;40393049
32456825;32456801;14;40397035
32456825;32456830;58;41330172
32456825;32456889;155;41330173
32456826;32456754;82;40372973
32456826;32456807;12;41427879
32456826;32456912;40;41427882
32456830;32456825;58;41330171
32456830;32456859;12;40396920
32456830;32457063;397;41330176
32456832;32456910;49;41383518
32456833;32456765;66;40381360
32456833;32456860;17;40381361
32456833;32456976;72;40909801
32456834;32457028;152;40193848
32456834;32457082;121;40193866
32456835;32456768;63;40400528
32456835;32456820;13;41336613
32456835;32456846;7;41336614
32456836;32456637;98;40410824
32456840;32456715;63;41352105
32456840;32456793;67;40865150
32456840;32456924;37;41352108
32456846;32456835;7;41336615
32456846;32456900;31;41336608
32456850;32456749;66;39820722
32456850;32456861;4;39820723
32456850;32457159;211;40225868
32456851;32456810;77;40411098
32456851;32456893;59;40850010
32456851;32456965;46;40849916
32456852;32456757;64;40610986
32456853;32456912;53;40612661
32456857;32457022;67;40677473
32456859;32456830;12;40396921
32456859;32457029;109;40396925
32456859;32457378;278;40396922
32456860;32456833;17;40381362
32456861;32456850;4;39820724
32456861;32457126;118;41072385
32456861;32457168;220;39820725
32456862;32456767;159;41337069
32456862;32456873;32;41337070
32456862;32456917;127;40394043
32456863;32456779;42;40407048
32456864;32456662;273;40611015
32456864;32456781;60;40610949
32456864;32456961;57;40610950
32456867;32456699;80;40849972
32456867;32456941;35;40849973
32456867;32457020;141;40850005
32456868;32456759;114;41301035
32456868;32457004;60;40029114
32456868;32457031;126;41301036
32456870;32456513;157;40194042
32456870;32457014;100;40194049
32456870;32457195;132;40687617
32456871;32456910;20;41383520
32456873;32456862;32;41337071
32456873;32456879;36;40569185
32456876;32456895;13;40909093
32456877;32456738;72;40410804
32456879;32456846;103;40909099
32456879;32456873;36;40569186
32456879;32456900;83;41336606
32456884;32455973;489;40225799
32456889;32456639;113;40397064
32456889;32456825;155;41330174
32456889;32456949;129;41330177
32456889;32457268;173;40396910
32456890;32457067;77;40397060
32456892;32456204;352;40587885
32456892;32456734;277;40063850
32456892;32456920;78;40338151
32456892;32457112;106;41260838
32456893;32456634;238;40849931
32456893;32456851;59;40850009
32456893;32456980;128;40850012
32456894;32457051;354;40679656
32456895;32456710;95;40400530
32456895;32456876;13;40909094
32456895;32456917;34;40400531
32456900;32456846;31;41336609
32456900;32456879;83;41336607
32456900;32456907;45;41336611
32456900;32457200;120;39820643
32456903;32456038;407;40225864
32456903;32456921;121;41510473
32456903;32456959;163;41510472
32456905;32456813;44;40410820
32456906;32456512;177;40407034
32456906;32456933;50;40383856
32456907;32456900;45;41336610
32456907;32456919;99;41330180
32456910;32456832;49;41383517
32456910;32456871;20;41383519
32456910;32456947;21;41383522
32456911;32456759;79;40378822
32456912;32456826;40;41427881
32456912;32456853;53;40612660
32456913;32456268;514;40587791
32456913;32457168;231;40225801
32456914;32456942;17;40193882
32456917;32456767;104;40394066
32456917;32456895;34;40400532
32456918;32456988;26;40397043
32456919;32456907;99;41330179
32456919;32456926;40;41330182
32456919;32457040;93;40396988
32456920;32456892;78;40338152
32456920;32456934;87;40393070
32456920;32456934;42;41352612
32456921;32456786;161;41510469
32456921;32456903;121;41510474
32456921;32456986;27;40393034
32456924;32456840;37;41352107
32456924;32456983;119;41461406
32456924;32456991;26;41352110
32456926;32456719;95;40397093
32456926;32456919;40;41330181
32456926;32456946;164;41330184
32456927;32456976;52;40381364
32456929;32457030;54;41086948
32456931;32456691;136;40193883
32456933;32456531;178;40383844
32456933;32456906;50;40383855
32456933;32456970;51;40383858
32456933;32457239;136;40407043
32456934;32456920;87;40393069
32456934;32456920;42;41352613
32456934;32456969;80;41352614
32456935;32456804;116;40193878
32456935;32457060;57;40193863
32456938;32456794;84;40372978
32456938;32457073;86;40381355
32456939;32456705;109;40586567
32456939;32456944;200;40675009
32456939;32457090;63;40586570
32456941;32456867;35;40849974
32456941;32457020;102;40849959
32456941;32457024;33;40849975
32456942;32456935;45;40193864
32456942;32457060;64;41349229
32456944;32456939;200;40675010
32456946;32456730;97;41244022
32456946;32456926;164;41330183
32456946;32456950;56;41330186
32456946;32457152;86;40396977
32456947;32456910;21;41383521
32456949;32456503;193;40397065
32456949;32456889;129;41330178
32456949;32456966;56;41330187
32456950;32456946;56;41330185
32456950;32456963;73;41330190
32456950;32457148;83;40396973
32456952;32456931;9;41906818
32456953;32456955;34;40397071
32456954;32457069;52;40712702
32456955;32456953;34;40397072
32456955;32456957;37;40397073
32456955;32457064;162;40397075
32456957;32456955;37;40397074
32456959;32456821;61;40393061
32456959;32456903;163;41510471
32456959;32456998;89;41510476
32456960;32457510;1186;41977478
32456961;32456864;57;40610951
32456961;32457125;91;40611000
32456963;32456389;256;40397068
32456963;32456950;73;41330189
32456963;32456966;64;41330192
32456965;32456851;46;40849915
32456965;32457172;241;40849918
32456965;32457181;341;40850017
32456966;32456452;225;40397066
32456966;32456949;56;41330188
32456966;32456963;64;41330191
32456966;32457243;117;40396899
32456967;32457030;45;41086956
32456968;32456804;90;40193890
32456968;32456819;123;41381064
32456969;32456934;80;41352615
32456969;32456999;65;41510435
32456969;32457112;170;41260841
32456970;32456933;51;40383857
32456970;32456987;29;40383860
32456970;32457239;196;40407042
32456973;32456664;177;41043363
32456973;32456975;6;41870574
32456973;32457016;47;41870565
32456973;32457025;24;40632134
32456975;32456973;6;41870573
32456975;32457055;69;41870569
32456975;32457084;217;41870572
32456976;32456833;72;40909802
32456976;32456927;52;40381363
32456976;32457408;228;40381366
32456980;32456893;128;40850011
32456983;32456924;119;41461407
32456986;32456921;27;40393033
32456986;32457140;99;40393038
32456986;32457456;226;40393036
32456987;32456576;183;40383845
32456987;32456970;29;40383859
32456987;32457015;50;40383862
32456988;32456918;26;40397044
32456988;32457068;66;40397050
32456988;32457079;42;40397045
32456991;32456924;26;41352109
32456991;32456995;16;40865144
32456991;32457056;34;41352112
32456993;32457071;35;40712655
32456994;32456103;452;41870575
32456995;32456991;16;40865145
32456995;32457012;27;40865146
32456995;32457065;35;41461356
32456996;32457107;59;39942718
32456996;32457187;85;41380996
32456998;32456824;77;40393050
32456998;32456959;89;41510475
32456998;32457019;39;41510478
32456999;32456685;151;40393042
32456999;32456969;65;41510436
32456999;32457110;87;41510437
32457000;32457001;127;40586595
32457000;32457013;265;40586598
32457000;32457487;215;40677453
32457001;32457000;127;40586596
32457001;32457581;566;40586599
32457001;32457582;265;40677452
32457004;32457036;27;40029116
32457009;32456705;434;41456221
32457009;32457022;92;40586601
32457009;32457085;40;41456222
32457010;32456812;91;41330197
32457012;32456995;27;40865147
32457013;32457000;265;40586597
32457013;32457022;180;40586604
32457013;32457368;151;41865571
32457014;32456676;182;40194059
32457014;32457195;104;40194050
32457015;32456987;50;40383861
32457015;32457046;66;40383864
32457015;32457236;96;40383869
32457016;32456973;47;41870566
32457018;32457358;153;40407049
32457019;32456487;280;40393044
32457019;32456998;39;41510477
32457019;32457077;116;41510480
32457019;32457682;325;40393039
32457020;32456867;141;40850006
32457020;32456941;102;40849960
32457020;32457042;43;40849961
32457020;32457086;34;40850007
32457022;32456857;67;40677474
32457022;32457009;92;40586602
32457022;32457013;180;40586603
32457022;32457526;287;40677475
32457024;32456822;125;40849941
32457024;32456941;33;40849976
32457024;32457086;101;40849944
32457025;32456973;24;40632135
32457025;32457099;57;41870567
32457025;32457798;505;40632136
32457026;32456911;53;40378823
32457027;32457034;80;40194029
32457027;32457081;102;40194027
32457028;32457072;35;40193849
32457029;32456859;109;40396924
32457029;32457039;40;40396858
32457029;32457348;140;41204233
32457030;32456929;54;41086949
32457030;32456967;45;41086957
32457030;32457037;3;41086950
32457031;32456868;126;41301037
32457031;32457052;12;41329604
32457031;32457153;66;39869178
32457032;32456938;49;40372979
32457032;32457058;15;40372983
32457034;32456708;210;40407021
32457034;32457027;80;40194030
32457034;32457157;55;40407059
32457034;32457301;166;40194031
32457036;32457038;6;40423230
32457036;32457209;77;40029117
32457037;32457030;3;41086951
32457037;32457096;42;41086952
32457037;32457129;50;42008721
32457038;32457036;6;40423231
32457039;32457029;40;40396859
32457039;32457176;153;40396860
32457039;32457275;107;40396862
32457040;32457150;58;40396989
32457042;32456699;250;40849940
32457042;32457020;43;40849962
32457042;32457086;72;40849945
32457043;32457064;103;40397078
32457044;32457010;151;40252786
32457046;32456617;193;40383847
32457046;32457015;66;40383863
32457046;32457094;76;40383866
32457046;32457306;115;40383850
32457051;32456894;354;40679655
32457051;32457076;106;40679645
32457051;32457476;210;40679648
32457052;32457031;12;41329605
32457052;32457217;70;40306685
32457054;32456968;65;40193892
32457055;32456975;69;41870570
32457056;32456991;34;41352111
32457056;32457065;17;40865140
32457056;32457174;44;41352114
32457057;32456674;341;39821037
32457057;32457249;253;40849969
32457057;32457594;486;39821040
32457058;32457032;15;40372982
32457058;32457096;63;40373882
32457058;32457203;70;40372985
32457059;32457147;86;40252787
32457060;32457092;14;41349230
32457062;32456952;56;40193871
32457062;32457245;87;40193870
32457063;32456830;397;41330175
32457063;32457105;90;41977480
32457063;32457105;83;41330194
32457064;32456955;162;40397076
32457064;32457043;103;40397077
32457064;32457141;29;40397079
32457065;32456995;35;41461357
32457065;32457056;17;40865141
32457065;32457088;26;40865142
32457067;32456890;77;40397059
32457067;32457068;19;40397053
32457067;32457069;33;40397052
32457068;32456988;66;40397049
32457068;32457067;19;40397054
32457068;32457160;35;40397047
32457069;32456954;52;40712701
32457069;32457067;33;40397051
32457069;32457071;62;40397056
32457070;32457071;1;40397057
32457071;32456993;35;40712656
32457071;32457069;62;40397055
32457071;32457070;1;40397058
32457072;32457232;97;40193893
32457073;32456938;86;40381356
32457073;32457162;41;40381354
32457073;32457162;114;40381351
32457075;32457362;121;40677458
32457076;32457051;106;40679646
32457077;32457019;116;41510479
32457077;32457110;67;41510482
32457077;32457532;208;41447579
32457079;32456988;42;40397046
32457081;32456675;429;40194038
32457082;32457028;118;40193868
32457082;32457283;96;40193875
32457084;32456975;217;41870571
32457085;32457009;40;41456223
32457086;32457020;34;40850008
32457086;32457024;101;40849943
32457086;32457042;72;40849946
32457088;32457065;26;40865143
32457090;32456939;63;40586569
32457090;32457238;60;40586572
32457090;32457344;340;40675001
32457092;32457220;58;41906815
32457094;32456661;197;40383851
32457094;32457046;76;40383865
32457094;32457174;118;40383868
32457094;32457349;113;40383854
32457095;32456952;77;41906819
32457095;32457062;72;40193862
32457096;32457037;42;41086953
32457096;32457058;63;40373881
32457096;32457129;95;41086954
32457099;32457025;57;41870568
32457105;32457063;83;41330193
32457105;32457141;103;41330196
32457107;32457256;145;40252790
32457108;32457095;6;41906820
32457109;32457026;76;41300257
32457110;32456999;87;41510438
32457110;32457077;67;41510481
32457110;32457130;21;41510452
32457112;32456892;106;41260839
32457112;32456969;170;41260840
32457112;32457286;198;41260837
32457116;32457221;86;40194024
32457116;32457293;82;40194028
32457120;32457109;15;41204119
32457120;32457209;53;41204118
32457124;32456479;305;40225857
32457125;32456961;91;40611001
32457125;32457799;395;40611002
32457125;32457799;579;40611017
32457126;32456861;118;41072384
32457129;32457037;50;42008722
32457129;32457096;95;41086955
32457129;32457158;13;41804359
32457130;32457110;21;41510451
32457130;32457189;64;41510454
32457130;32458528;685;41447651
32457135;32458286;597;42045812
32457136;32456097;523;40303187
32457136;32457198;44;40610940
32457136;32458352;694;40303190
32457140;32456986;99;40393037
32457141;32457064;29;40397080
32457141;32457105;103;41330195
32457141;32457160;245;40253900
32457141;32457307;104;41204215
32457143;32457044;84;39942717
32457143;32457147;152;41330168
32457144;32457152;65;40396986
32457146;32457158;4;41277370
32457147;32457256;229;40445407
32457148;32456950;83;40396974
32457148;32457152;59;40396983
32457148;32457367;92;40396975
32457149;32456425;361;40410827
32457149;32456676;282;40410826
32457150;32457040;119;40396987
32457150;32457200;47;40396990
32457152;32456946;86;40396978
32457152;32457144;65;40396985
32457152;32457148;59;40396984
32457152;32457185;40;40396981
32457152;32457369;92;40396979
32457153;32457031;66;39869179
32457153;32457265;54;41530715
32457157;32457034;55;40407060
32457158;32457129;13;41804360
32457158;32457146;4;41277369
32457158;32457217;30;41804361
32457159;32456850;211;40225869
32457160;32457068;35;40397048
32457160;32457141;245;40253899
32457160;32457165;107;40253902
32457162;32457073;114;40381352
32457162;32457073;41;40381353
32457162;32457203;44;40909806
32457165;32457143;43;39942719
32457165;32457160;107;40253901
32457168;32456861;220;39820726
32457168;32456913;231;40225800
32457168;32457253;42;40587819
32457172;32456965;241;40849917
32457173;32457010;73;40445410
32457173;32457059;144;40298646
32457174;32457056;44;41352113
32457174;32457094;118;40383867
32457174;32457262;41;41352116
32457175;32457176;66;40396867
32457175;32457395;97;40396888
32457175;32457421;219;40396868
32457176;32457039;153;40396861
32457176;32457175;66;40396866
32457176;32457275;137;40396871
32457181;32456965;341;40850018
32457184;32457165;195;41330198
32457185;32457152;40;40396982
32457187;32457303;69;41861883
32457189;32457130;64;41510453
32457189;32457254;80;40393066
32457189;32458497;649;40393068
32457195;32456870;132;40687618
32457195;32457288;48;40687639
32457197;32457027;81;40194026
32457197;32457081;98;40298656
32457198;32456636;290;40611012
32457198;32457136;44;40610941
32457198;32457631;251;40610942
32457200;32456900;120;39820644
32457200;32457150;47;40396991
32457200;32457574;181;39820645
32457201;32456526;403;40904533
32457201;32457214;9;41739307
32457203;32457058;70;40372984
32457203;32457162;44;40909805
32457203;32457313;57;40372987
32457208;32457243;50;41394261
32457209;32457120;53;41204117
32457209;32457354;165;40748544
32457211;32457287;46;40407054
32457214;32457201;9;41739308
32457214;32457316;112;41739309
32457216;32457054;97;40193891
32457217;32457052;70;40306686
32457217;32457158;30;41804362
32457217;32457290;51;41861884
32457220;32457283;103;40193867
32457220;32457432;121;41906816
32457221;32457331;151;40194025
32457222;32457314;145;41676447
32457229;32457302;57;40372981
32457231;32457386;256;41043374
32457231;32457754;339;41043377
32457232;32457387;115;41349232
32457232;32457409;90;40193860
32457236;32457015;96;40383870
32457238;32457090;60;40586571
32457238;32457304;65;40679669
32457238;32457426;91;40586574
32457239;32456933;136;40407044
32457239;32456970;196;40407041
32457243;32456966;117;40396898
32457243;32457208;50;41394260
32457243;32457356;53;40396901
32457245;32457062;87;40193869
32457245;32457260;54;40193861
32457249;32457057;253;40849970
32457251;32457308;97;41887182
32457253;32457168;42;40587820
32457253;32457312;36;41510433
32457254;32457189;80;40393065
32457256;32457334;74;41898305
32457260;32457216;37;39942734
32457261;32457476;119;40679649
32457262;32457174;41;41352115
32457262;32457317;114;41461366
32457262;32457397;61;41352118
32457263;32457184;210;40445409
32457263;32457315;117;39869180
32457265;32457153;54;41530716
32457265;32457274;8;41849169
32457265;32457302;55;41393446
32457266;32458235;478;40612850
32457268;32456889;173;40396911
32457270;32457285;9;41887178
32457273;32457307;71;41390011
32457274;32457265;8;41849170
32457274;32457381;47;41861888
32457275;32457039;107;40396863
32457275;32457176;137;40396870
32457275;32457348;75;40396873
32457275;32457471;94;40396864
32457276;32457359;59;41702708
32457276;32457393;94;41906834
32457277;32457294;31;40397041
32457277;32457334;32;41934953
32457278;32457314;63;40396907
32457283;32457082;96;40193876
32457283;32457432;70;40193877
32457284;32457410;55;41887180
32457285;32457270;9;41887177
32457285;32457290;9;40380733
32457285;32457305;27;40380730
32457286;32457112;198;41260836
32457287;32456241;1037;40407057
32457287;32457211;46;40407053
32457287;32457301;40;40407056
32457288;32457195;48;40687640
32457288;32457431;62;40194061
32457290;32457217;51;41861885
32457290;32457285;9;40380732
32457290;32457392;45;41861886
32457293;32457221;68;40194035
32457293;32457301;279;40194034
32457294;32457277;31;40397042
32457294;32457389;75;41934950
32457301;32457034;166;40194032
32457301;32457287;40;40407055
32457301;32457293;279;40194033
32457302;32457229;57;40372980
32457302;32457265;55;41393445
32457302;32457354;28;40306688
32457303;32457384;49;41330170
32457303;32457436;64;40298645
32457304;32457238;65;40679670
32457305;32457285;27;40380731
32457306;32457046;115;40383849
32457306;32457349;77;40407030
32457307;32457141;104;41204214
32457307;32457273;71;41390010
32457307;32457321;10;41204217
32457308;32457251;97;41887181
32457308;32457313;17;40380727
32457308;32457377;25;40380728
32457310;32457197;156;40298657
32457311;32457332;235;40194020
32457311;32457398;249;41349217
32457312;32457253;36;41510434
32457312;32457447;68;40338122
32457313;32457203;57;40372986
32457313;32457308;17;40380726
32457313;32457414;42;40372989
32457314;32457222;145;41676448
32457314;32457278;63;40396906
32457314;32457356;140;40396909
32457314;32457557;114;40396926
32457315;32457330;7;41494728
32457315;32457469;143;41511923
32457316;32457214;112;41739310
32457316;32457408;87;41204120
32457317;32457262;114;41461367
32457318;32457401;32;40380735
32457320;32457352;129;41215885
32457321;32457307;10;41204216
32457321;32457347;18;41330163
32457330;32457315;7;41494727
32457330;32457335;77;40403690
32457330;32457534;92;41022158
32457331;32457418;205;40298655
32457332;32456256;981;41891055
32457332;32457333;8;40194021
32457333;32457459;137;40403748
32457334;32457277;32;41934952
32457334;32457513;162;41898306
32457335;32457330;77;40403691
32457335;32457363;52;40403692
32457336;32456783;980;41349218
32457338;32457476;72;40345859
32457339;32457108;122;41349231
32457344;32457090;340;40675002
32457345;32457352;86;40397062
32457347;32457321;18;41330162
32457347;32457375;86;40712653
32457347;32457477;90;41330165
32457348;32457029;140;41204232
32457348;32457275;75;40396872
32457348;32457378;8;41204235
32457349;32457094;113;40383853
32457349;32457306;77;40407029
32457349;32457397;116;40407032
32457352;32457320;129;41215884
32457352;32457345;86;40397061
32457352;32457422;32;41204125
32457354;32457209;165;40748543
32457354;32457302;28;40306687
32457354;32457392;83;40306690
32457356;32457243;53;40396900
32457356;32457314;140;40396908
32457356;32457780;226;40396903
32457358;32457018;153;40407050
32457358;32457397;264;40407051
32457359;32457276;59;41702709
32457359;32457540;182;41906832
32457360;32457425;31;40381357
32457361;32457173;113;41381063
32457361;32457384;10;41022160
32457362;32457075;121;40677457
32457362;32457368;84;40677460
32457362;32457927;281;40677423
32457363;32457335;52;40403693
32457363;32457472;51;40403728
32457363;32457552;121;40403696
32457365;32457245;59;40193887
32457365;32457260;78;39942735
32457367;32457148;92;40396976
32457368;32457013;151;41865570
32457368;32457362;84;40677459
32457368;32457605;119;41865573
32457369;32457152;92;40396980
32457375;32457347;86;40712654
32457377;32457308;25;40380729
32457378;32456859;278;40396923
32457378;32457348;8;41204234
32457378;32457573;99;41204237
32457381;32457274;47;41861889
32457381;32457460;45;41010012
32457384;32457361;10;41022159
32457384;32457433;54;41022161
32457384;32457436;36;40687652
32457386;32457231;256;41043375
32457387;32457549;167;39886642
32457389;32457294;102;41934954
32457389;32457294;75;41934951
32457390;32457421;52;40396877
32457390;32457468;137;40396874
32457390;32457654;134;40396847
32457391;32457491;179;40225667
32457392;32457290;45;41861887
32457392;32457354;83;40306689
32457392;32457401;43;40306692
32457393;32457276;94;41906833
32457393;32457439;45;41333126
32457395;32457175;97;40396889
32457395;32457421;119;40396878
32457395;32457471;159;40396881
32457395;32457588;98;40396890
32457397;32457262;61;41352117
32457397;32457349;116;40407031
32457397;32457358;264;40407052
32457397;32457483;45;41352120
32457398;32457310;194;40298653
32457401;32457318;32;40380734
32457401;32457392;43;40306691
32457401;32457410;48;40306694
32457405;32456674;415;40411081
32457407;32457434;30;41479058
32457408;32456976;228;40381365
32457408;32457316;87;41204121
32457408;32457412;12;41204122
32457409;32457387;79;40193874
32457409;32457450;106;40193873
32457410;32457284;55;41887179
32457410;32457401;48;40306693
32457410;32457414;32;40306696
32457411;32457423;229;40675006
32457412;32457408;12;41204123
32457412;32457425;82;40029119
32457414;32457313;42;40372988
32457414;32457410;32;40306695
32457414;32457425;74;40029122
32457415;32457416;139;41244040
32457416;32457415;139;41244039
32457416;32457566;160;41244042
32457416;32457626;103;41244051
32457418;32457336;256;40298654
32457421;32457175;219;40396869
32457421;32457390;52;40396876
32457421;32457395;119;40396879
32457422;32457352;32;41204124
32457422;32457489;33;40712658
32457423;32457411;229;40675005
32457423;32457426;107;40675008
32457423;32457659;115;40675004
32457425;32457360;31;40381358
32457425;32457412;82;40029120
32457425;32457414;74;40029121
32457426;32457238;91;40586573
32457426;32457423;107;40675007
32457426;32457542;61;40586576
32457428;32458138;441;40567975
32457428;32458180;457;40624303
32457431;32457288;62;40194062
32457431;32457886;225;41940033
32457432;32457509;44;41906817
32457433;32457610;393;40445406
32457434;32457407;30;41479059
32457436;32457453;17;41330169
32457438;32457485;24;41956830
32457439;32457393;45;41333125
32457439;32457444;5;41333128
32457439;32457590;130;41333122
32457441;32457335;50;40403727
32457441;32457478;17;40403688
32457442;32456718;511;40063364
32457442;32458160;712;40628985
32457442;32458308;509;40063365
32457444;32457439;5;41333127
32457444;32457540;45;41702702
32457447;32457312;68;40338123
32457447;32457497;25;40338120
32457449;32457384;41;40445411
32457449;32457433;74;40298644
32457450;32457339;54;40193880
32457450;32457409;106;40193872
32457453;32457184;248;40252789
32457456;32456986;226;40393035
32457458;32456712;352;41141747
32457458;32458497;1182;41733190
32457459;32457333;137;40403749
32457459;32457463;34;40194023
32457459;32457698;125;41352096
32457460;32457381;45;41010013
32457460;32457470;6;41849171
32457461;32457339;65;40193857
32457461;32457450;50;40193859
32457463;32457336;345;40194022
32457463;32457517;73;41478360
32457468;32457390;137;40396875
32457468;32457612;90;41204220
32457469;32457449;12;40252788
32457470;32457460;6;41849172
32457470;32457513;23;41010014
32457471;32457275;94;40396865
32457471;32457395;159;40396880
32457471;32457573;123;40396883
32457471;32457668;100;40396886
32457472;32457441;59;40403729
32457472;32457506;18;40403725
32457476;32457051;210;40679647
32457476;32457261;119;40679650
32457476;32457338;72;40345860
32457476;32457946;236;40345861
32457477;32457347;90;41330164
32457477;32457585;89;41330167
32457477;32457585;118;40397039
32457478;32457441;17;40403689
32457480;32457483;37;40404371
32457482;32456650;416;41290549
32457483;32457397;45;41352119
32457483;32457480;37;40404372
32457483;32457537;170;40404373
32457483;32457572;49;41352122
32457485;32457438;24;41956829
32457485;32457498;28;41945560
32457485;32457525;54;41945557
32457487;32457000;215;40677454
32457489;32457422;33;40712657
32457489;32457541;210;39872437
32457489;32457563;137;39872440
32457491;32457391;179;40225666
32457491;32457547;31;41397701
32457491;32457551;110;40225669
32457493;32455131;1190;40303184
32457497;32457447;25;40338121
32457497;32457533;18;40587799
32457498;32457485;28;41945559
32457498;32457525;17;41945562
32457506;32457472;18;40403726
32457509;32457461;40;40193858
32457509;32457995;278;40193897
32457510;32456960;1186;41977479
32457510;32457531;29;41906830
32457510;32457641;144;41906827
32457513;32457470;23;41010015
32457513;32457536;12;40904568
32457513;32457593;168;40445405
32457515;32457537;33;40404376
32457515;32457606;52;40404388
32457517;32457463;73;41478361
32457517;32457567;132;41478362
32457517;32457787;179;41478364
32457525;32457485;54;41945558
32457525;32457498;17;41945561
32457525;32457533;8;41956828
32457526;32457022;287;40677476
32457529;32457541;6;40565598
32457531;32457510;29;41906829
32457531;32457546;68;41533309
32457532;32457077;208;41447580
32457533;32457497;18;40587800
32457533;32457525;8;41956827
32457533;32457594;43;40587801
32457534;32457330;92;41022157
32457534;32457541;32;39872444
32457534;32457552;169;39872441
32457536;32457263;250;40445408
32457536;32457513;12;40904569
32457537;32457483;170;40404374
32457537;32457515;33;40404375
32457537;32457624;135;40404378
32457538;32457365;165;40193894
32457540;32457359;182;41906831
32457540;32457444;45;41702703
32457540;32457632;64;41702704
32457541;32457489;210;39872438
32457541;32457529;6;40565599
32457541;32457534;32;39872443
32457542;32457426;61;40586575
32457542;32457578;91;40679657
32457542;32457608;38;40586578
32457545;32457670;175;41260943
32457546;32457531;68;41533310
32457547;32457491;31;41397700
32457548;32457709;75;40404401
32457549;32457667;194;39820653
32457550;32457643;46;40404311
32457551;32457491;110;40225668
32457551;32457564;132;41397696
32457551;32457644;127;40225671
32457552;32457534;169;39872442
32457552;32457603;96;39872445
32457557;32457314;114;40396927
32457563;32457489;137;39872439
32457563;32457600;86;40488245
32457563;32457622;38;39872448
32457564;32457551;132;41397697
32457566;32457416;160;41244041
32457566;32457574;68;41244044
32457566;32457626;149;41244056
32457567;32457517;132;41478363
32457568;32457671;47;41260940
32457571;32458267;355;40411111
32457572;32457483;49;41352121
32457572;32457624;26;40383830
32457572;32457643;130;40383801
32457573;32457378;99;41204236
32457573;32457471;123;40396882
32457573;32457719;64;40396913
32457574;32457200;181;39820646
32457574;32457566;68;41244043
32457574;32457607;15;39820647
32457578;32457542;91;40679658
32457581;32457001;566;40586600
32457581;32458041;222;41865576
32457582;32457001;265;40677451
32457584;32457694;48;40679660
32457585;32457477;89;41330166
32457585;32457477;118;40397040
32457585;32457591;9;41204219
32457586;32457635;23;41977477
32457588;32457395;98;40396891
32457588;32457592;51;40396818
32457588;32457668;137;40396815
32457590;32457439;130;41333121
32457590;32457632;93;41333119
32457590;32458088;279;41333124
32457591;32457585;9;41204218
32457591;32457622;19;39869841
32457592;32457588;51;40396817
32457592;32457654;120;40396820
32457592;32457973;182;40396845
32457593;32457629;13;40193886
32457593;32457652;136;41329589
32457594;32457057;486;39821039
32457594;32457533;43;40587802
32457594;32457684;41;39820918
32457597;32457616;83;40396994
32457597;32457616;122;40396958
32457597;32457653;23;40396959
32457599;32457536;119;41329603
32457600;32457563;86;40488244
32457603;32457552;96;39872446
32457605;32457368;119;41865572
32457605;32457927;191;40677436
32457606;32457515;52;40404387
32457606;32457720;51;40404390
32457606;32457738;169;40404380
32457607;32457574;15;39820648
32457607;32457809;116;40909100
32457607;32457811;95;41512521
32457608;32457542;38;40586577
32457608;32457619;47;40679676
32457608;32457662;27;40586580
32457610;32457361;445;40295205
32457610;32457612;5;41349264
32457612;32457468;90;41204221
32457612;32457610;5;41349263
32457612;32457620;5;41349266
32457615;32457732;73;40748500
32457615;32457763;124;40748522
32457616;32457597;122;40396957
32457616;32457597;83;40396995
32457616;32457673;27;40396962
32457617;32457849;668;41479055
32457619;32457608;47;40679675
32457619;32457625;43;40679678
32457619;32457904;160;40679663
32457620;32457612;5;41349265
32457620;32457640;38;40565602
32457620;32458087;542;41349268
32457622;32457563;38;39872447
32457622;32457591;19;39869840
32457622;32457685;237;39869843
32457624;32457537;135;40404377
32457624;32457572;26;40383829
32457624;32457738;52;40383832
32457625;32457619;43;40679677
32457625;32457628;20;40679680
32457625;32457904;138;40679671
32457626;32457416;103;41244052
32457626;32457566;149;41244055
32457626;32457747;56;41244053
32457628;32457625;20;40679679
32457628;32457697;68;40679682
32457628;32457923;150;40679673
32457629;32457593;13;40193885
32457629;32457599;52;40871571
32457629;32457733;46;41286621
32457630;32457640;103;40565601
32457631;32457198;251;40610943
32457631;32457887;419;40624221
32457631;32458306;401;40624222
32457632;32457540;64;41702705
32457632;32457590;93;41333120
32457632;32457634;5;41702706
32457634;32457632;5;41702707
32457635;32457586;23;41977476
32457635;32457702;26;41977475
32457639;32457640;24;40703000
32457640;32457620;38;40565603
32457640;32457630;103;40565600
32457640;32457639;24;40702999
32457641;32457510;144;41906828
32457641;32457683;17;40403050
32457643;32457550;46;40404312
32457643;32457572;130;40383802
32457643;32457709;99;40383803
32457643;32458197;285;40404403
32457644;32457551;127;40225670
32457644;32457696;96;40411088
32457644;32457696;36;40225673
32457652;32457538;434;40561670
32457653;32457597;23;40396960
32457653;32457673;93;40396996
32457653;32457711;23;40396963
32457654;32457592;120;40396819
32457654;32458227;330;41599767
32457658;32457784;66;40403694
32457659;32457423;115;40675003
32457662;32457608;27;40586579
32457662;32457851;94;41456219
32457665;32457698;22;40403751
32457667;32457677;246;41988176
32457668;32457471;100;40396887
32457668;32457588;137;40396816
32457668;32457675;6;40396821
32457669;32457688;207;41244037
32457670;32457545;175;41260942
32457670;32457671;2;41260945
32457670;32457836;78;41260936
32457671;32457568;47;41260941
32457671;32457670;2;41260944
32457671;32457674;101;41260947
32457673;32457616;27;40396961
32457673;32457653;93;40396997
32457673;32457728;27;40396966
32457674;32457671;101;41260946
32457675;32457668;6;40396822
32457675;32457706;68;40396823
32457675;32458168;242;40396885
32457677;32457629;138;41094749
32457677;32457733;153;40193895
32457682;32457019;325;40393040
32457682;32458358;355;41945556
32457683;32457641;17;40403049
32457683;32457704;30;40443493
32457683;32457778;62;40443494
32457684;32457594;41;39820919
32457684;32457696;33;40225674
32457684;32457767;41;39820920
32457685;32457622;237;39869842
32457685;32457686;2;39869845
32457685;32457724;111;40703001
32457686;32457685;2;39869844
32457686;32457739;67;39869847
32457686;32457752;33;40365262
32457688;32457669;14;41244038
32457688;32457737;22;41244059
32457692;32457742;61;40365243
32457694;32457584;48;40679659
32457694;32457697;25;40679651
32457694;32457700;29;40679654
32457694;32457949;160;40679662
32457696;32457644;36;40225672
32457696;32457684;33;40225675
32457696;32457767;44;40411086
32457697;32457628;68;40679681
32457697;32457694;25;40679652
32457697;32457949;133;40679684
32457698;32457459;125;41352095
32457698;32457665;22;40403750
32457698;32457830;71;41352098
32457700;32457694;29;40679653
32457701;32457712;72;40345867
32457701;32457730;29;41936996
32457702;32457635;26;41977474
32457704;32457683;30;40443492
32457704;32457818;74;40403044
32457706;32457675;68;40396824
32457706;32457719;64;40396825
32457706;32457936;124;40396928
32457707;32457736;42;41244050
32457709;32457548;75;40404402
32457709;32457643;99;40383804
32457709;32457714;7;40383805
32457711;32457653;23;40396964
32457711;32457728;106;40396992
32457711;32457753;23;40396967
32457712;32457701;72;40345868
32457712;32457730;89;41936822
32457712;32457772;36;40345869
32457714;32457709;7;40383806
32457714;32457717;5;40383807
32457714;32457808;51;40383810
32457717;32457714;5;40383808
32457717;32457835;197;41932087
32457719;32457573;64;40396912
32457719;32457706;64;40396826
32457719;32457734;96;40396827
32457719;32457939;119;40396915
32457720;32457606;51;40404389
32457720;32457816;53;40404392
32457720;32457838;169;40404382
32457724;32457685;111;40703002
32457724;32457878;130;40702997
32457726;32457727;66;41380999
32457726;32457727;72;41381002
32457726;32457727;15;40748527
32457727;32457726;72;41381001
32457727;32457726;66;41381000
32457727;32457726;15;40748526
32457727;32457732;16;40748529
32457728;32457673;27;40396965
32457728;32457711;106;40396993
32457728;32457753;129;40396970
32457730;32457701;29;41936995
32457730;32457712;89;41936823
32457730;32457801;45;41936998
32457731;32457599;73;40193896
32457731;32457629;47;41329602
32457732;32457615;73;40748501
32457732;32457727;16;40748528
32457732;32457756;14;40748502
32457733;32457970;124;41286622
32457734;32457719;96;40396828
32457734;32457775;226;40396829
32457735;32457736;47;41244046
32457736;32457707;42;41244049
32457736;32457735;47;41244045
32457736;32457737;17;41244048
32457737;32457688;22;41244060
32457737;32457736;17;41244047
32457737;32457810;37;41244061
32457738;32457606;169;40404379
32457738;32457624;52;40383831
32457738;32457838;52;40383834
32457739;32457686;67;39869846
32457739;32457885;222;40365261
32457739;32457967;149;39869849
32457742;32457692;61;40365242
32457742;32457763;90;40365252
32457742;32457784;47;40365245
32457742;32458003;158;40365241
32457747;32457626;56;41244054
32457752;32457686;33;40365263
32457753;32457711;23;40396968
32457753;32457728;129;40396969
32457754;32457231;339;41043376
32457756;32457732;14;40748503
32457756;32457824;53;40488246
32457756;32457928;93;40748504
32457761;32457780;225;40396832
32457763;32457615;124;40748521
32457763;32457742;90;40365253
32457763;32457926;118;40748524
32457764;32457771;4;42022630
32457766;32457770;15;40345833
32457767;32457684;41;39820921
32457767;32457696;44;40411087
32457770;32457766;15;40345834
32457770;32457772;15;40345835
32457770;32457807;19;41447212
32457771;32457764;4;42022629
32457772;32457712;36;40345870
32457772;32457770;15;40345836
32457772;32457783;40;41347483
32457775;32457734;226;40396830
32457775;32457780;12;40396833
32457775;32457921;162;40396892
32457778;32457683;62;40443495
32457780;32457356;226;40396902
32457780;32457761;225;40396831
32457780;32457775;12;40396834
32457780;32458096;171;40396905
32457783;32457772;40;41347484
32457783;32457801;87;41936993
32457784;32457658;66;40403695
32457784;32457742;47;40365244
32457784;32457859;91;40365247
32457787;32457517;179;41478365
32457790;32457818;66;40427017
32457793;32458117;170;41456232
32457798;32457025;505;40632137
32457798;32457814;22;41931805
32457798;32458071;139;41931807
32457799;32456686;539;41182413
32457799;32457125;579;40611016
32457799;32457125;395;40611003
32457801;32457730;45;41936997
32457801;32457783;87;41936994
32457801;32457851;186;41936824
32457806;32457845;67;40749696
32457807;32457770;19;41447211
32457808;32457714;51;40383809
32457808;32457896;50;40383812
32457808;32457920;201;40404305
32457809;32457810;251;39869143
32457809;32457811;54;39869144
32457810;32457737;37;41244062
32457810;32457809;251;39869142
32457810;32457893;225;39869147
32457810;32457911;66;41243991
32457811;32457607;95;41512522
32457811;32457809;54;39869145
32457811;32457910;57;41336598
32457814;32457798;22;41931806
32457816;32457720;53;40404391
32457816;32457905;52;40404394
32457816;32457918;171;40404384
32457818;32457704;74;40403043
32457818;32457790;66;40427016
32457818;32457961;88;40403046
32457822;32458205;226;40624633
32457824;32457756;53;40488247
32457830;32457698;71;41352097
32457830;32457836;317;41932090
32457830;32458336;260;40404412
32457835;32457717;197;41932088
32457835;32457836;8;41932091
32457835;32457920;53;40404307
32457836;32457670;78;41260937
32457836;32457830;317;41932089
32457836;32457835;8;41932092
32457838;32457720;169;40404381
32457838;32457738;52;40383833
32457838;32457918;52;40383836
32457845;32457806;67;40749695
32457845;32458069;119;40749694
32457848;32458132;149;41456224
32457849;32456803;499;41906824
32457849;32457617;668;41479054
32457849;32457853;40;41479057
32457851;32457662;94;41456218
32457851;32457801;186;41936825
32457851;32458011;82;40586592
32457851;32458093;220;41456214
32457853;32457849;40;41479056
32457853;32458055;101;40403580
32457854;32457966;72;40395707
32457859;32457784;91;40365246
32457859;32457885;34;40365249
32457859;32458003;84;40365257
32457862;32458066;130;41244024
32457869;32457919;152;40570955
32457871;32457917;120;40345875
32457878;32457724;130;40702998
32457885;32457739;222;40365260
32457885;32457859;34;40365248
32457885;32457967;103;40365251
32457886;32457431;225;41940034
32457886;32457960;39;41945539
32457887;32457631;419;40624220
32457887;32458026;75;40624225
32457887;32458554;395;40624603
32457892;32457916;31;42022640
32457893;32457810;225;39869146
32457893;32458063;88;40395531
32457893;32458096;175;39869149
32457894;32457731;88;41390300
32457896;32457808;50;40383811
32457896;32458009;171;40404300
32457896;32458015;59;40383814
32457900;32457942;28;42022643
32457904;32457619;160;40679664
32457904;32457625;138;40679672
32457904;32457923;23;40679665
32457905;32457816;52;40404393
32457905;32458027;171;40404386
32457905;32458181;137;40404396
32457909;32457921;66;41391694
32457910;32457811;57;41336599
32457910;32457966;33;40395696
32457910;32458086;97;41336600
32457911;32457810;66;41243992
32457911;32457953;26;41243993
32457911;32457956;38;40396998
32457916;32457892;31;42022639
32457916;32457922;23;42022642
32457916;32457932;12;42022632
32457917;32457871;120;40345876
32457917;32458011;187;40345877
32457917;32458207;139;40679693
32457918;32457816;171;40404383
32457918;32457838;52;40383835
32457918;32458027;53;40383838
32457919;32457869;152;40570954
32457919;32457964;111;40570957
32457919;32458018;120;40570948
32457920;32457808;201;40404306
32457920;32457835;53;40404308
32457920;32458195;135;40404309
32457921;32457775;162;40396893
32457921;32457909;66;41391693
32457921;32458065;68;40396894
32457922;32457916;23;42022641
32457922;32457950;17;42022638
32457923;32457628;150;40679674
32457923;32457904;23;40679666
32457923;32457994;60;40679667
32457926;32457763;118;40748523
32457926;32458110;110;40882745
32457926;32458430;258;40365238
32457927;32457362;281;40677424
32457927;32457605;191;40677435
32457927;32458054;104;40677438
32457928;32457756;93;40748505
32457928;32457971;25;41379088
32457932;32457916;12;42022631
32457932;32457955;8;42022636
32457936;32457706;124;40396929
32457936;32457939;67;40396933
32457936;32458014;32;40396930
32457939;32457719;119;40396914
32457939;32457936;67;40396932
32457939;32458172;108;40396917
32457942;32457900;28;42022644
32457942;32457961;11;42022648
32457942;32458006;31;42022645
32457946;32457476;236;40345862
32457946;32457954;90;40849951
32457946;32458089;67;40345863
32457947;32458022;32;40403062
32457949;32457694;160;40679661
32457949;32457697;133;40679683
32457949;32457994;19;40679686
32457950;32457922;17;42022637
32457950;32457965;4;40443489
32457951;32457977;28;42022634
32457953;32457911;26;41243994
32457953;32458237;175;40397000
32457953;32458237;137;41243995
32457954;32457946;90;40849952
32457955;32457932;8;42022635
32457955;32457977;8;40427013
32457956;32457911;38;40396999
32457960;32457886;39;41945540
32457960;32458163;99;41945537
32457961;32457818;88;40403045
32457961;32457942;11;42022647
32457961;32458029;37;40403048
32457963;32457894;34;41379087
32457963;32457970;13;41379080
32457964;32457919;111;40570956
32457964;32457985;75;40570959
32457964;32458018;26;40570950
32457965;32457950;4;40443488
32457965;32458000;24;40427008
32457965;32458012;25;40443491
32457966;32457854;72;40395708
32457966;32457910;33;40395695
32457966;32458050;49;40395709
32457966;32458118;94;40395698
32457967;32457739;149;39869848
32457967;32457885;103;40365250
32457967;32458087;232;39869851
32457970;32458030;30;41379086
32457971;32457963;8;41379081
32457973;32457592;182;40396846
32457973;32457983;72;41599775
32457976;32458177;97;40677462
32457977;32457951;28;42022633
32457977;32457955;8;40427012
32457977;32458000;25;40427015
32457983;32457973;72;41599776
32457983;32458007;95;41599777
32457983;32458166;88;40396836
32457985;32457964;75;40570958
32457985;32458047;85;41838986
32457994;32457923;60;40679668
32457994;32457949;19;40679685
32457994;32458093;47;40679688
32457995;32457509;278;40193898
32457995;32458040;37;41478359
32457995;32458074;39;40193899
32457998;32457928;33;41379095
32457998;32457971;15;41379082
32458000;32457965;24;40427009
32458000;32457977;25;40427014
32458000;32458020;9;40427010
32458003;32457742;158;40365240
32458003;32457859;84;40365256
32458003;32458110;57;40365259
32458006;32457942;31;42022646
32458007;32457983;95;41599778
32458007;32458186;87;41599769
32458009;32457896;171;40404299
32458011;32457851;82;40586591
32458011;32457917;187;40345878
32458011;32458123;56;40586594
32458012;32457965;25;40443490
32458012;32458151;76;40403042
32458014;32457936;32;40396931
32458015;32457896;59;40383813
32458015;32458106;171;40404302
32458015;32458128;58;40383816
32458018;32457919;120;40570949
32458018;32457964;26;40570951
32458018;32458254;118;40570952
32458020;32458000;9;40427011
32458022;32457947;32;40403061
32458022;32458035;20;40403065
32458022;32458116;47;40403064
32458025;32458029;4;40193903
32458025;32458185;79;40403040
32458025;32458218;304;40193902
32458026;32457887;75;40624224
32458027;32457905;171;40404385
32458027;32457918;53;40383837
32458027;32458119;48;40383840
32458029;32457961;37;40403047
32458029;32458025;4;40193904
32458029;32458031;4;40193905
32458030;32458051;13;41379089
32458030;32458068;31;41379094
32458031;32458029;4;40193906
32458031;32458151;169;41732631
32458035;32458022;20;40403066
32458040;32457995;37;41478358
32458041;32457581;222;41865577
32458041;32458054;263;40677429
32458041;32458322;139;41865578
32458045;32457998;22;41379083
32458047;32457985;85;41838985
32458047;32458055;76;41329653
32458047;32458702;298;40403559
32458050;32457966;49;40395710
32458051;32458052;8;41379085
32458052;32458045;11;41379084
32458052;32458103;29;41379079
32458054;32457927;104;40677437
32458054;32458041;263;40677430
32458054;32458322;295;40677440
32458055;32457853;101;40403579
32458055;32458047;76;41329652
32458055;32458070;141;41329655
32458063;32457893;88;40395532
32458065;32457921;68;40396895
32458065;32458124;118;40889191
32458065;32458157;114;40396897
32458066;32457862;130;41244023
32458066;32458085;51;40396971
32458066;32458129;36;41244026
32458067;32458262;185;40612845
32458067;32458310;125;40612858
32458068;32458051;33;41379092
32458068;32458116;69;41379091
32458069;32457845;119;40749693
32458069;32458178;53;40749698
32458070;32458055;141;41329654
32458070;32458074;18;41329657
32458070;32458275;99;40403557
32458071;32457798;139;41931808
32458074;32457995;39;40193900
32458074;32458070;18;41329656
32458074;32458082;22;40193910
32458078;32458279;191;41204229
32458082;32458074;22;40193909
32458082;32458088;82;40193912
32458082;32458289;102;40403577
32458085;32458066;51;40396972
32458086;32457910;97;41336601
32458086;32458097;99;40400475
32458086;32458194;62;41336602
32458087;32457620;542;41349267
32458087;32457967;232;39869850
32458087;32458290;148;40909871
32458088;32457590;279;41333123
32458088;32458082;82;40193911
32458088;32458092;134;40193914
32458089;32457946;67;40345864
32458089;32458100;150;41456227
32458089;32458233;67;40345865
32458092;32458088;134;40193913
32458092;32458094;29;40193908
32458093;32457851;220;41456215
32458093;32457994;47;40679687
32458093;32458233;113;41456216
32458094;32458092;29;40193907
32458094;32458151;136;41732630
32458096;32457780;171;40396904
32458096;32457893;175;39869148
32458096;32458729;357;41349270
32458096;32458799;338;40395519
32458097;32458086;99;40400476
32458100;32458089;150;41456226
32458100;32458109;118;41456229
32458100;32458109;313;41456236
32458103;32458045;30;41379093
32458103;32458242;72;40748531
32458105;32457493;383;40303185
32458106;32458015;171;40404301
32458109;32458100;313;41456237
32458109;32458100;118;41456228
32458109;32458117;41;41456231
32458110;32457926;110;40882744
32458110;32458003;57;40365258
32458110;32458348;120;40882747
32458116;32458022;47;40403063
32458116;32458068;69;41379090
32458116;32458171;105;41286836
32458117;32457793;170;41456233
32458117;32458109;41;41456230
32458117;32458132;58;41456234
32458118;32457966;94;40395697
32458118;32458245;77;40395700
32458118;32458299;149;40395705
32458119;32458027;48;40383839
32458119;32458197;127;40404313
32458119;32458618;218;40383842
32458120;32457493;404;41916183
32458123;32458011;56;40586593
32458123;32458270;96;40345828
32458123;32458418;144;40345831
32458124;32458065;118;40889192
32458128;32458015;58;40383815
32458128;32458208;163;40404304
32458128;32458261;67;40383818
32458129;32458066;36;41244025
32458129;32458245;92;40395691
32458132;32457848;149;41456225
32458132;32458117;58;41456235
32458132;32458201;124;41456238
32458133;32458207;122;40345872
32458136;32458160;96;40628988
32458138;32458271;99;40303182
32458142;32456684;769;41290552
32458142;32458152;4;41916187
32458142;32458285;117;41916188
32458151;32458012;76;40403041
32458151;32458031;169;41732632
32458151;32458094;136;41732629
32458151;32458198;18;40193915
32458152;32458142;4;41916186
32458152;32458284;63;41916185
32458154;32458361;257;40365255
32458157;32457734;214;40396934
32458157;32458065;114;40396896
32458157;32458172;83;39869138
32458160;32457442;712;40628986
32458160;32458136;96;40628987
32458160;32458308;338;40624331
32458163;32457960;99;41945538
32458163;32458346;91;41934740
32458163;32458346;89;41940029
32458163;32458346;91;41934741
32458164;32458179;53;41272844
32458166;32457983;88;40396835
32458166;32458168;255;39869137
32458166;32458186;96;41001073
32458166;32458490;152;40396838
32458168;32457675;242;40396884
32458168;32458166;255;39869136
32458168;32458172;124;39869141
32458171;32458116;105;41286837
32458171;32458211;56;41286838
32458171;32458672;244;41526022
32458172;32457939;108;40396916
32458172;32458157;83;39869139
32458172;32458168;124;39869140
32458172;32458395;105;40396919
32458177;32457976;97;40677461
32458177;32458334;78;40491541
32458177;32459900;1069;41865565
32458178;32458069;53;40749697
32458178;32458502;152;40749700
32458179;32458164;53;41272843
32458179;32458199;76;41272846
32458179;32458343;81;39869153
32458180;32458298;97;40624296
32458181;32457905;137;40404395
32458181;32458213;66;40404399
32458181;32458377;98;40404398
32458182;32458357;87;40612856
32458185;32458025;79;40403039
32458185;32458288;164;40443486
32458186;32458007;87;41599770
32458186;32458166;96;41001074
32458186;32458227;125;41001075
32458186;32458513;150;41599771
32458194;32458086;62;41336603
32458194;32458296;70;41336604
32458194;32458299;71;40303199
32458195;32457920;135;40404310
32458197;32457643;285;40404404
32458197;32458119;127;40404314
32458197;32458261;122;40404315
32458198;32458151;18;40193916
32458198;32458228;51;40193917
32458199;32458179;76;41272845
32458199;32458225;92;41272848
32458199;32458373;87;41001077
32458201;32458132;124;41456239
32458201;32458318;354;41746132
32458201;32458453;123;40665986
32458205;32457822;226;40624632
32458205;32459110;514;40624635
32458205;32459214;524;40624630
32458207;32457917;139;40679694
32458207;32458133;122;40345871
32458207;32458270;143;40345874
32458208;32458128;163;40404303
32458211;32458171;56;41286839
32458211;32458218;12;41286840
32458211;32458359;91;41526024
32458213;32458181;66;40404400
32458218;32458025;304;40193901
32458218;32458211;12;41286841
32458218;32458288;140;41329590
32458222;32458264;44;41280948
32458225;32458199;92;41272847
32458225;32458227;103;41272850
32458225;32458419;95;41001079
32458227;32457654;330;41599768
32458227;32458186;125;41001076
32458227;32458225;103;41272849
32458227;32458419;172;41272837
32458228;32458185;111;40443487
32458233;32458089;67;40345866
32458233;32458093;113;41456217
32458233;32458293;34;41347487
32458233;32458416;157;41931428
32458235;32457266;478;40612849
32458235;32458262;64;40612854
32458235;32458541;139;40612852
32458237;32457953;137;41243996
32458237;32457953;175;40397001
32458237;32458337;48;41243997
32458238;32458105;100;40303186
32458242;32458103;72;40748530
32458242;32458264;11;40748533
32458242;32458274;48;40403067
32458245;32458118;77;40395699
32458245;32458129;92;40395692
32458245;32458327;55;40395702
32458245;32458441;150;40395693
32458246;32458267;29;40225611
32458254;32458018;118;40570953
32458261;32458128;67;40383817
32458261;32458197;122;40404316
32458261;32458283;10;40383820
32458262;32458067;185;40612846
32458262;32458235;64;40612853
32458262;32458311;65;40612847
32458264;32458222;44;41280947
32458264;32458242;11;40748532
32458264;32458482;127;40748535
32458265;32458120;71;41916182
32458267;32457571;355;40411112
32458267;32458246;29;40225610
32458267;32458522;338;40225613
32458270;32458123;96;40345827
32458270;32458207;143;40345873
32458270;32458465;120;40345830
32458271;32458737;411;40303183
32458274;32458242;48;40403068
32458275;32458070;99;40403558
32458279;32458078;191;41204228
32458279;32458368;119;41204231
32458279;32458500;102;40396856
32458283;32458261;10;40383819
32458283;32458321;95;40404317
32458283;32458665;163;40383822
32458284;32458152;63;41916184
32458284;32458367;40;41182421
32458285;32458142;117;41916189
32458286;32457135;597;42045813
32458286;32458628;166;40628900
32458288;32458218;140;41329591
32458288;32458325;65;41329592
32458289;32458082;102;40403578
32458290;32458087;148;40909870
32458290;32458307;44;41349258
32458290;32458457;77;40909873
32458293;32458233;34;41347488
32458293;32458349;24;41347489
32458293;32458369;188;40665992
32458294;32458639;141;40404297
32458295;32458509;180;40365237
32458296;32458194;70;41336605
32458296;32458662;179;40569183
32458299;32458118;149;40395706
32458299;32458194;71;40303200
32458299;32458341;19;40303201
32458306;32457631;401;40624223
32458307;32458290;44;41349257
32458307;32458343;67;41349260
32458307;32458447;85;40909868
32458308;32457442;509;40063366
32458308;32458160;338;40624332
32458308;32458355;55;40624333
32458308;32458393;44;40063367
32458310;32458067;125;40612857
32458310;32458311;9;41613824
32458310;32458357;89;41613827
32458311;32458262;65;40612848
32458311;32458310;9;41613825
32458311;32458542;95;41613822
32458316;32458319;22;40665977
32458318;32458416;44;41746133
32458319;32458318;113;40665978
32458321;32458283;95;40404318
32458321;32458351;106;40404319
32458321;32458696;155;40404295
32458322;32458041;139;41865579
32458322;32458054;295;40677439
32458322;32458480;183;40677442
32458325;32458288;65;41329593
32458325;32458376;27;40691667
32458325;32458440;90;41329594
32458327;32458245;55;40395701
32458327;32458450;67;40395683
32458327;32458703;223;40395704
32458334;32458177;78;40491542
32458334;32458611;108;40491543
32458334;32458611;150;40677456
32458336;32457830;260;40404411
32458336;32458508;249;40403732
32458336;32458521;80;40404414
32458337;32458237;48;41243998
32458337;32458364;179;40945348
32458337;32458364;14;41243999
32458341;32458299;19;40303202
32458341;32458405;43;40395688
32458341;32458441;59;40303203
32458343;32458179;81;39869152
32458343;32458307;67;41349259
32458343;32458373;78;41349262
32458343;32458494;70;39869155
32458344;32458797;226;40445022
32458345;32458497;178;41945574
32458346;32458163;91;41934739
32458346;32458163;91;41934742
32458346;32458163;89;41940030
32458346;32458354;5;40194063
32458348;32458110;120;40882746
32458348;32458361;21;41809458
32458348;32458430;112;40294752
32458349;32458293;24;41347490
32458349;32458369;165;40665974
32458349;32458406;24;41347491
32458351;32458321;106;40404320
32458351;32458508;145;40403737
32458351;32458520;72;40403742
32458352;32457136;694;40303189
32458352;32458464;83;40303192
32458354;32458346;5;40194064
32458354;32458499;75;41392410
32458354;32458562;85;41512523
32458355;32458308;55;40624334
32458355;32458514;263;40629051
32458357;32458182;87;40612855
32458357;32458310;89;41613826
32458357;32458544;76;40612860
32458358;32457682;355;41945555
32458358;32458534;231;41945554
32458359;32458211;91;41526025
32458359;32458672;153;41526012
32458361;32458154;257;40365254
32458361;32458348;21;41809457
32458361;32458509;97;41809460
32458363;32458374;5;41799120
32458364;32458337;14;41244000
32458364;32458398;12;41244001
32458367;32458284;40;41182420
32458368;32458279;119;41204230
32458368;32458363;7;41799119
32458369;32458293;188;40665991
32458369;32458349;165;40665973
32458369;32458422;24;40665994
32458373;32458199;87;41001078
32458373;32458343;78;41349261
32458373;32458411;67;41272840
32458373;32458456;38;41349251
32458374;32458380;6;41799122
32458374;32458395;37;41204227
32458376;32458325;27;40691668
32458377;32458181;98;40404397
32458380;32458368;7;41799121
32458380;32458526;60;40396839
32458393;32458308;44;40063368
32458393;32458443;33;41916180
32458395;32458172;105;40396918
32458395;32458374;37;41204226
32458395;32458468;276;40396849
32458398;32458364;12;41244002
32458398;32458428;46;41244057
32458398;32458551;63;41244003
32458401;32458414;71;40063375
32458405;32458341;43;40395687
32458405;32458720;199;40395690
32458405;32458861;262;40395719
32458406;32458349;24;41347492
32458406;32458422;165;40665984
32458406;32458559;62;41347493
32458411;32458373;67;41272839
32458411;32458419;33;41272842
32458411;32458456;105;41169628
32458412;32458418;36;40345879
32458414;32458523;270;40063376
32458416;32458233;157;41931429
32458416;32458539;109;41931430
32458418;32458123;144;40345832
32458418;32458412;36;40345880
32458418;32458529;47;40586563
32458419;32458225;95;41001080
32458419;32458227;172;41272838
32458419;32458411;33;41272841
32458419;32458610;68;41001081
32458422;32458369;24;40665993
32458422;32458406;165;40665983
32458422;32458592;63;40665996
32458427;32458518;518;40063377
32458428;32458398;46;41244058
32458430;32457926;258;40365239
32458430;32458348;112;40294753
32458430;32458502;100;40748515
32458430;32458552;54;40748506
32458439;32458427;69;40063378
32458440;32458325;90;41329595
32458440;32458461;9;41386747
32458440;32458923;237;41329596
32458441;32458245;150;40395694
32458441;32458341;59;40303204
32458441;32458625;78;40303205
32458442;32458597;54;40365267
32458443;32458393;33;41916181
32458443;32458944;266;41916172
32458444;32458734;117;40403058
32458447;32458307;85;40909869
32458450;32458327;67;40395684
32458450;32458527;43;40395721
32458450;32458623;60;40395685
32458453;32458201;123;40665985
32458453;32458458;93;40665979
32458453;32458538;30;40665988
32458455;32458319;61;40665989
32458455;32458458;86;40665982
32458456;32458373;38;41349252
32458456;32458411;105;41169627
32458456;32458550;33;41349253
32458457;32458290;77;40909872
32458457;32458708;108;40909874
32458458;32458453;93;40665980
32458458;32458455;86;40665981
32458458;32458545;30;40665976
32458461;32458440;9;41386746
32458461;32458734;148;41280629
32458464;32458352;83;40303191
32458465;32458270;120;40345829
32458465;32458529;139;40410846
32458468;32458395;276;40396848
32458468;32458490;100;40396851
32458468;32458556;36;40396943
32458469;32458494;83;39869150
32458480;32458322;183;40677441
32458480;32458583;96;40677444
32458480;32458631;57;40677466
32458482;32458264;127;40748534
32458482;32458492;13;40748539
32458482;32458899;230;41526019
32458486;32458401;533;40624330
32458490;32458166;152;40396837
32458490;32458468;100;40396850
32458490;32458498;21;40396853
32458492;32458482;13;40748538
32458492;32458506;133;40748537
32458492;32458828;156;40365198
32458494;32458343;70;39869154
32458494;32458469;83;39869151
32458494;32458599;32;39869157
32458497;32457189;649;40393067
32458497;32457458;1182;41733189
32458497;32458345;178;41945573
32458497;32458511;15;41945566
32458498;32458490;21;40396852
32458498;32458513;76;40396855
32458498;32458694;75;40396941
32458499;32458546;49;41882119
32458500;32458279;102;40396857
32458501;32458686;72;40403054
32458502;32458178;152;40749699
32458502;32458430;100;40748516
32458502;32458506;15;40748517
32458504;32458520;39;41614509
32458506;32458492;133;40748536
32458506;32458502;15;40748518
32458506;32458669;155;40402254
32458506;32458841;144;40365227
32458507;32458552;61;40365208
32458508;32458336;249;40403733
32458508;32458351;145;40403736
32458508;32458627;141;40403734
32458508;32458676;75;40403739
32458509;32458295;180;40365236
32458509;32458361;97;41809459
32458509;32458671;109;41809462
32458511;32458497;15;41945565
32458511;32458517;8;41945564
32458513;32458186;150;41599772
32458513;32458498;76;40396854
32458513;32458883;161;41599773
32458514;32458355;263;40629052
32458514;32458604;30;41903048
32458517;32458511;8;41945563
32458517;32458528;11;41510456
32458518;32458576;71;40624335
32458520;32458351;72;40403743
32458520;32458504;39;41614508
32458520;32458627;34;40403744
32458521;32458336;80;40404413
32458521;32458676;211;40403730
32458521;32458834;133;40404416
32458522;32458267;338;40225612
32458523;32458811;592;40027519
32458526;32458380;60;40396840
32458526;32458548;55;40396955
32458526;32458763;103;40396841
32458527;32458450;43;40395722
32458528;32457130;685;41447652
32458528;32458517;11;41510455
32458528;32458677;77;41447653
32458529;32458418;47;40586564
32458529;32458465;139;40410845
32458532;32458539;67;40345882
32458532;32458559;164;40345883
32458534;32458358;231;41945553
32458535;32458486;71;40624329
32458537;32458538;11;41382001
32458537;32458545;84;41381998
32458537;32458885;152;40674902
32458538;32458453;30;40665987
32458538;32458537;11;41382000
32458538;32458541;202;41382003
32458539;32458416;109;41931431
32458539;32458532;67;40345881
32458539;32458540;15;41382007
32458540;32458455;30;40665990
32458540;32458539;15;41382006
32458540;32458545;85;41382009
32458541;32458235;139;40612851
32458541;32458538;202;41382002
32458541;32458542;67;41382011
32458542;32458311;95;41613823
32458542;32458541;67;41382010
32458542;32458544;100;41382005
32458544;32458357;76;40612859
32458544;32458542;100;41382004
32458544;32458546;8;41382013
32458545;32458458;30;40665975
32458545;32458537;84;41381999
32458545;32458540;85;41382008
32458546;32458544;8;41382012
32458546;32458557;75;41382015
32458546;32458704;125;41392408
32458548;32458526;55;40396956
32458548;32458692;62;41600945
32458550;32458456;33;41349254
32458550;32458610;107;40402250
32458550;32458759;91;41349255
32458551;32458398;63;41244004
32458551;32458590;15;41244005
32458551;32458590;148;40945349
32458552;32458430;54;40748507
32458552;32458507;61;40365209
32458552;32458581;56;40365210
32458554;32457887;395;40624604
32458556;32458468;36;40396944
32458556;32458614;97;40396935
32458556;32458670;47;40396945
32458557;32458546;75;41382014
32458557;32458562;12;41347486
32458559;32458406;62;41347494
32458559;32458532;164;40345884
32458559;32458568;29;40586585
32458559;32458754;82;41347495
32458561;32458740;79;40395607
32458562;32458354;85;41512524
32458562;32458557;12;41347485
32458562;32458569;17;41381997
32458562;32458704;60;41344870
32458563;32458439;282;40027518
32458568;32458559;29;40586586
32458568;32458592;133;40586587
32458568;32458688;139;40666002
32458569;32458562;17;41381996
32458569;32458577;37;41381995
32458571;32458671;53;40365273
32458576;32458622;47;40646255
32458577;32458569;37;41381994
32458577;32458584;33;41512528
32458581;32458552;56;40365211
32458581;32458597;68;40365212
32458581;32459066;254;40365265
32458583;32458480;96;40677443
32458583;32458631;85;40677463
32458583;32458775;149;40677446
32458584;32458354;147;41392407
32458584;32458577;33;41512527
32458584;32458587;2;40345838
32458587;32458584;2;40345837
32458587;32458618;78;40345840
32458587;32458894;139;41461428
32458590;32458551;15;41244006
32458590;32458617;6;41244007
32458592;32458422;63;40665995
32458592;32458568;133;40586588
32458592;32458600;52;40586589
32458592;32458685;43;40665998
32458597;32458442;54;40365266
32458597;32458581;68;40365213
32458597;32458803;119;40365269
32458599;32458494;32;39869156
32458599;32458605;8;40462240
32458599;32458722;96;39869159
32458600;32458529;95;41746134
32458600;32458592;52;40586590
32458604;32458514;30;41903049
32458604;32458673;69;41903046
32458605;32458599;8;40462241
32458610;32458419;68;41001082
32458610;32458550;107;40402251
32458610;32458633;96;40402252
32458610;32458782;82;41001083
32458611;32458334;150;40677455
32458611;32458334;108;40491544
32458611;32458746;63;40491545
32458614;32458556;97;40396936
32458614;32458661;114;40396937
32458614;32458670;154;40396950
32458617;32458590;6;41244008
32458618;32458119;218;40383841
32458618;32458587;78;40345839
32458618;32458639;128;40345842
32458622;32458719;101;40027514
32458622;32459036;494;40646256
32458623;32458450;60;40395686
32458625;32458441;78;40303206
32458625;32458733;60;40303207
32458625;32458892;184;40395765
32458627;32458508;141;40403735
32458627;32458520;34;40403745
32458627;32458736;52;40403746
32458628;32458286;166;40628899
32458628;32458648;27;42045809
32458628;32458660;259;40628902
32458631;32458480;57;40677465
32458631;32458583;85;40677464
32458631;32458682;26;40677468
32458632;32458744;118;41746135
32458633;32458610;96;40402253
32458633;32458641;37;41023459
32458633;32458713;37;40924858
32458639;32458294;141;40404298
32458639;32458618;128;40345841
32458639;32458665;115;40345844
32458639;32459222;306;40383887
32458641;32458633;37;41023460
32458642;32458646;21;41855096
32458644;32458129;279;41244027
32458644;32459198;336;41244029
32458646;32458198;200;40443483
32458646;32458642;21;41855095
32458648;32458628;27;42045808
32458660;32458628;259;40628901
32458660;32458846;139;42045811
32458660;32459285;431;40629727
32458661;32458614;114;40396938
32458661;32458829;85;40396939
32458662;32458296;179;40569184
32458662;32459101;227;40567930
32458665;32458283;163;40383821
32458665;32458639;115;40345843
32458665;32458696;105;40345846
32458665;32459023;171;40383824
32458669;32458506;155;40402255
32458669;32458917;155;40365222
32458669;32459167;261;40402256
32458670;32458556;47;40396946
32458670;32458614;154;40396949
32458670;32458937;128;40396947
32458671;32458509;109;41809461
32458671;32458571;53;40365272
32458671;32458679;6;41809464
32458672;32458171;244;41526023
32458672;32458359;153;41526013
32458672;32459042;379;41526014
32458673;32458604;69;41903047
32458676;32458508;75;40403738
32458676;32458521;211;40403731
32458676;32458780;50;40403741
32458677;32458528;77;41447654
32458679;32458671;6;41809463
32458679;32458801;112;41809466
32458679;32458803;102;40365270
32458682;32458631;26;40677467
32458682;32458971;292;40677449
32458682;32458971;129;40677470
32458685;32458592;43;40665997
32458685;32458688;48;40666003
32458685;32458744;24;40666000
32458686;32458501;72;40403053
32458686;32458764;55;40403052
32458686;32458810;57;40403056
32458688;32458568;139;40666001
32458688;32458685;48;40666004
32458688;32458744;71;41746138
32458692;32458548;62;41600946
32458694;32458498;75;40396942
32458696;32458321;155;40404296
32458696;32458665;105;40345845
32458696;32458698;3;40345848
32458698;32458696;3;40345847
32458698;32458728;77;40345850
32458698;32459041;169;40383871
32458702;32458047;298;40403560
32458702;32458725;95;41888563
32458702;32458743;71;40403601
32458702;32459313;384;40403561
32458703;32458327;223;40395703
32458703;32458644;60;41244032
32458703;32458835;72;40395728
32458704;32458562;60;41344871
32458704;32458760;27;41512525
32458708;32458747;21;41838901
32458711;32458238;428;40303198
32458712;32458713;6;41023462
32458713;32458633;37;40924859
32458713;32458712;6;41023461
32458713;32458826;53;40924860
32458719;32458856;111;40623945
32458719;32458972;136;40027515
32458720;32458405;199;40395689
32458720;32458861;83;40395714
32458722;32458599;96;39869158
32458724;32459130;247;41043381
32458725;32458702;95;41888562
32458728;32458698;77;40345849
32458728;32458736;29;40345852
32458728;32459058;168;40383882
32458729;32458096;357;41349269
32458729;32458753;14;40395613
32458729;32458830;131;41349272
32458733;32458625;60;40303208
32458733;32458848;69;40303209
32458733;32458892;187;40395715
32458734;32458444;117;40403057
32458734;32458461;148;41280628
32458734;32458836;62;41280631
32458736;32458627;52;40403747
32458736;32458728;29;40345851
32458736;32458780;171;40345854
32458739;32458886;71;41461372
32458740;32458561;79;40395608
32458740;32458753;92;40395609
32458740;32458799;71;40395612
32458743;32458702;71;40403602
32458744;32458632;118;41746136
32458744;32458685;24;40665999
32458744;32458688;71;41746137
32458746;32458611;63;40491546
32458746;32458775;35;40677447
32458746;32458916;81;40491547
32458747;32458790;26;41838902
32458747;32458801;44;40462242
32458753;32458729;14;40395614
32458753;32458740;92;40395610
32458753;32458889;71;40395615
32458754;32458559;82;41347496
32458759;32458550;91;41349256
32458759;32458772;81;41349273
32458759;32458793;70;41809456
32458760;32458584;123;41392409
32458760;32458704;27;41512526
32458760;32459014;121;41540872
32458763;32458526;103;40396842
32458763;32458778;78;40396953
32458763;32458830;34;40396843
32458764;32458646;54;40443484
32458764;32458686;55;40403051
32458765;32458904;66;40396952
32458769;32458850;51;40402281
32458771;32458836;33;40403060
32458772;32458759;81;41349274
32458772;32458781;32;41349275
32458772;32458838;33;41934381
32458775;32458583;149;40677445
32458775;32458746;35;40677448
32458775;32458916;78;40677431
32458778;32458763;78;40396954
32458779;32458457;151;41809469
32458779;32458790;8;41809450
32458780;32458676;50;40403740
32458780;32458736;171;40345853
32458780;32458786;18;40345856
32458781;32458772;32;41349276
32458781;32458782;2;41349277
32458781;32458867;52;41934393
32458782;32458610;82;41001084
32458782;32458781;2;41349278
32458782;32458826;105;41349279
32458786;32458780;18;40345855
32458786;32458834;176;40345858
32458786;32458930;67;40404405
32458787;32458535;311;40313505
32458790;32458819;16;41809451
32458793;32458759;70;41809455
32458793;32458779;24;41809449
32458797;32458344;226;40445021
32458797;32458955;458;40445024
32458797;32459043;139;40445035
32458799;32458096;338;40395520
32458799;32458740;71;40395611
32458801;32458679;112;41809465
32458801;32458819;40;41809468
32458801;32458823;12;40402258
32458803;32458597;119;40365268
32458803;32458679;102;40365271
32458803;32458850;23;40402277
32458810;32458686;57;40403055
32458819;32458801;40;41809467
32458819;32458845;26;41809453
32458823;32458801;12;40402259
32458823;32458837;8;40462243
32458823;32458967;70;40402260
32458826;32458713;53;40924861
32458826;32458782;105;41349280
32458826;32458883;142;41349281
32458826;32459006;85;40924862
32458828;32458492;156;40365199
32458828;32458841;34;40365200
32458828;32458962;74;40365215
32458828;32458964;62;41526004
32458829;32458661;85;40396940
32458830;32458729;131;41349271
32458830;32458763;34;40396844
32458830;32458877;161;41349284
32458830;32458909;40;40665028
32458832;32458793;18;41809452
32458834;32458521;133;40404415
32458834;32458786;176;40345857
32458834;32458840;3;39942721
32458835;32458703;72;40395727
32458835;32458948;82;40395760
32458835;32458957;60;40395730
32458836;32458734;62;41280630
32458836;32458771;33;40403059
32458836;32459103;206;41280633
32458837;32458823;8;40462244
32458838;32458772;33;41934382
32458838;32458882;159;40367451
32458840;32458834;3;39942720
32458840;32459162;172;39942723
32458840;32459958;1198;41461370
32458841;32458506;144;40365226
32458841;32458828;34;40365201
32458841;32458917;71;40365202
32458841;32458964;50;40365229
32458842;32458563;591;40027520
32458845;32458832;9;41809454
32458845;32458975;70;41838899
32458846;32458660;139;42045810
32458846;32458944;68;41198693
32458846;32459467;489;41198696
32458848;32458733;69;40303210
32458848;32459025;101;40303211
32458848;32459134;271;40395763
32458850;32458769;51;40402280
32458850;32458803;23;40402276
32458850;32458906;26;40402279
32458852;32458265;323;40624602
32458856;32458719;111;40623946
32458856;32458862;53;40623957
32458856;32458896;19;40623947
32458861;32458405;262;40395720
32458861;32458720;83;40395713
32458861;32458892;86;40395718
32458862;32458856;53;40623958
32458862;32458879;25;40623959
32458862;32458896;46;40623940
32458867;32458781;52;41934392
32458870;32458901;413;40676615
32458874;32459008;62;40395582
32458876;32458995;111;40624231
32458876;32459054;94;40624636
32458877;32458830;161;41349283
32458877;32458904;67;41349286
32458877;32459177;161;40395563
32458879;32458862;25;40623960
32458879;32458936;64;40623994
32458879;32458980;118;40623961
32458882;32458838;20;40367452
32458882;32458952;107;41934391
32458883;32458513;161;41599774
32458883;32458826;142;41349282
32458883;32458927;98;41349287
32458885;32458537;152;40674903
32458885;32458901;5;40674904
32458885;32458951;68;40676662
32458886;32458739;71;41461373
32458886;32458894;48;41461352
32458886;32459074;102;41461374
32458889;32458753;71;40395616
32458889;32458963;69;41204223
32458889;32459156;153;40395617
32458891;32458925;16;40665046
32458892;32458625;184;40395766
32458892;32458733;187;40395716
32458892;32458861;86;40395717
32458894;32458587;139;41461429
32458894;32458886;48;41461353
32458894;32459151;203;41461430
32458896;32458856;19;40623948
32458896;32458862;46;40623939
32458896;32458936;19;40623949
32458899;32458482;230;41526018
32458901;32458870;413;40676614
32458901;32458885;5;40674905
32458901;32459081;99;40674906
32458904;32458765;66;40396951
32458904;32458877;67;41349285
32458904;32458920;60;41349290
32458906;32458850;26;40402278
32458906;32458967;133;40402271
32458906;32459405;425;40402272
32458909;32458830;40;40665029
32458909;32458925;27;40909096
32458909;32458963;88;41204224
32458916;32458746;81;40491548
32458916;32458775;78;40677432
32458916;32459900;743;40491549
32458917;32458669;155;40365223
32458917;32458841;71;40365203
32458917;32459015;61;40365224
32458917;32459035;92;40365204
32458920;32458904;60;41349289
32458920;32458931;36;41349292
32458920;32459409;356;40395571
32458923;32458440;237;41329597
32458923;32459037;90;40365194
32458923;32459047;77;41329598
32458925;32458891;16;40665047
32458925;32458909;27;40909097
32458925;32459233;178;41204238
32458927;32458883;98;41349288
32458927;32458937;56;41349293
32458927;32459258;196;40395575
32458930;32458786;67;40404406
32458930;32458958;10;40404407
32458930;32459079;288;41461344
32458931;32458920;36;41349291
32458931;32458937;22;41349296
32458931;32459409;308;40395569
32458934;32458962;25;41526017
32458935;32458787;193;40027507
32458935;32459022;222;40623988
32458936;32458879;64;40623993
32458936;32458896;19;40623950
32458936;32458972;38;40623951
32458937;32458670;128;40396948
32458937;32458927;56;41349294
32458937;32458931;22;41349295
32458937;32459273;205;40395573
32458944;32458443;266;41916173
32458944;32458846;68;41198694
32458944;32458991;34;41916174
32458948;32458835;82;40395759
32458948;32459025;74;40395762
32458948;32459034;61;40395737
32458951;32458885;68;40676663
32458952;32458882;107;41934390
32458955;32458797;458;40445023
32458955;32458961;93;40445026
32458955;32459182;134;40445037
32458957;32458835;60;40395729
32458957;32459034;80;40395745
32458957;32459045;62;40395732
32458958;32458930;10;40404408
32458958;32459109;140;41461379
32458958;32459121;97;40404409
32458961;32458955;93;40445025
32458962;32458828;74;40365214
32458962;32458934;25;41526016
32458962;32459020;42;40365217
32458963;32458889;69;41204222
32458963;32458909;88;41204225
32458963;32459106;89;40665032
32458964;32458828;62;41526005
32458964;32458841;50;40365228
32458964;32459015;41;41526006
32458967;32458823;70;40402261
32458967;32458906;133;40402270
32458967;32459114;161;40402262
32458971;32458682;129;40677469
32458971;32458682;292;40677450
32458971;32458983;340;40676728
32458971;32459385;266;41865569
32458972;32458936;38;40623952
32458972;32458980;216;40027516
32458973;32459188;126;40395586
32458975;32458832;70;41838900
32458975;32459243;183;41336569
32458980;32458879;118;40623962
32458980;32459036;104;40027517
32458983;32458971;340;40676729
32458983;32459165;109;40676668
32458983;32459637;1354;40676667
32458985;32459099;78;40461452
32458986;32459186;450;40395624
32458991;32458944;34;41916175
32458991;32459458;425;41866896
32458991;32459535;456;41916176
32458995;32458876;111;40624230
32459000;32459125;75;40665040
32459004;32459040;61;41934388
32459006;32458826;85;40924863
32459006;32459008;64;40395577
32459006;32459040;22;40924864
32459007;32459008;50;40395580
32459008;32458874;62;40395581
32459008;32459006;64;40395578
32459008;32459007;50;40395579
32459011;32459081;89;40676627
32459014;32458760;121;41540873
32459014;32459315;191;41945541
32459015;32458917;61;40365225
32459015;32458964;41;41526007
32459015;32459119;94;41526008
32459020;32458962;42;40365216
32459020;32459027;58;41526021
32459020;32459042;29;40365219
32459022;32458935;222;40623987
32459023;32458665;171;40383823
32459023;32459041;100;40383875
32459023;32459208;116;40383826
32459025;32458848;101;40303212
32459025;32458948;74;40395761
32459025;32459095;198;40395758
32459025;32459111;60;40303213
32459027;32459020;58;41526020
32459034;32458948;61;40395738
32459034;32458957;80;40395746
32459034;32459111;78;40395747
32459034;32459117;55;40395739
32459035;32458917;92;40365205
32459035;32459119;61;41023463
32459035;32459167;98;40365206
32459036;32460380;1089;40646257
32459037;32458923;90;40365195
32459037;32459113;70;41406041
32459037;32459113;75;41406040
32459040;32459004;61;41934387
32459040;32459006;22;40924865
32459040;32459175;78;40924866
32459041;32458698;169;40383872
32459041;32459023;100;40383876
32459041;32459058;77;40383877
32459041;32459228;113;40383873
32459042;32458672;379;41526015
32459042;32459020;29;40365218
32459042;32459049;6;40365221
32459043;32458797;139;40445036
32459045;32458957;62;40395731
32459045;32459117;76;40395723
32459045;32459132;60;40395734
32459046;32458935;119;40027508
32459047;32458764;162;40443485
32459047;32458923;77;41329599
32459047;32459288;173;41329600
32459049;32459042;6;40365220
32459054;32458876;94;40624637
32459058;32458728;168;40383881
32459058;32459041;77;40383878
32459058;32459064;36;40383879
32459061;32459084;15;40461446
32459064;32459058;36;40383880
32459066;32458581;254;40365264
32459066;32459254;195;40748509
32459073;32459075;5;40404362
32459074;32458886;102;41461375
32459075;32459073;5;40404361
32459075;32459079;15;40404364
32459075;32459253;112;41461448
32459078;32459204;99;41934375
32459079;32458930;288;41461345
32459079;32459075;15;40404363
32459079;32459109;98;40404366
32459081;32458901;99;40674907
32459081;32459011;89;40676626
32459081;32459143;34;40674908
32459084;32459061;15;40461445
32459084;32459099;26;40461448
32459084;32459171;60;40461449
32459095;32459025;198;40395757
32459099;32458985;78;40461451
32459099;32459084;26;40461447
32459099;32459114;19;40461454
32459101;32458662;227;40567931
32459101;32459112;132;40624614
32459101;32459429;226;40567932
32459103;32458836;206;41280632
32459103;32459192;48;40569670
32459103;32459475;285;41280635
32459106;32458963;89;40665033
32459106;32459125;45;40665030
32459106;32459186;46;40665034
32459109;32458958;140;41461378
32459109;32459079;98;40404365
32459109;32459121;46;40404368
32459110;32458205;514;40624634
32459110;32459112;43;40624621
32459110;32459214;79;40624622
32459111;32459025;60;40303214
32459111;32459034;78;40395748
32459111;32459189;51;40303215
32459112;32459101;132;40624615
32459112;32459110;43;40624620
32459113;32459037;70;41406042
32459113;32459037;75;41406039
32459114;32458967;161;40402263
32459114;32459099;19;40461453
32459114;32459159;36;40402264
32459117;32459034;55;40395740
32459117;32459045;76;40395724
32459117;32459189;81;40395725
32459117;32459201;61;40395741
32459119;32459015;94;41526009
32459119;32459035;61;41023464
32459119;32459147;29;41526010
32459121;32458958;97;40404410
32459121;32459109;46;40404367
32459121;32459162;177;40404370
32459125;32459000;75;40665041
32459125;32459106;45;40665031
32459125;32459183;34;40665042
32459130;32458724;247;41043380
32459132;32459045;60;40395733
32459132;32459201;77;40395749
32459132;32459282;114;40395736
32459133;32459170;21;41934383
32459134;32458848;271;40395764
32459143;32459081;34;40674909
32459143;32459146;50;40676644
32459143;32459612;324;40674910
32459146;32459143;50;40676645
32459146;32459154;68;40676646
32459146;32459436;233;40676686
32459147;32459119;29;41526011
32459150;32459175;108;40395522
32459151;32458894;203;41461431
32459154;32459146;68;40676647
32459156;32458889;153;40395618
32459156;32459179;11;40395619
32459156;32459186;65;40395625
32459159;32459114;36;40402265
32459159;32459171;37;40402266
32459159;32459405;208;40402275
32459161;32459196;43;41934394
32459162;32458840;172;39942722
32459162;32459121;177;40404369
32459162;32459463;216;39942725
32459165;32458983;109;40676669
32459165;32459332;147;40677472
32459165;32459332;107;40676670
32459167;32458669;261;40402257
32459167;32459035;98;40365207
32459167;32459254;70;40748541
32459170;32459133;21;41934384
32459170;32459172;14;41934377
32459170;32459213;29;41934385
32459171;32459084;60;40461450
32459171;32459159;37;40402267
32459171;32459240;81;40402268
32459172;32459170;14;41934378
32459172;32459209;38;41934398
32459172;32459209;72;41934397
32459175;32459040;78;40924867
32459175;32459150;108;40395521
32459175;32459204;84;40395524
32459177;32458877;161;40395564
32459177;32459188;70;40395583
32459177;32459358;118;40395565
32459179;32459156;11;40395620
32459180;32459182;16;40676617
32459182;32458955;134;40445038
32459182;32459180;16;40676616
32459182;32459190;93;40676619
32459182;32459451;193;40445039
32459183;32459125;34;40665043
32459186;32458986;450;40395623
32459186;32459106;46;40665035
32459186;32459156;65;40395626
32459188;32458973;126;40395585
32459188;32459177;70;40395584
32459189;32459111;51;40303216
32459189;32459117;81;40395726
32459189;32459260;61;40303217
32459190;32459182;93;40676618
32459192;32459103;48;40569671
32459196;32459197;4;41934395
32459196;32459218;18;41934380
32459197;32459161;31;41934389
32459198;32458644;336;41244028
32459198;32459282;104;40395508
32459198;32459286;76;41204243
32459199;32459328;288;41461342
32459201;32459117;61;40395742
32459201;32459132;77;40395750
32459201;32459223;31;40395751
32459201;32459359;119;40395743
32459204;32459078;99;41934376
32459204;32459175;84;40395523
32459204;32459218;29;40395526
32459204;32459336;84;39869174
32459208;32459023;116;40383825
32459208;32459228;73;40383884
32459208;32459304;58;40383828
32459209;32459172;72;41934396
32459209;32459172;38;41934399
32459211;32459447;168;40676659
32459213;32459170;29;41934386
32459214;32458205;524;40624631
32459214;32459110;79;40624623
32459214;32459688;341;40624624
32459218;32459196;18;41934379
32459218;32459204;29;40395525
32459218;32459243;68;40395528
32459222;32458639;306;40383888
32459222;32459345;81;40383889
32459222;32459346;81;41461385
32459223;32459201;31;40395752
32459223;32459260;51;40395753
32459223;32459377;121;40395756
32459227;32459607;273;40676609
32459228;32459041;113;40383874
32459228;32459208;73;40383883
32459228;32459249;113;40383886
32459233;32458925;178;41204239
32459240;32459171;81;40402269
32459240;32459243;5;40296433
32459243;32458975;183;41336568
32459243;32459218;68;40395527
32459243;32459240;5;40296434
32459243;32459355;75;41336571
32459249;32459228;113;40383885
32459253;32459075;112;41461449
32459253;32459294;186;41461404
32459253;32459294;23;41461450
32459254;32459066;195;40748508
32459254;32459167;70;40748542
32459258;32458927;196;40395576
32459260;32459189;61;40303218
32459260;32459223;51;40395754
32459260;32459377;150;40303219
32459269;32459295;71;41461387
32459273;32458937;205;40395574
32459276;32459311;25;40871661
32459280;32459370;65;40403591
32459282;32459132;114;40395735
32459282;32459198;104;40395507
32459282;32459359;78;41244033
32459285;32458660;431;40629728
32459286;32459198;76;41204242
32459286;32459347;69;40395501
32459286;32459397;102;41204245
32459288;32459047;173;41329601
32459288;32459469;158;41424578
32459291;32459534;304;40748546
32459294;32459253;186;41461405
32459294;32459253;23;41461451
32459294;32459327;24;41461452
32459295;32459269;71;41461386
32459295;32459302;44;41461389
32459295;32459400;80;41461355
32459296;32459498;307;40395621
32459298;32459455;164;40624610
32459299;32459365;115;41461455
32459302;32459295;44;41461388
32459304;32459208;58;40383827
32459304;32459363;41;41461363
32459311;32459276;25;40871662
32459311;32459348;46;40871660
32459311;32459381;61;40871663
32459313;32458702;384;40403562
32459313;32459393;88;40403563
32459313;32459980;455;40403573
32459315;32459014;191;41945542
32459315;32461316;1108;40729793
32459318;32459393;81;40403582
32459320;32459467;147;40628896
32459325;32459539;159;41461402
32459327;32459294;24;41461453
32459328;32459199;288;41461343
32459332;32459165;147;40677471
32459332;32459165;107;40676671
32459332;32459395;50;40676672
32459334;32459358;70;40395590
32459336;32459204;84;39869175
32459336;32459355;90;39869181
32459336;32459408;57;39869176
32459340;32459366;89;40403586
32459344;32459475;112;40364931
32459345;32459222;81;40383890
32459345;32459363;118;41461459
32459345;32459504;120;40383891
32459346;32459222;81;41461384
32459346;32459581;335;41461425
32459346;32459581;335;41461422
32459347;32459286;69;40395502
32459347;32459373;37;40395503
32459347;32459461;113;40395599
32459348;32459311;46;40871659
32459355;32459243;75;41336570
32459355;32459336;90;39869182
32459355;32459413;51;41336573
32459358;32459177;118;40395566
32459358;32459334;70;40395589
32459358;32459428;61;40395567
32459359;32459201;119;40395744
32459359;32459282;78;41244034
32459359;32459378;28;41244035
32459363;32459304;41;41461362
32459363;32459345;118;41461458
32459363;32459504;517;41461461
32459365;32459299;115;41461454
32459365;32459388;76;41461435
32459365;32459388;72;41461457
32459366;32459340;89;40403585
32459366;32459370;14;40403588
32459366;32459528;126;40403583
32459368;32459394;61;41461409
32459370;32459280;65;40403592
32459370;32459366;14;40403587
32459370;32459410;130;40403590
32459373;32459347;37;40395504
32459373;32459435;65;40395505
32459373;32459461;121;40395494
32459377;32459223;121;40395755
32459377;32459260;150;40303220
32459377;32459378;13;40303221
32459378;32459359;28;41244036
32459378;32459377;13;40303222
32459378;32459435;88;40303223
32459378;32459880;637;40395711
32459381;32459311;61;40871664
32459381;32459429;199;40871666
32459385;32458971;266;41865568
32459385;32459395;339;41865574
32459385;32459701;223;40676759
32459388;32459365;72;41461456
32459388;32459365;76;41461434
32459388;32459423;33;41461437
32459393;32459313;88;40403564
32459393;32459318;81;40403581
32459393;32459410;19;40403565
32459394;32459368;61;41461408
32459394;32459400;12;41461411
32459394;32459973;434;41461432
32459395;32459332;50;40676673
32459395;32459385;339;41865575
32459395;32459715;223;40676674
32459397;32459286;102;41204244
32459397;32459461;75;40395603
32459397;32459484;100;41204247
32459400;32459295;80;41461354
32459400;32459394;12;41461410
32459400;32459423;50;41461413
32459401;32459413;47;40461443
32459401;32459438;91;40395537
32459405;32458906;425;40402273
32459405;32459159;208;40402274
32459405;32459567;125;40402282
32459406;32459509;93;40395540
32459408;32459336;57;39869177
32459408;32459483;201;40395529
32459408;32459520;78;41021343
32459409;32458920;356;40395572
32459409;32458931;308;40395570
32459410;32459370;130;40403589
32459410;32459393;19;40403566
32459410;32459912;336;40403567
32459413;32459355;51;41336572
32459413;32459401;47;40461444
32459413;32459642;161;41336575
32459423;32459388;33;41461436
32459423;32459400;50;41461412
32459423;32459463;85;41461415
32459428;32459358;61;40395568
32459429;32459101;226;40567933
32459429;32459381;199;40871665
32459429;32459880;300;40567934
32459431;32458787;664;40313506
32459435;32459373;65;40395506
32459435;32459378;88;40303224
32459435;32459536;127;40303225
32459436;32459146;233;40676687
32459438;32459401;91;40395538
32459439;32459509;76;39869132
32459447;32459211;168;40676658
32459447;32459451;218;40445030
32459447;32459559;406;40445027
32459451;32459182;193;40445040
32459451;32459447;218;40445029
32459451;32459454;92;40445032
32459454;32459451;92;40445031
32459455;32459298;164;40624611
32459458;32458991;425;41866897
32459458;32459933;398;40629725
32459461;32459347;113;40395600
32459461;32459373;121;40395493
32459461;32459397;75;40395604
32459461;32459536;59;40395605
32459461;32459565;122;40395496
32459463;32459162;216;39942724
32459463;32459423;85;41461414
32459463;32459476;7;39942727
32459467;32458846;489;41198695
32459467;32459320;147;40628895
32459467;32459535;69;40628898
32459469;32459288;158;41424579
32459469;32460052;459;41424584
32459475;32459103;285;41280634
32459475;32459344;112;40364932
32459475;32459902;307;41280637
32459476;32459463;7;39942726
32459476;32459515;27;39942729
32459476;32459531;41;41461394
32459483;32459408;201;40395530
32459483;32459490;81;40578608
32459483;32459606;85;40395587
32459484;32459397;100;41204246
32459484;32459565;67;40395595
32459484;32459582;151;41204249
32459485;32460266;763;41220748
32459490;32459483;81;40578609
32459491;32459564;274;40624599
32459496;32459615;181;40395592
32459498;32459296;307;40395622
32459498;32459726;161;41204240
32459504;32459345;120;40383892
32459504;32459363;517;41461460
32459504;32459556;33;40383893
32459509;32459406;93;40395539
32459509;32459439;76;39869133
32459509;32459511;13;39869134
32459509;32459562;36;40395542
32459511;32459509;13;39869135
32459515;32459476;27;39942728
32459515;32459531;23;41461358
32459515;32460401;545;39942731
32459517;32459712;146;40676625
32459517;32459712;376;40676622
32459520;32459408;78;41021342
32459520;32459573;123;41021345
32459520;32459641;116;42046224
32459528;32459366;126;40403584
32459531;32459476;41;41461395
32459531;32459515;23;41461359
32459531;32460099;536;41461396
32459532;32459591;44;40623954
32459534;32459291;304;40748545
32459534;32459543;12;40748548
32459534;32459576;49;40665038
32459535;32458991;456;41916177
32459535;32459467;69;40628897
32459535;32459597;57;41916178
32459536;32459435;127;40303226
32459536;32459461;59;40395606
32459536;32459558;26;40303227
32459539;32459325;159;41461403
32459543;32459534;12;40748547
32459543;32460126;394;40748520
32459548;32459695;185;40676640
32459552;32459576;101;40748511
32459552;32459609;251;40748512
32459552;32460126;795;40665044
32459556;32459504;33;40383894
32459556;32459579;16;40383895
32459556;32459617;79;41461426
32459558;32459536;26;40303228
32459558;32459626;93;40303229
32459558;32459681;125;40395499
32459559;32459447;406;40445028
32459559;32459637;79;40445033
32459559;32459702;251;40676660
32459562;32459509;36;40395541
32459564;32459491;274;40624598
32459564;32459688;335;40624601
32459564;32460394;559;40624612
32459565;32459461;122;40395495
32459565;32459484;67;40395596
32459565;32459626;57;40395597
32459565;32459665;156;40395601
32459565;32459725;157;40395498
32459567;32459405;125;40402283
32459572;32459710;138;40677426
32459573;32459520;123;41021344
32459573;32459600;40;41021361
32459573;32459619;35;41021347
32459576;32459534;49;40665039
32459576;32459552;101;40748510
32459579;32459556;16;40383896
32459579;32459853;215;41461468
32459579;32460011;266;40383897
32459580;32459804;230;40676611
32459581;32459346;335;41461424
32459581;32459346;335;41461423
32459582;32459484;151;41204248
32459582;32459665;67;40395557
32459582;32459726;215;41204251
32459591;32459532;44;40623953
32459591;32459663;138;40623943
32459591;32459711;123;40623956
32459597;32459535;57;41916179
32459597;32459723;148;40586669
32459600;32459573;40;41021362
32459600;32459606;46;39869169
32459600;32459619;36;39869166
32459601;32459663;161;40628888
32459606;32459483;85;40395588
32459606;32459600;46;39869168
32459606;32459615;172;39869171
32459607;32459227;273;40676608
32459607;32459612;165;40676683
32459607;32459804;145;40676680
32459609;32459552;251;40748513
32459612;32459143;324;40674911
32459612;32459607;165;40676682
32459612;32459774;110;40674912
32459615;32459496;181;40395591
32459615;32459606;172;39869170
32459615;32459677;47;40395594
32459617;32459556;79;41461427
32459619;32459573;35;41021346
32459619;32459600;36;39869167
32459619;32459755;102;39869172
32459624;32459902;241;40569673
32459626;32459558;93;40303230
32459626;32459565;57;40395598
32459626;32459743;98;40303231
32459637;32458983;1354;40676666
32459637;32459559;79;40445034
32459637;32460013;480;40676677
32459641;32459520;116;42046223
32459642;32459413;161;41336574
32459642;32459683;68;40586607
32459642;32459713;46;40443511
32459663;32459591;138;40623944
32459663;32459601;161;40628887
32459663;32459711;130;40628890
32459665;32459565;156;40395602
32459665;32459582;67;40395558
32459665;32459725;53;40395559
32459673;32459774;148;40676607
32459677;32459615;47;40395593
32459678;32459795;77;40628894
32459679;32459713;47;40457330
32459680;32459837;217;40677428
32459681;32459558;125;40395500
32459683;32459642;68;40586608
32459683;32459729;69;40586609
32459683;32459878;123;40395533
32459688;32459214;341;40624625
32459688;32459564;335;40624600
32459688;32460623;554;40624626
32459692;32459712;124;40676639
32459695;32459548;185;40676641
32459695;32459697;80;40676650
32459695;32459702;297;40676649
32459695;32459892;115;40676642
32459697;32459695;80;40676651
32459701;32459385;223;40676758
32459701;32459710;7;40676761
32459701;32459715;338;40676716
32459702;32459559;251;40676661
32459702;32459695;297;40676648
32459702;32460013;187;40676653
32459710;32459572;138;40677425
32459710;32459701;7;40676760
32459710;32459837;77;40676763
32459711;32459591;123;40623955
32459711;32459663;130;40628889
32459711;32459847;82;40623938
32459712;32459517;146;40676624
32459712;32459517;376;40676623
32459712;32459692;124;40676638
32459713;32459642;46;40443510
32459713;32459679;47;40457329
32459713;32459823;71;40443513
32459715;32459395;223;40676675
32459715;32459701;338;40676717
32459715;32460161;640;40676678
32459723;32459597;148;40586670
32459723;32459737;11;40586671
32459723;32459933;168;40628905
32459725;32459565;157;40395497
32459725;32459665;53;40395560
32459725;32459808;68;40395561
32459726;32459498;161;41204241
32459726;32459582;215;41204250
32459726;32459939;162;40395510
32459729;32459683;69;40586610
32459729;32459755;28;40586611
32459729;32459859;83;41021349
32459730;32459817;54;40457328
32459737;32459723;11;40586672
32459737;32459778;116;40586673
32459737;32459806;50;40628903
32459743;32459626;98;40303232
32459743;32459808;57;40303233
32459743;32460045;345;40395491
32459745;32459817;90;40457324
32459755;32459619;102;39869173
32459755;32459729;28;40586612
32459755;32459856;140;40586613
32459763;32459795;69;40848550
32459763;32460443;605;40623965
32459769;32459778;258;40586676
32459769;32459781;55;40586677
32459769;32459894;67;40628885
32459774;32459612;110;40674913
32459774;32459673;148;40676606
32459774;32459814;25;40674914
32459778;32459737;116;40586674
32459778;32459769;258;40586675
32459778;32459871;63;40629723
32459781;32459769;55;40586678
32459781;32459818;121;40586679
32459781;32459919;71;40628891
32459785;32460225;273;41043378
32459793;32460021;171;40676598
32459795;32459678;77;40628893
32459795;32459763;69;40848549
32459795;32459831;64;40848552
32459804;32459580;230;40676610
32459804;32459607;145;40676681
32459804;32459814;188;40676613
32459804;32459905;50;40676684
32459806;32459737;50;40628904
32459808;32459725;68;40395562
32459808;32459743;57;40303234
32459808;32459922;107;40303235
32459808;32460097;208;40395641
32459814;32459774;25;40674915
32459814;32459804;188;40676612
32459814;32459945;81;40674916
32459817;32459730;54;40457327
32459817;32459745;90;40457323
32459817;32459823;23;40457326
32459818;32459781;121;40586680
32459818;32459843;67;40586681
32459818;32459978;85;40628879
32459823;32459713;71;40443512
32459823;32459817;23;40457325
32459823;32459873;25;40443515
32459831;32459795;64;40848551
32459831;32459847;58;40586684
32459831;32460025;105;40623975
32459837;32459680;217;40677427
32459837;32459710;77;40676762
32459837;32459979;77;40676765
32459843;32459818;67;40586682
32459843;32459847;12;40586685
32459843;32460022;98;41198704
32459847;32459711;82;40623937
32459847;32459831;58;40586683
32459847;32459843;12;40586686
32459853;32459579;215;41461469
32459856;32459755;140;40586614
32459856;32459947;169;40586615
32459856;32460017;112;41599187
32459859;32459729;83;41021350
32459859;32459920;66;40395511
32459859;32460033;96;41021351
32459871;32459778;63;40629724
32459873;32459823;25;40443514
32459873;32459878;29;40395544
32459873;32460236;208;40443517
32459878;32459683;123;40395534
32459878;32459873;29;40395543
32459878;32460219;218;40395535
32459880;32459378;637;40395712
32459880;32459429;300;40567935
32459880;32459899;8;40567936
32459892;32459695;115;40676643
32459894;32459769;67;40628886
32459895;32459945;457;40676588
32459899;32459880;8;40567937
32459899;32460164;187;39855639
32459899;32460164;156;40443932
32459900;32458177;1069;41865564
32459900;32458916;743;40491550
32459900;32460000;59;41865567
32459902;32459475;307;41280636
32459902;32459624;241;40569672
32459902;32460018;81;41280639
32459905;32459804;50;40676685
32459912;32459410;336;40403568
32459912;32459949;26;40403593
32459912;32459958;59;40403569
32459919;32459781;71;40628892
32459920;32459859;66;40395512
32459920;32459936;32;40395513
32459920;32459992;46;40395627
32459922;32459808;107;40303236
32459922;32459923;119;40303239
32459922;32460110;127;40395639
32459923;32459922;119;40303240
32459923;32459939;169;40303237
32459923;32459976;38;40439376
32459932;32460109;218;40676601
32459933;32459458;398;40629726
32459933;32459723;168;40628906
32459933;32459962;24;40628907
32459936;32459920;32;40395514
32459939;32459726;162;40395509
32459939;32459923;169;40303238
32459939;32459951;9;41204252
32459945;32459814;81;40674917
32459945;32459895;457;40676589
32459945;32460098;99;40674918
32459947;32459856;169;40586616
32459947;32459951;277;40586617
32459947;32459982;30;41901476
32459947;32460032;59;41901474
32459949;32459912;26;40403594
32459949;32459980;57;40403597
32459949;32459997;29;40403595
32459951;32459939;9;41204253
32459951;32459947;277;40586618
32459951;32459965;14;41204254
32459955;32460235;279;40491461
32459958;32458840;1198;41461371
32459958;32459912;59;40403570
32459958;32460001;67;40403571
32459962;32459933;24;40628908
32459962;32460002;504;41043387
32459962;32460291;239;40628909
32459965;32459951;14;41204255
32459965;32459968;3;40443525
32459968;32459965;3;40443524
32459968;32460050;58;40443527
32459968;32460067;84;42046225
32459973;32459394;434;41461433
32459974;32459992;36;40395516
32459976;32459923;38;40439377
32459976;32460060;69;40439373
32459976;32460100;92;40439378
32459978;32459818;85;40628880
32459979;32459837;77;40676764
32459979;32460071;48;40676767
32459979;32460071;100;40677434
32459980;32459313;455;40403574
32459980;32459949;57;40403598
32459980;32460072;68;40403575
32459982;32459947;30;41901477
32459982;32460032;64;41021359
32459982;32460037;85;40854705
32459984;32459998;25;41266469
32459992;32459920;46;40395628
32459992;32459974;36;40395515
32459992;32460033;65;40395518
32459997;32459949;29;40403596
32459998;32459984;25;41266468
32459998;32460017;32;41266471
32459998;32460037;22;42046221
32460000;32459900;59;41865566
32460001;32459958;67;40403572
32460001;32460039;67;40443629
32460001;32460552;467;40443628
32460002;32459962;504;41043386
32460011;32459579;266;40383898
32460011;32460065;26;40383899
32460011;32460065;81;41461400
32460013;32459637;480;40676676
32460013;32459702;187;40676652
32460013;32460098;878;40676655
32460017;32459856;112;41599188
32460017;32459998;32;41266470
32460017;32460028;24;41266475
32460017;32460061;22;41599189
32460018;32459902;81;41280638
32460018;32460140;94;41070047
32460018;32460284;155;40299569
32460020;32460098;60;40676656
32460021;32459793;171;40676599
32460021;32460102;63;40676665
32460021;32460109;52;40676602
32460022;32459843;98;41198703
32460025;32459831;105;40623976
32460025;32460029;50;40628877
32460025;32460055;15;40623977
32460028;32460017;24;41266474
32460028;32460090;151;41266473
32460028;32460111;144;41266486
32460029;32460025;50;40628878
32460032;32459947;59;41901475
32460032;32459982;64;41021360
32460032;32460340;205;40854701
32460033;32459859;96;41021352
32460033;32459992;65;40395517
32460033;32460108;46;41021353
32460037;32459982;85;40854706
32460037;32459998;22;42046222
32460037;32460061;32;40854707
32460039;32460001;67;40443630
32460039;32460075;30;40570920
32460040;32460052;8;41977523
32460045;32459743;345;40395492
32460045;32460974;522;40395182
32460050;32459968;58;40443526
32460050;32460067;10;40395546
32460050;32460076;17;40443529
32460052;32459469;459;41424585
32460052;32460040;8;41977524
32460052;32460085;27;41424580
32460054;32460055;49;40628882
32460055;32460025;15;40623978
32460055;32460054;49;40628881
32460055;32460176;75;40623979
32460060;32459976;69;40439374
32460061;32460017;22;41599190
32460061;32460037;32;40854708
32460061;32460179;192;40854709
32460065;32460011;81;41461401
32460065;32460011;26;40383900
32460065;32460159;60;40383901
32460067;32459968;84;42046226
32460067;32460050;10;40395545
32460067;32460153;127;40395548
32460068;32460151;85;41461399
32460071;32459979;100;40677433
32460071;32459979;48;40676766
32460071;32460324;144;40676769
32460072;32459980;68;40403576
32460075;32460039;30;40570921
32460075;32460152;59;40570922
32460075;32460437;205;40403599
32460076;32460050;17;40443528
32460076;32460146;90;42046227
32460076;32460146;59;40443531
32460085;32460052;27;41424581
32460085;32460280;157;40299544
32460085;32460364;196;41424582
32460090;32460028;151;41266472
32460090;32460108;37;41266477
32460090;32460111;15;41266482
32460092;32460464;190;40397557
32460096;32460237;115;41070049
32460097;32459808;208;40395642
32460098;32459945;99;40674919
32460098;32460013;878;40676654
32460098;32460020;60;40676657
32460098;32460102;43;41240246
32460099;32459531;536;41461397
32460100;32459976;92;40439379
32460102;32460021;63;40676664
32460102;32460098;43;41240247
32460102;32460109;53;41240248
32460108;32460033;46;41021354
32460108;32460090;37;41266476
32460108;32460133;15;41021355
32460109;32459932;218;40676600
32460109;32460021;52;40676603
32460109;32460102;53;41240249
32460109;32460450;679;41240250
32460110;32459922;127;40395640
32460111;32460028;144;41266487
32460111;32460090;15;41266483
32460111;32460133;38;41266488
32460111;32460179;47;41266484
32460121;32460153;27;40395549
32460123;32460231;136;40397561
32460126;32459543;394;40748519
32460126;32459552;795;40665045
32460126;32460140;48;40665037
32460133;32460108;15;41021356
32460133;32460111;38;41266489
32460133;32460194;38;41021357
32460136;32460239;64;41745188
32460139;32460430;173;41970942
32460140;32460018;94;41070046
32460140;32460126;48;40665036
32460140;32460287;259;40299571
32460145;32460239;238;40299564
32460145;32460360;113;40299561
32460146;32460076;59;40443530
32460146;32460076;90;42046228
32460146;32460154;11;40443533
32460151;32460068;85;41461398
32460151;32460198;275;41461346
32460151;32460376;118;41461349
32460152;32460075;59;40570923
32460152;32460211;38;40298687
32460153;32460067;127;40395547
32460153;32460121;27;40395550
32460153;32460340;134;40395630
32460154;32460146;11;40443532
32460154;32460243;63;40443535
32460154;32460255;81;39869160
32460155;32460159;36;41461445
32460155;32460361;99;41461364
32460155;32460361;353;41461442
32460159;32460065;60;40383902
32460159;32460155;36;41461444
32460159;32460182;15;40383903
32460161;32459715;640;40676679
32460164;32459899;156;40443931
32460164;32459899;187;39855638
32460164;32460258;49;40443915
32460164;32460688;316;40299594
32460176;32460055;75;40623980
32460176;32460189;82;40623985
32460176;32460201;13;40623981
32460179;32460061;192;40854710
32460179;32460111;47;41266485
32460179;32460194;14;40854711
32460182;32460159;15;40383904
32460182;32460184;19;41461380
32460182;32460333;70;40383905
32460184;32460182;19;41461381
32460184;32460187;46;41461382
32460184;32460337;70;41461360
32460187;32460184;46;41461383
32460188;32460260;66;41900131
32460188;32460260;62;41900134
32460188;32460260;44;41899482
32460189;32460176;82;40623986
32460194;32460133;38;41021358
32460194;32460179;14;40854712
32460194;32460219;69;40854713
32460198;32460151;275;41461347
32460198;32460265;37;41461368
32460198;32460296;60;41461350
32460201;32460176;13;40623982
32460201;32460208;51;40623963
32460201;32460423;103;40623983
32460202;32460261;38;40440047
32460208;32460201;51;40623964
32460211;32460152;38;40298688
32460211;32460313;59;40298681
32460214;32460293;40;40397565
32460215;32460243;61;42046230
32460216;32460301;41;40397571
32460219;32459878;218;40395536
32460219;32460194;69;40854714
32460219;32460223;7;40854715
32460223;32460219;7;40854716
32460223;32460240;62;40854717
32460223;32460257;13;42026708
32460225;32459785;273;41043379
32460230;32460297;37;40440041
32460231;32460123;136;40397560
32460231;32460539;135;40397559
32460235;32459955;279;40491460
32460236;32459873;208;40443516
32460236;32460240;8;41279463
32460236;32460272;15;41224957
32460237;32460096;115;41070048
32460237;32460309;42;40457322
32460239;32460136;64;41745187
32460239;32460145;238;40299565
32460239;32460284;90;40299566
32460240;32460223;62;40854718
32460240;32460236;8;41279462
32460243;32460154;63;40443534
32460243;32460215;61;42046229
32460243;32460289;28;40443537
32460246;32460596;151;40676720
32460249;32460310;28;40397563
32460255;32460154;81;39869161
32460255;32460356;69;39869162
32460255;32460504;146;41021348
32460257;32460223;13;42026709
32460257;32460374;104;41854465
32460258;32460164;49;40443916
32460258;32460354;46;40443917
32460258;32460383;65;40395168
32460260;32460188;44;41899481
32460260;32460188;66;41900132
32460260;32460188;62;41900133
32460260;32460281;17;41899484
32460261;32460202;38;40440046
32460261;32460305;31;40440049
32460261;32460355;52;40440035
32460262;32460274;67;41792338
32460265;32460198;37;41461369
32460266;32459485;763;41220749
32460270;32460589;144;40397549
32460272;32460236;15;41224956
32460272;32460366;49;41224959
32460274;32460281;7;41898596
32460274;32460352;73;41792339
32460280;32460085;157;40299545
32460280;32460344;52;40397536
32460280;32460464;220;40299546
32460281;32460260;17;41899483
32460281;32460274;7;41898597
32460281;32460322;25;41898598
32460284;32460018;155;40299568
32460284;32460239;90;40299567
32460284;32460288;8;40364947
32460287;32460140;259;40299570
32460287;32460377;44;40364941
32460287;32460460;132;40299573
32460288;32460284;8;40364948
32460288;32460300;27;40364949
32460288;32460416;67;40364953
32460289;32460154;181;40439375
32460289;32460243;28;40443536
32460289;32460378;49;40443539
32460289;32460378;90;42046232
32460291;32459962;239;40628910
32460293;32460214;40;40397564
32460293;32460301;18;40397569
32460293;32460310;11;40397567
32460294;32461093;390;42023818
32460296;32460198;60;41461351
32460297;32460230;37;40440040
32460297;32460355;42;40440044
32460297;32460515;131;40440043
32460300;32460288;27;40364950
32460300;32460306;44;40364946
32460300;32460461;71;40364951
32460301;32460216;41;40397570
32460301;32460293;18;40397568
32460301;32460331;12;40397573
32460305;32460261;31;40440048
32460306;32460300;44;40364945
32460306;32460377;260;40364944
32460309;32460237;42;40457321
32460310;32460249;28;40397562
32460310;32460293;11;40397566
32460310;32460609;132;40397551
32460312;32460427;63;41903041
32460313;32460211;59;40298682
32460313;32460414;63;40298683
32460313;32460548;100;40394298
32460315;32460324;146;40491535
32460322;32460281;25;41898599
32460322;32460379;47;41904227
32460324;32460071;144;40676768
32460324;32460315;146;40491536
32460324;32460326;5;40491537
32460324;32460338;3;40676771
32460326;32460324;5;40491538
32460331;32460301;12;40397572
32460331;32460557;100;40397553
32460333;32460182;70;40383906
32460333;32460337;17;41461390
32460333;32460365;13;40383907
32460337;32460184;70;41461361
32460337;32460333;17;41461391
32460337;32460339;48;41461392
32460338;32460324;3;40676770
32460339;32460337;48;41461393
32460340;32460032;205;40854702
32460340;32460153;134;40395629
32460340;32460466;80;40854703
32460344;32460280;52;40397537
32460348;32460413;32;40676710
32460350;32460670;145;40676742
32460352;32460434;62;41931959
32460354;32460258;46;40443918
32460354;32460405;29;40443919
32460354;32460658;202;40395166
32460355;32460261;52;40440034
32460355;32460297;42;40440045
32460355;32460515;79;40440037
32460356;32460255;69;39869163
32460356;32460466;79;39869164
32460356;32460571;116;40395551
32460357;32460392;28;41915263
32460360;32460145;113;40299560
32460360;32460455;149;40397577
32460360;32460636;201;40299563
32460361;32460155;99;41461365
32460361;32460155;353;41461443
32460361;32460365;38;41461446
32460364;32460085;196;41424583
32460364;32460379;11;41898207
32460365;32460333;13;40383908
32460365;32460361;38;41461447
32460365;32460387;139;40383909
32460366;32460272;84;41081330
32460366;32460272;49;41224958
32460366;32460373;5;41224961
32460368;32460398;52;40403636
32460371;32459431;667;40313507
32460373;32460366;5;41224960
32460373;32460425;31;41224963
32460374;32460257;68;41854492
32460374;32460403;18;42026707
32460376;32460151;118;41461348
32460376;32460401;33;41461441
32460376;32460756;280;41461438
32460377;32460287;44;40364942
32460377;32460306;260;40364943
32460377;32460424;45;40364929
32460378;32460289;49;40443538
32460378;32460289;90;42046231
32460378;32460419;25;40443541
32460379;32460322;47;41904228
32460379;32460364;11;41898208
32460379;32460431;27;41864242
32460380;32460969;280;40313508
32460383;32460258;65;40395169
32460384;32460387;18;40383912
32460386;32460601;88;40676736
32460387;32460365;139;40383910
32460387;32460384;18;40383911
32460387;32460567;75;41461462
32460391;32460451;28;41712330
32460392;32460357;28;41915262
32460392;32460398;7;41944213
32460392;32460414;16;40403639
32460394;32459564;559;40624613
32460398;32460368;52;40403637
32460398;32460392;7;41944212
32460401;32459515;545;39942730
32460401;32460376;33;41461440
32460401;32461432;531;39942733
32460403;32460374;18;42026706
32460405;32460354;29;40443920
32460405;32460454;43;40395172
32460405;32460526;60;40443921
32460408;32460450;63;41240253
32460408;32460664;137;40675816
32460413;32460348;32;40676711
32460414;32460313;63;40298684
32460414;32460392;16;40403638
32460414;32460474;35;40298685
32460416;32460288;67;40364954
32460419;32460378;25;40443540
32460419;32460504;81;40395553
32460419;32460546;65;40299601
32460423;32460201;103;40623984
32460423;32461165;609;40628883
32460424;32460377;45;40364930
32460425;32460373;31;41224962
32460425;32460629;105;40443519
32460427;32460312;63;41903040
32460427;32460443;26;41903039
32460430;32460139;173;41970941
32460430;32460458;22;41970951
32460430;32460502;129;41970950
32460431;32460379;27;41864243
32460431;32460549;68;41898595
32460431;32460620;85;41424586
32460433;32460322;57;41931961
32460434;32460433;201;41931960
32460434;32460506;42;41792340
32460437;32460075;205;40403600
32460437;32460681;116;40666007
32460439;32460444;80;41854467
32460439;32460445;295;41279401
32460439;32460522;40;41858534
32460443;32459763;605;40623966
32460443;32460427;26;41903038
32460444;32460439;80;41854466
32460445;32460439;295;41279400
32460445;32460603;66;41854487
32460445;32460638;109;41279403
32460450;32460109;679;41240251
32460450;32460408;63;41240252
32460450;32460765;146;40676590
32460451;32460391;28;41712331
32460451;32460873;627;41220756
32460451;32461182;743;41220759
32460454;32460405;43;40395173
32460454;32460590;66;40395160
32460454;32460655;113;40395174
32460455;32460360;149;40397576
32460455;32460468;25;40397574
32460455;32460557;74;40397579
32460458;32460430;22;41970952
32460460;32460287;132;40299572
32460460;32460547;45;40364963
32460461;32460300;71;40364952
32460461;32460521;67;40364937
32460461;32460778;149;40364933
32460464;32460092;190;40397556
32460464;32460280;220;40299547
32460464;32460539;102;40299548
32460466;32460340;80;40854704
32460466;32460356;79;39869165
32460466;32460537;36;40853091
32460468;32460455;25;40397575
32460469;32460444;11;41081329
32460469;32460653;100;41858477
32460474;32460414;35;40298686
32460474;32460495;8;41864236
32460474;32460608;59;40394296
32460495;32460262;150;41898885
32460495;32460474;8;41864237
32460495;32460683;120;40443625
32460496;32460469;16;41854517
32460499;32460604;44;41279411
32460502;32460430;129;41970949
32460502;32460568;52;41970939
32460502;32460637;73;41970954
32460504;32460419;81;40395554
32460504;32460564;48;40395555
32460506;32460434;42;41792341
32460515;32460297;131;40440042
32460515;32460355;79;40440036
32460515;32460688;91;40440039
32460521;32460461;67;40364938
32460521;32460534;69;40364936
32460521;32460783;126;40364939
32460522;32460439;40;41858535
32460522;32460597;35;41854485
32460522;32460898;185;40154390
32460526;32460405;60;40443922
32460526;32460563;26;40395177
32460526;32460937;234;40443923
32460534;32460521;69;40364935
32460536;32460580;20;41461416
32460537;32460466;36;40853092
32460539;32460231;135;40397558
32460539;32460464;102;40299549
32460539;32460589;91;40299550
32460546;32460419;65;40299600
32460546;32460617;52;40395632
32460546;32460915;229;40299603
32460547;32460460;45;40364964
32460547;32460566;15;40364955
32460548;32460313;100;40394299
32460548;32460647;158;40394302
32460548;32460669;60;40394300
32460549;32460565;7;41792336
32460552;32460001;467;40443627
32460552;32460616;32;41970943
32460552;32460817;241;40443632
32460557;32460331;100;40397552
32460557;32460455;74;40397578
32460557;32460621;28;40397555
32460563;32460526;26;40395176
32460563;32460590;16;40395179
32460563;32460720;114;40395170
32460564;32460504;48;40395556
32460564;32460571;38;40443542
32460564;32460593;22;40395633
32460565;32460620;26;41792342
32460565;32460683;118;41792337
32460566;32460547;15;40364956
32460566;32460626;51;40364957
32460566;32460828;190;40364927
32460567;32460387;75;41461463
32460567;32460580;25;41461376
32460567;32460686;198;41461464
32460568;32460502;52;41970940
32460571;32460356;116;40395552
32460571;32460564;38;40443543
32460571;32460592;68;40443522
32460571;32461024;274;41854469
32460580;32460536;20;41461417
32460580;32460567;25;41461377
32460580;32460686;50;41461418
32460589;32460270;144;40397548
32460589;32460539;91;40299551
32460589;32460594;15;40299552
32460590;32460454;66;40395161
32460590;32460563;16;40395178
32460590;32460655;67;40395181
32460592;32460571;68;40443523
32460593;32460564;22;40395634
32460593;32460615;27;40395635
32460593;32460640;34;40853093
32460594;32460589;15;40299553
32460594;32460609;58;40299554
32460594;32460679;42;40397580
32460596;32460246;151;40676721
32460597;32460522;35;41854484
32460597;32461197;367;39869184
32460599;32460601;62;40676727
32460601;32460386;88;40676737
32460601;32460599;62;40676726
32460601;32461014;487;40676738
32460603;32460445;66;41854486
32460603;32460619;10;41854481
32460604;32460499;44;41279410
32460604;32460890;155;41279413
32460604;32460912;189;41854471
32460608;32460474;59;40394297
32460608;32460749;81;40443943
32460609;32460310;132;40397550
32460609;32460594;58;40299555
32460609;32460621;39;40299556
32460615;32460593;27;40395636
32460615;32460617;67;40395637
32460615;32460650;17;40395649
32460616;32460552;32;41970944
32460616;32460637;10;41970945
32460617;32460546;52;40395631
32460617;32460615;67;40395638
32460617;32460650;88;40395648
32460619;32460603;10;41854480
32460619;32460654;44;41854473
32460620;32460431;85;41424587
32460620;32460810;99;41424588
32460621;32460557;28;40397554
32460621;32460609;39;40299557
32460621;32460636;52;40299558
32460623;32459688;554;40624627
32460626;32460566;51;40364958
32460626;32460705;70;40364959
32460626;32460903;163;41506517
32460629;32460425;105;40443518
32460629;32460680;61;41858481
32460629;32460786;99;40443521
32460636;32460360;201;40299562
32460636;32460621;52;40299559
32460636;32460799;235;40397588
32460637;32460502;73;41970953
32460637;32460616;10;41970946
32460637;32460752;71;41970947
32460638;32460445;109;41279402
32460638;32460654;15;41854482
32460638;32460671;22;41279405
32460640;32460593;34;40853094
32460640;32460684;29;40395645
32460647;32460548;158;40394303
32460650;32460615;17;40395650
32460650;32460617;88;40395647
32460650;32460697;22;40395651
32460653;32460469;100;41858478
32460653;32460496;84;41413079
32460653;32460668;15;41858479
32460654;32460619;44;41854472
32460654;32460638;15;41854483
32460654;32460671;25;41854475
32460655;32460454;113;40395175
32460655;32460590;67;40395180
32460655;32460720;37;40395162
32460658;32460354;202;40395167
32460664;32460408;137;40675817
32460667;32460670;110;40676699
32460668;32460496;103;41854518
32460668;32460653;15;41858480
32460669;32460548;60;40394301
32460670;32460350;145;40676743
32460670;32460667;110;40676698
32460670;32461003;198;40676744
32460671;32460638;22;41279404
32460671;32460654;25;41854474
32460671;32460792;72;41279407
32460671;32460792;84;41854477
32460679;32460594;42;40397581
32460679;32460742;152;41977525
32460679;32461138;275;40397582
32460680;32460668;8;41854519
32460681;32460437;116;40666008
32460681;32460771;54;40666009
32460681;32460868;142;40666022
32460683;32460495;120;40443626
32460683;32460731;35;41864238
32460684;32460640;29;40395646
32460686;32460567;198;41461465
32460686;32460580;50;41461419
32460686;32460690;38;41461466
32460686;32460801;93;41461420
32460687;32460720;101;40395165
32460688;32460164;316;40299595
32460688;32460515;91;40440038
32460688;32460974;176;40299596
32460690;32460686;38;41461467
32460695;32460766;181;40676718
32460697;32460650;22;40395652
32460697;32460732;105;40853095
32460697;32460753;117;40395653
32460705;32460626;70;40364960
32460705;32460786;78;40364961
32460711;32460852;73;41352689
32460715;32461046;165;40380876
32460720;32460563;114;40395171
32460720;32460655;37;40395163
32460720;32460687;101;40395164
32460731;32460683;35;41864239
32460731;32460810;49;41864240
32460731;32460866;89;40394290
32460732;32460697;105;40853096
32460732;32460753;19;40395680
32460732;32460894;96;40395681
32460735;32460767;35;41279379
32460742;32460679;152;41977526
32460749;32460608;81;40443944
32460752;32460637;71;41970948
32460753;32460697;117;40395654
32460753;32460732;19;40395679
32460753;32460754;3;40395655
32460754;32460753;3;40395656
32460754;32460796;18;40395669
32460754;32460812;28;40395657
32460755;32460807;35;41279383
32460756;32460376;280;41461439
32460761;32460767;5;41279345
32460765;32460450;146;40676591
32460765;32460793;85;40676628
32460765;32460835;31;40676592
32460766;32460695;181;40676719
32460767;32460735;35;41279378
32460767;32460761;5;41279344
32460767;32460807;16;41279347
32460771;32460681;54;40666010
32460771;32460879;49;41622054
32460771;32460901;69;40666011
32460778;32460461;149;40364934
32460780;32460830;36;41279377
32460783;32460521;126;40364940
32460786;32460629;99;40443520
32460786;32460705;78;40364962
32460786;32460881;53;41224965
32460788;32460796;23;40395676
32460788;32460815;37;40395673
32460788;32460856;34;40395677
32460792;32460671;84;41854476
32460792;32460671;72;41279406
32460792;32460864;40;41279409
32460793;32460765;85;40676629
32460796;32460754;18;40395670
32460796;32460788;23;40395675
32460796;32460893;51;40395671
32460799;32460636;235;40397589
32460801;32460686;93;41461421
32460807;32460755;35;41279382
32460807;32460767;16;41279346
32460807;32460830;15;41279349
32460810;32460620;99;41424589
32460810;32460731;49;41864241
32460810;32460860;36;40918692
32460810;32461118;174;41350770
32460812;32460754;28;40395658
32460812;32460853;26;40395659
32460812;32460932;65;40395667
32460815;32460788;37;40395674
32460817;32460552;241;40443631
32460817;32460840;40;40909994
32460817;32461013;98;41384334
32460820;32460861;36;41279371
32460828;32460566;190;40364928
32460830;32460780;36;41279376
32460830;32460807;15;41279348
32460830;32460861;19;41279351
32460834;32460916;42;40380900
32460835;32460765;31;40676593
32460835;32460854;161;40676594
32460835;32460887;24;41536893
32460840;32460817;40;40909993
32460840;32460935;46;40666029
32460840;32461450;706;40909996
32460847;32460889;36;41279385
32460848;32461064;133;40395151
32460851;32460852;17;40491595
32460852;32460711;73;41352690
32460852;32460851;17;40491596
32460852;32461089;133;40491599
32460853;32460812;26;40395660
32460853;32460897;27;40395661
32460853;32460979;62;40395665
32460854;32460835;161;40676595
32460854;32460855;20;40676596
32460854;32460966;57;41536880
32460855;32460854;20;40676597
32460856;32460788;34;40395678
32460858;32460898;28;41858533
32460860;32460810;36;40918693
32460860;32460880;13;41296326
32460860;32460916;37;40918694
32460861;32460820;36;41279370
32460861;32460830;19;41279350
32460861;32460889;16;41279353
32460864;32460792;40;41279408
32460864;32460882;14;41279367
32460866;32460731;89;40394291
32460866;32460913;52;40394304
32460866;32461107;197;40394292
32460868;32460681;142;40666021
32460868;32460879;16;41622050
32460868;32460914;25;40666024
32460873;32460451;627;41220757
32460873;32460954;39;40648279
32460874;32460917;36;41279373
32460879;32460771;49;41622053
32460879;32460868;16;41622049
32460879;32460901;46;41622052
32460879;32460914;16;41622056
32460880;32460860;13;41296325
32460880;32460978;53;41296328
32460881;32460786;53;41224964
32460881;32460896;9;41224967
32460882;32460864;14;41279366
32460882;32460888;3;41279387
32460887;32460835;24;41536894
32460887;32460958;72;41536871
32460887;32461020;61;41536895
32460888;32460882;3;41279386
32460888;32460923;29;40665288
32460889;32460847;36;41279384
32460889;32460861;16;41279352
32460889;32460917;16;41279355
32460890;32460604;155;41279412
32460890;32460912;124;40665300
32460890;32461024;156;41279415
32460892;32460938;37;41279389
32460893;32460796;51;40395672
32460894;32460732;96;40395682
32460895;32460933;46;41972752
32460896;32460881;9;41224966
32460896;32460926;17;41224969
32460896;32460962;51;40365196
32460897;32460853;27;40395662
32460897;32461015;56;40395643
32460897;32461037;76;40395663
32460898;32460522;185;40154389
32460898;32460858;28;41858532
32460898;32461197;290;40154392
32460901;32460771;69;40666012
32460901;32460879;46;41622051
32460901;32460918;10;40666013
32460903;32460626;163;41506518
32460912;32460604;189;41854470
32460912;32460890;124;40665299
32460912;32460923;26;41854488
32460912;32460977;27;41854491
32460913;32460866;52;40394305
32460914;32460868;25;40666023
32460914;32460879;16;41622055
32460914;32461002;99;40666026
32460915;32460546;229;40299602
32460915;32461237;311;41901473
32460916;32460834;42;40380899
32460916;32460860;37;40918695
32460916;32461007;56;40918696
32460917;32460874;36;41279372
32460917;32460889;16;41279354
32460917;32460938;10;41279357
32460918;32460901;10;40666014
32460918;32460942;36;40666015
32460918;32461002;37;41622048
32460920;32460942;15;40666018
32460923;32460888;29;40665287
32460923;32460912;26;41854489
32460923;32460977;29;40665290
32460926;32460896;17;41224968
32460926;32460982;24;41224971
32460932;32460812;65;40395668
32460933;32460895;46;41972753
32460933;32461017;90;41972754
32460933;32461122;125;40397543
32460935;32460840;46;40666030
32460935;32460992;26;40666031
32460935;32461097;256;40666019
32460936;32461041;292;41536892
32460937;32460526;234;40443924
32460937;32460980;30;40439061
32460937;32461193;170;40443925
32460938;32460892;37;41279388
32460938;32460917;10;41279356
32460938;32460962;12;41279359
32460939;32460962;49;41279360
32460940;32460980;18;40439066
32460942;32460918;36;40666016
32460942;32460920;15;40666017
32460942;32461002;39;40666027
32460948;32461086;77;40380874
32460954;32460873;39;40648280
32460954;32461080;140;40648310
32460954;32461282;219;40648281
32460958;32460887;72;41536872
32460958;32460963;48;41536881
32460958;32461020;94;41536873
32460959;32460371;281;40313504
32460962;32460896;51;40365197
32460962;32460938;12;41279358
32460962;32460939;49;41279361
32460963;32460958;48;41536882
32460963;32460968;24;41536883
32460963;32461040;63;41746146
32460966;32460854;57;41536879
32460966;32460968;20;41536864
32460966;32461041;42;41536886
32460968;32460963;24;41536884
32460968;32460966;20;41536863
32460968;32461040;39;41536887
32460974;32460045;522;40395183
32460974;32460688;176;40299597
32460974;32460984;4;40299598
32460977;32460912;27;41854490
32460977;32460923;29;40665289
32460977;32461233;175;40665292
32460978;32460880;75;40354996
32460978;32460880;53;41296327
32460978;32461006;18;41296330
32460979;32460853;62;40395666
32460980;32460937;30;40439062
32460980;32460940;18;40439065
32460980;32460996;14;40439063
32460982;32460926;24;41224970
32460982;32461067;60;41224973
32460984;32460974;4;40299599
32460984;32461245;196;40395134
32460984;32461262;325;40443544
32460986;32462234;680;40648371
32460992;32460935;26;40666032
32460996;32460980;14;40439064
32460998;32460705;165;40364965
32460998;32461055;50;40364966
32461002;32460914;99;40666025
32461002;32460918;37;41622047
32461002;32460942;39;40666028
32461003;32460670;198;40676745
32461003;32461014;391;40676741
32461006;32460978;18;41296329
32461006;32461027;19;40354986
32461007;32460916;56;40918697
32461007;32461046;34;40918698
32461007;32461108;79;40397539
32461010;32461157;105;40395147
32461011;32461214;167;40397541
32461013;32460817;98;41384333
32461013;32461170;96;40443936
32461014;32460601;487;40676739
32461014;32461003;391;40676740
32461014;32461045;544;41536869
32461015;32460897;56;40395644
32461017;32460933;90;41972755
32461017;32461063;75;41972756
32461017;32461104;53;40397492
32461020;32460887;61;41536896
32461020;32460958;94;41536874
32461020;32461048;112;41536897
32461024;32460571;274;41854468
32461024;32460890;156;41279414
32461024;32461234;134;41279417
32461027;32461006;19;40354987
32461027;32461099;50;41948587
32461027;32461108;65;40354988
32461037;32460897;76;40395664
32461040;32460963;63;41746145
32461040;32460968;39;41536888
32461040;32461041;17;41536889
32461041;32460936;292;41536891
32461041;32460966;42;41536885
32461041;32461040;17;41536890
32461044;32461141;56;40397591
32461045;32461014;544;41536870
32461045;32461048;113;41536900
32461046;32460715;165;40380875
32461046;32461007;34;40918699
32461046;32461086;47;40918700
32461048;32461020;112;41536898
32461048;32461045;113;41536899
32461048;32461204;102;41536868
32461053;32461187;92;40364925
32461055;32460998;50;40364967
32461063;32461017;75;41972757
32461063;32461113;62;40397522
32461063;32461172;62;40397504
32461064;32460848;133;40395150
32461064;32461157;88;40395156
32461064;32461249;130;40395153
32461067;32460982;60;41224972
32461067;32460998;79;40364968
32461067;32461092;13;41224975
32461080;32460954;140;40648309
32461086;32460948;77;40380873
32461086;32461046;47;40918701
32461086;32461257;225;40918702
32461088;32461006;60;40354994
32461088;32461099;21;41948586
32461089;32460852;133;40491600
32461092;32461067;13;41224974
32461092;32461218;92;41224977
32461093;32460294;390;42023819
32461093;32461159;79;40395133
32461093;32461182;53;42023820
32461097;32460935;256;40666020
32461099;32461027;50;41948588
32461099;32461215;110;41948589
32461104;32461017;53;40397493
32461104;32461122;11;40397494
32461104;32461172;74;40397545
32461107;32460866;197;40394293
32461107;32461148;59;40394294
32461107;32461374;185;40394284
32461108;32461007;79;40397538
32461108;32461027;65;40354989
32461108;32461155;46;40354990
32461113;32461063;62;40397523
32461113;32461138;44;40397524
32461113;32461366;147;40397510
32461117;32461204;86;41536876
32461118;32460810;174;41350769
32461118;32461088;20;40354995
32461118;32461198;60;41350772
32461122;32460933;125;40397542
32461122;32461104;11;40397495
32461122;32461199;55;40397496
32461127;32461208;52;41536866
32461138;32460679;275;40397583
32461138;32461113;44;40397525
32461138;32461146;16;40397526
32461141;32461044;56;40397590
32461141;32461173;157;40570167
32461141;32461301;92;40397593
32461146;32461138;16;40397527
32461146;32461185;27;40397514
32461146;32461254;169;40397528
32461148;32461107;59;40394295
32461155;32461108;46;40354991
32461155;32461215;49;41598264
32461155;32461681;319;40354992
32461157;32461010;105;40395146
32461157;32461064;88;40395157
32461157;32461245;84;40395158
32461157;32461352;121;40395149
32461159;32461093;79;40395132
32461159;32461182;80;41220750
32461159;32461193;78;41220753
32461163;32461187;31;41350826
32461164;32461254;59;40397587
32461165;32460423;609;40628884
32461170;32461013;96;40443935
32461170;32461221;35;40443938
32461170;32461230;134;40431850
32461171;32461419;188;40676621
32461172;32461063;62;40397505
32461172;32461104;74;40397544
32461172;32461275;68;40397506
32461173;32461141;157;40570168
32461177;32461249;88;40395141
32461182;32460451;743;41220758
32461182;32461093;53;42023821
32461182;32461159;80;41220751
32461182;32463411;1564;40395184
32461185;32461146;27;40397515
32461185;32461246;86;40397584
32461185;32461260;45;40397516
32461187;32461053;92;40364926
32461187;32461163;31;41350825
32461187;32461206;12;41350831
32461187;32461218;38;40364970
32461193;32460937;170;40443926
32461193;32461159;78;41220752
32461193;32461459;137;40443927
32461197;32460597;367;39869183
32461197;32460898;290;40154391
32461197;32461232;85;40665302
32461197;32461342;89;40665303
32461198;32461118;60;41350771
32461198;32461654;229;41350774
32461199;32461122;55;40397497
32461199;32461214;10;40397498
32461199;32461275;75;40397547
32461200;32461226;710;40676751
32461200;32461356;1296;40676746
32461200;32461382;89;40676700
32461204;32461048;102;41536867
32461204;32461117;86;41536875
32461204;32461226;92;41536878
32461206;32461187;12;41350832
32461206;32461225;32;40364971
32461206;32461225;15;41350833
32461208;32461127;52;41536865
32461208;32461226;59;40676752
32461208;32461313;95;40676749
32461213;32461221;15;40666034
32461214;32461011;167;40397540
32461214;32461199;10;40397499
32461214;32461257;26;40397500
32461215;32461099;110;41948590
32461215;32461155;49;41598263
32461215;32461457;277;41598266
32461218;32461092;92;41224976
32461218;32461187;38;40364969
32461218;32461248;16;41224981
32461221;32461170;35;40443937
32461221;32461213;15;40666033
32461221;32461883;293;40443940
32461225;32461206;32;40364972
32461225;32461206;15;41350834
32461225;32461310;115;41350837
32461226;32461200;710;40676750
32461226;32461204;92;41536877
32461226;32461208;59;40676753
32461227;32461272;93;40455401
32461230;32461170;134;40431851
32461230;32461541;147;40431855
32461230;32461659;313;40431852
32461232;32461197;85;40665301
32461232;32461302;67;40665306
32461232;32461342;57;41279392
32461233;32460977;175;40665291
32461233;32461398;78;41279399
32461233;32461568;180;40665294
32461234;32461024;134;41279416
32461234;32461283;30;41279419
32461234;32461296;91;41854478
32461237;32460915;311;41901472
32461237;32461262;62;40443547
32461237;32461344;116;41199286
32461237;32461353;66;41021550
32461245;32460984;196;40395135
32461245;32461157;84;40395159
32461245;32461451;112;40395136
32461246;32461185;86;40397585
32461248;32461218;16;41224980
32461248;32461266;30;40364776
32461248;32461347;55;41224979
32461249;32461064;130;40395152
32461249;32461177;88;40395140
32461249;32461352;93;40395143
32461249;32461685;257;40395155
32461254;32461146;169;40397529
32461254;32461164;59;40397586
32461254;32461383;70;40397530
32461257;32461086;225;40918703
32461257;32461214;26;40397501
32461257;32461321;78;40918704
32461257;32461485;110;40397502
32461260;32461185;45;40397517
32461260;32461416;75;40397518
32461260;32461426;199;40397520
32461262;32460984;325;40443545
32461262;32461237;62;40443546
32461262;32461353;46;41119653
32461266;32461248;30;40364777
32461266;32461298;46;40364778
32461266;32461376;99;40364788
32461272;32461227;93;40455400
32461272;32461280;18;40455398
32461272;32461298;16;40455397
32461275;32461172;68;40397507
32461275;32461199;75;40397546
32461275;32461321;20;40397508
32461276;32461291;35;41854567
32461279;32461464;82;40455391
32461280;32461272;18;40455399
32461282;32460954;219;40648282
32461283;32461234;30;41279418
32461283;32461526;129;41279421
32461283;32461653;223;41486691
32461291;32461276;35;41854566
32461291;32461391;133;40394283
32461293;32461301;68;40397485
32461296;32461234;91;41854479
32461298;32461266;46;40364779
32461298;32461272;16;40455396
32461298;32461333;21;40364780
32461301;32461141;92;40397592
32461301;32461293;68;40397484
32461301;32461363;213;40397487
32461302;32461232;67;40665305
32461302;32461584;139;41279368
32461302;32461707;263;40665308
32461303;32462342;482;40394319
32461310;32461225;115;41350838
32461313;32461208;95;40676748
32461316;32459315;1108;40729794
32461316;32461338;9;41931423
32461321;32461257;78;40918705
32461321;32461275;20;40397509
32461321;32461366;63;40918706
32461321;32461411;44;41972758
32461333;32461298;21;40364781
32461333;32461401;39;40364782
32461333;32461401;168;40455389
32461334;32461464;80;40455395
32461338;32461443;64;40032566
32461338;32461519;82;40482961
32461339;32461316;9;41931422
32461340;32461601;541;40676630
32461340;32461601;226;40676633
32461342;32461197;89;40665304
32461342;32461232;57;41279393
32461342;32461584;132;40665309
32461344;32460915;264;40853089
32461344;32461237;116;41199285
32461347;32461248;55;41224978
32461347;32461376;20;40296436
32461352;32461157;121;40395148
32461352;32461249;93;40395142
32461352;32461451;89;40395145
32461353;32461237;66;41021551
32461353;32461262;46;41119652
32461353;32462125;515;41021552
32461354;32461506;257;40397491
32461356;32461200;1296;40676747
32461356;32461382;595;40676754
32461356;32461715;164;40676722
32461363;32461301;213;40397486
32461363;32461383;40;40397489
32461363;32461408;165;40397595
32461366;32461113;147;40397511
32461366;32461321;63;40918707
32461366;32461416;61;40918708
32461366;32461520;74;40397512
32461374;32461107;185;40394285
32461376;32461266;99;40364789
32461376;32461347;20;40296435
32461376;32461423;19;40296438
32461382;32461200;89;40676701
32461382;32461356;595;40676755
32461382;32461556;75;40676702
32461382;32461599;730;40676756
32461383;32461254;70;40397531
32461383;32461363;40;40397488
32461383;32461426;18;40397532
32461388;32461389;9;41854552
32461389;32461388;9;41854553
32461389;32461391;6;41854554
32461390;32461408;58;40397596
32461391;32461291;133;40394282
32461391;32461389;6;41854555
32461391;32461418;32;40394352
32461391;32461814;199;40394349
32461398;32461233;78;41279398
32461398;32461409;4;41279375
32461401;32461333;168;40455388
32461401;32461333;39;40364783
32461401;32461472;59;40364784
32461408;32461363;165;40397594
32461408;32461390;58;40397597
32461408;32461506;42;40397598
32461409;32461398;4;41279374
32461409;32461707;139;40665318
32461411;32461321;44;41972759
32461416;32461260;75;40397519
32461416;32461366;61;40918709
32461416;32461562;68;41972760
32461416;32461596;202;40918710
32461418;32461391;32;40394353
32461418;32461532;159;40394354
32461418;32461819;185;40394344
32461419;32461171;188;40676620
32461419;32461446;237;40676636
32461419;32461446;105;40676635
32461423;32461376;19;40296437
32461423;32461539;57;40296440
32461425;32461432;65;41743170
32461425;32461557;227;41288045
32461426;32461260;199;40397521
32461426;32461383;18;40397533
32461426;32461596;82;40397534
32461429;32461607;81;41854557
32461432;32460401;531;39942732
32461432;32461425;65;41743171
32461432;32461450;60;40909997
32461439;32461339;77;40032563
32461439;32461484;66;40298658
32461443;32461519;55;40298660
32461443;32461545;92;41260783
32461446;32461419;237;40676637
32461446;32461419;105;40676634
32461450;32460840;706;40909995
32461450;32461432;60;40909998
32461450;32462098;299;40407517
32461451;32461245;112;40395137
32461451;32461352;89;40395144
32461451;32461804;189;40395138
32461457;32461215;277;41598265
32461457;32461483;68;41598268
32461457;32461529;36;41954826
32461459;32461193;137;40443928
32461459;32461685;194;39855640
32461459;32462131;318;39820391
32461464;32461279;82;40455390
32461464;32461334;80;40455394
32461464;32461472;3;40455393
32461472;32461401;59;40364785
32461472;32461464;3;40455392
32461472;32461487;28;40364786
32461483;32461198;134;40402012
32461483;32461457;68;41598267
32461483;32461546;31;40299519
32461484;32461439;66;40298659
32461484;32461587;52;41260777
32461485;32461257;110;40397503
32461487;32461472;28;40364787
32461487;32461492;9;40455404
32461489;32461553;219;40364976
32461492;32461487;9;40455405
32461492;32461510;12;40364790
32461492;32461525;92;40455406
32461497;32461708;189;40395422
32461506;32461354;257;40397490
32461506;32461408;42;40397599
32461506;32461543;26;40397600
32461510;32461492;12;40364791
32461510;32461525;165;40364792
32461510;32461609;48;40455403
32461514;32461339;81;40483043
32461514;32461439;65;40032562
32461519;32461614;43;40482962
32461520;32461366;74;40397513
32461525;32461492;92;40455407
32461525;32461510;165;40364793
32461525;32461806;268;40455408
32461526;32461283;129;41279420
32461526;32461568;46;41279395
32461526;32461718;106;40665321
32461529;32461457;36;41954827
32461529;32461721;89;41954828
32461529;32461784;128;40394393
32461532;32461418;159;40394355
32461532;32461654;147;40394356
32461532;32461988;189;40394361
32461536;32461484;35;41260786
32461539;32461423;57;40296439
32461539;32461692;67;39855896
32461541;32461230;147;40431854
32461541;32461659;164;40431873
32461541;32462012;345;40431874
32461543;32461506;26;40397601
32461543;32461555;16;40918714
32461543;32461615;202;40918713
32461545;32461443;92;41260782
32461545;32461627;37;41260784
32461546;32461483;31;40299518
32461546;32461684;61;40299521
32461546;32461684;180;40394307
32461551;32461645;116;41954815
32461551;32461681;73;41401688
32461553;32461489;219;40364975
32461553;32461706;104;40364974
32461555;32461543;16;40918715
32461555;32461708;101;40296143
32461556;32461382;75;40676703
32461556;32461578;199;40676730
32461556;32461643;234;40676704
32461557;32461425;227;41288044
32461557;32461536;30;41260787
32461557;32461583;30;41288039
32461562;32461416;68;41972761
32461568;32461233;180;40665293
32461568;32461526;46;41279394
32461568;32461690;54;41279397
32461570;32461753;166;41413070
32461578;32461556;199;40676731
32461580;32461738;148;40395215
32461583;32461536;20;41260772
32461583;32461557;30;41288038
32461583;32461587;9;41260789
32461584;32461302;139;41279369
32461584;32461342;132;40665310
32461584;32461871;164;40665311
32461587;32461583;9;41260788
32461587;32461663;112;41260791
32461596;32461416;202;40918711
32461596;32461426;82;40397535
32461596;32461615;25;40918716
32461599;32461382;730;40676757
32461601;32461340;541;40676631
32461601;32461340;226;40676632
32461601;32461634;62;40676604
32461607;32461429;81;41854556
32461607;32462118;215;40394654
32461609;32461510;48;40455402
32461613;32461514;44;40483044
32461614;32461793;82;40483041
32461615;32461543;202;40918712
32461615;32461596;25;40918717
32461615;32461751;60;40394421
32461627;32461676;31;41260785
32461627;32461677;21;41260773
32461632;32461545;37;40032564
32461634;32461601;62;40676605
32461643;32461556;234;40676705
32461645;32461551;116;41954814
32461645;32461743;162;40394417
32461646;32461800;80;40431857
32461653;32461283;223;41486690
32461653;32461733;73;40665285
32461653;32461781;118;40665284
32461654;32461198;229;41350773
32461654;32461532;147;40394357
32461654;32461730;95;40355059
32461654;32462016;217;41350776
32461659;32461230;313;40431853
32461659;32461541;164;40431872
32461659;32461800;241;40431877
32461663;32461587;112;41260790
32461663;32461672;36;41260793
32461672;32461663;36;41260792
32461672;32461679;78;41288043
32461674;32462295;326;40395333
32461676;32461677;27;41288040
32461676;32461971;648;41332700
32461677;32461676;27;41288041
32461677;32461678;3;41288034
32461678;32461632;20;40032565
32461678;32461677;3;41288035
32461678;32461679;25;41288036
32461679;32461632;29;41260776
32461679;32461672;78;41288042
32461679;32461678;25;41288037
32461681;32461155;319;40354993
32461681;32461551;73;41401687
32461681;32462111;240;40394397
32461684;32461546;61;40299520
32461684;32461546;180;40394306
32461684;32461721;63;40394309
32461684;32461730;26;40299523
32461685;32461249;257;40395154
32461685;32461459;194;39855641
32461685;32461804;237;39855642
32461690;32461568;54;41279396
32461690;32461809;129;41279391
32461692;32461539;67;39855895
32461692;32461739;22;40586606
32461705;32461947;106;40395436
32461706;32461553;104;40364973
32461706;32461729;39;40296148
32461706;32461739;80;40296145
32461707;32461302;263;40665307
32461707;32461409;139;40665317
32461707;32461712;55;40665320
32461707;32461809;81;40665314
32461708;32461497;189;40395421
32461708;32461555;101;40296144
32461708;32461959;107;40296149
32461712;32461707;55;40665319
32461715;32461356;164;40676723
32461715;32461720;81;40676712
32461715;32461744;9;40676724
32461716;32461737;8;41858519
32461718;32461526;106;40665322
32461718;32461737;11;41858520
32461718;32461781;38;40665323
32461720;32461715;81;40676713
32461720;32461783;376;40676714
32461720;32461867;60;40676706
32461721;32461529;89;41954829
32461721;32461684;63;40394308
32461729;32461706;39;40296147
32461729;32461882;67;41967052
32461729;32461947;431;40296152
32461730;32461684;26;40299522
32461730;32461784;78;40394382
32461730;32461992;103;40299525
32461733;32461653;73;40665286
32461734;32461753;12;41413071
32461734;32461906;162;41413078
32461737;32461716;8;41858518
32461737;32461718;11;41858521
32461737;32461745;4;41858522
32461738;32461580;148;40395214
32461738;32461815;141;40395212
32461738;32462034;136;40395211
32461739;32461692;22;40586605
32461739;32461706;80;40296146
32461739;32461808;42;40443553
32461739;32462169;187;42046218
32461743;32461645;162;40394416
32461743;32461751;200;41954817
32461744;32461715;9;40676725
32461744;32461834;40;40410511
32461745;32461737;4;41858523
32461751;32461615;60;40394420
32461751;32461743;200;41954816
32461751;32462228;257;40394419
32461753;32461570;166;41413069
32461753;32461734;12;41413072
32461773;32461806;98;41967064
32461781;32461653;118;40665283
32461781;32461718;38;40665324
32461781;32461886;51;40665325
32461783;32461720;376;40676715
32461784;32461529;128;40394392
32461784;32461730;78;40394383
32461784;32461857;112;40394384
32461791;32461613;81;40483048
32461793;32462068;109;40483039
32461800;32461646;80;40431856
32461800;32461659;241;40431876
32461800;32461903;106;40431859
32461800;32462141;144;40431879
32461804;32461451;189;40395139
32461804;32461685;237;39855643
32461804;32461827;10;39855644
32461806;32461525;268;40455409
32461806;32461773;98;41967063
32461806;32461994;96;40455410
32461808;32461739;42;40443552
32461808;32461997;99;40443555
32461809;32461690;129;41279390
32461809;32461707;81;40665313
32461809;32461871;159;40665316
32461814;32461391;199;40394348
32461814;32461819;45;40394358
32461814;32462317;204;40394351
32461815;32461738;141;40395213
32461819;32461418;185;40394345
32461819;32461814;45;40394359
32461819;32462308;201;40394346
32461827;32461804;10;39855645
32461827;32461999;116;39855646
32461827;32462108;133;40395312
32461832;32461925;119;40676733
32461834;32461744;40;40410510
32461834;32461996;61;40410513
32461834;32461996;158;40410516
32461839;32461849;43;40394388
32461839;32461857;90;40394387
32461839;32461944;37;40394394
32461849;32461839;43;40394389
32461857;32461784;112;40394385
32461857;32461839;90;40394386
32461857;32461982;47;41954823
32461867;32461720;60;40676707
32461867;32461925;581;40676734
32461867;32462124;477;40676708
32461868;32461791;29;41344872
32461871;32461584;164;40665312
32461871;32461809;159;40665315
32461871;32461906;54;41413074
32461880;32461739;59;41261978
32461880;32461808;43;42046220
32461882;32461729;67;41967051
32461883;32461221;293;40443939
32461883;32461885;22;40394336
32461883;32462027;59;40443942
32461885;32461883;22;40394337
32461886;32461781;51;40665326
32461886;32461890;2;41279380
32461890;32461886;2;41279381
32461890;32461955;29;41279362
32461894;32461956;25;40394365
32461903;32461800;106;40431858
32461906;32461734;162;41413077
32461906;32461871;54;41413073
32461906;32461965;22;41413076
32461907;32461971;27;40909990
32461907;32461985;150;40909987
32461907;32461985;187;41332702
32461925;32461832;119;40676732
32461925;32461867;581;40676735
32461925;32461938;152;40972654
32461938;32461925;152;40972655
32461943;32462746;316;40355082
32461944;32461839;37;40394395
32461947;32461705;106;40395435
32461947;32461729;431;40296151
32461947;32461959;189;40296154
32461951;32462012;31;40394333
32461955;32461890;29;41279363
32461955;32461963;227;41279364
32461955;32462104;395;40665295
32461956;32461894;25;40394364
32461956;32461988;45;40394367
32461956;32461995;29;40394368
32461959;32461708;107;40296150
32461959;32461947;189;40296153
32461959;32461983;12;40395411
32461960;32462108;162;40395337
32461963;32461955;227;41279365
32461965;32461906;22;41413075
32461965;32461978;9;41413081
32461971;32461676;648;41332699
32461971;32461907;27;40909989
32461971;32462048;152;41329607
32461978;32461965;9;41413080
32461978;32462112;74;41528560
32461982;32461857;47;41954822
32461983;32461959;12;40395412
32461983;32462035;80;40397610
32461983;32462082;46;40395413
32461984;32462544;270;40395265
32461985;32461907;187;41332701
32461985;32461907;150;40909988
32461985;32462048;30;40909991
32461988;32461532;189;40394360
32461988;32461956;45;40394366
32461988;32462016;14;40394363
32461992;32461730;103;40299524
32461992;32462004;70;40394390
32461992;32462137;68;40299527
32461994;32461806;96;40455411
32461995;32461956;29;40394369
32461996;32461834;61;40410512
32461996;32461834;158;40410517
32461996;32462703;342;40410515
32461997;32461808;99;40443554
32461997;32462034;35;40443557
32461997;32462413;186;40328544
32461999;32461827;116;39855647
32461999;32462100;61;40395322
32461999;32462125;112;39855648
32462004;32461992;70;40394391
32462012;32461541;345;40431875
32462012;32461951;31;40394332
32462012;32462141;204;40431880
32462012;32462215;251;40394335
32462013;32462163;72;40439072
32462016;32461654;217;41350775
32462016;32461988;14;40394362
32462016;32462531;345;41350778
32462027;32461883;59;40443941
32462027;32462207;76;40443946
32462027;32462215;111;40394326
32462034;32461738;136;40395210
32462034;32461997;35;40443556
32462034;32462251;118;40443559
32462035;32461983;80;40397611
32462035;32462091;83;40397612
32462035;32462126;458;40397616
32462047;32462064;117;40301631
32462048;32461971;152;41329606
32462048;32461985;30;40909992
32462048;32462097;87;40910000
32462064;32462047;117;40301630
32462064;32462087;48;40301633
32462064;32462225;67;41954818
32462068;32462149;41;40483042
32462073;32461868;84;40483046
32462082;32461983;46;40395414
32462082;32462094;15;41955483
32462082;32462166;40;40395415
32462087;32462064;48;40301632
32462087;32462111;42;40301635
32462087;32462250;69;41954825
32462088;32462104;6;40665298
32462091;32462035;83;40397613
32462091;32462241;65;40397602
32462091;32462280;139;40397614
32462094;32462082;15;41955484
32462097;32462048;87;40909999
32462097;32462142;114;40910002
32462097;32462289;85;40203639
32462098;32461450;299;40407518
32462100;32461999;61;40395323
32462104;32461955;395;40665296
32462104;32462088;6;40665297
32462104;32462112;155;41527184
32462108;32461827;133;40395313
32462108;32461960;162;40395336
32462108;32462374;135;40395314
32462111;32461681;240;40394396
32462111;32462087;42;40301634
32462111;32462412;184;40301637
32462112;32461978;74;41528559
32462112;32462104;155;41527185
32462112;32462129;96;41527183
32462116;32462194;32;40394339
32462118;32461607;215;40394653
32462118;32462130;24;40448011
32462118;32462324;88;40394656
32462124;32461867;477;40676709
32462125;32461353;515;41021553
32462125;32461999;112;39855649
32462125;32462221;51;40443595
32462126;32462035;458;40397617
32462129;32462112;96;41527182
32462130;32462118;24;40448012
32462131;32461459;318;39820392
32462131;32462155;18;40567938
32462133;32462234;195;40648346
32462137;32461992;68;40299526
32462137;32462239;184;40355061
32462137;32462340;82;40299529
32462141;32461800;144;40431878
32462141;32462012;204;40431881
32462141;32462209;85;40431860
32462142;32462097;114;40910001
32462142;32462183;68;41743173
32462149;32462319;268;40203636
32462149;32462982;391;40483036
32462155;32462131;18;40567939
32462155;32462156;22;40296155
32462155;32462601;191;40567940
32462156;32462155;22;40296156
32462156;32462159;31;40296157
32462156;32462279;67;40439067
32462158;32462073;41;40483040
32462159;32462156;31;40296158
32462159;32462163;50;40296159
32462159;32462236;49;40439069
32462163;32462013;72;40439071
32462163;32462159;50;40296160
32462163;32462164;3;40296161
32462164;32462163;3;40296162
32462164;32462216;185;40296163
32462164;32462847;251;40395306
32462166;32462082;40;40395416
32462166;32462355;81;41955473
32462166;32462401;95;40395417
32462169;32462175;7;40328538
32462169;32462682;195;42046219
32462175;32461880;127;41261979
32462175;32462169;7;40328537
32462175;32462413;123;40328540
32462176;32462192;9;41260779
32462183;32462142;68;41743172
32462183;32462703;876;41743175
32462190;32462194;17;40665738
32462192;32462176;9;41260778
32462192;32462204;11;41260781
32462192;32462265;29;41260774
32462194;32462116;32;40394338
32462194;32462190;17;40665737
32462194;32462311;50;40394341
32462204;32462192;11;41260780
32462207;32462027;76;40443945
32462207;32462215;31;40394329
32462207;32462342;58;40394287
32462209;32462141;85;40431861
32462215;32462012;251;40394334
32462215;32462027;111;40394327
32462215;32462207;31;40394328
32462216;32462164;185;40296164
32462216;32462339;108;40296165
32462216;32462843;225;40395300
32462217;32462283;132;40855863
32462217;32462319;421;40855862
32462219;32462251;32;40395195
32462219;32462252;61;40395200
32462219;32462260;146;40395192
32462221;32462125;51;40443596
32462221;32462295;61;40443597
32462221;32462464;134;40395316
32462224;32462770;427;40519109
32462225;32462064;67;41954819
32462228;32461751;257;40394418
32462234;32460986;680;40648372
32462234;32462133;195;40648345
32462234;32462529;144;40648373
32462236;32462159;49;40439070
32462239;32462137;184;40355060
32462239;32462338;138;40355063
32462239;32462543;125;40355064
32462241;32462091;65;40397603
32462241;32462261;9;40397604
32462241;32462428;136;40397608
32462250;32462087;69;41954824
32462251;32462034;118;40443558
32462251;32462219;32;40395194
32462251;32462396;73;40443561
32462252;32462219;61;40395201
32462252;32462271;31;40395202
32462252;32462418;70;40395196
32462260;32462219;146;40395193
32462261;32462241;9;40397605
32462261;32462391;80;40397606
32462261;32462469;90;40397618
32462265;32461868;378;40203634
32462265;32462192;29;41260775
32462271;32462252;31;40395203
32462271;32462285;32;40395204
32462271;32462440;71;40395198
32462279;32462156;67;40439068
32462280;32462091;139;40397615
32462283;32462366;128;40855316
32462285;32462271;32;40395205
32462285;32462300;31;40395206
32462285;32462434;61;40395216
32462289;32462097;85;40203640
32462289;32462332;17;40298649
32462295;32461674;326;40395332
32462295;32462221;61;40443598
32462295;32462388;127;40443599
32462300;32462285;31;40395207
32462300;32462449;61;40395218
32462300;32462536;117;40395208
32462308;32461819;201;40394347
32462308;32462317;46;41854562
32462309;32462498;92;40395267
32462311;32462194;50;40394340
32462311;32462340;82;40394376
32462311;32462814;178;40394343
32462317;32461814;204;40394350
32462317;32462308;46;41854563
32462317;32462324;66;41854564
32462319;32462217;421;40855861
32462319;32462982;272;40855439
32462324;32462118;88;40394655
32462324;32462317;66;41854565
32462324;32462465;148;40394316
32462324;32462489;70;41854559
32462332;32462289;17;40298650
32462332;32462712;135;40298647
32462334;32462454;49;40395220
32462338;32462239;138;40355062
32462338;32462721;137;40354983
32462339;32462216;108;40296166
32462339;32462374;19;40296167
32462339;32464007;563;40301823
32462340;32462137;82;40299528
32462340;32462311;82;40394377
32462340;32462836;175;40299531
32462342;32461303;482;40394318
32462342;32462207;58;40394286
32462342;32462357;6;40394289
32462355;32462166;81;41955474
32462355;32462401;29;41955475
32462355;32462428;33;41955471
32462357;32462342;6;40394288
32462357;32462419;31;40394325
32462359;32462466;62;41977238
32462366;32462217;261;40203637
32462366;32462265;130;40203635
32462366;32462756;235;40855864
32462371;32462758;181;40395259
32462374;32462108;135;40395315
32462374;32462339;19;40296168
32462374;32462725;225;40296169
32462388;32461344;544;40853090
32462388;32462295;127;40443600
32462388;32462404;49;41901478
32462391;32462261;80;40397607
32462396;32462251;73;40443560
32462396;32462418;33;40443563
32462396;32462461;26;40328522
32462401;32462166;95;40395418
32462401;32462355;29;41955476
32462401;32463478;374;40395419
32462404;32462388;49;41901479
32462404;32462498;207;40443496
32462404;32462766;261;40395324
32462405;32462700;102;40407521
32462412;32462111;184;40301636
32462412;32462596;134;40301625
32462413;32461997;186;40328543
32462413;32462175;123;40328539
32462413;32462845;147;40328546
32462418;32462252;70;40395197
32462418;32462396;33;40443562
32462418;32462440;31;40443565
32462419;32462357;31;40394324
32462419;32462455;18;40394321
32462424;32462609;125;40241858
32462424;32462712;1274;40241859
32462428;32462241;136;40397609
32462428;32462355;33;41955472
32462428;32462519;124;41955481
32462430;32462706;96;40394371
32462433;32462108;213;40443594
32462433;32462793;122;40443601
32462434;32462285;61;40395217
32462439;32462721;120;40394403
32462440;32462271;71;40395199
32462440;32462418;31;40443564
32462440;32462506;59;40443567
32462449;32462300;61;40395219
32462453;32462765;106;40407523
32462454;32462334;49;40395221
32462454;32462588;52;40395222
32462454;32462810;196;40395190
32462455;32462419;18;40394320
32462455;32462471;7;41853486
32462455;32462546;47;40394323
32462461;32462396;26;40328521
32462461;32462466;18;40328509
32462461;32462485;12;40328524
32462464;32462433;42;40395317
32462464;32462552;85;40395327
32462465;32462324;148;40394317
32462466;32462359;62;41977239
32462466;32462461;18;40328510
32462466;32462473;14;40328511
32462469;32462261;90;40397619
32462469;32462519;48;40397622
32462469;32462554;40;40397620
32462471;32462455;7;41853487
32462471;32462578;60;41854568
32462473;32462466;14;40328512
32462473;32462576;185;41977241
32462473;32462576;53;40328513
32462485;32462461;12;40328523
32462485;32462514;11;40328526
32462485;32462629;63;40328519
32462489;32462324;70;41854558
32462489;32462492;4;40394372
32462489;32462531;21;41854561
32462492;32462489;4;40394373
32462498;32462309;92;40395266
32462498;32462404;207;40443497
32462498;32462537;119;40443498
32462506;32462440;59;40443566
32462506;32462536;39;40193831
32462506;32462565;22;41744111
32462514;32462485;11;40328525
32462514;32462545;12;40328528
32462514;32462565;124;40328410
32462519;32462428;124;41955482
32462519;32462469;48;40397623
32462519;32462587;60;40397624
32462525;32462158;156;41544535
32462525;32462283;444;40203638
32462529;32462234;144;40648374
32462529;32463411;460;42023816
32462531;32462016;345;41350777
32462531;32462489;21;41854560
32462531;32462706;115;41978762
32462531;32462753;115;39820763
32462536;32462300;117;40395209
32462536;32462506;39;40193832
32462536;32462547;7;40193833
32462537;32462498;119;40443499
32462537;32462544;19;40443500
32462537;32462592;22;41901481
32462543;32462239;125;40355065
32462543;32462563;32;41954821
32462543;32462681;43;40355066
32462544;32461984;270;40395264
32462544;32462537;19;40443501
32462544;32462711;155;40443502
32462545;32462514;12;40328527
32462545;32462804;108;41977242
32462546;32462455;47;40394322
32462546;32462562;9;40394331
32462546;32462669;51;41957022
32462547;32462536;7;40193834
32462547;32462588;26;40193835
32462547;32462639;30;40328411
32462552;32462464;85;40395326
32462552;32462614;58;40395330
32462552;32462766;96;40395329
32462554;32462469;40;40397621
32462556;32462810;90;40395186
32462562;32462546;9;40394330
32462562;32462580;10;41332036
32462563;32462543;32;41954820
32462565;32462506;22;41744110
32462565;32462742;54;41744113
32462566;32462545;8;41977235
32462571;32462596;76;40394415
32462575;32469786;2994;40483045
32462576;32462473;185;41977240
32462576;32462473;53;40328514
32462576;32462717;52;40328515
32462578;32462471;60;41854569
32462580;32462562;10;41332037
32462581;32462853;83;40394401
32462584;32462727;41;40394409
32462587;32462519;60;40397625
32462588;32462454;52;40395223
32462588;32462547;26;40193836
32462588;32462607;8;40193837
32462592;32462537;22;41901480
32462592;32462679;50;41901483
32462592;32462711;213;40395263
32462596;32462412;134;40301624
32462596;32462571;76;40394414
32462596;32462840;75;40301627
32462601;32462155;191;40567941
32462601;32465308;810;40567954
32462602;32462575;36;40483047
32462607;32462588;8;40193838
32462607;32462622;5;40303070
32462607;32462899;169;40193839
32462609;32462424;125;40241857
32462609;32462702;71;40407528
32462609;32463648;342;40431862
32462614;32462552;58;40395331
32462622;32462607;5;40303071
32462622;32462661;11;41482513
32462623;32462645;36;40483038
32462628;32463267;220;40395254
32462629;32462485;63;40328520
32462639;32462547;30;40328412
32462639;32462661;35;40328415
32462639;32462742;72;40328413
32462645;32463003;782;40483049
32462647;32462697;254;40586316
32462647;32462797;248;40586317
32462647;32462824;71;41487446
32462661;32462622;11;41482514
32462661;32462639;35;40328416
32462661;32462820;51;41482515
32462669;32462546;51;41957021
32462669;32462737;27;41957024
32462679;32462592;50;41901482
32462679;32462953;294;41901485
32462679;32463238;183;40395268
32462681;32462543;43;40355067
32462681;32462727;53;40394404
32462681;32462809;41;40355068
32462682;32462175;197;41261980
32462682;32462724;15;40328535
32462682;32462837;66;41350780
32462692;32462923;161;41955480
32462694;32462825;44;40394399
32462697;32462647;254;40586315
32462697;32462709;29;40586320
32462697;32463140;150;41487418
32462700;32462405;102;40407522
32462700;32462702;2;40407531
32462700;32462708;60;40407530
32462702;32462609;71;40407527
32462702;32462700;2;40407532
32462702;32463624;303;40407512
32462703;32461996;342;40410514
32462703;32462183;876;41743174
32462703;32463312;463;40472877
32462706;32462430;96;40394370
32462706;32462531;115;41978761
32462706;32462707;80;41978764
32462707;32462706;80;41978763
32462707;32462746;116;41978754
32462707;32463670;389;40394314
32462708;32462700;60;40407529
32462708;32462765;42;40407534
32462708;32463618;299;40407508
32462709;32462697;29;40586319
32462709;32462712;6;40910004
32462711;32462544;155;40443503
32462711;32462592;213;40395262
32462711;32462758;54;40443504
32462712;32462332;135;40298648
32462712;32462424;1274;40241860
32462712;32462709;6;40910003
32462717;32462576;52;40328516
32462717;32462762;30;40328517
32462717;32462956;109;41977236
32462720;32462824;161;41487422
32462721;32462338;137;40354982
32462721;32462439;120;40394402
32462721;32462839;43;40354985
32462724;32462682;15;40328536
32462724;32462845;92;41350781
32462725;32462374;225;40296170
32462725;32462793;60;40443603
32462725;32465841;931;40294757
32462727;32462584;41;40394408
32462727;32462681;53;40394405
32462727;32462803;26;40394406
32462737;32462669;27;41957023
32462737;32462819;29;41331298
32462742;32462565;54;41744112
32462742;32462639;72;40328414
32462742;32462848;34;41744115
32462746;32461943;316;40355081
32462746;32462707;116;41978753
32462746;32462814;74;41978756
32462753;32462531;115;39820762
32462753;32462737;27;41331297
32462756;32462366;235;40855865
32462756;32463103;128;40855859
32462758;32462371;181;40395258
32462758;32462711;54;40443505
32462758;32462802;37;40443506
32462762;32462717;30;40328518
32462764;32463076;207;41310362
32462765;32462453;106;40407524
32462765;32462708;42;40407533
32462765;32462879;123;40407525
32462765;32462880;75;40407536
32462766;32462552;96;40395328
32462766;32462946;63;40395325
32462770;32462224;427;40519110
32462770;32463691;351;40410488
32462774;32463089;204;40394100
32462774;32463155;143;40395423
32462789;32462953;71;40395321
32462791;32462566;71;41977231
32462791;32462816;60;40382312
32462793;32462433;122;40443602
32462793;32462725;60;40443604
32462793;32462898;119;40443605
32462796;32462939;63;40407544
32462797;32462647;248;40586318
32462797;32462824;299;41487423
32462797;32463561;351;40586321
32462802;32462758;37;40443507
32462802;32462850;42;40443508
32462802;32463315;164;40395260
32462803;32462727;26;40394407
32462803;32462809;54;40296115
32462803;32462826;56;40296118
32462804;32462545;108;41977243
32462807;32462840;99;40394379
32462809;32462681;41;40355069
32462809;32462803;54;40296116
32462809;32462825;34;40296119
32462809;32463454;259;40355070
32462810;32462454;196;40395191
32462810;32462556;90;40395187
32462810;32462899;41;40395188
32462814;32462311;178;40394342
32462814;32462746;74;41978755
32462814;32462827;55;41978758
32462816;32462791;60;40382313
32462819;32462835;15;41331300
32462819;32462858;18;39820800
32462820;32462661;51;41482516
32462820;32462846;50;40328417
32462820;32463000;60;41482517
32462824;32462647;71;41487445
32462824;32462720;161;41487421
32462824;32462797;299;41487424
32462824;32462906;34;41487448
32462825;32462694;44;40394398
32462825;32462809;34;40296120
32462825;32462853;64;40296121
32462826;32462803;56;40296117
32462826;32462839;14;40296124
32462826;32462929;38;41954831
32462827;32462814;55;41978757
32462827;32462836;27;41978760
32462827;32462958;138;40394374
32462835;32462753;34;41931643
32462835;32462883;20;40063819
32462836;32462340;175;40299530
32462836;32462827;27;41978759
32462836;32462853;89;40296126
32462836;32463291;151;40299533
32462837;32462682;66;41350779
32462837;32462926;68;40153017
32462837;32463835;335;40328541
32462839;32462721;43;40354984
32462839;32462826;14;40296123
32462839;32462881;42;40296128
32462840;32462596;75;40301626
32462840;32462807;99;40394378
32462840;32462865;91;40394381
32462840;32463033;69;40301629
32462843;32462216;225;40395301
32462843;32462847;135;40395334
32462843;32463580;236;40395302
32462845;32462413;147;40328545
32462845;32462724;92;41350782
32462846;32462820;50;40328418
32462846;32462848;42;40328419
32462846;32463017;61;40328441
32462847;32462164;251;40395307
32462847;32462843;135;40395335
32462847;32463581;235;40395308
32462848;32462742;34;41744114
32462848;32462846;42;40328420
32462848;32463036;68;41744117
32462850;32462802;42;40443509
32462850;32462912;74;40296204
32462850;32462990;70;40063424
32462853;32462581;83;40394400
32462853;32462825;64;40296122
32462853;32462836;89;40296125
32462858;32462819;18;39820801
32462858;32462873;13;39820802
32462858;32462883;32;40612841
32462865;32462840;91;40394380
32462873;32462858;13;39820803
32462873;32462970;55;41948904
32462873;32462970;61;41948908
32462879;32462765;123;40407526
32462880;32462765;75;40407535
32462880;32462939;50;40407538
32462881;32462839;42;40296127
32462881;32463015;140;40296130
32462883;32462835;20;40063820
32462883;32463001;37;40063821
32462898;32462793;119;40443606
32462898;32462946;46;40443607
32462898;32462978;101;40395318
32462899;32462607;169;40193840
32462899;32462810;41;40395189
32462899;32463218;159;40193841
32462906;32462824;34;41487447
32462906;32463126;66;41487453
32462906;32463439;168;41487450
32462912;32462850;74;40296203
32462912;32462990;29;40395256
32462912;32463267;252;40296206
32462923;32462692;161;41955479
32462926;32462837;68;40153016
32462926;32463155;149;40152976
32462929;32462826;38;41954830
32462939;32462796;63;40407543
32462939;32462880;50;40407537
32462939;32463038;64;40407540
32462946;32462898;46;40443608
32462946;32462978;18;41901486
32462953;32462679;294;41901484
32462953;32462789;71;40395320
32462953;32462968;29;41901489
32462956;32462717;109;41977237
32462958;32462827;138;40394375
32462968;32462953;29;41901488
32462968;32462978;123;41901491
32462968;32464453;452;40395296
32462970;32462873;55;41948905
32462970;32462873;61;41948909
32462970;32463050;53;41948907
32462970;32463050;50;41948902
32462974;32463096;90;40225876
32462978;32462898;101;40395319
32462978;32462946;18;41901487
32462978;32462968;123;41901490
32462982;32463022;37;40483037
32462990;32462850;70;40063425
32462990;32462912;29;40395257
32462990;32463231;85;40063426
32463000;32462820;60;41482518
32463000;32463017;53;40328421
32463000;32463121;38;41482519
32463001;32462883;37;40063822
32463001;32463069;50;40394447
32463001;32463539;170;40063823
32463003;32462525;233;41544536
32463015;32462881;140;40296129
32463015;32463033;96;40296132
32463015;32463245;69;40394411
32463017;32462846;61;40328442
32463017;32463000;53;40328422
32463017;32463036;54;40328423
32463017;32463151;39;40328443
32463022;32462602;721;41544539
32463033;32462840;69;40301628
32463033;32463015;96;40296131
32463033;32463065;87;40296134
32463036;32462848;68;41744116
32463036;32463017;54;40328424
32463036;32463176;40;41744119
32463038;32462939;64;40407539
32463038;32463195;108;40407542
32463041;32463140;56;41487452
32463050;32462970;53;41948906
32463050;32462970;50;41948903
32463050;32463144;54;41747496
32463065;32463033;87;40296133
32463065;32463079;36;40296136
32463065;32463111;12;40301619
32463069;32463001;50;40394446
32463069;32463122;33;40394449
32463075;32463050;6;41306348
32463075;32463157;29;41339562
32463076;32462764;207;41310361
32463076;32463092;6;41310364
32463079;32463065;36;40296135
32463079;32463111;53;41955477
32463079;32463478;427;40296138
32463089;32462774;204;40394099
32463089;32463207;70;40394102
32463089;32463494;142;40395428
32463092;32463076;6;41310363
32463092;32463154;21;40394597
32463096;32462974;90;40225877
32463096;32463312;158;40225878
32463096;32463621;248;40225880
32463103;32463195;40;40407519
32463103;32463198;29;40855860
32463111;32463065;12;40301618
32463111;32463079;53;41955478
32463111;32463307;59;40301621
32463121;32463000;38;41482520
32463121;32463151;55;40328425
32463121;32463254;40;41482521
32463122;32463069;33;40394448
32463122;32463142;38;41410777
32463122;32463702;198;40394451
32463126;32462906;66;41487454
32463140;32462697;150;41487417
32463140;32463041;56;41487451
32463140;32463346;89;41487439
32463140;32463439;200;41487438
32463142;32463122;38;41410778
32463144;32463050;54;41747497
32463144;32463075;60;41306349
32463144;32463169;27;41747498
32463151;32463017;39;40328444
32463151;32463121;55;40328426
32463151;32463176;55;40328427
32463151;32463277;39;40328445
32463154;32463092;21;40394596
32463154;32463279;45;40394599
32463155;32462774;143;40395424
32463155;32462926;149;40152977
32463155;32463405;145;40152978
32463155;32463842;254;40395425
32463157;32463075;29;41339563
32463169;32463144;27;41747499
32463169;32463225;15;41889359
32463169;32463232;57;40586389
32463169;32463372;65;40394586
32463175;32463207;9;40395430
32463176;32463036;40;41744118
32463176;32463151;55;40328428
32463176;32463303;39;41744121
32463193;32462756;162;40855315
32463193;32463387;61;41934731
32463195;32463038;108;40407541
32463195;32463103;40;40407520
32463195;32463490;90;40407503
32463198;32463388;59;41937026
32463198;32463388;61;41934732
32463207;32463089;70;40394101
32463207;32463175;9;40395429
32463207;32463440;82;40395432
32463218;32462899;159;40193842
32463218;32463288;42;40193843
32463218;32463341;45;40395224
32463225;32463169;15;41889358
32463225;32463338;57;41410510
32463231;32462990;85;40063427
32463231;32463510;109;40063428
32463231;32463557;129;40395236
32463232;32463169;57;40586390
32463232;32463257;26;40586391
32463232;32463320;31;41296783
32463238;32462679;183;40395269
32463238;32464116;351;41138693
32463245;32463015;69;40394410
32463245;32463307;183;40394413
32463245;32463353;38;40433547
32463254;32463121;40;41482522
32463254;32463277;61;40328429
32463254;32463351;35;41482523
32463257;32463232;26;40586392
32463257;32463284;155;40394593
32463257;32463284;39;40586393
32463267;32462628;220;40395255
32463267;32462912;252;40296205
32463267;32463274;4;40296208
32463267;32463495;69;40395243
32463274;32463267;4;40296207
32463274;32463392;81;40296210
32463277;32463151;39;40328446
32463277;32463254;61;40328430
32463277;32463303;54;40328431
32463277;32463406;36;40328447
32463279;32463154;45;40394598
32463279;32463154;90;40394595
32463279;32463389;34;40394601
32463284;32463257;155;40394594
32463284;32463257;39;40586394
32463284;32463389;116;40586395
32463288;32463218;42;40193844
32463288;32463341;20;41482510
32463288;32463392;254;40193845
32463291;32462836;151;40299532
32463291;32463412;58;40299535
32463291;32465414;629;40394310
32463303;32463176;39;41744120
32463303;32463277;54;40328432
32463303;32463431;38;41744123
32463307;32463111;59;40301620
32463307;32463245;183;40394412
32463307;32463922;257;40301623
32463312;32462703;463;40472876
32463312;32463096;158;40225879
32463312;32463415;80;40410509
32463312;32463415;41;40472879
32463315;32462802;164;40395261
32463320;32463232;31;41296784
32463338;32463225;57;41410509
32463338;32463320;6;41296785
32463338;32463395;25;41410512
32463341;32463218;45;40395225
32463341;32463288;20;41482509
32463341;32463402;18;40395226
32463346;32463140;89;41487440
32463351;32463254;35;41482524
32463351;32463396;63;40328433
32463351;32463498;48;41482525
32463353;32463245;38;40433548
32463372;32463169;65;40394587
32463372;32463453;86;40394592
32463372;32463571;64;40394588
32463387;32463193;59;41938374
32463387;32463193;61;41934730
32463388;32463198;61;41934733
32463388;32463467;23;41937025
32463389;32463279;34;40394600
32463389;32463284;116;40586396
32463389;32463479;102;40586397
32463392;32463274;81;40296209
32463392;32463288;254;40193846
32463395;32463338;25;41410511
32463395;32463433;36;41348119
32463395;32463453;17;41410514
32463396;32463351;63;40328434
32463396;32463406;10;40328435
32463396;32463531;45;40328457
32463402;32463341;18;40395227
32463402;32463518;53;40395230
32463402;32463528;173;40395228
32463405;32463155;145;40152979
32463405;32463494;57;40152980
32463405;32463654;104;40394103
32463406;32463277;36;40328448
32463406;32463396;10;40328436
32463406;32463425;38;40328437
32463411;32461182;1564;40395185
32463411;32462529;460;42023817
32463412;32463291;58;40299534
32463412;32463616;76;40394312
32463412;32463670;125;40299537
32463415;32463312;80;40410508
32463415;32463312;41;40472878
32463415;32464135;307;40472881
32463425;32463406;38;40328438
32463425;32463431;15;40328439
32463425;32463556;45;40910051
32463431;32463303;38;41744122
32463431;32463425;15;40328440
32463431;32463565;45;41744125
32463433;32463395;36;41348120
32463439;32462906;168;41487449
32463439;32463140;200;41487437
32463439;32463765;121;41487442
32463440;32463207;82;40395431
32463440;32463595;60;40395434
32463440;32463711;202;40395409
32463445;32462881;178;40299514
32463453;32463395;17;41410513
32463453;32463568;40;40586378
32463454;32463524;35;40871573
32463454;32463553;36;40871572
32463455;32462791;210;41977232
32463455;32463470;74;40382303
32463460;32463387;23;41938375
32463460;32463467;18;41331322
32463467;32463533;30;41331321
32463470;32463455;74;40382304
32463478;32462401;374;40395420
32463478;32463079;427;40296137
32463478;32463711;120;40296140
32463479;32463389;102;40586398
32463479;32463503;61;40586405
32463479;32463594;42;40394572
32463490;32463195;90;40407502
32463494;32463089;142;40395427
32463494;32463405;57;40152981
32463494;32463595;74;40152982
32463495;32463267;69;40395242
32463495;32463510;144;40395245
32463495;32463718;88;40395274
32463498;32463351;48;41482526
32463498;32463525;67;40328450
32463498;32463911;146;41482527
32463503;32463460;23;39821087
32463503;32463479;61;40586406
32463507;32463594;64;41305751
32463510;32463231;109;40063429
32463510;32463495;144;40395244
32463510;32463780;107;40063430
32463515;32463528;18;40395272
32463515;32463528;17;40395271
32463518;32463402;53;40395231
32463524;32463445;38;40299515
32463524;32463553;32;40299513
32463524;32463607;41;40301605
32463525;32463498;67;40328449
32463525;32463531;12;40328452
32463525;32463643;46;40328466
32463528;32463402;173;40395229
32463528;32463515;18;40395273
32463528;32463515;17;40395270
32463531;32463396;45;40328458
32463531;32463525;12;40328451
32463531;32463556;52;40328454
32463533;32463542;18;39820936
32463533;32463572;17;41331299
32463534;32462880;209;41857589
32463534;32463649;45;40407506
32463539;32463001;170;40063824
32463539;32463571;147;40394612
32463539;32463788;89;40063825
32463542;32463533;18;39820937
32463542;32463603;75;40586387
32463545;32463557;64;40395289
32463553;32463524;32;40299512
32463553;32464058;196;40299509
32463555;32463503;20;41933720
32463556;32463425;45;40910052
32463556;32463531;52;40328453
32463556;32463565;15;40328456
32463557;32463231;129;40395237
32463557;32463545;64;40395288
32463557;32463655;39;40395238
32463561;32462797;351;40586322
32463561;32463817;177;41070702
32463561;32464651;395;40586323
32463565;32463431;45;41744124
32463565;32463556;15;40328455
32463565;32463593;9;41744127
32463568;32463453;40;40586377
32463568;32463584;90;40394610
32463568;32463841;96;40586380
32463571;32463372;64;40394589
32463571;32463539;147;40394613
32463571;32463828;89;40394590
32463572;32463555;29;41933535
32463572;32464495;271;40855322
32463577;32463581;114;40395349
32463580;32462843;236;40395303
32463580;32463581;140;40395350
32463580;32463950;121;40395304
32463581;32462847;235;40395309
32463581;32463577;114;40395348
32463581;32463580;140;40395351
32463581;32463994;140;40395310
32463584;32463568;90;40394611
32463584;32463863;97;40394602
32463584;32463898;161;41280709
32463593;32463565;9;41744126
32463593;32463626;108;40328409
32463593;32463984;135;41744129
32463594;32463479;42;40394573
32463594;32463507;64;41305750
32463594;32463916;108;40394574
32463595;32463440;60;40395433
32463595;32463494;74;40152983
32463595;32463666;61;40152984
32463600;32463728;58;40395291
32463603;32463542;75;40586388
32463603;32463608;8;41348121
32463603;32463787;73;41340114
32463607;32463445;55;40425498
32463607;32463524;41;40301604
32463607;32463803;81;40301607
32463608;32463038;179;40407504
32463608;32463603;8;41348122
32463608;32463634;63;41348123
32463616;32463412;76;40394313
32463618;32462708;299;40407507
32463618;32463636;23;40407510
32463618;32463644;62;40407545
32463621;32463096;248;40225881
32463621;32463905;107;40410525
32463624;32462702;303;40407511
32463624;32463644;11;40407514
32463624;32463648;62;40407547
32463626;32463455;60;41977233
32463626;32463593;108;40328408
32463634;32463608;63;41348124
32463634;32463649;27;41348125
32463634;32463865;79;40407549
32463636;32463618;23;40407509
32463642;32463626;10;41977234
32463643;32463525;46;40328465
32463643;32463672;22;40328483
32463643;32463758;44;40328468
32463644;32463618;62;40407546
32463644;32463624;11;40407513
32463646;32463765;80;41487416
32463648;32463624;62;40407548
32463648;32463908;84;40407516
32463649;32463534;45;40407505
32463649;32463634;27;41348126
32463649;32463700;82;41348127
32463652;32463930;87;40328475
32463654;32463405;104;40394104
32463655;32463557;39;40395239
32463655;32463728;64;40395292
32463655;32463926;90;40395240
32463664;32463752;32;40328477
32463666;32463595;61;40152985
32463666;32463861;122;40152986
32463666;32464017;120;40394108
32463670;32462707;389;40394315
32463670;32463412;125;40299536
32463670;32464439;215;40299539
32463672;32463643;22;40328484
32463672;32463679;24;40328491
32463672;32463768;33;40328485
32463679;32463672;24;40328492
32463691;32462770;351;40410489
32463691;32463764;62;40410487
32463691;32464658;287;40410490
32463700;32463649;82;41348128
32463700;32463908;131;41348129
32463702;32463122;198;40394450
32463702;32463770;20;40394453
32463702;32464519;243;40394463
32463711;32463440;202;40395410
32463711;32463478;120;40296139
32463711;32463861;66;40296142
32463718;32463495;88;40395275
32463728;32463600;58;40395290
32463728;32463655;64;40395293
32463728;32463753;19;40395294
32463752;32463664;32;40328478
32463752;32463758;8;40328481
32463752;32463912;48;40328479
32463753;32463728;19;40395295
32463758;32463643;44;40328467
32463758;32463752;8;40328482
32463758;32463797;11;40328470
32463760;32463780;54;40395277
32463764;32463691;62;40410486
32463764;32463881;92;40410523
32463765;32463439;121;41487441
32463765;32463646;80;41487415
32463765;32464038;86;41487444
32463768;32463672;33;40328486
32463768;32463779;25;40328489
32463768;32463797;31;40328487
32463770;32463702;20;40394452
32463770;32463772;47;40394460
32463770;32464523;202;40394455
32463772;32463069;232;40394444
32463772;32463770;47;40394461
32463779;32463768;25;40328490
32463780;32463510;107;40063431
32463780;32463760;54;40395276
32463780;32463925;40;40063432
32463787;32463603;73;41340113
32463787;32463808;18;41340117
32463787;32463843;16;41340116
32463788;32463539;89;40063826
32463788;32463828;136;40214497
32463788;32464041;80;40063827
32463797;32463758;11;40328469
32463797;32463768;31;40328488
32463797;32463912;34;40328472
32463803;32463607;81;40301606
32463803;32463922;265;40301609
32463803;32464042;79;40394422
32463805;32464209;113;40407774
32463808;32463787;18;41340118
32463817;32463561;177;41070703
32463825;32464929;403;40407772
32463828;32463571;89;40394591
32463828;32463788;136;40214498
32463828;32463841;86;41411909
32463835;32463842;57;40394126
32463835;32463979;46;40328542
32463841;32463568;96;40586379
32463841;32463828;86;41411910
32463841;32463845;23;41411911
32463841;32464107;80;40586382
32463842;32463155;254;40395426
32463842;32463835;57;40394127
32463842;32463991;49;40394128
32463842;32464677;280;40394105
32463843;32463787;16;41340115
32463843;32463852;30;42025267
32463843;32463915;28;42025260
32463845;32463841;23;41411912
32463845;32463846;3;41411913
32463846;32463845;3;41411914
32463846;32463863;64;41411915
32463846;32463866;6;42049162
32463852;32463843;30;42025266
32463852;32463865;41;40407552
32463861;32463666;122;40152987
32463861;32463711;66;40296141
32463861;32464023;103;41261981
32463861;32464557;211;40152992
32463863;32463584;97;40394603
32463863;32463846;64;41411916
32463863;32463898;103;41411917
32463863;32464436;152;40394604
32463865;32463634;79;40407550
32463865;32463852;41;40407551
32463865;32463921;28;42025262
32463865;32464021;55;42025264
32463866;32463846;6;42049161
32463867;32464023;62;42046862
32463881;32463764;92;40410522
32463881;32463905;13;40410527
32463898;32463584;161;41280710
32463898;32463863;103;41411918
32463898;32463916;77;41411919
32463898;32464455;155;40214481
32463905;32463621;107;40410524
32463905;32463881;13;40410526
32463905;32463965;42;40410529
32463908;32463648;84;40407515
32463908;32463700;131;41348130
32463908;32464166;105;41348131
32463911;32463498;146;41482528
32463911;32463930;25;40328459
32463911;32464035;44;41482529
32463912;32463752;48;40328480
32463912;32463797;34;40328471
32463912;32463946;10;40328474
32463915;32463843;28;42025261
32463916;32463594;108;40394575
32463916;32463898;77;41411920
32463916;32463980;25;41533791
32463920;32464204;110;42046865
32463921;32463865;28;42025263
32463922;32463307;257;40301622
32463922;32463803;265;40301608
32463922;32464327;108;40301611
32463925;32463780;40;40063433
32463925;32464122;68;40063434
32463925;32464224;98;40395246
32463926;32463655;90;40395241
32463926;32463997;68;41138688
32463926;32464224;201;40395287
32463930;32463652;87;40328476
32463930;32463911;25;40328460
32463930;32463946;35;40328461
32463946;32463912;10;40328473
32463946;32463930;35;40328462
32463946;32463984;100;40328463
32463950;32463580;121;40395305
32463965;32463905;42;40410528
32463965;32464135;114;40410531
32463965;32464783;318;40410532
32463972;32464078;34;40394630
32463979;32463981;51;40153008
32463979;32464362;95;40296112
32463980;32463916;25;41533792
32463980;32463987;7;42047678
32463980;32464045;21;41533793
32463981;32462724;421;40376737
32463981;32463979;51;40153009
32463984;32463593;135;41744128
32463984;32463946;100;40328464
32463984;32464168;45;41744131
32463987;32463980;7;42047677
32463991;32463842;49;40394129
32463994;32463581;140;40395311
32463997;32463926;68;41138689
32463997;32464206;115;41138690
32463997;32464555;180;40395232
32464007;32462339;563;40301824
32464017;32463666;120;40394109
32464017;32464144;30;40394118
32464017;32464592;193;40394110
32464019;32464122;69;40395279
32464021;32463865;55;42025265
32464023;32463861;103;41261982
32464023;32463867;62;42046863
32464023;32464204;68;41261983
32464027;32464522;136;40433542
32464035;32463911;44;41482530
32464035;32464079;12;41482531
32464035;32464168;177;40328493
32464038;32463765;86;41487443
32464038;32464365;157;41487430
32464041;32463788;80;40063828
32464041;32464078;127;40394624
32464041;32464366;72;40063829
32464042;32463803;79;40394423
32464045;32463980;21;41533794
32464045;32464055;8;42047680
32464045;32464203;32;41533795
32464053;32465232;433;40410505
32464055;32464045;8;42047679
32464058;32463553;196;40299508
32464058;32464248;89;40394424
32464058;32465577;426;40299511
32464078;32463972;34;40394631
32464078;32464041;127;40394625
32464078;32464107;86;40394626
32464078;32464388;73;40394632
32464079;32464035;12;41482532
32464079;32464402;291;40303072
32464079;32464804;243;41587367
32464100;32464257;40;40433552
32464107;32463841;80;40586381
32464107;32464078;86;40394627
32464107;32464413;72;40586384
32464116;32463238;351;41138692
32464122;32463925;68;40063435
32464122;32464019;69;40395278
32464122;32464666;174;40063436
32464135;32463415;307;40472880
32464135;32463965;114;40410530
32464135;32464783;207;40472883
32464144;32464017;30;40394119
32464166;32462609;493;40241856
32464166;32463908;105;41348132
32464166;32464302;44;41348133
32464168;32463984;45;41744130
32464168;32464035;177;40328494
32464168;32464364;53;41744133
32464176;32464298;37;42046856
32464178;32464271;25;40408213
32464179;32464209;20;41418391
32464203;32464045;32;41533796
32464203;32464212;8;42047682
32464203;32464226;6;41533797
32464204;32463920;110;42046864
32464204;32464023;68;41261984
32464204;32464378;139;41261985
32464206;32463997;115;41138691
32464206;32464820;216;40395284
32464209;32463805;113;40407773
32464209;32464179;20;41418390
32464209;32464475;73;40407776
32464212;32464203;8;42047681
32464219;32464298;50;42046853
32464222;32464226;4;42047330
32464224;32463925;98;40395247
32464224;32463926;201;40395286
32464224;32464555;128;40395248
32464226;32464203;6;41533798
32464226;32464222;4;42047331
32464226;32464548;89;41533799
32464235;32463700;148;40407554
32464248;32464058;89;40394425
32464257;32464100;40;40433551
32464257;32464298;18;42046854
32464257;32464304;14;40433554
32464262;32464327;124;40469542
32464266;32464235;54;40407555
32464266;32464345;70;40431870
32464269;32465093;253;40408209
32464271;32464178;25;40408212
32464271;32464541;146;40408211
32464298;32464176;37;42046857
32464298;32464219;50;42046852
32464298;32464257;18;42046855
32464302;32464166;44;41348134
32464302;32464475;65;41306206
32464302;32464613;111;40431867
32464304;32464257;14;40433553
32464304;32464378;31;42046867
32464304;32464443;54;40426308
32464306;32464572;86;40408215
32464327;32463922;108;40301610
32464327;32464262;124;40469541
32464327;32464516;102;40301613
32464331;32464775;145;40407762
32464345;32464266;70;40431871
32464355;32463642;208;40326587
32464355;32464364;70;40326599
32464361;32464362;55;40394124
32464362;32464361;55;40394125
32464362;32464626;74;40296113
32464363;32464672;139;40431967
32464364;32464168;53;41744132
32464364;32464402;13;41744135
32464365;32464038;157;41487429
32464365;32464539;65;40204712
32464365;32464608;152;41487427
32464366;32464041;72;40063830
32464366;32464388;120;40394615
32464366;32464600;64;40063831
32464378;32464204;139;41261986
32464378;32464304;31;42046866
32464378;32464443;36;41261987
32464388;32464078;73;40394633
32464388;32464366;120;40394614
32464388;32464413;86;40394617
32464388;32464630;66;40394634
32464395;32464470;34;42046870
32464395;32464526;293;40433550
32464395;32464526;49;40433529
32464402;32464079;291;40303073
32464402;32464364;13;41744134
32464402;32464736;95;41744137
32464413;32464107;72;40586383
32464413;32464388;86;40394616
32464413;32464436;91;40394619
32464413;32464659;68;40586386
32464436;32463863;152;40394605
32464436;32464413;91;40394618
32464436;32464455;67;40394621
32464436;32464681;69;40394606
32464439;32463670;215;40299538
32464439;32464520;136;41791555
32464439;32464976;150;40299541
32464443;32464378;36;41261988
32464443;32464470;11;41350759
32464448;32464453;57;40395338
32464453;32462968;452;40395297
32464453;32464448;57;40395339
32464453;32464549;129;40395340
32464453;32464686;64;40395298
32464455;32463898;155;40214482
32464455;32464436;67;40394620
32464455;32464548;78;40394623
32464455;32464701;70;40214483
32464470;32464395;34;42046871
32464470;32464443;11;41350760
32464470;32464679;73;41350761
32464475;32464209;73;40407775
32464475;32464302;65;41306207
32464475;32464491;6;41306208
32464491;32464475;6;41306209
32464491;32464613;36;40431868
32464491;32464775;118;41306210
32464495;32463555;275;40855431
32464495;32467416;896;40855421
32464497;32464676;50;40328498
32464510;32464512;5;40394465
32464512;32464510;5;40394464
32464512;32464519;47;40394467
32464512;32464750;75;40394471
32464516;32464327;102;40301612
32464516;32464522;16;40433539
32464516;32464735;66;40301615
32464519;32463702;243;40394462
32464519;32464512;47;40394466
32464519;32464523;31;40394469
32464520;32464439;136;41791556
32464520;32464976;187;40394458
32464522;32464027;136;40433541
32464522;32464516;16;40433540
32464522;32464712;70;40433544
32464523;32463770;202;40394454
32464523;32464519;31;40394468
32464523;32464696;49;40394457
32464526;32464395;293;40433549
32464526;32464395;49;40433530
32464526;32464743;158;40433531
32464538;32464968;125;40368368
32464539;32464365;65;40204711
32464541;32464271;146;40408210
32464541;32464572;7;40408217
32464548;32464226;89;41533800
32464548;32464455;78;40394622
32464548;32464759;72;41533801
32464549;32464453;129;40395341
32464549;32465065;155;40395342
32464555;32463997;180;40395233
32464555;32464224;128;40395249
32464555;32464714;71;40395250
32464555;32465009;173;40395234
32464557;32463861;211;40152993
32464557;32464592;117;40394120
32464557;32464833;93;40152994
32464572;32464306;86;40408214
32464572;32464541;7;40408216
32464572;32464665;31;40408219
32464579;32465096;154;40368366
32464590;32464773;64;40368382
32464592;32464017;193;40394111
32464592;32464557;117;40394121
32464592;32464890;92;40394112
32464600;32464366;64;40063832
32464600;32464630;122;40214472
32464600;32464645;49;40394661
32464600;32464879;86;40443633
32464608;32464365;152;41487428
32464608;32464828;158;41487413
32464608;32464915;92;41487426
32464613;32464302;111;40431866
32464613;32464491;36;40431869
32464613;32465091;147;40431863
32464626;32464716;25;40376741
32464630;32464388;66;40394635
32464630;32464600;122;40214471
32464630;32464659;85;40214474
32464630;32464911;84;40394636
32464637;32463981;168;40376738
32464643;32464658;140;40410507
32464645;32463772;234;40394445
32464645;32464600;49;40394662
32464645;32464671;26;40394663
32464651;32463561;395;40586324
32464651;32465074;185;40225883
32464651;32465849;447;40586355
32464658;32463691;287;40410491
32464658;32464643;140;40410506
32464658;32465034;119;40410492
32464659;32464413;68;40586385
32464659;32464630;85;40214473
32464659;32464681;91;40214476
32464659;32465560;247;41410516
32464665;32464572;31;40408218
32464665;32464926;132;40408192
32464665;32465336;203;40408221
32464666;32464122;174;40063437
32464666;32464773;53;40063438
32464666;32465222;167;40368370
32464671;32464645;26;40394664
32464671;32464696;22;40394665
32464671;32464784;43;40394472
32464672;32464363;139;40431966
32464676;32464497;50;40328497
32464676;32464837;50;40328500
32464676;32464967;131;40382436
32464677;32464716;108;40394123
32464677;32465295;177;40394106
32464679;32464470;73;41350762
32464679;32464729;72;42046869
32464679;32465310;229;41350763
32464681;32464436;69;40394607
32464681;32464659;91;40214475
32464681;32464701;52;40214478
32464681;32465099;122;40394608
32464682;32465028;540;41167555
32464686;32464453;64;40395299
32464686;32465322;265;40562974
32464691;32464753;22;40376739
32464691;32465155;237;40377192
32464696;32464523;49;40394456
32464696;32464671;22;40394666
32464696;32464750;59;40394667
32464701;32464455;70;40214484
32464701;32464681;52;40214477
32464701;32464759;80;40214480
32464701;32464951;77;40214485
32464712;32464522;70;40433543
32464712;32464743;34;42046858
32464712;32465187;144;40433546
32464714;32464555;71;40395251
32464714;32464820;58;40395252
32464714;32465102;148;40395282
32464716;32464677;108;40394122
32464716;32465333;174;40376742
32464721;32465240;153;40368364
32464729;32464679;72;42046868
32464732;32464355;108;40326588
32464732;32464736;77;40328407
32464735;32464516;66;40301614
32464735;32464765;104;40469544
32464735;32465595;254;40301617
32464736;32464402;95;41744136
32464736;32464814;27;41744139
32464743;32464526;158;40433532
32464743;32464712;34;42046859
32464743;32464790;19;40433533
32464750;32464512;75;40394470
32464750;32464696;59;40394668
32464750;32464776;32;40394669
32464753;32464637;109;40328531
32464753;32464691;22;40376740
32464759;32464548;72;41533802
32464759;32464701;80;40214479
32464759;32465189;124;40586399
32464765;32464735;104;40469543
32464772;32464926;67;40408195
32464773;32464590;64;40368381
32464773;32464666;53;40063439
32464773;32464889;42;40063440
32464775;32464331;145;40407761
32464775;32464491;118;41306211
32464775;32464792;6;41306212
32464776;32464750;32;40394670
32464776;32464962;45;40394478
32464776;32464966;137;40394671
32464783;32463965;318;40410533
32464783;32464135;207;40472882
32464783;32465682;250;40472885
32464784;32464671;43;40394473
32464784;32464962;128;40394492
32464784;32465356;150;41410809
32464790;32464743;19;40433534
32464790;32464855;50;42046860
32464790;32465187;114;40433535
32464792;32464775;6;41306213
32464792;32464929;46;41306214
32464792;32465247;140;40407714
32464804;32464079;243;41587366
32464805;32465046;67;42025259
32464808;32465499;320;41888519
32464814;32464736;27;41744138
32464814;32464837;63;40328507
32464814;32464948;33;41744141
32464820;32464206;216;40395285
32464820;32464714;58;40395253
32464820;32465102;219;40395280
32464828;32464608;158;41487414
32464828;32465645;403;41487431
32464831;32465049;63;40408207
32464833;32464557;93;40152995
32464833;32464907;140;40394132
32464833;32465148;88;40152996
32464837;32464676;50;40328499
32464837;32464814;63;40328508
32464837;32464977;35;40328502
32464855;32464790;50;42046861
32464859;32464951;23;41332277
32464879;32464600;86;40443634
32464879;32464911;125;40394629
32464879;32465126;66;40443635
32464889;32464773;42;40063441
32464889;32464968;32;40063442
32464889;32465222;150;40368391
32464890;32464592;92;40394113
32464890;32464904;49;40394130
32464890;32464907;5;40394114
32464904;32464890;49;40394131
32464907;32464833;140;40394133
32464907;32464890;5;40394115
32464907;32465231;93;40394116
32464911;32464630;84;40394637
32464911;32464879;125;40394628
32464911;32465061;41;40394638
32464912;32464977;33;40382439
32464915;32464608;92;41487425
32464915;32465298;140;41487420
32464916;32464732;54;40326589
32464916;32464948;78;40328405
32464926;32464665;132;40408193
32464926;32464772;67;40408194
32464926;32465852;283;40408196
32464929;32463825;403;40407771
32464929;32464792;46;41306215
32464929;32465040;40;41306216
32464948;32464814;33;41744140
32464948;32464916;78;40328406
32464948;32465196;75;41744143
32464951;32464701;77;40214486
32464951;32464859;23;41332276
32464951;32465099;48;40214487
32464962;32464776;45;40394479
32464962;32464784;128;40394493
32464962;32464966;162;40394494
32464962;32465141;52;40394480
32464966;32464776;137;40394672
32464966;32464962;162;40394495
32464966;32465112;125;40394673
32464967;32464676;131;40382437
32464968;32464538;125;40368367
32464968;32464889;32;40063443
32464968;32465022;23;40063444
32464976;32464439;150;40299540
32464976;32464520;187;40394459
32464976;32465112;40;40299543
32464977;32464837;35;40328501
32464977;32464912;33;40382438
32464977;32465224;75;40328504
32465009;32464555;173;40395235
32465015;32465034;75;41543776
32465022;32464968;23;40063445
32465022;32465096;44;40063446
32465022;32465134;40;40368395
32465028;32464682;540;41167556
32465028;32465432;133;40225870
32465034;32464658;119;40410493
32465034;32465015;75;41543775
32465034;32465232;65;40410494
32465036;32465141;59;40394484
32465040;32464929;40;41306217
32465040;32465049;75;40407763
32465040;32465081;21;41306218
32465046;32464805;67;42025258
32465046;32465077;12;42025257
32465049;32464831;63;40408206
32465049;32465040;75;40407764
32465049;32465093;53;40407765
32465051;32464753;81;40328532
32465051;32465155;116;40153013
32465053;32465092;138;40368384
32465057;32465159;47;40432831
32465061;32464911;41;40394639
32465061;32465070;25;40394576
32465061;32465280;61;40394640
32465065;32464549;155;40395343
32465065;32465149;50;40562958
32465065;32465507;117;40395344
32465070;32465129;100;41410519
32465070;32465275;56;41410521
32465074;32464651;185;40225882
32465074;32465458;164;40409920
32465074;32466615;477;40225885
32465075;32465358;81;41967045
32465076;32464266;307;40407553
32465076;32465473;107;40407729
32465077;32465046;12;42025256
32465077;32465076;8;40431864
32465081;32465040;21;41306219
32465081;32465749;351;40407719
32465081;32465949;320;41306220
32465091;32465077;144;40431865
32465091;32465130;18;40407722
32465092;32465053;138;40368383
32465092;32465121;7;40443573
32465093;32464269;253;40408208
32465093;32465049;53;40407766
32465093;32465206;105;40407767
32465096;32464579;154;40368365
32465096;32465022;44;40063447
32465096;32465125;10;40063448
32465099;32464681;122;40394609
32465099;32464951;48;40214488
32465099;32465189;93;40394568
32465099;32465299;69;40214489
32465102;32464714;148;40395283
32465102;32464820;219;40395281
32465112;32464966;125;40394674
32465112;32464976;40;40299542
32465112;32465414;202;40394675
32465121;32465092;7;40443572
32465121;32465215;71;40368389
32465121;32465397;84;40368388
32465125;32465096;10;40063449
32465125;32465217;55;40063450
32465125;32465230;41;40368357
32465126;32464879;66;40443636
32465126;32465515;98;40443637
32465129;32465126;12;41410520
32465129;32465374;64;41410517
32465130;32465091;18;40407721
32465130;32465247;81;40407724
32465130;32465902;252;40407726
32465134;32465022;40;40368396
32465134;32465230;55;40368361
32465134;32465687;179;40368397
32465141;32464962;52;40394481
32465141;32465036;59;40394485
32465141;32465270;112;40394486
32465141;32465311;48;40394482
32465146;32465803;301;40408205
32465148;32464833;88;40152997
32465148;32465159;5;40152998
32465148;32465231;158;41350790
32465149;32465065;50;40562959
32465155;32464691;237;40377191
32465155;32465051;116;40153012
32465155;32465328;49;40153015
32465159;32465057;47;40432830
32465159;32465148;5;40152999
32465159;32465615;121;40153000
32465178;32464916;74;40326590
32465178;32465188;3;41350828
32465187;32464712;144;40433545
32465187;32464790;114;40433536
32465187;32465310;50;40433526
32465187;32465349;85;40433537
32465187;32465349;42;40433523
32465188;32465178;3;41350827
32465188;32465190;26;40326948
32465188;32465380;45;41350830
32465189;32464759;124;40586400
32465189;32465099;93;40394569
32465189;32465828;173;40586401
32465189;32466677;502;40394570
32465190;32465188;26;40326949
32465196;32464948;75;41744142
32465196;32465365;55;41744145
32465196;32465521;74;40326581
32465206;32465093;105;40407768
32465206;32465336;106;40407769
32465206;32465592;113;41418393
32465209;32465224;33;40328495
32465215;32465121;71;40368390
32465215;32465294;25;40368386
32465215;32465361;63;40443570
32465217;32465125;55;40063451
32465217;32465240;11;40063452
32465217;32465838;193;40368355
32465222;32464666;167;40368369
32465222;32464889;150;40368392
32465222;32465687;125;40368372
32465224;32464977;75;40328503
32465224;32465209;33;40328496
32465224;32465528;69;40328506
32465230;32465125;41;40368358
32465230;32465134;55;40368362
32465230;32465812;178;40368359
32465231;32464907;93;40394117
32465231;32465148;158;41350789
32465231;32465461;192;41350792
32465232;32464053;433;40410504
32465232;32465034;65;40410495
32465232;32465788;150;40410496
32465240;32464721;153;40368363
32465240;32465217;11;40063453
32465240;32465361;44;40063454
32465247;32464792;140;40407713
32465247;32465130;81;40407723
32465247;32465749;153;40407716
32465270;32465141;112;40394487
32465273;32465299;11;42049496
32465275;32465070;56;41410522
32465275;32465280;24;41410523
32465280;32465061;61;40394641
32465280;32465275;24;41410524
32465280;32465541;62;40394642
32465294;32465215;25;40368385
32465295;32465333;117;40394135
32465295;32465461;39;40394107
32465298;32464915;140;41487419
32465299;32465099;69;40214490
32465299;32465273;11;42049497
32465299;32465650;112;40214491
32465308;32462601;810;40567955
32465308;32465768;130;40363790
32465310;32464679;229;41350764
32465310;32465187;50;40433525
32465310;32465595;87;41350765
32465311;32465141;48;40394483
32465311;32465356;95;40394648
32465311;32465466;107;40394475
32465311;32465722;111;40394476
32465312;32465319;59;42046872
32465319;32465051;75;40328533
32465319;32465312;59;42046873
32465322;32464686;265;40562975
32465324;32465729;110;41350796
32465328;32465155;49;40153014
32465328;32465358;84;40153026
32465328;32465938;167;41402257
32465333;32465295;117;40394134
32465333;32465766;116;40376743
32465336;32464665;203;40408220
32465336;32465206;106;40407770
32465336;32465949;190;40408223
32465349;32465187;42;40433524
32465349;32465187;85;40433538
32465349;32465418;18;40433527
32465356;32465892;147;41410810
32465358;32465075;81;41967046
32465358;32465328;84;40153027
32465358;32465380;65;40153028
32465361;32465215;63;40443571
32465361;32465240;44;40063455
32465361;32465475;51;40443568
32465361;32465838;209;40368373
32465365;32465196;55;41744144
32465365;32465511;51;41350784
32465365;32465524;40;39856568
32465374;32465129;64;41410518
32465380;32465188;45;41350829
32465380;32465358;65;40153029
32465380;32465511;32;40326586
32465397;32465121;84;40368387
32465397;32465415;23;40443575
32465397;32465419;13;40443576
32465414;32463291;629;40394311
32465414;32465112;202;40394676
32465414;32465577;145;40394677
32465415;32465397;23;40443574
32465415;32465494;36;40443579
32465415;32465728;92;40301004
32465418;32465349;18;40433528
32465419;32465397;13;40443577
32465419;32465651;75;39855650
32465432;32465028;133;40225871
32465432;32465885;133;40225872
32465432;32466093;358;40225874
32465458;32465074;164;40409921
32465461;32465231;192;41350791
32465461;32465766;140;41350794
32465461;32466638;413;40152991
32465466;32465311;107;40394474
32465473;32465076;107;40407730
32465473;32465499;12;40407733
32465473;32465860;114;40407731
32465475;32465361;51;40443569
32465475;32465484;12;40443580
32465475;32465562;37;40294738
32465484;32465475;12;40443581
32465484;32465494;43;40443582
32465484;32465840;109;40297826
32465494;32465415;36;40443578
32465494;32465484;43;40443583
32465494;32465791;91;40297851
32465499;32464808;320;41888518
32465499;32465473;12;40407734
32465507;32465065;117;40395345
32465511;32465365;51;41350783
32465511;32465380;32;40326585
32465511;32465542;15;40443660
32465515;32465126;98;40443638
32465515;32465531;46;40394577
32465515;32465907;113;40443639
32465521;32465196;74;40326582
32465521;32465528;58;40349773
32465521;32465703;57;40326583
32465524;32465365;40;39856569
32465524;32465575;19;41204282
32465528;32465224;69;40328505
32465528;32465521;58;40349774
32465531;32465515;46;40394578
32465531;32465541;80;40394579
32465531;32466003;183;40394583
32465536;32465615;95;40394090
32465541;32465280;62;40394643
32465541;32465531;80;40394580
32465541;32465560;85;40394581
32465541;32466039;153;40394644
32465542;32465511;15;40443659
32465542;32465589;16;40502851
32465542;32465598;26;39855894
32465543;32465950;123;40395347
32465550;32465682;110;40410473
32465560;32464659;247;41410515
32465560;32465541;85;40394582
32465560;32465650;30;40394585
32465562;32465475;37;40294739
32465562;32465641;40;40443548
32465575;32465524;19;41204283
32465575;32465589;38;40326579
32465575;32465672;28;40443867
32465577;32464058;426;40299510
32465577;32465414;145;40394678
32465577;32465744;131;40394679
32465589;32465542;16;40502852
32465589;32465648;18;40443869
32465592;32465206;113;41418392
32465595;32464735;254;40301616
32465595;32465310;87;41350766
32465595;32465991;194;41350767
32465598;32465542;26;39855893
32465598;32465622;14;40443662
32465615;32465159;121;40153001
32465615;32465536;95;40394089
32465615;32465861;67;40153002
32465622;32465598;14;40443661
32465622;32465648;36;40326580
32465622;32466370;256;40069247
32465631;32465869;85;40368188
32465641;32465562;40;40443549
32465641;32465763;47;40443550
32465641;32466186;225;40296093
32465645;32464828;403;41487432
32465645;32465796;118;40408198
32465645;32465852;106;41487433
32465648;32465672;29;40443884
32465649;32465677;39;40998684
32465650;32465299;112;40214492
32465650;32465560;30;40394584
32465650;32465735;74;40214494
32465650;32466057;153;41889352
32465651;32465419;75;39855651
32465651;32465669;8;40297841
32465651;32465869;67;39855652
32465657;32465765;30;40410521
32465658;32465895;92;40409917
32465669;32465651;8;40297840
32465669;32465728;35;40297843
32465669;32466101;144;40297854
32465672;32465575;28;40443868
32465672;32466202;184;40443865
32465677;32465649;39;40998685
32465677;32465702;38;40998686
32465677;32465893;61;40998683
32465682;32464783;250;40472884
32465682;32465550;110;40410472
32465682;32465712;8;40472887
32465687;32465134;179;40368398
32465687;32465222;125;40368371
32465687;32465812;58;40368376
32465702;32465677;38;40998687
32465703;32465521;57;40326584
32465712;32465682;8;40472886
32465712;32465765;62;40203653
32465712;32466203;168;40472875
32465722;32465311;111;40394477
32465728;32465415;92;40301005
32465728;32465669;35;40297842
32465728;32465791;35;40297845
32465728;32466127;140;40301006
32465729;32465319;127;40328534
32465729;32465324;110;41350795
32465729;32465878;41;41350798
32465735;32465650;74;40214493
32465735;32465828;77;40214496
32465735;32465858;41;41410734
32465744;32465577;131;40394680
32465744;32465819;101;40394091
32465744;32465991;245;40394681
32465749;32465081;351;40407720
32465749;32465247;153;40407715
32465749;32465963;121;40407718
32465763;32465641;47;40443551
32465763;32465936;190;41401542
32465765;32465657;30;40410520
32465765;32465712;62;40203654
32465765;32465774;7;40203655
32465766;32465461;140;41350793
32465766;32465878;226;40665001
32465766;32466352;199;40296114
32465768;32465308;130;40363791
32465768;32465930;295;40648451
32465768;32465964;60;40363792
32465774;32465765;7;40203656
32465774;32465979;244;40203657
32465774;32466002;71;40410518
32465788;32465232;150;40410497
32465788;32465859;62;40410503
32465788;32465885;36;40410478
32465791;32465494;91;40297850
32465791;32465728;35;40297844
32465791;32465840;40;40297847
32465791;32466165;136;40297853
32465796;32465645;118;40408199
32465796;32465803;2;40408200
32465796;32466064;170;41487059
32465801;32466131;121;40443610
32465803;32465146;301;40408204
32465803;32465796;2;40408201
32465803;32465940;71;40408202
32465812;32465230;178;40368360
32465812;32465687;58;40368375
32465812;32465813;2;40368378
32465813;32465812;2;40368377
32465813;32465838;60;40368380
32465813;32465936;40;40368393
32465819;32465744;101;40394092
32465828;32465189;173;40586402
32465828;32465735;77;40214495
32465828;32466298;199;40586403
32465838;32465217;193;40368356
32465838;32465361;209;40368374
32465838;32465813;60;40368379
32465840;32465484;109;40297827
32465840;32465791;40;40297846
32465840;32465896;43;40297849
32465840;32466201;135;40297828
32465841;32462725;931;40294756
32465841;32465950;102;40294759
32465841;32466060;75;40301821
32465848;32466134;101;40409926
32465849;32464651;447;40586356
32465849;32465895;14;40409896
32465849;32466170;149;40586359
32465852;32464926;283;40408197
32465852;32465645;106;41487434
32465852;32466316;321;41487435
32465858;32465735;41;41410735
32465859;32465788;62;40410502
32465859;32465989;116;40410499
32465860;32465473;114;40407732
32465860;32465902;37;40407727
32465860;32467152;412;40407703
32465861;32465615;67;40153003
32465861;32465893;160;40153011
32465861;32465962;30;40153004
32465869;32465631;85;40368187
32465869;32465651;67;39855653
32465869;32466081;81;39855654
32465873;32466542;232;40394200
32465878;32465729;41;41350797
32465878;32465766;226;40665000
32465878;32466166;105;41350800
32465880;32465892;50;41410805
32465885;32465432;133;40225873
32465885;32465788;36;40410479
32465885;32465894;4;40410480
32465892;32465880;50;41410806
32465892;32465907;50;41410803
32465893;32465677;61;40998682
32465893;32465861;160;40153010
32465893;32466620;245;40153018
32465894;32465885;4;40410481
32465894;32466093;283;40410482
32465894;32466475;305;42006459
32465895;32465658;92;40409916
32465895;32465849;14;40409897
32465895;32466066;59;40409898
32465896;32465562;102;41482504
32465896;32465840;43;40297848
32465902;32465130;252;40407725
32465902;32465860;37;40407728
32465902;32465963;43;41219529
32465907;32465515;113;40443640
32465907;32465892;50;41410804
32465907;32466003;29;40443641
32465927;32466097;74;40407696
32465930;32465768;295;40648452
32465936;32465763;190;41401543
32465936;32465813;40;40368394
32465938;32465328;167;41402256
32465938;32466166;106;40377194
32465940;32465803;71;40408203
32465940;32465988;334;40586358
32465940;32466278;242;40586361
32465949;32465081;320;41306221
32465949;32465336;190;40408222
32465949;32465981;11;41306222
32465950;32465543;123;40395346
32465950;32465841;102;40294758
32465950;32466131;204;40294761
32465958;32466922;311;40394164
32465962;32465861;30;40153005
32465962;32466038;545;40394095
32465962;32466045;33;40153006
32465963;32465749;121;40407717
32465963;32465902;43;41219530
32465964;32465768;60;40363793
32465964;32465990;17;40648429
32465964;32466036;31;40363794
32465979;32465774;244;40203658
32465979;32466001;37;40409922
32465981;32465949;11;41306223
32465981;32466270;144;40407705
32465981;32466316;172;41306224
32465988;32465940;334;40586357
32465988;32466109;98;40408842
32465988;32466134;372;40586364
32465989;32465859;116;40410498
32465989;32465999;14;40742772
32465990;32465964;17;40648430
32465991;32465595;194;41350768
32465991;32465744;245;40394682
32465991;32466038;222;40586407
32465999;32465989;14;40742771
32465999;32466103;68;40410475
32465999;32466103;88;40410500
32466001;32465979;37;40409923
32466001;32466378;184;40409918
32466002;32465774;71;40410519
32466003;32465907;29;40443642
32466003;32466072;27;40443643
32466036;32465964;31;40363795
32466036;32466078;32;40648469
32466036;32466515;170;40363796
32466038;32465962;545;40394096
32466038;32465991;222;40586408
32466038;32466416;207;40586409
32466039;32465541;153;40394645
32466039;32466057;9;40394646
32466039;32466082;16;42047413
32466045;32465962;33;40153007
32466045;32466126;35;40394093
32466045;32466253;99;40152956
32466047;32466453;139;40394173
32466057;32465650;153;41889353
32466057;32466039;9;40394647
32466057;32466298;151;40394566
32466057;32466323;124;41889354
32466060;32465841;75;40301822
32466064;32465796;170;41487060
32466066;32465895;59;40409899
32466066;32466243;69;40409893
32466072;32466003;27;40443644
32466072;32466074;18;40394488
32466072;32466255;70;40443645
32466074;32466072;18;40394489
32466074;32466079;80;40394490
32466074;32466256;70;40394434
32466078;32466036;32;40648470
32466079;32466074;80;40394491
32466079;32466258;70;40394437
32466081;32465869;81;39855655
32466081;32466101;31;40297830
32466081;32466224;67;39855656
32466082;32466039;16;42047414
32466082;32466323;107;42047415
32466093;32465432;358;40225875
32466093;32465894;283;40410483
32466093;32466222;97;40410484
32466097;32465927;74;40407695
32466097;32466270;108;40407699
32466097;32466543;249;40407698
32466101;32465669;144;40297855
32466101;32466081;31;40297831
32466101;32466127;36;40297832
32466101;32466246;59;40368185
32466103;32465999;68;40410474
32466103;32465999;88;40410501
32466103;32466203;80;40410477
32466109;32465988;98;40408841
32466109;32466214;44;40408839
32466109;32466302;117;40408844
32466113;32466253;86;40394097
32466120;32466125;8;40346648
32466125;32466120;8;40346647
32466125;32466147;18;40346651
32466125;32466275;54;40346650
32466126;32466045;35;40394094
32466127;32465728;140;40301007
32466127;32466101;36;40297833
32466127;32466165;35;40297834
32466131;32465801;121;40443609
32466131;32465950;204;40294760
32466131;32466515;341;40294755
32466134;32465848;101;40409927
32466134;32465988;372;40586363
32466134;32466170;59;40586366
32466147;32466125;18;40346652
32466162;32466582;136;40423169
32466165;32465791;136;40297852
32466165;32466127;35;40297835
32466165;32466201;39;40297836
32466166;32465878;105;41350799
32466166;32465938;106;40377193
32466166;32466352;206;40152973
32466166;32466554;127;40152989
32466170;32465849;149;40586360
32466170;32466134;59;40586365
32466170;32466243;131;40203641
32466183;32466543;152;40407702
32466186;32465641;225;40296094
32466186;32465896;108;41482505
32466201;32465840;135;40297829
32466201;32466165;39;40297837
32466201;32466267;64;40297838
32466202;32465672;184;40443866
32466202;32466251;24;40962181
32466202;32466275;58;39856563
32466203;32465712;168;40472874
32466203;32466103;80;40410476
32466203;32467272;347;41257739
32466208;32466391;67;41406122
32466211;32466261;40;40346642
32466214;32466109;44;40408840
32466222;32466093;97;40410485
32466222;32466241;88;40425946
32466222;32466349;51;40519115
32466224;32466081;67;39855657
32466224;32466345;59;39859737
32466224;32466365;46;41204256
32466228;32466298;121;40394652
32466241;32466222;88;40425945
32466243;32466066;69;40409892
32466243;32466170;131;40203642
32466243;32466957;241;40203643
32466246;32466101;59;40368186
32466251;32466202;24;40962182
32466253;32466045;99;40152957
32466253;32466113;86;40394098
32466253;32466601;110;40152958
32466255;32466072;70;40443646
32466255;32466256;16;40394496
32466255;32466332;26;40443647
32466256;32466074;70;40394435
32466256;32466255;16;40394497
32466256;32466258;79;40394498
32466257;32466629;116;40423170
32466258;32466079;70;40394436
32466258;32466256;79;40394499
32466258;32466385;41;40394439
32466261;32466211;40;40346641
32466261;32466318;41;40346645
32466261;32466344;28;40346644
32466267;32466186;29;41482506
32466267;32466201;64;40297839
32466270;32465981;144;40407706
32466270;32466097;108;40407700
32466270;32466613;135;40407707
32466275;32466125;54;40346649
32466275;32466202;58;39856562
32466275;32466344;45;39856565
32466278;32465940;242;40586362
32466278;32466391;65;40586367
32466278;32466849;194;40408853
32466298;32465828;199;40586404
32466298;32466057;151;40394567
32466298;32466228;121;40394651
32466298;32466383;333;41328445
32466302;32466109;117;40408843
32466302;32466444;52;40408855
32466302;32466773;260;40408846
32466309;32466487;64;40346654
32466310;32466647;102;40153021
32466316;32465852;321;41487436
32466316;32465981;172;41306225
32466316;32466529;114;40408224
32466316;32466733;167;41331301
32466318;32466261;41;40346646
32466323;32466057;124;41889355
32466323;32466082;107;42047416
32466323;32466327;31;41889356
32466323;32466383;18;41328448
32466326;32466559;70;40394195
32466327;32466323;31;41889357
32466327;32466332;15;41889350
32466332;32466255;26;40443648
32466332;32466327;15;41889351
32466332;32466531;61;40443649
32466334;32466962;186;40394193
32466344;32466261;28;40346643
32466344;32466275;45;39856564
32466344;32466407;48;39856567
32466345;32466224;59;39859738
32466345;32466365;19;41204262
32466349;32466222;51;40519116
32466349;32466872;210;40519117
32466350;32466410;27;41204264
32466352;32466166;206;40152972
32466352;32466545;61;40377195
32466360;32466392;62;40394508
32466360;32466457;32;40394503
32466365;32466224;46;41204257
32466365;32466345;19;41204263
32466365;32466792;131;41204258
32466370;32465622;256;40069246
32466370;32466445;32;40294856
32466378;32466001;184;40409919
32466378;32466462;71;40241914
32466383;32466298;333;41328446
32466383;32466323;18;41328447
32466383;32466531;78;42047412
32466383;32467763;564;40394649
32466385;32466258;41;40394438
32466385;32466457;67;40394501
32466385;32466719;126;40394441
32466391;32466208;67;41406121
32466391;32466278;65;40586368
32466391;32466733;186;40586369
32466392;32466360;62;40394509
32466407;32466344;48;39856566
32466407;32466370;23;40294857
32466410;32466350;27;41204265
32466410;32466761;104;40296105
32466410;32466793;116;40296211
32466416;32466038;207;40586410
32466416;32466453;15;40394202
32466416;32466654;69;40586411
32466430;32467111;409;40713456
32466444;32466302;52;40408856
32466445;32466460;24;40294859
32466445;32466487;25;39857675
32466449;32466407;14;40294858
32466453;32466047;139;40394172
32466453;32466416;15;40394203
32466453;32466542;42;40394204
32466457;32466360;32;40394502
32466457;32466385;67;40394500
32466457;32467043;176;40394505
32466460;32466449;4;40294860
32466460;32466936;182;40063467
32466462;32466378;71;40241915
32466462;32466615;116;40409924
32466474;32467106;205;40368200
32466475;32465894;305;42006460
32466482;32466559;33;40394199
32466487;32466309;64;40346653
32466487;32466445;25;39857674
32466487;32466516;21;39857677
32466490;32466950;156;40409895
32466515;32466036;170;40363797
32466515;32466131;341;40294754
32466515;32466703;59;40443613
32466516;32466487;21;39857676
32466516;32466554;27;39857679
32466516;32466758;99;40579245
32466529;32466316;114;40408225
32466529;32466778;122;40407737
32466529;32467223;224;40408226
32466531;32466332;61;40443650
32466531;32466383;78;42047411
32466531;32466722;53;40443651
32466542;32465873;232;40394201
32466542;32466453;42;40394205
32466543;32466097;249;40407697
32466543;32466183;152;40407701
32466543;32466873;110;40407710
32466545;32466352;61;40377196
32466545;32466582;51;40152950
32466545;32466860;91;40153023
32466554;32466166;127;40152988
32466554;32466516;27;39857678
32466554;32466572;16;39857681
32466559;32466326;70;40394194
32466559;32466482;33;40394198
32466559;32466943;112;40394197
32466572;32466554;16;39857680
32466572;32466714;37;41505914
32466572;32466847;198;39857683
32466582;32466162;136;40423168
32466582;32466545;51;40152951
32466582;32466629;63;40152952
32466601;32466253;110;40152959
32466601;32466620;70;41350840
32466601;32466993;121;40152960
32466613;32466270;135;40407708
32466613;32466778;164;40407740
32466613;32466873;166;40407711
32466615;32465074;477;40225884
32466615;32466462;116;40409925
32466615;32466950;162;40586329
32466620;32465893;245;40153019
32466620;32466601;70;41350839
32466620;32466638;73;41350842
32466620;32467013;114;41221028
32466629;32466257;116;40423171
32466629;32466582;63;40152953
32466629;32466652;52;40152954
32466638;32465461;413;40152990
32466638;32466620;73;41350841
32466638;32466647;94;41350844
32466647;32466310;102;40153020
32466647;32466638;94;41350843
32466647;32466652;36;41350846
32466652;32466629;52;40152955
32466652;32466647;36;41350845
32466652;32467014;105;40153024
32466654;32466416;69;40586412
32466654;32466922;136;40586413
32466654;32467198;171;40394186
32466677;32465189;502;40394571
32466685;32466754;53;40368201
32466703;32466515;59;40443614
32466714;32466572;37;41505913
32466714;32466734;5;41505916
32466719;32466385;126;40394440
32466719;32466722;18;40394443
32466719;32467010;105;40394516
32466722;32466531;53;40443652
32466722;32466719;18;40394442
32466722;32467222;167;40665732
32466722;32467257;172;40443653
32466733;32466316;167;41331302
32466733;32466391;186;40586370
32466733;32467155;177;41331303
32466734;32466714;5;41505915
32466734;32467500;240;40367997
32466741;32466877;42;40326531
32466754;32466267;158;41482507
32466754;32466685;53;40368202
32466758;32466516;99;40579246
32466761;32466410;104;40296106
32466761;32466840;24;40296107
32466761;32466895;43;40326559
32466773;32466302;260;40408845
32466773;32466849;40;40408848
32466773;32467053;99;40408857
32466778;32466529;122;40407738
32466778;32466613;164;40407739
32466778;32467306;237;40407741
32466792;32466365;131;41204259
32466792;32466793;26;40296096
32466792;32467004;66;41204260
32466793;32466410;116;40296212
32466793;32466792;26;40296095
32466793;32466842;14;40296213
32466821;32466872;63;42006458
32466835;32467152;361;41328495
32466840;32466761;24;40296108
32466840;32467024;74;40296109
32466840;32467138;97;40326541
32466842;32466793;14;40296214
32466842;32466877;33;40326569
32466842;32466977;45;40296215
32466847;32466572;198;39857682
32466847;32466860;27;39857685
32466847;32467074;68;41967047
32466849;32466278;194;40408854
32466849;32466773;40;40408847
32466849;32467000;83;40408850
32466860;32466545;91;40153022
32466860;32466847;27;39857684
32466860;32466879;19;39857687
32466872;32466349;210;40519118
32466872;32466821;63;42006457
32466872;32467101;106;40586347
32466872;32467708;374;40465943
32466873;32466543;110;40407709
32466873;32466613;166;40407712
32466873;32467558;289;40407735
32466877;32466741;42;40326532
32466877;32466842;33;40326570
32466877;32466895;19;40326571
32466877;32467022;47;40326533
32466879;32466860;19;39857686
32466879;32467014;169;41350836
32466879;32467132;81;41350802
32466895;32466761;43;40326560
32466895;32466877;19;40326572
32466895;32467040;47;40326561
32466922;32465958;311;40394165
32466922;32466654;136;40586414
32466922;32466943;100;40586415
32466922;32467572;202;40394166
32466936;32466460;182;40063466
32466936;32467024;38;40063469
32466936;32467202;102;39856511
32466943;32466559;112;40394196
32466943;32466922;100;40586416
32466943;32466960;69;40586417
32466950;32466490;156;40409894
32466950;32466615;162;40586330
32466950;32466957;401;40586331
32466957;32466243;241;40203644
32466957;32466950;401;40586332
32466957;32467869;552;40203645
32466957;32468513;483;40207923
32466960;32466943;69;40586418
32466960;32466962;8;40586419
32466960;32467832;271;40394174
32466962;32466334;186;40394192
32466962;32466960;8;40586420
32466962;32466993;123;40586421
32466977;32466842;45;40296216
32466977;32467004;9;40296217
32466977;32467022;35;40326566
32466993;32466601;121;40152961
32466993;32466962;123;40586422
32466993;32466995;5;40586423
32466995;32466993;5;40586424
32466995;32467013;89;40586425
32466995;32467182;84;40394160
32467000;32466849;83;40408849
32467000;32467195;122;40408852
32467000;32467621;254;40408869
32467004;32466792;66;41204261
32467004;32466977;9;40296218
32467004;32467106;31;40296097
32467010;32466719;105;40394517
32467010;32467043;45;40394506
32467010;32467215;78;40394518
32467013;32466995;89;40586426
32467013;32467021;184;40586427
32467013;32467604;248;40394208
32467014;32466652;105;40153025
32467014;32466879;169;41350835
32467014;32467021;8;40586430
32467018;32467079;72;41967059
32467021;32467013;184;40586428
32467021;32467014;8;40586429
32467021;32467079;15;40152944
32467022;32466877;47;40326534
32467022;32466977;35;40326565
32467022;32467040;18;40326568
32467022;32467161;48;40326535
32467023;32467202;74;40405309
32467024;32466840;74;40296110
32467024;32466936;38;40063468
32467024;32467246;104;40063471
32467040;32466895;47;40326562
32467040;32467022;18;40326567
32467040;32467138;41;40326563
32467043;32466457;176;40394504
32467043;32467010;45;40394507
32467043;32467157;70;40394512
32467053;32466773;99;40408858
32467074;32466847;68;41967048
32467079;32467018;72;41967060
32467079;32467021;15;40152945
32467079;32467349;111;40152946
32467101;32466872;106;40586348
32467101;32467776;242;40519107
32467101;32467918;370;40465959
32467106;32466474;205;40368199
32467106;32467004;31;40296098
32467106;32467117;3;40296099
32467111;32466430;409;40713455
32467117;32467106;3;40296100
32467117;32467161;34;40326555
32467117;32467204;41;40296101
32467132;32466879;81;41350801
32467132;32467178;37;41350804
32467132;32467241;47;40326527
32467138;32466840;97;40326542
32467138;32467040;41;40326564
32467138;32467259;52;40326543
32467152;32465860;412;40407704
32467152;32466835;361;41328494
32467152;32467492;107;41219527
32467155;32466733;177;41331304
32467155;32467195;24;41331305
32467155;32467208;44;40409784
32467157;32467043;70;40394513
32467157;32467188;25;40394510
32467157;32467701;219;40394514
32467161;32467022;48;40326536
32467161;32467117;34;40326556
32467161;32467258;44;40326537
32467161;32467259;48;40326557
32467178;32467132;37;41350803
32467178;32467317;97;40326529
32467178;32467542;294;41350806
32467182;32466995;84;40394161
32467188;32467157;25;40394511
32467195;32467000;122;40408851
32467195;32467155;24;41331306
32467195;32467588;161;41331307
32467198;32466654;171;40394187
32467198;32467324;154;40394190
32467198;32467367;54;40394188
32467202;32466936;102;39856510
32467202;32467023;74;40405308
32467202;32467447;74;39856513
32467204;32467117;41;40296102
32467204;32467258;34;40326540
32467204;32467486;94;40296103
32467208;32467155;44;40409785
32467208;32467296;48;40409766
32467215;32467010;78;40394519
32467215;32467701;145;41410807
32467222;32466722;167;40665731
32467222;32467257;36;40665736
32467222;32467598;139;40665734
32467223;32466529;224;40408227
32467223;32467386;137;40407743
32467223;32467524;90;40408228
32467226;32467478;69;40408862
32467241;32467132;47;40326528
32467246;32467024;104;40063470
32467246;32467482;61;40376782
32467246;32467761;204;40063473
32467257;32466722;172;40443654
32467257;32467222;36;40665735
32467257;32467598;102;40443655
32467258;32467161;44;40326538
32467258;32467204;34;40326539
32467258;32467334;19;40326549
32467259;32467138;52;40326544
32467259;32467161;48;40326558
32467259;32467422;50;40326545
32467272;32466203;347;41257738
32467272;32467274;280;41248197
32467272;32467373;30;41743177
32467274;32467272;280;41248196
32467286;32467833;162;40456768
32467296;32467208;48;40409767
32467296;32467549;134;40409792
32467306;32466778;237;40407742
32467317;32467178;97;40326530
32467320;32467506;57;41677606
32467324;32467198;154;40394191
32467327;32467334;52;40326554
32467334;32467258;19;40326550
32467334;32467327;52;40326553
32467334;32467422;32;40326551
32467335;32466134;683;40241888
32467335;32467445;53;41428532
32467349;32467079;111;40152947
32467349;32467365;6;40152948
32467349;32467542;98;41967055
32467350;32467373;229;40424244
32467365;32467349;6;40152949
32467365;32467400;10;40152938
32467367;32467198;54;40394189
32467373;32467272;30;41743176
32467373;32467350;229;40424243
32467386;32467223;137;40407744
32467386;32467686;89;40407745
32467400;32467365;10;40152939
32467400;32467438;8;40152940
32467407;32467454;56;40405303
32467416;32464495;896;40855422
32467416;32467868;171;40855432
32467422;32467259;50;40326546
32467422;32467334;32;40326552
32467422;32467535;44;40326547
32467438;32467400;8;40152941
32467438;32467875;136;40152934
32467445;32467335;53;41428531
32467445;32467478;14;41428534
32467445;32467638;70;40408859
32467447;32467202;74;39856512
32467447;32467501;69;40376780
32467447;32468289;247;39856515
32467454;32467407;56;40405302
32467454;32467500;90;40405305
32467454;32467697;76;40405307
32467478;32467226;69;40408861
32467478;32467445;14;41428533
32467478;32467621;89;41428536
32467482;32467246;61;40376783
32467483;32466754;255;41482508
32467486;32467204;94;40296104
32467486;32467483;4;40297825
32467486;32467600;47;40443584
32467487;32467572;64;41967049
32467492;32467152;107;41219528
32467492;32468167;234;41117366
32467500;32466734;240;40367996
32467500;32467454;90;40405304
32467500;32467934;131;40367999
32467501;32467447;69;40376781
32467506;32467320;57;41677605
32467506;32467607;67;41677608
32467506;32467702;85;41677611
32467520;32467684;68;40408864
32467524;32467223;90;40408229
32467524;32467686;148;40407748
32467524;32467748;68;40408230
32467535;32467422;44;40326548
32467542;32467178;294;41350805
32467542;32467349;98;41967056
32467542;32468065;162;41350808
32467547;32467809;167;40394185
32467549;32467296;134;40409793
32467549;32467748;113;40409790
32467552;32467607;33;40454042
32467558;32466873;289;40407736
32467558;32468167;170;41219531
32467572;32466922;202;40394167
32467572;32467487;64;41967050
32467572;32467809;73;40394168
32467588;32467195;161;41331308
32467588;32467717;53;41331309
32467588;32468475;383;40409769
32467598;32467222;139;40665733
32467598;32467257;102;40443656
32467598;32468281;212;40443657
32467600;32467486;47;40443585
32467600;32467768;71;41482511
32467604;32467013;248;40394209
32467607;32467506;67;41677607
32467607;32467552;33;40454043
32467607;32467702;29;40454044
32467621;32467000;254;40408870
32467621;32467478;89;41428535
32467621;32467684;37;41428538
32467621;32468229;225;40408865
32467637;32467781;119;41677602
32467637;32468188;175;42041560
32467637;32468244;254;41677603
32467638;32467445;70;40408860
32467684;32467520;68;40408863
32467684;32467621;37;41428537
32467684;32467774;52;41428540
32467686;32467386;89;40407746
32467686;32467524;148;40407747
32467697;32467454;76;40405306
32467701;32467157;219;40394515
32467701;32467215;145;41410808
32467702;32467506;85;41677612
32467702;32467607;29;40454045
32467702;32467834;44;40454046
32467708;32466872;374;40465942
32467717;32467588;53;41331310
32467717;32467807;41;41331311
32467717;32468127;188;40409786
32467730;32467781;21;41677613
32467748;32467524;68;40408231
32467748;32467549;113;40409791
32467748;32468023;77;40408232
32467761;32467246;204;40063472
32467761;32467907;47;40368401
32467761;32468077;108;40063475
32467763;32466383;564;40394650
32467768;32467600;71;41482512
32467774;32467684;52;41428539
32467774;32467828;19;41428541
32467776;32467101;242;40519108
32467777;32467954;67;41967061
32467781;32467637;119;41677601
32467781;32467730;21;41677614
32467781;32467814;30;41677615
32467807;32467717;41;41331312
32467807;32467774;20;40241887
32467807;32467828;9;41331313
32467809;32467547;167;40394184
32467809;32467572;73;40394169
32467809;32468010;129;40394170
32467814;32467781;30;41677616
32467814;32467834;31;41677617
32467814;32468311;125;41677610
32467828;32467807;9;41331314
32467828;32467870;18;41331315
32467832;32466960;271;40394175
32467832;32467975;88;40394176
32467832;32468032;160;40394157
32467833;32467286;162;40456767
32467833;32467848;21;39855618
32467833;32467954;208;39855617
32467834;32467702;44;40454047
32467834;32467814;31;41677618
32467834;32468390;136;40454048
32467848;32467833;21;39855619
32467848;32467934;85;39855620
32467848;32468145;78;40152942
32467868;32468417;184;40855430
32467869;32466957;552;40203646
32467869;32468147;108;40203647
32467869;32468600;183;40225887
32467870;32467828;18;41331316
32467870;32468285;135;41331317
32467870;32468574;244;40409788
32467873;32468023;68;40409795
32467875;32467438;136;40152935
32467875;32467935;15;40152936
32467875;32467958;33;40152932
32467907;32467761;47;40368402
32467918;32467101;370;40465958
32467933;32467935;17;39855625
32467933;32467954;85;39855622
32467933;32468597;213;40394206
32467934;32467500;131;40367998
32467934;32467848;85;39855621
32467934;32468289;154;39855626
32467934;32468612;170;40368001
32467935;32467875;15;40152937
32467935;32467933;17;39855624
32467935;32467958;23;39855629
32467935;32468269;79;40152974
32467954;32467777;67;41967062
32467954;32467833;208;39855616
32467954;32467933;85;39855623
32467954;32469056;276;40152926
32467958;32467875;33;40152933
32467958;32467935;23;39855628
32467958;32468065;85;39855631
32467975;32467832;88;40394177
32467983;32469395;425;40713445
32468010;32467809;129;40394171
32468023;32467748;77;40408233
32468023;32467873;68;40409794
32468023;32468149;28;40408234
32468032;32467832;160;40394156
32468032;32468106;48;40394159
32468032;32468303;65;40394162
32468065;32467542;162;41350807
32468065;32467958;85;39855630
32468065;32468106;27;41350810
32468077;32467761;108;40063474
32468077;32468200;32;40429913
32468106;32468032;48;40394158
32468106;32468065;27;41350809
32468106;32468303;76;41350812
32468127;32467717;188;40409787
32468138;32468474;148;40569429
32468145;32467848;78;40152943
32468145;32468374;64;40377254
32468145;32468578;179;40377256
32468147;32467869;108;40203648
32468147;32468510;106;40225893
32468147;32468780;274;40203649
32468149;32468023;28;40408235
32468149;32468584;135;40409770
32468149;32469511;456;40408236
32468164;32468229;30;40409907
32468167;32467492;234;41117367
32468167;32467558;170;41219532
32468167;32469206;280;41219534
32468188;32467637;175;42041559
32468188;32468219;13;41677592
32468188;32468244;102;41677584
32468200;32468077;32;40429912
32468200;32468215;5;40429915
32468215;32468200;5;40429914
32468215;32468364;43;40443589
32468219;32468188;13;41677591
32468219;32468454;102;42041561
32468219;32468454;97;41677594
32468229;32467621;225;40408866
32468229;32468164;30;40409906
32468229;32468780;145;40408867
32468244;32467637;254;41677604
32468244;32468188;102;41677583
32468244;32468311;43;41677586
32468255;32468359;199;40713443
32468269;32467935;79;40152975
32468281;32467598;212;40443658
32468281;32468377;34;40855435
32468285;32467870;135;41331318
32468285;32468936;211;41331319
32468285;32468940;244;40409780
32468289;32467447;247;39856514
32468289;32467934;154;39855627
32468289;32468343;39;39855632
32468292;32468478;50;41870194
32468303;32468032;65;40394163
32468303;32468106;76;41350811
32468303;32468413;27;41350814
32468311;32467814;125;41677609
32468311;32468244;43;41677585
32468311;32468390;65;41677588
32468336;32468413;104;40394183
32468343;32468289;39;39855633
32468343;32468478;57;39855634
32468343;32468692;93;40152968
32468359;32468255;199;40713444
32468364;32468215;43;40443588
32468364;32468385;75;41530720
32468374;32468145;64;40377255
32468377;32467416;352;40855321
32468377;32468281;34;40855436
32468377;32468417;13;40855437
32468385;32468364;75;41530719
32468385;32468503;47;41935905
32468385;32468706;275;41530718
32468390;32467834;136;40454049
32468390;32468311;65;41677587
32468390;32470122;567;40454050
32468413;32468303;27;41350813
32468413;32468336;104;40394182
32468413;32468630;53;41350816
32468417;32468377;13;40855438
32468417;32468703;138;40855337
32468417;32468925;180;40855327
32468454;32468219;97;41677593
32468454;32468219;102;42041562
32468454;32468882;102;41677596
32468474;32468138;148;40569428
32468474;32468636;79;40394179
32468475;32467588;383;40409768
32468475;32468584;36;40409773
32468475;32468781;89;40409774
32468478;32468292;50;41870195
32468478;32468343;57;39855635
32468478;32468706;65;39855636
32468483;32468507;11;40152963
32468503;32468385;47;41935904
32468507;32468483;11;40152962
32468507;32468692;102;40152967
32468507;32468696;47;40152964
32468510;32468147;106;40225892
32468513;32466957;483;40207924
32468574;32467870;244;40409789
32468574;32468940;121;40409900
32468578;32468145;179;40377257
32468584;32468149;135;40409771
32468584;32468475;36;40409772
32468584;32468720;32;40409796
32468597;32467933;213;40394207
32468600;32467869;183;40225886
32468600;32468650;14;40225889
32468600;32468764;94;40225890
32468612;32467934;170;40368000
32468630;32468413;53;41350815
32468630;32468688;13;41350818
32468630;32468980;217;40394154
32468636;32468474;79;40394178
32468636;32468688;73;40394181
32468636;32468835;50;41967054
32468650;32468600;14;40225888
32468688;32468630;13;41350817
32468688;32468636;73;40394180
32468688;32469240;158;41350820
32468692;32468343;93;40152969
32468692;32468507;102;40152966
32468692;32468929;142;40152970
32468696;32468507;47;40152965
32468703;32468417;138;40855336
32468706;32468385;275;41530717
32468706;32468478;65;39855637
32468706;32469977;546;40376762
32468720;32468584;32;40409797
32468724;32468281;123;40855434
32468724;32468377;113;40855428
32468764;32468600;94;40225891
32468764;32468996;190;41493604
32468780;32468147;274;40203650
32468780;32468229;145;40408868
32468780;32468936;72;40203651
32468781;32468475;89;40409775
32468781;32469005;91;40409800
32468781;32469016;82;40409776
32468791;32469043;90;40945053
32468835;32468636;50;41967053
32468882;32468454;102;41677595
32468882;32469023;39;41677598
32468882;32469023;403;41677589
32468925;32468724;67;40855423
32468925;32469324;146;40855426
32468929;32468692;142;40152971
32468936;32468285;211;41331320
32468936;32468780;72;40203652
32468936;32469006;27;40472862
32468940;32468285;244;40409781
32468940;32468574;121;40409901
32468940;32469234;136;40409782
32468940;32469433;207;40409902
32468980;32468630;217;40394155
32468996;32468764;190;41493605
32468996;32469094;105;40742778
32468996;32469640;319;40207925
32469005;32468781;91;40409801
32469006;32468936;27;40472863
32469006;32469043;22;40241879
32469006;32469060;22;40472858
32469016;32468781;82;40409777
32469016;32469234;113;40409778
32469016;32469241;106;40409798
32469023;32468882;39;41677597
32469023;32468882;403;41677590
32469023;32469223;64;41677600
32469043;32468791;90;40945052
32469043;32469006;22;40241880
32469043;32469433;206;40241881
32469056;32467954;276;40152927
32469056;32469086;14;40152928
32469056;32469095;83;41967057
32469060;32469006;22;40472859
32469060;32469094;71;40409908
32469060;32469149;37;40472860
32469086;32469056;14;40152929
32469086;32469138;72;40943612
32469086;32469487;204;40152930
32469094;32468996;105;40742777
32469094;32469060;71;40409909
32469094;32469149;31;40409905
32469095;32469056;83;41967058
32469138;32469086;72;40943613
32469149;32469060;37;40472861
32469149;32469094;31;40409904
32469149;32469282;37;40586335
32469149;32469587;151;40207928
32469168;32469395;554;40713453
32469206;32468167;280;41219533
32469206;32469223;81;40742763
32469206;32469408;68;40730161
32469223;32469023;64;41677599
32469223;32469206;81;40742764
32469223;32469401;54;40742765
32469234;32468940;136;40409783
32469234;32469016;113;40409779
32469234;32469515;120;40472864
32469234;32469633;194;40472848
32469240;32468688;158;41350819
32469240;32469275;8;41350822
32469240;32469326;25;41350786
32469241;32469016;106;40409799
32469246;32469275;59;41351013
32469250;32469531;92;40298597
32469269;32469401;109;42041557
32469275;32469240;8;41350821
32469275;32469246;59;41351012
32469275;32469327;12;41350824
32469282;32469149;37;40586336
32469282;32469528;90;40718859
32469324;32468925;146;40855427
32469324;32469536;86;40855424
32469326;32469240;25;41350785
32469326;32469327;7;41350788
32469326;32470531;404;40692211
32469327;32469275;12;41350823
32469327;32469326;7;41350787
32469327;32470200;504;41307163
32469395;32467983;425;40713446
32469395;32469168;554;40713454
32469395;32469555;307;40713447
32469401;32469223;54;40742766
32469401;32469269;109;42041558
32469401;32469431;10;40742767
32469408;32469206;68;40730160
32469408;32469423;75;40730169
32469408;32469437;38;40472867
32469423;32469408;75;40730168
32469423;32469431;72;40730171
32469423;32469904;222;41248838
32469431;32469401;10;40742768
32469431;32469423;72;40730170
32469431;32469785;173;41621008
32469433;32468940;207;40409903
32469433;32469043;206;40241882
32469433;32469505;52;40241883
32469437;32469408;38;40472866
32469437;32469511;189;40472869
32469437;32469618;84;41248848
32469458;32469555;275;40713458
32469487;32469086;204;40152931
32469505;32469433;52;40241884
32469505;32469633;77;40241885
32469505;32469876;181;40959195
32469511;32468149;456;40408237
32469511;32469437;189;40472868
32469511;32469515;496;40247794
32469511;32470729;419;40472854
32469515;32469234;120;40472865
32469515;32469511;496;40247793
32469528;32469282;90;40718860
32469528;32469657;54;40718873
32469531;32469250;92;40298596
32469536;32469324;86;40855425
32469536;32469649;48;40855319
32469555;32469395;307;40713448
32469555;32469458;275;40713457
32469555;32469805;124;40713449
32469559;32469618;32;41248844
32469587;32469149;151;40207927
32469587;32469667;40;40207930
32469587;32469687;97;41609247
32469617;32469716;38;41677396
32469618;32469437;84;41248849
32469618;32469559;32;41248845
32469618;32469636;10;41248846
32469633;32469234;194;40472849
32469633;32469505;77;40241886
32469633;32469739;63;40472850
32469636;32469618;10;41248847
32469640;32468996;319;40207926
32469649;32469536;48;40855320
32469649;32469973;112;40855317
32469657;32469528;54;40718874
32469657;32469667;12;40409214
32469657;32469729;24;40718875
32469657;32469972;191;40409227
32469659;32469992;154;40454023
32469667;32469587;40;40207929
32469667;32469657;12;40409213
32469667;32470028;176;40409216
32469687;32469587;97;41609248
32469709;32469844;48;40298594
32469716;32469617;38;41677395
32469716;32469827;36;40454007
32469719;32469935;69;41586913
32469729;32469657;24;40718876
32469739;32469633;63;40472851
32469739;32470118;195;40472852
32469739;32470186;192;40959193
32469782;32462623;2972;40718902
32469785;32469431;173;41621007
32469785;32469904;56;41248841
32469785;32470497;294;41621010
32469805;32469555;124;40713450
32469827;32469716;36;40454006
32469827;32469992;101;40454018
32469827;32470054;142;40454009
32469844;32469709;48;40298595
32469844;32469935;75;40454032
32469844;32470433;215;40298598
32469876;32469505;181;40959196
32469904;32469423;222;41248839
32469904;32469785;56;41248840
32469904;32470198;101;41248850
32469905;32470122;160;40206873
32469935;32469719;69;41586912
32469935;32470054;115;40454033
32469937;32469952;28;40381608
32469937;32469977;109;40381607
32469937;32470143;76;40570373
32469952;32469937;28;40381609
32469952;32469955;17;41935902
32469955;32469952;17;41935903
32469972;32469657;191;40409228
32469973;32469649;112;40855318
32469977;32468706;546;40376763
32469977;32469937;109;40381606
32469977;32470019;13;40376764
32469992;32469659;154;40454022
32469992;32469827;101;40454019
32469992;32470403;154;40454025
32470019;32469977;13;40376765
32470028;32469667;176;40409215
32470054;32469827;142;40454008
32470054;32470091;30;40938161
32470091;32470054;30;40938162
32470091;32470403;146;40938163
32470091;32470736;271;40454035
32470118;32469739;195;40472853
32470118;32470472;175;40241873
32470122;32468390;567;40454051
32470122;32469905;160;40206874
32470122;32470727;200;40454052
32470135;32470739;239;40371510
32470143;32469937;76;40570374
32470186;32469739;192;40959194
32470198;32469904;101;41248851
32470198;32470242;64;41248852
32470198;32470258;58;41248837
32470200;32469327;504;41307162
32470200;32470275;87;41531242
32470200;32470978;282;41307165
32470242;32470198;64;41248853
32470242;32470285;69;41248854
32470242;32470370;47;41248834
32470258;32470198;58;41248836
32470258;32470525;188;40206864
32470258;32471363;445;40206865
32470275;32470200;87;41531243
32470285;32470242;69;41248855
32470370;32470242;47;41248835
32470380;32470472;38;41248869
32470403;32469992;154;40454024
32470403;32470091;146;40938164
32470433;32469844;215;40298599
32470472;32470118;175;40241874
32470472;32470380;38;41248868
32470472;32470739;143;40241875
32470497;32469785;294;41621009
32470497;32470525;18;40206867
32470497;32470727;148;40298636
32470525;32470258;188;40206863
32470525;32470497;18;40206868
32470525;32471315;341;41715508
32470531;32469326;404;40692212
32470640;32470846;111;40742759
32470727;32470122;200;40454053
32470727;32470497;148;40298635
32470727;32470744;16;40298638
32470727;32471689;453;40794287
32470729;32469511;419;40472855
32470729;32470971;110;40472856
32470729;32471103;236;40247795
32470736;32470091;271;40454034
32470739;32470135;239;40371511
32470739;32470472;143;40241876
32470739;32470971;139;40241877
32470739;32471090;146;40456765
32470744;32470727;16;40298637
32470744;32470773;37;40298634
32470773;32470744;37;40298633
32470773;32470846;86;40730167
32470846;32470640;111;40742760
32470846;32470773;86;40730166
32470846;32470935;54;40454004
32470846;32471310;285;40742762
32470935;32470846;54;40454005
32470935;32471141;88;41621001
32470971;32470729;110;40472857
32470971;32470739;139;40241878
32470971;32471121;82;40730184
32470978;32470200;282;41307164
32471090;32470739;146;40456766
32471103;32470729;236;40247796
32471121;32470971;82;40730185
32471121;32471755;282;41248843
32471141;32470935;88;41621002
32471232;32471363;85;40241872
32471310;32470846;285;40742761
32471315;32470525;341;41715509
32471363;32470258;445;40206866
32471363;32471232;85;40241871
32471363;32471463;38;40729039
32471463;32471363;38;40729040
32471463;32471520;21;40718729
32471520;32471463;21;40718730
32471520;32471552;18;40718755
32471552;32471520;18;40718756
32471552;32471587;11;40718757
32471552;32471762;174;41715504
32471559;32471966;201;40371513
32471587;32471552;11;40718758
32471689;32470727;453;40794288
32471689;32472026;247;40454003
32471755;32471121;282;41248842
32471762;32471552;174;41715505
32471762;32471775;9;41715502
32471775;32471762;9;41715503
32471775;32471853;49;41715506
32471852;32472197;156;41229121
32471853;32471775;49;41715507
32471966;32471559;201;40371512
32471968;32472108;128;41223848
32472026;32471689;247;40454002
32472108;32471968;128;41223847
32472108;32472469;184;40173764
32472197;32471852;156;41229122
32472469;32472108;184;40173763
