id1;id2;dist;edge_id
27558821;27559103;96;38840066
27558856;27559109;72;38900607
27558912;27558867;11;38052531
27558912;27558868;13;38842173
27558944;27559053;39;37520655
27559053;27559081;13;37520654
27559053;27559745;156;37498394
27559081;27559095;15;37520653
27559083;27558912;47;38842172
27559095;27558893;67;38230252
27559095;27559169;47;37497878
27559103;27558821;96;38840065
27559103;27559106;19;38840087
27559103;27559156;27;38840084
27559106;27559103;19;38840088
27559106;27559109;20;38840085
27559106;27559208;24;38840061
27559109;27558856;72;38900606
27559109;27559106;20;38840086
27559109;27559208;27;38900605
27559132;27559176;13;38124271
27559156;27559103;27;38840083
27559156;27559300;41;38840082
27559156;27559569;176;38840080
27559161;27559176;111;38126207
27559169;27559218;33;37497877
27559169;27559866;154;37498363
27559176;27559132;13;38124270
27559176;27559161;111;38126206
27559176;27559219;9;38124269
27559208;27559106;24;38840062
27559208;27559109;27;38900604
27559208;27559300;36;38900603
27559218;27559083;69;37498403
27559218;27559365;84;37497876
27559219;27559176;9;38124268
27559219;27559496;166;37498388
27559219;27559537;73;37498402
27559287;27559496;47;37498844
27559300;27559156;41;38840081
27559300;27559208;36;38900602
27559300;27559761;204;38900601
27559365;27559856;216;37498763
27559365;27560047;153;37498365
27559496;27559219;166;37498387
27559496;27559287;47;37498843
27559496;27559600;25;37498375
27559496;27559745;142;37498386
27559537;27559219;73;37498401
27559537;27559600;168;38126176
27559537;27559778;49;37498400
27559569;27559156;176;38840079
27559569;27559761;41;38840072
27559569;27559813;85;38840078
27559600;27559496;25;37498376
27559600;27559537;168;38126175
27559600;27559853;49;37498373
27559703;27559791;16;39558900
27559709;27560322;138;38840058
27559745;27559496;142;37498385
27559745;27559767;12;37498384
27559745;27559818;18;37498393
27559754;27559492;341;37917531
27559754;27559915;52;38879290
27559761;27559300;204;38900600
27559761;27559569;41;38840071
27559761;27559813;28;38900599
27559767;27559081;155;37498398
27559767;27559745;12;37498383
27559767;27559787;11;37498382
27559778;27559537;49;37498399
27559778;27559754;233;37917530
27559778;27559853;168;37498369
27559787;27559767;11;37498381
27559787;27559866;52;37498380
27559791;27560282;112;37519370
27559799;27559915;25;38879297
27559812;27559951;29;38879295
27559813;27559569;85;38840077
27559813;27559761;28;38900598
27559813;27560082;137;38900597
27559818;27559853;154;37498368
27559818;27559949;27;37498392
27559853;27559600;49;37498374
27559853;27559778;168;37498370
27559853;27559818;154;37498367
27559853;27560365;115;37498371
27559856;27560217;81;38126193
27559856;27560482;322;37498762
27559866;27559169;154;37498364
27559866;27559787;52;37498379
27559866;27560047;115;37498378
27559915;27559754;52;38879291
27559915;27559799;25;38879296
27559915;27559951;26;38879288
27559947;27560603;135;38229564
27559949;27560016;58;38879305
27559949;27560997;244;37498391
27559951;27559812;29;38879294
27559951;27559915;26;38879289
27559951;27560365;326;38879286
27560016;27559949;58;38879304
27560016;27560025;21;38879300
27560016;27560237;55;38879303
27560021;27560148;61;38880687
27560025;27560016;21;38879301
27560025;27560030;14;38879298
27560025;27560199;38;38879292
27560030;27560025;14;38879299
27560047;27559365;153;37498366
27560047;27559866;115;37498377
27560047;27560190;33;38230253
27560067;27560148;59;37591938
27560082;27559813;137;38900596
27560082;27560322;243;38840075
27560082;27560431;205;38900595
27560103;27560113;72;38895997
27560113;27560103;72;38895996
27560113;27560287;211;38881486
27560113;27560371;52;38895995
27560148;27560021;61;38880686
27560148;27560067;59;37591939
27560148;27560680;102;37591936
27560184;27560806;117;38124570
27560190;27560222;83;38230254
27560190;27560255;84;37917534
27560199;27560025;38;38879293
27560205;27560277;17;38880680
27560217;27559856;81;38126192
27560217;27560279;196;38126194
27560217;27560337;26;38126191
27560222;27560047;81;37520656
27560222;27560333;146;37917544
27560237;27560016;55;38879302
27560241;27559787;112;37917535
27560241;27560996;206;39752123
27560255;27560334;33;37917532
27560255;27560486;51;39758575
27560262;27560277;52;38880685
27560277;27560205;17;38880681
27560277;27560262;52;38880684
27560277;27560299;53;38880683
27560279;27560217;196;38126195
27560282;27560460;37;39558904
27560282;27560465;50;38553702
27560287;27560113;211;38881485
27560287;27560407;29;38216655
27560293;27560956;119;38813260
27560299;27560277;53;38880682
27560322;27559709;138;38840057
27560322;27560082;243;38840076
27560322;27560431;22;38840056
27560325;27560484;31;37687607
27560328;27560484;37;37691962
27560333;27560222;146;37917545
27560333;27560337;6;37917542
27560333;27560708;72;38126247
27560334;27560241;22;37917533
27560334;27560649;73;38126204
27560337;27560217;26;38126190
27560337;27560333;6;37917543
27560337;27560385;39;37917540
27560346;27560287;54;38216656
27560346;27560789;313;37604938
27560348;27560792;103;37692135
27560357;27559693;147;39227698
27560365;27559853;115;37498372
27560365;27559951;326;38879287
27560366;27560416;9;37852087
27560371;27560113;52;38895994
27560377;27560391;14;37692142
27560378;27560601;51;37852085
27560385;27560337;39;37917541
27560385;27560459;16;38874925
27560385;27560513;139;37917538
27560391;27560377;14;37692141
27560391;27560463;105;37692140
27560391;27560665;78;37852083
27560407;27560346;21;38216654
27560407;27560718;61;38216660
27560416;27560366;9;37852086
27560416;27560572;40;37852073
27560416;27560754;96;37852081
27560419;27560421;0;37852092
27560421;27560419;0;37852093
27560429;27560452;49;39752156
27560431;27560082;205;38900594
27560431;27560322;22;38840055
27560431;27566323;2394;38900593
27560437;27560710;126;37692130
27560452;27560357;25;38553700
27560452;27560457;24;39558886
27560457;27560357;21;39558907
27560457;27560460;12;39227689
27560459;27560385;16;38874924
27560459;27560768;55;38874929
27560460;27560465;22;39558891
27560460;27560571;23;39227697
27560463;27560391;105;37692139
27560463;27560489;49;37852088
27560465;27560564;193;39227691
27560475;27560521;105;37515762
27560478;27560578;19;39657400
27560482;27560694;38;37545468
27560482;27560824;218;37498761
27560484;27560328;37;37691961
27560484;27561145;105;37687606
27560486;27560255;51;39758576
27560486;27560534;20;38879105
27560486;27561303;180;39758573
27560489;27560463;49;37852089
27560490;27560823;58;37750818
27560491;27560823;58;37562711
27560499;27560578;128;39657397
27560507;27559083;651;38842171
27560507;27560482;55;37545469
27560510;27560576;183;37515767
27560511;27560429;153;37804018
27560511;27560475;186;38854229
27560513;27560385;139;37917539
27560513;27560542;34;37545329
27560513;27560688;32;38126202
27560521;27560564;159;39558889
27560523;27560665;141;37852091
27560534;27560486;20;38879104
27560542;27560513;34;37545330
27560542;27560694;105;37545327
27560542;27561258;110;38126238
27560550;27560510;105;37515768
27560556;27560576;203;39227692
27560564;27560603;76;37515764
27560565;27560457;23;39227696
27560565;27560556;27;39558890
27560571;27560565;11;39227690
27560571;27560687;20;39558901
27560572;27560416;40;37852072
27560572;27560601;6;37852071
27560572;27560837;75;37852075
27560576;27560850;149;38854231
27560578;27560478;19;39657399
27560578;27560499;128;39657398
27560578;27560594;18;39657395
27560583;27560571;27;39558892
27560583;27560687;27;38553703
27560594;27560578;18;39657396
27560594;27560613;16;39657393
27560594;27560776;33;39657402
27560601;27560378;51;37852084
27560601;27560572;6;37852070
27560601;27560792;41;37852069
27560603;27559947;135;38229565
27560603;27560645;83;37515763
27560613;27560485;23;37692126
27560613;27560488;22;37510549
27560613;27560594;16;39657394
27560644;27560550;160;38854227
27560644;27560657;28;37804025
27560645;27560680;69;39558896
27560646;27560644;6;39558888
27560646;27560958;149;38880777
27560649;27560334;73;38126205
27560657;27560583;151;37804024
27560657;27560763;19;38880693
27560665;27560391;78;37852082
27560665;27560523;141;37852090
27560665;27560754;42;37852079
27560670;27560688;55;38126219
27560675;27560613;9;37510548
27560679;27560646;57;39558887
27560680;27560148;102;37591937
27560680;27560717;93;39558895
27560682;27560556;39;38553701
27560682;27560565;20;39558906
27560687;27561163;77;39558903
27560688;27560513;32;38126203
27560688;27560670;55;38126218
27560688;27560859;31;38126200
27560694;27560542;105;37545328
27560694;27560756;45;37545325
27560708;27560333;72;38126246
27560708;27560734;18;39754664
27560708;27561303;233;38126245
27560710;27560437;126;37692129
27560710;27560771;74;37692128
27560710;27561174;379;37692132
27560717;27560799;258;37750845
27560717;27560851;236;38854228
27560718;27560407;61;38216661
27560718;27560744;13;38881726
27560718;27560940;38;38216658
27560724;27560767;45;38880720
27560730;27560763;70;38880718
27560730;27560918;32;39636864
27560733;27560735;48;37852146
27560734;27560708;18;39754665
27560734;27560768;82;38874926
27560734;27560768;38;39754662
27560735;27560733;37;37852147
27560735;27561174;136;37692138
27560744;27560718;13;38881725
27560744;27560773;15;38881724
27560745;27560846;17;38880917
27560751;27560679;164;38854226
27560751;27561247;73;38405343
27560754;27560416;96;37852080
27560754;27560665;42;37852078
27560754;27560837;38;37852077
27560756;27560694;45;37545326
27560756;27560808;37;37545323
27560758;27560863;57;38880919
27560763;27560657;19;38880692
27560763;27560730;70;38880719
27560763;27560770;20;38880716
27560763;27560868;19;38880691
27560763;27560918;76;39636858
27560767;27560724;45;38880721
27560768;27560459;55;38874928
27560768;27560734;38;39754663
27560768;27560734;82;38874927
27560770;27560763;20;38880717
27560770;27560878;19;39636855
27560771;27560710;74;37692127
27560771;27560776;24;39300465
27560771;27560942;35;37852094
27560773;27560744;15;38881723
27560773;27560789;289;37802410
27560776;27560594;33;39657401
27560776;27560675;35;39300464
27560779;27560846;65;38880913
27560786;27560751;93;38854225
27560789;27560346;313;37604939
27560789;27560773;289;37802409
27560789;27561099;46;37604936
27560792;27560348;103;37692136
27560792;27560601;41;37852068
27560792;27561174;132;37692133
27560799;27560182;116;39601479
27560799;27560806;8;39558894
27560806;27560864;10;38124569
27560806;27560941;159;39558893
27560808;27560756;37;37545324
27560808;27561108;148;37545321
27560808;27561287;69;38126198
27560823;27561449;86;37750817
27560824;27560849;20;37498760
27560824;27560999;29;38230256
27560837;27560572;75;37852074
27560837;27560754;38;37852076
27560846;27560745;17;38880916
27560846;27560779;65;38880912
27560846;27560912;11;38880915
27560849;27563646;1149;38230358
27560850;27561064;83;38854230
27560850;27561769;131;38880908
27560851;27560873;59;37515765
27560859;27560688;31;38126201
27560863;27560758;57;38880918
27560863;27560912;154;38405324
27560863;27561157;49;38405321
27560864;27560909;7;38124568
27560868;27560763;19;38880690
27560868;27560878;19;39636860
27560868;27561016;69;39636853
27560873;27560941;129;37515766
27560878;27560770;19;39636856
27560878;27560868;19;39636859
27560894;27560786;234;37515769
27560902;27560291;110;38405341
27560909;27560946;7;38124567
27560912;27560846;11;38880914
27560912;27560863;154;38405323
27560912;27561453;139;38405318
27560918;27560730;32;39636863
27560918;27560763;76;39636857
27560918;27561016;16;39636862
27560920;27560786;205;39558897
27560925;27561091;33;38750951
27560928;27560675;43;37510547
27560928;27560771;56;39300463
27560929;27560894;62;37515770
27560940;27560718;38;38216659
27560940;27561329;53;38881722
27560941;27561018;131;38854223
27560942;27560771;35;37852095
27560945;27560799;24;39601478
27560945;27560920;56;39558885
27560946;27560945;8;37750807
27560946;27561934;138;38124566
27560956;27561066;14;38813266
27560958;27560646;149;38880776
27560969;27560511;233;38857910
27560969;27561064;12;39752158
27560970;27560323;115;38813251
27560977;27560929;129;39594102
27560977;27561008;58;37750805
27560978;27561035;104;39315140
27560996;27560241;206;39752122
27560996;27561162;37;39230463
27560996;27561285;50;39752121
27560997;27561099;179;37545345
27560997;27561427;148;37498390
27560999;27560849;28;38230255
27560999;27561108;14;37545471
27561008;27560946;99;37750806
27561008;27561934;217;38735741
27561016;27560868;69;39636854
27561016;27560918;16;39636861
27561017;27560977;48;37750809
27561018;27560978;64;39594129
27561018;27561028;34;38854224
27561028;27561343;503;37750833
27561035;27561044;29;39315139
27561044;27560902;27;38405336
27561044;27561057;19;39594128
27561057;27560902;23;38405340
27561057;27561066;11;39594121
27561064;27561447;151;38857912
27561064;27561769;131;37547032
27561065;27561017;82;37750808
27561066;27561079;24;39594122
27561066;27561347;36;39594108
27561078;27559767;299;37498397
27561079;27561124;58;38813256
27561083;27561065;35;39594101
27561091;27560925;33;38750950
27561091;27560928;23;37510546
27561099;27560789;46;37604937
27561099;27560997;179;37545346
27561099;27561201;331;37545343
27561099;27561427;45;37604934
27561108;27560808;148;37545322
27561108;27560999;14;37545470
27561108;27561838;226;38230369
27561124;27561140;25;39594130
27561124;27561405;36;38405339
27561128;27561163;14;38880689
27561140;27560970;20;38553696
27561140;27561145;11;39594134
27561145;27561314;24;39594145
27561145;27561340;231;38553697
27561147;27560969;64;39752157
27561157;27560863;49;38405322
27561157;27561453;169;38405303
27561157;27561453;165;38405319
27561162;27560996;37;39230462
27561162;27562057;233;39230464
27561163;27561128;14;38880688
27561163;27561284;16;39558902
27561165;27561078;17;37498396
27561165;27561322;26;37545341
27561174;27560710;379;37692131
27561174;27560735;136;37692137
27561174;27560792;132;37692134
27561201;27560940;35;37604941
27561201;27561099;331;37545344
27561247;27560751;73;38405342
27561251;27561035;27;39594140
27561251;27561065;172;38854234
27561258;27561525;149;38126177
27561258;27561900;207;38126237
27561269;27561017;281;39594146
27561269;27561251;12;39594133
27561284;27562005;114;39227695
27561285;27560996;50;39752120
27561285;27561078;28;37545342
27561285;27561322;10;39752119
27561287;27560808;69;38126199
27561287;27561407;93;38126233
27561287;27561451;22;38126196
27561303;27560486;180;39758574
27561303;27560708;233;38126244
27561307;27561269;21;39594132
27561314;27561140;23;39594136
27561314;27561408;24;39594144
27561317;27560682;99;39558898
27561322;27561285;10;39752118
27561322;27562199;221;37545340
27561328;27561307;16;39594131
27561329;27561441;32;38881727
27561329;27561511;25;38216657
27561333;27561057;36;39594106
27561333;27561328;6;39594124
27561335;27561379;153;38579130
27561335;27561527;211;38813258
27561340;27561353;50;39341363
27561343;27561340;38;37750874
27561347;27561333;12;39594123
27561347;27561522;25;38405338
27561350;27561651;49;38880737
27561353;27561335;43;38813259
27561353;27561492;208;39341364
27561361;27561735;55;38880741
27561373;27561347;30;39594125
27561373;27561522;34;38553699
27561376;27561373;16;39594120
27561379;27561570;68;38741856
27561389;27561756;120;38704286
27561400;27561410;46;39594137
27561403;27561083;504;37750811
27561405;27561376;29;39594127
27561407;27561287;93;38126234
27561408;27561405;10;39594126
27561410;27561314;25;39594141
27561410;27561431;35;38579133
27561413;27561688;42;38880739
27561416;27561403;67;37510325
27561427;27561099;45;37604935
27561427;27561574;335;37498389
27561428;27561400;59;39594135
27561430;27561670;77;38874913
27561430;27562057;158;38740338
27561431;27561408;8;38579134
27561431;27561652;35;38660713
27561441;27561147;111;37510398
27561447;27561641;135;38405297
27561447;27561657;38;38857911
27561449;27561712;44;37510544
27561449;27561724;42;37750816
27561451;27561287;22;38126197
27561453;27560912;139;38405317
27561453;27561157;169;38405304
27561453;27561157;165;38405320
27561453;27562179;114;38405301
27561462;27561428;59;39594143
27561462;27562007;83;38660667
27561480;27561462;49;39594142
27561484;27561416;30;38813261
27561484;27561480;59;38553704
27561492;27561570;51;37510527
27561507;27561307;36;38581735
27561507;27561333;23;38405335
27561511;27561519;6;37515799
27561519;27561441;19;37510397
27561519;27561657;28;37515796
27561522;27561729;32;38405337
27561525;27560756;112;38126232
27561527;27561567;60;37510539
27561530;27561201;44;37604940
27561530;27561511;20;37515798
27561539;27561416;229;37510324
27561567;27561601;54;37510538
27561570;27561707;57;37510526
27561574;27561530;10;37515797
27561601;27561091;86;37510545
27561601;27561724;42;37510536
27561641;27561447;135;38405298
27561641;27561808;52;38880911
27561641;27561918;50;38405295
27561651;27561350;49;38880736
27561651;27561688;34;38704296
27561651;27561735;63;38704295
27561652;27561431;35;38660712
27561652;27561922;42;38660687
27561653;27561317;52;39558905
27561653;27562179;260;38405314
27561657;27561815;27;37515793
27561670;27561430;77;38874912
27561670;27561986;58;38581740
27561670;27562692;413;38874911
27561688;27561413;42;38880738
27561688;27561651;34;38704297
27561688;27561771;31;38704290
27561701;27561484;219;38553698
27561701;27561527;44;37510537
27561707;27561852;79;38175369
27561714;27561916;48;38126223
27561722;27561165;403;37498395
27561724;27561791;45;37510541
27561724;27562067;56;37510531
27561729;27561507;36;39594103
27561729;27562497;127;37515835
27561735;27561361;55;38880740
27561735;27561651;63;38704294
27561735;27561756;58;38704293
27561754;27561574;30;37515795
27561754;27561722;59;39752100
27561756;27561389;120;38704287
27561756;27561735;58;38704292
27561756;27561982;34;38704289
27561762;27562150;100;39754669
27561763;27561836;32;38880713
27561765;27561539;106;38175367
27561769;27560850;131;38880909
27561769;27561064;131;37547033
27561769;27561971;32;38880927
27561769;27562465;182;37547030
27561771;27561688;31;38704291
27561779;27561945;34;38880743
27561784;27561567;93;38397736
27561786;27561918;34;38405308
27561795;27561754;7;37515794
27561798;27562067;592;37510542
27561808;27561641;52;38880910
27561815;27561919;27;37515792
27561827;27562081;44;38880902
27561827;27562384;290;38739862
27561829;27562179;146;38405315
27561836;27561763;32;38880712
27561836;27562005;80;38880711
27561836;27562053;89;38880714
27561838;27561108;226;38230370
27561838;27561907;72;38230367
27561838;27562092;45;39423339
27561852;27561872;29;38175366
27561861;27561996;83;38704299
27561879;27561945;42;38880767
27561890;27561701;29;37510535
27561890;27561784;18;38552480
27561900;27561525;59;38126231
27561907;27561838;72;38230368
27561907;27562009;63;38230365
27561907;27562038;37;38126216
27561916;27561714;48;38126222
27561916;27562000;24;38126169
27561916;27562346;85;38126221
27561918;27561641;50;38405296
27561918;27561786;34;38405307
27561918;27562081;46;38405306
27561919;27561795;38;37515791
27561919;27562019;17;37515772
27561921;27561765;82;38175368
27561922;27561652;42;38660686
27561922;27562007;175;38660736
27561922;27562192;43;38660685
27561932;27562264;54;38881798
27561934;27561008;217;38735740
27561934;27561941;6;38735745
27561934;27562867;167;38124565
27561936;27561941;73;38735742
27561939;27561921;29;37510326
27561939;27561943;30;37691659
27561941;27560945;140;39601477
27561941;27561934;6;38735744
27561941;27561936;73;38735743
27561943;27561998;37;38175371
27561945;27561779;34;38880742
27561945;27561879;42;38880766
27561945;27562111;35;38880765
27561954;27561795;23;37804017
27561971;27561769;32;38880926
27561971;27562070;69;38880900
27561971;27562081;207;38880925
27561981;27561982;58;37562765
27561981;27561996;27;37562762
27561981;27562427;106;38880755
27561982;27561756;34;38704288
27561982;27561981;58;37562764
27561982;27562111;97;37562761
27561986;27561670;58;38581739
27561990;27562891;725;38882347
27561996;27561861;83;38704298
27561996;27561981;27;37562763
27561996;27562133;46;37562758
27561998;27562163;39;38175373
27562000;27561916;24;38126170
27562002;27562168;31;39594139
27562005;27561836;80;38880710
27562005;27562053;8;39227694
27562007;27561462;83;38660666
27562007;27561922;175;38660735
27562007;27562365;61;38660665
27562009;27561907;63;38230366
27562009;27562346;98;38230363
27562016;27561784;36;38397735
27562016;27561890;28;37510534
27562019;27562564;95;37804005
27562038;27561907;37;38126217
27562038;27562092;19;38126214
27562038;27562112;32;38126188
27562046;27562016;13;37510533
27562046;27562147;62;38579121
27562053;27561836;89;38880715
27562053;27563751;414;39227693
27562057;27561162;233;39230465
27562057;27561430;158;38740339
27562057;27562150;17;38740336
27562057;27562431;128;39681505
27562066;27562046;19;37510532
27562067;27562101;35;37510529
27562070;27561971;69;38880901
27562075;27562066;28;37510530
27562081;27561827;44;38880903
27562081;27561918;46;38405305
27562081;27561971;207;38880924
27562084;27561900;28;38126230
27562092;27562038;19;38126215
27562092;27562351;91;38126212
27562101;27562075;58;37510528
27562101;27562369;57;37691646
27562104;27562427;61;38880763
27562111;27561945;35;38880764
27562111;27561982;97;37562760
27562111;27562275;72;37562757
27562112;27562038;32;38126189
27562112;27562228;51;38126186
27562112;27562304;36;38126243
27562113;27562708;143;38882255
27562133;27561996;46;37562759
27562133;27562265;146;38854232
27562133;27562621;96;37562752
27562134;27562431;58;37545441
27562142;27561954;29;39752101
27562147;27561890;48;38579120
27562147;27562924;201;38899595
27562150;27561762;100;39754668
27562150;27562057;17;38740337
27562150;27562708;109;38740334
27562159;27562275;61;38880759
27562163;27562831;128;38175375
27562168;27562002;31;39594138
27562168;27562445;51;38660707
27562179;27561453;114;38405302
27562179;27561653;260;38405313
27562179;27561829;146;38405316
27562179;27562465;83;38405299
27562192;27561922;43;38660684
27562192;27562168;15;38660709
27562199;27561322;221;37545339
27562199;27562264;97;38405312
27562199;27562671;90;37545338
27562222;27562192;10;38660708
27562222;27562456;93;39594118
27562228;27562009;36;37545333
27562228;27562112;51;38126187
27562257;27562381;24;38906693
27562261;27562315;27;38880703
27562264;27561932;54;38881797
27562264;27562199;97;38405311
27562264;27562282;42;38405310
27562265;27562133;146;38854233
27562275;27562111;72;37562756
27562275;27562159;61;38880758
27562275;27562550;105;37562755
27562282;27562264;42;38405309
27562282;27562384;113;38739863
27562304;27562396;19;38126242
27562304;27562396;83;39758391
27562314;27562643;66;38880769
27562315;27562261;27;38880702
27562315;27562325;10;38880701
27562315;27562660;70;38880709
27562325;27562315;10;38880700
27562325;27562677;70;38880707
27562325;27562677;111;38880695
27562327;27562753;86;38877864
27562346;27561916;85;38126220
27562346;27562009;98;38230364
27562346;27563131;343;38230361
27562351;27562092;91;38126213
27562365;27562007;61;38660664
27562369;27562387;62;39577042
27562369;27562536;29;37691645
27562372;27562232;47;39601471
27562372;27562453;15;37616139
27562381;27562257;24;38906694
27562381;27562524;96;37561157
27562381;27562642;65;37561154
27562384;27561827;290;38739861
27562384;27562282;113;38739864
27562384;27563021;136;38739896
27562387;27562369;62;39577043
27562396;27562304;83;39758392
27562396;27562558;48;38126241
27562400;27562142;47;37804014
27562410;27562671;218;37545348
27562427;27561981;106;38880754
27562427;27562104;61;38880762
27562427;27562643;61;38880753
27562431;27562057;128;39681504
27562431;27562134;58;37545442
27562431;27562585;31;37545439
27562445;27562222;68;38660706
27562445;27562664;43;39468493
27562453;27562857;132;37616138
27562456;27562222;93;39594119
27562456;27562497;14;39594116
27562456;27562813;111;39468484
27562456;27563147;160;38660675
27562465;27561769;182;37547031
27562465;27562179;83;38405300
27562465;27563109;162;37547028
27562482;27562733;68;38880779
27562497;27561729;127;37515834
27562497;27562456;14;39594117
27562497;27562509;15;37561160
27562497;27563454;237;37515833
27562509;27562497;15;37561161
27562509;27562524;28;37561158
27562524;27562381;96;37561156
27562524;27562509;28;37561159
27562524;27562863;76;39215000
27562534;27562743;82;38880761
27562536;27562830;59;37691658
27562544;27562607;16;39468479
27562544;27562620;72;39468478
27562550;27562275;105;37562754
27562550;27562858;164;37562749
27562550;27563101;130;37562773
27562558;27562228;69;37545332
27562564;27563758;297;37804002
27562576;27562400;32;37804013
27562585;27562431;31;37545440
27562585;27562795;43;37545437
27562585;27563215;304;38882345
27562607;27562544;16;39468480
27562607;27562682;22;39468475
27562607;27562685;58;39468482
27562612;27561653;172;39558912
27562612;27563005;135;38880943
27562613;27562798;48;38880773
27562613;27562798;48;38880770
27562618;27562823;75;38880783
27562620;27562544;51;39468481
27562620;27562544;72;39468477
27562620;27562685;15;39468474
27562621;27562133;96;37562753
27562621;27562660;28;38880698
27562621;27562743;26;37562750
27562638;27562803;31;39681155
27562642;27562381;65;37561155
27562642;27562898;123;39213884
27562642;27562970;78;37561177
27562643;27562314;66;38880768
27562643;27562427;61;38880752
27562643;27562733;67;38880751
27562660;27562315;70;38880708
27562660;27562621;28;38880699
27562660;27562677;10;38880696
27562664;27562813;37;39468456
27562671;27562199;90;37545337
27562671;27562410;218;37545347
27562671;27563232;157;37545336
27562677;27562325;70;38880706
27562677;27562325;111;38880694
27562677;27562660;10;38880697
27562682;27562607;22;39468476
27562682;27562776;23;39468471
27562685;27562620;15;39468473
27562685;27562794;20;39468470
27562692;27561670;413;38874910
27562692;27562753;21;38874909
27562692;27563049;136;38882348
27562708;27562113;143;38882254
27562708;27562150;109;38740335
27562708;27563141;123;38740332
27562721;27563141;153;38882250
27562733;27562482;68;38880778
27562733;27562643;67;38880750
27562733;27562823;44;38880749
27562743;27562534;82;38880760
27562743;27562621;26;37562751
27562743;27562919;37;37562746
27562753;27562327;86;38877863
27562753;27562692;21;38874908
27562753;27562891;89;38874907
27562767;27562798;92;38880785
27562776;27562682;23;39468472
27562776;27562869;21;39468467
27562776;27562890;79;39468491
27562794;27562682;69;39468492
27562794;27562685;20;39468469
27562794;27562890;20;39468466
27562795;27562585;43;37545438
27562795;27562937;58;39333987
27562795;27563341;164;37545435
27562798;27562613;48;38880772
27562798;27562613;48;38880771
27562798;27562767;92;38880784
27562798;27562828;35;38880787
27562798;27562923;29;38880734
27562803;27562638;31;39681154
27562803;27563539;238;37691529
27562808;27562372;150;37616134
27562808;27562826;20;37616136
27562809;27563073;110;38880781
27562813;27562456;111;39468483
27562813;27563222;110;39468455
27562816;27562838;4;38880731
27562820;27563347;262;37689213
27562823;27562618;75;38880782
27562823;27562733;44;38880748
27562823;27563091;99;38880747
27562826;27562453;136;39601474
27562826;27562857;26;37616135
27562828;27562798;35;38880786
27562830;27562803;21;37691654
27562830;27563100;77;37691657
27562831;27563268;134;37691649
27562838;27562816;4;38880730
27562838;27562911;17;38880729
27562838;27562911;74;38880723
27562842;27562902;47;38739851
27562857;27562939;17;37616137
27562858;27561941;164;39601476
27562858;27562550;164;37562748
27562858;27562867;5;37616131
27562863;27562524;76;39215001
27562863;27563068;56;39214998
27562863;27563111;114;38660669
27562867;27562858;5;37616132
27562867;27562882;15;37616129
27562867;27563195;93;38124564
27562869;27562776;21;39468468
27562869;27563025;105;39468494
27562882;27562808;25;37616133
27562882;27562867;15;37616130
27562882;27562939;63;37616127
27562890;27562794;20;39468465
27562890;27562967;20;39468464
27562891;27561990;725;38882346
27562891;27562753;89;38874906
27562891;27563015;112;38874905
27562898;27562642;123;39213885
27562898;27562932;36;39215002
27562900;27563059;45;38881802
27562902;27562842;47;38739852
27562902;27562941;36;38739890
27562902;27562956;12;38739849
27562911;27562838;74;38880722
27562911;27562838;17;38880728
27562911;27562993;23;38880725
27562919;27562743;37;37562747
27562919;27562993;59;38880726
27562919;27563017;31;37562744
27562923;27562798;29;38880735
27562923;27563017;77;37562780
27562923;27563073;145;37562779
27562924;27562147;201;38899594
27562924;27562995;26;38899593
27562924;27563025;130;39468497
27562931;27563009;108;38906692
27562932;27562898;36;39215003
27562932;27562970;63;38660726
27562932;27563054;37;38660725
27562937;27562795;58;39333986
27562937;27563076;52;37545457
27562937;27563227;150;39333985
27562939;27562882;63;37616128
27562939;27563009;22;39601472
27562941;27562902;36;38739889
27562952;27562956;21;38739865
27562953;27562612;73;39558911
27562953;27563005;129;38880940
27562956;27562902;12;38739850
27562956;27562952;21;38739866
27562956;27562973;5;38739847
27562967;27562869;80;39468496
27562967;27562890;20;39468463
27562970;27562642;78;37561176
27562970;27562932;63;38660727
27562970;27563064;31;37561175
27562973;27562956;5;38739848
27562973;27562994;31;38739874
27562973;27563032;19;38739845
27562993;27562911;23;38880724
27562993;27562919;59;38880727
27562993;27563093;33;38880704
27562994;27562973;31;38739873
27562995;27562924;26;38899592
27562995;27563202;149;39468485
27562995;27563318;108;38083442
27562996;27563277;118;38660697
27563005;27562612;135;38880942
27563005;27562953;129;38880941
27563005;27563011;9;38880896
27563009;27562931;108;38906691
27563009;27562939;22;39601473
27563011;27563005;9;38880897
27563012;27563021;54;37545357
27563012;27563059;104;37545356
27563012;27563294;102;38874828
27563015;27562891;112;38874904
27563015;27563305;205;37917537
27563015;27563507;156;38874915
27563017;27562919;31;37562745
27563017;27562923;77;37562781
27563017;27563132;38;37562742
27563021;27562384;136;38739895
27563021;27563012;54;37545358
27563021;27563099;41;37545353
27563025;27562924;130;39468498
27563025;27562967;19;39468495
27563027;27563072;34;38882246
27563027;27563141;54;37545499
27563027;27563310;255;37545496
27563032;27562973;19;38739846
27563032;27563180;48;38739843
27563032;27563258;80;38739879
27563039;27563054;29;38660662
27563044;27563207;48;38880793
27563049;27562692;136;38882349
27563054;27562932;37;38660724
27563054;27563039;29;38660663
27563054;27563142;29;38660723
27563056;27563068;32;38660710
27563059;27562900;45;38881801
27563059;27563012;104;37545355
27563059;27563174;45;37545352
27563064;27562970;31;37561174
27563064;27563090;28;39215010
27563064;27563209;54;37561173
27563066;27563109;123;38732525
27563068;27562863;56;39214999
27563068;27563056;32;38660711
27563068;27563329;77;39214996
27563070;27563099;44;37545364
27563072;27563027;34;38882247
27563073;27562809;110;38880780
27563073;27562923;145;37562778
27563073;27563261;69;37562777
27563076;27562937;52;37545458
27563076;27563349;136;37545448
27563076;27563393;105;37545455
27563090;27563064;28;39215011
27563091;27562823;99;38880746
27563091;27563101;33;38880745
27563091;27563201;34;38880756
27563093;27562993;33;38880705
27563099;27563021;41;37545354
27563099;27563070;44;37545363
27563099;27563206;41;37545362
27563100;27563268;54;37691647
27563100;27563539;146;37691651
27563101;27562550;130;37562772
27563101;27563091;33;38880744
27563101;27563319;70;37562771
27563103;27563198;100;39468487
27563103;27563202;30;39468503
27563105;27563220;36;38880733
27563109;27562465;162;37547029
27563109;27563066;123;38732524
27563109;27563333;67;37547026
27563111;27562863;114;38660668
27563112;27562664;212;38660734
27563112;27563281;47;38660731
27563117;27563227;58;38882343
27563123;27563320;97;39698496
27563123;27563346;87;39698498
27563130;27563138;17;38660672
27563131;27562346;343;38230362
27563131;27563373;105;37545312
27563131;27563516;186;37545247
27563132;27563017;38;37562743
27563132;27563230;76;38822388
27563132;27563350;65;37562740
27563138;27563130;17;38660673
27563138;27563142;8;38660670
27563138;27563277;103;38660698
27563141;27562708;123;38740333
27563141;27562721;153;38882251
27563141;27563027;54;37545498
27563141;27563197;17;38740330
27563142;27563054;29;38660722
27563142;27563138;8;38660671
27563142;27563243;58;38660721
27563147;27562456;160;38660674
27563161;27563436;105;37545515
27563165;27562066;256;37691531
27563171;27563180;41;38739853
27563174;27563059;45;37545351
27563174;27563232;37;37545350
27563174;27563292;40;38874826
27563180;27563032;48;38739844
27563180;27563171;41;38739854
27563180;27563257;22;38739841
27563183;27563112;42;38660733
27563183;27563275;26;38660691
27563190;27563709;180;37692592
27563193;27563365;51;39213893
27563195;27563335;39;38124563
27563195;27563449;141;37591935
27563197;27563141;17;38740331
27563197;27563368;107;39333995
27563197;27563823;180;38740328
27563198;27563103;100;39468488
27563201;27563091;34;38880757
27563202;27562995;149;39468486
27563202;27563103;30;39468504
27563202;27563327;38;39468501
27563206;27563099;41;37545361
27563206;27563299;37;37545360
27563206;27563306;31;38881799
27563207;27563044;48;38880792
27563207;27563220;7;38880791
27563207;27563340;43;38880774
27563209;27563064;54;37561172
27563209;27563280;24;38660718
27563209;27563288;30;37561171
27563210;27562576;154;37515781
27563215;27562585;304;38882344
27563220;27563105;36;38880732
27563220;27563207;7;38880790
27563220;27563261;27;38880789
27563222;27563183;38;38660732
27563222;27563270;15;38660705
27563227;27562937;150;39333984
27563227;27563117;58;38882342
27563227;27563372;49;39333983
27563230;27563132;76;38822387
27563232;27562671;157;37545335
27563232;27563174;37;37545349
27563232;27563479;88;38874923
27563233;27563390;46;38739871
27563235;27562995;113;37519379
27563235;27563318;64;38083440
27563243;27563142;58;38660720
27563243;27563280;54;38660717
27563243;27563356;47;38660689
27563249;27563386;40;38739835
27563250;27563257;34;38739893
27563255;27563390;59;38739876
27563257;27563180;22;38739842
27563257;27563250;34;38739894
27563257;27563273;6;38739839
27563258;27563032;80;38739880
27563258;27563273;16;38739891
27563258;27563390;47;38739877
27563261;27563073;69;37562776
27563261;27563220;27;38880788
27563261;27563488;73;37562775
27563262;27563290;14;39475645
27563268;27563765;160;37691648
27563270;27563222;15;38660704
27563270;27563405;49;38660703
27563273;27563257;6;38739840
27563273;27563258;16;38739892
27563273;27563479;83;38739837
27563275;27563183;26;38660690
27563275;27563270;34;38660701
27563276;27563330;25;38732482
27563277;27562996;118;38660696
27563277;27563138;103;38660699
27563277;27563404;36;38660695
27563280;27563209;24;38660719
27563280;27563243;54;38660716
27563280;27563429;56;38660683
27563281;27563112;47;38660730
27563281;27563275;44;38660700
27563281;27563495;59;38660729
27563288;27563209;30;37561170
27563288;27563540;69;39215015
27563288;27563540;73;37561165
27563290;27563262;14;39475644
27563290;27563301;33;38906007
27563290;27563398;72;38906004
27563292;27563174;40;38874825
27563294;27563012;102;38874827
27563294;27563299;80;38882266
27563294;27563465;98;38882265
27563298;27563412;64;38732470
27563299;27563206;37;37545359
27563299;27563294;80;38882267
27563299;27563306;32;37545370
27563301;27563290;33;38906008
27563305;27562558;258;37545331
27563305;27563015;205;37917536
27563305;27563855;177;37545240
27563306;27563206;31;38881800
27563306;27563346;43;37545369
27563309;27563235;46;38854204
27563310;27563027;255;37545497
27563310;27563386;99;37545494
27563310;27563652;219;38739885
27563311;27563330;17;38732485
27563317;27563738;123;39625858
27563318;27563235;64;38083439
27563318;27563425;32;38854222
27563319;27563101;70;37562770
27563319;27563379;25;38906005
27563319;27563488;72;37562769
27563320;27563123;97;39698495
27563320;27563123;82;39698499
27563327;27563202;38;39468502
27563327;27563401;20;39468489
27563327;27563620;111;39468499
27563329;27563068;77;39214997
27563329;27563413;24;39214994
27563329;27563426;28;39215019
27563330;27563276;25;38732481
27563330;27563311;17;38732486
27563330;27563389;17;38732480
27563333;27563109;67;37547027
27563333;27563378;37;37557668
27563333;27563976;171;37547024
27563334;27563459;48;38660679
27563335;27563443;30;38124562
27563335;27563444;42;38905993
27563337;27562858;135;39601475
27563340;27563207;43;38880775
27563341;27562795;164;37545436
27563341;27563368;7;37545433
27563341;27563470;36;38882253
27563346;27563384;29;37545368
27563347;27562820;262;37689212
27563347;27563523;54;37610324
27563347;27563734;161;38230374
27563349;27563076;136;37545447
27563349;27563364;6;39333975
27563349;27563450;38;37545446
27563350;27563132;65;37562741
27563350;27563365;13;38822386
27563350;27563578;63;37562738
27563356;27563243;47;38660688
27563364;27563349;6;39333974
27563365;27563193;51;39213892
27563365;27563350;13;38822385
27563365;27563461;71;38822384
27563368;27563197;107;39333994
27563368;27563341;7;37545434
27563368;27563427;18;38882244
27563372;27563227;49;39333982
27563372;27563450;43;37545443
27563372;27563677;95;37545432
27563373;27563131;105;37545313
27563373;27563482;48;37545310
27563373;27563639;104;38873252
27563376;27563416;25;38660714
27563378;27563333;37;37557669
27563378;27563389;8;38732473
27563378;27563435;17;37557676
27563379;27563319;25;38906006
27563379;27563400;41;38905999
27563379;27563588;56;38905997
27563384;27563210;81;37545367
27563384;27563320;36;39698500
27563386;27563249;40;38739836
27563386;27563310;99;37545495
27563386;27563506;38;37545492
27563386;27563506;38;38739833
27563389;27563330;17;38732479
27563389;27563378;8;38732474
27563389;27563412;16;38732471
27563390;27563233;46;38739872
27563390;27563255;59;38739875
27563390;27563258;47;38739878
27563393;27563076;105;37545456
27563393;27563421;16;38882340
27563393;27563583;106;37545453
27563398;27563290;72;38906003
27563398;27563400;20;38906002
27563398;27563400;79;38905998
27563400;27563379;41;38906000
27563400;27563398;20;38906001
27563401;27563327;20;39468490
27563404;27563277;36;38660694
27563404;27563459;44;37561168
27563404;27563466;24;37561167
27563405;27563270;49;38660702
27563410;27563364;15;39333971
27563410;27563415;11;39333977
27563412;27563298;64;38732469
27563412;27563389;16;38732472
27563412;27563435;41;38732555
27563413;27563329;24;39214995
27563413;27563416;4;39215031
27563413;27563426;7;39215028
27563415;27563410;11;39333976
27563415;27563464;151;39333970
27563416;27563376;25;38660715
27563416;27563413;4;39215032
27563416;27563422;4;39215029
27563420;27563518;182;38660692
27563421;27563393;16;38882341
27563421;27563439;9;39334011
27563422;27563416;4;39215030
27563422;27563434;4;39215025
27563425;27563533;34;38579082
27563425;27563534;29;38854221
27563426;27563329;28;39215018
27563426;27563413;7;39215027
27563426;27563438;4;39215024
27563427;27563368;18;38882245
27563429;27563280;56;38660682
27563434;27563422;4;39215026
27563434;27563438;7;39215021
27563434;27563455;23;38660677
27563435;27563378;17;37557677
27563435;27563412;41;38732556
27563435;27563569;34;37557674
27563436;27563161;105;37545514
27563436;27563559;49;37545463
27563436;27564429;280;37545513
27563438;27563426;4;39215023
27563438;27563434;7;39215022
27563438;27563532;24;38660681
27563439;27563421;9;39334012
27563439;27563464;13;39333972
27563440;27563568;37;38739867
27563443;27563444;24;38581728
27563443;27563468;8;38124561
27563444;27563449;9;38581726
27563446;27563337;30;37519383
27563446;27563443;11;38581727
27563449;27563195;141;37591934
27563449;27563503;103;38581724
27563450;27563349;38;37545445
27563450;27563372;43;37545444
27563450;27563651;110;38740280
27563454;27562497;237;37515832
27563454;27562509;244;39594147
27563454;27563462;3;37515831
27563455;27563434;23;38660676
27563458;27563309;43;38854203
27563458;27563731;218;37519380
27563459;27563334;48;38660678
27563459;27563404;44;37561169
27563459;27563540;151;37561162
27563461;27563365;71;38822383
27563462;27563454;3;37515830
27563462;27563563;29;38579123
27563464;27563415;112;39333969
27563464;27563439;13;39333973
27563465;27563294;98;38882264
27563465;27563596;48;38882263
27563465;27563613;39;38881796
27563466;27563404;24;37561166
27563466;27563554;20;39214992
27563468;27563446;8;37519382
27563468;27563493;9;38124560
27563470;27563341;36;38882252
27563471;27563337;45;38905986
27563471;27563446;26;38581725
27563479;27563232;88;38874922
27563479;27563273;83;38739838
27563479;27563568;45;38874921
27563482;27563373;48;37545311
27563482;27563523;15;38874946
27563482;27563531;14;37689206
27563486;27563468;10;37519381
27563486;27563493;15;38905915
27563488;27563261;73;37562774
27563488;27563319;72;37562768
27563488;27563797;84;37562767
27563493;27563687;104;38905911
27563495;27563281;59;38660728
27563495;27563309;103;38579137
27563497;27563553;23;37559046
27563497;27563629;57;38881472
27563497;27563848;196;37559043
27563503;27563508;7;38858160
27563506;27563386;38;37545493
27563506;27563386;38;38739834
27563506;27563576;55;38874918
27563507;27563015;156;38874914
27563508;27563550;76;38858159
27563508;27563560;12;39216884
27563516;27563131;186;37545246
27563516;27563622;53;37545245
27563516;27563737;82;38213944
27563518;27563420;182;38660693
27563518;27563495;10;38579136
27563523;27563347;54;37610325
27563523;27563482;15;38874947
27563523;27563587;30;38874944
27563531;27563482;14;37689207
27563531;27563627;44;38873245
27563531;27563696;54;37689204
27563532;27563438;24;38660680
27563533;27563534;33;38579086
27563533;27563580;22;38083438
27563534;27563695;54;38854220
27563539;27563800;87;37691650
27563540;27563288;73;37561164
27563540;27563288;69;39215014
27563540;27563459;151;37561163
27563548;27563608;19;38732557
27563550;27563466;20;39214993
27563550;27563554;7;38858158
27563550;27563589;11;39214990
27563553;27563497;23;37559045
27563553;27563835;404;38732551
27563553;27564290;211;37559036
27563554;27563660;193;38858157
27563557;27563486;131;38905914
27563557;27563503;12;39216882
27563559;27563436;49;37545462
27563559;27563677;69;37545461
27563559;27563972;108;39334010
27563560;27563557;7;38905913
27563560;27563662;32;39216883
27563563;27563603;23;37515828
27563568;27563440;37;38739868
27563568;27563479;45;38874920
27563568;27563576;38;38874917
27563569;27563435;34;37557675
27563569;27563579;11;38732538
27563569;27563815;62;37557672
27563575;27563462;29;38579122
27563575;27563563;25;37515829
27563576;27563506;55;38874919
27563576;27563568;38;38874916
27563576;27563652;25;38739888
27563576;27563790;61;38739883
27563578;27563350;63;37562739
27563578;27563713;51;38822394
27563578;27563724;87;37562736
27563579;27563569;11;38732539
27563579;27563608;23;38732536
27563579;27563835;63;38732562
27563580;27563533;22;38083437
27563580;27564245;423;38386374
27563580;27564753;313;38854211
27563583;27563393;106;37545454
27563583;27563651;47;37545451
27563583;27564030;208;38740289
27563587;27563523;30;38874945
27563587;27563627;16;38873244
27563587;27563948;146;38874942
27563588;27563379;56;38905996
27563589;27563550;11;39214991
27563589;27563560;76;38905912
27563596;27563465;48;38882262
27563596;27563644;24;38882261
27563603;27563518;118;38579135
27563603;27563673;22;37515826
27563606;27563299;171;37545366
27563606;27563320;74;39698497
27563608;27563548;19;38732558
27563608;27563579;23;38732537
27563608;27563723;29;38732534
27563612;27563458;40;38854202
27563613;27563596;35;38881795
27563613;27563742;39;38874818
27563620;27563327;111;39468500
27563622;27563516;53;37545244
27563622;27563643;6;37545243
27563622;27563782;86;38874229
27563627;27563531;44;38873246
27563627;27563587;16;38873243
27563627;27563865;61;38873239
27563629;27563497;57;38881473
27563639;27563373;104;38873251
27563639;27563802;53;38873248
27563643;27563305;409;37545241
27563643;27563622;6;37545242
27563643;27563805;35;37545250
27563644;27563596;24;38882260
27563644;27563698;21;38882259
27563646;27563688;15;38230357
27563646;27563734;22;37610323
27563651;27563450;110;38740281
27563651;27563583;47;37545452
27563651;27563767;30;37545449
27563652;27563310;219;38739886
27563652;27563576;25;38739887
27563652;27563790;31;38739857
27563655;27564040;108;39468452
27563657;27563575;26;37515827
27563660;27563657;134;38858156
27563660;27563704;9;38581719
27563662;27563557;32;39216881
27563662;27563888;56;37561123
27563673;27563731;11;37515825
27563675;27563713;51;38822395
27563677;27563372;95;37545431
27563677;27563559;69;37545460
27563677;27564209;121;37545430
27563681;27563902;143;38905885
27563687;27563928;61;38905884
27563687;27563941;81;38905906
27563688;27564137;184;38230356
27563691;27563771;16;37598515
27563695;27563612;44;38083441
27563695;27564077;108;38854219
27563696;27563531;54;37689205
27563698;27563644;21;38882258
27563698;27563962;226;37545386
27563704;27563589;199;38905910
27563704;27563660;9;38581718
27563704;27563883;41;38581717
27563706;27564128;105;39468454
27563709;27563190;180;37692591
27563712;27563623;24;37598516
27563712;27563807;105;38579131
27563713;27563578;51;38822393
27563713;27563675;51;38822396
27563713;27563997;70;38822392
27563723;27563608;29;38732535
27563724;27563578;87;37562737
27563724;27563738;22;37562734
27563724;27564028;242;37562782
27563731;27563813;27;37515822
27563734;27563347;161;38230373
27563734;27563753;11;38230372
27563734;27564154;111;37610322
27563737;27563516;82;38213943
27563737;27563901;51;37545255
27563737;27564017;121;38213942
27563738;27563317;123;39625857
27563738;27563724;22;37562735
27563738;27563797;83;37562732
27563742;27563613;39;38874817
27563742;27563993;78;38874816
27563742;27564014;93;37545392
27563746;27563657;20;37515824
27563746;27563755;30;38905909
27563751;27564157;104;39558899
27563753;27563688;16;37545320
27563753;27563734;11;38230371
27563755;27563760;9;38905908
27563755;27563817;13;39214964
27563758;27564136;92;39553241
27563760;27563704;100;38905907
27563765;27563992;72;38175370
27563767;27563651;30;37545450
27563767;27563970;73;38882269
27563771;27563795;8;37598514
27563771;27564044;171;38441789
27563772;27562953;238;39558910
27563772;27563803;22;38880923
27563782;27563622;86;38874228
27563785;27563165;201;37691530
27563790;27563576;61;38739884
27563790;27563652;31;38739858
27563790;27563861;117;38739881
27563795;27563712;40;37598513
27563797;27563488;84;37562766
27563797;27563738;83;37562733
27563797;27563830;48;37562730
27563800;27563816;8;37691595
27563802;27563639;53;38873247
27563803;27563772;22;38880922
27563803;27563981;79;38880921
27563803;27564066;186;38880898
27563805;27563643;35;37545251
27563805;27563806;35;38874485
27563805;27564181;89;37545248
27563806;27563805;35;38874484
27563807;27563712;105;38579132
27563807;27563892;26;38441810
27563809;27563746;21;37515823
27563813;27563809;16;37515821
27563813;27564009;50;37510422
27563815;27563569;62;37557673
27563815;27563835;13;38732554
27563815;27564061;89;37557670
27563816;27563807;25;38441809
27563816;27563892;24;37691593
27563817;27563872;15;39214967
27563822;27563760;14;39214969
27563823;27563197;180;38740329
27563823;27563962;42;39334004
27563829;27564073;64;39216764
27563830;27563797;48;37562731
27563830;27563923;84;37562728
27563830;27564028;54;37562785
27563831;27563902;21;39216886
27563832;27564082;92;38873242
27563835;27563553;404;38732552
27563835;27563579;63;38732561
27563835;27563815;13;38732553
27563848;27563497;196;37559044
27563848;27564002;50;38732447
27563848;27564046;111;37559041
27563855;27563305;177;37545239
27563855;27563863;13;39761478
27563855;27564426;201;37545238
27563861;27563790;117;38739882
27563863;27563855;13;39761479
27563865;27563627;61;38873240
27563865;27564029;56;38873249
27563872;27563895;6;39214966
27563877;27563165;224;37691660
27563877;27563800;32;37691594
27563880;27563822;15;39214968
27563883;27563704;41;38581716
27563883;27563935;22;39215008
27563883;27564196;81;38581715
27563885;27563210;173;37515780
27563885;27563606;67;37545365
27563886;27564002;117;38732504
27563888;27563662;56;37561122
27563888;27564073;158;37561121
27563888;27564390;200;38905899
27563892;27563955;32;37691591
27563892;27564789;243;37691655
27563895;27563880;7;39214965
27563895;27564086;47;39214976
27563901;27563737;51;37545254
27563901;27564208;83;37545253
27563901;27564484;249;38213932
27563902;27563681;143;38905886
27563902;27563831;21;39216885
27563902;27563928;45;38905881
27563909;27563877;8;37691592
27563922;27564086;53;39214971
27563923;27563471;169;38581723
27563923;27563830;84;37562729
27563923;27563941;11;37562726
27563928;27563687;61;38905883
27563928;27563902;45;38905882
27563928;27564238;77;39197674
27563933;27563772;43;39558909
27563935;27563883;22;39215009
27563935;27564041;81;39215020
27563935;27564041;42;39215006
27563940;27563997;55;38822397
27563941;27563923;11;37562727
27563941;27564342;103;38905905
27563944;27563909;16;39334433
27563944;27563998;27;38441807
27563948;27563587;146;38874943
27563948;27564059;228;38873255
27563948;27564154;64;38874940
27563951;27564028;42;39334258
27563955;27563944;8;39334432
27563962;27563698;226;37545385
27563962;27563984;17;37545384
27563970;27563767;72;38882268
27563970;27564400;114;39334008
27563972;27563559;108;39334009
27563972;27564119;64;37545466
27563976;27563333;171;37547025
27563976;27564061;111;37559038
27563976;27564642;155;37547022
27563981;27563803;79;38880920
27563981;27563933;13;37510552
27563984;27563823;40;38740323
27563984;27563962;17;37545383
27563984;27564030;72;37545382
27563992;27564789;220;38175374
27563993;27563742;78;38874815
27563993;27564306;69;38874814
27563993;27564307;79;38732518
27563997;27563713;70;38822391
27563997;27563940;55;38822398
27563997;27564287;118;38822390
27563998;27563909;27;38441806
27563998;27564035;18;37562725
27564002;27563848;50;38732448
27564002;27563886;117;38732505
27564002;27564515;160;38732445
27564009;27563809;53;38579058
27564009;27565165;250;38579073
27564010;27563785;72;38175372
27564014;27563742;93;37545393
27564014;27564075;41;37545390
27564014;27564155;44;38874833
27564017;27563737;121;38213941
27564028;27563724;242;37562783
27564028;27563830;54;37562784
27564028;27563951;42;39334257
27564029;27563865;56;38873250
27564029;27564082;17;38873237
27564030;27563583;208;38740288
27564030;27563984;72;37545381
27564030;27564511;131;37545380
27564035;27563998;18;37562724
27564035;27564245;73;37562723
27564035;27566538;690;38203523
27564040;27563655;108;39468451
27564040;27564128;25;39468450
27564040;27564142;26;39468462
27564041;27563935;42;39215007
27564041;27564196;38;39215004
27564044;27563771;171;38441788
27564044;27565033;261;38552781
27564046;27563848;111;37559042
27564046;27564061;9;37559039
27564046;27564780;260;38732444
27564058;27563981;20;37510551
27564058;27564168;52;38880939
27564059;27563948;228;38873256
27564061;27563815;89;37557671
27564061;27563976;111;37559037
27564061;27564046;9;37559040
27564066;27563803;186;38880899
27564073;27563829;64;39216763
27564073;27563888;158;37561120
27564073;27564836;194;37561119
27564075;27564014;41;37545391
27564075;27564132;205;37545388
27564075;27564340;57;38740304
27564076;27564142;40;39468460
27564077;27563612;114;38899591
27564077;27564236;38;37510419
27564082;27563832;92;38873241
27564082;27564029;17;38873238
27564086;27563895;47;39214975
27564086;27563922;53;39214970
27564086;27564567;104;39214974
27564116;27564351;79;38551798
27564119;27563972;63;37545467
27564119;27564429;77;37545465
27564122;27564392;125;37545395
27564127;27564292;40;38874223
27564128;27563706;105;39468453
27564128;27564040;25;39468449
27564128;27564199;31;39468448
27564131;27563753;95;37545319
27564132;27564075;205;37545389
27564132;27564194;24;38874829
27564135;27564132;25;38874831
27564136;27564658;109;39553242
27564136;27565107;238;37561249
27564137;27564283;48;38230355
27564137;27564573;118;37689210
27564141;27564594;132;38873254
27564142;27564040;26;39468461
27564142;27564076;40;39468459
27564142;27564199;59;39468458
27564154;27563948;64;38874941
27564154;27564205;11;38874938
27564155;27564014;44;38874832
27564157;27564240;27;37591933
27564157;27564242;18;39558908
27564165;27564302;37;38874487
27564168;27564058;52;38880938
27564168;27564418;152;38880906
27564168;27564661;186;38880937
27564172;27564426;56;38874873
27564173;27564058;27;37510550
27564181;27563805;89;37545249
27564181;27564208;24;39500927
27564181;27564316;268;39500924
27564181;27564377;43;37545259
27564194;27564135;12;38874830
27564194;27564392;43;39334002
27564196;27563883;81;38581714
27564196;27564041;38;39215005
27564196;27565085;208;38581713
27564199;27564128;31;39468447
27564199;27564142;59;39468457
27564199;27564236;20;39468446
27564205;27564131;17;38230375
27564205;27564154;11;38874939
27564205;27564319;31;38874936
27564208;27563901;83;37545252
27564208;27564181;24;39500926
27564208;27564377;45;37545256
27564208;27564491;151;37545295
27564209;27563677;121;37545429
27564209;27564358;36;37545428
27564209;27564380;47;37545508
27564231;27560507;1586;38842170
27564231;27564283;13;37545317
27564236;27564077;38;37510418
27564236;27564199;20;39468445
27564236;27565533;291;37510417
27564238;27563928;77;39197673
27564238;27564271;16;38905983
27564238;27564298;74;38905971
27564240;27564301;18;39747492
27564242;27564774;122;39625876
27564245;27563580;423;38386373
27564245;27564035;73;37562722
27564245;27564553;79;38857951
27564248;27564451;53;38551791
27564255;27564307;43;38732490
27564257;27564292;11;38213931
27564257;27564564;114;39758430
27564258;27564231;10;39539715
27564260;27564491;64;38874231
27564271;27564238;16;38905982
27564271;27564323;12;38905992
27564271;27564323;66;38905981
27564283;27564311;9;38230354
27564283;27564533;64;39539720
27564285;27564173;22;38581744
27564287;27563997;118;38822389
27564287;27564294;25;37519378
27564287;27564413;127;37519375
27564290;27563553;211;37559035
27564290;27564629;154;38881475
27564290;27564629;145;37559034
27564292;27564127;40;38874222
27564292;27564257;11;38213930
27564292;27564554;250;38213929
27564294;27564287;25;37519377
27564294;27564401;43;38581737
27564298;27564238;74;38905970
27564298;27564323;16;38905989
27564298;27564499;47;38905988
27564301;27564318;12;39747491
27564302;27564165;37;38874486
27564302;27564316;8;37545309
27564302;27564527;88;37545306
27564306;27563993;69;38874813
27564306;27564307;34;38732493
27564306;27564548;51;38874812
27564307;27563993;79;38732519
27564307;27564255;43;38732491
27564307;27564306;34;38732492
27564311;27564258;13;39539716
27564311;27564344;17;39539712
27564316;27564181;268;39500925
27564316;27564302;8;37545308
27564316;27564725;112;38857943
27564318;27564321;17;39747493
27564318;27564371;18;39747490
27564319;27564131;39;37545318
27564319;27564205;31;38874937
27564319;27564573;71;38874934
27564321;27564294;43;38581742
27564322;27563923;103;38581722
27564323;27564271;66;38905980
27564323;27564271;12;38905991
27564323;27564298;16;38905990
27564340;27564075;57;38740305
27564340;27564393;54;38874835
27564340;27564438;101;38740302
27564342;27564479;30;38905904
27564342;27564507;34;38905895
27564344;27564983;237;39539630
27564345;27564484;50;38874207
27564351;27564116;79;38551797
27564351;27564381;65;39334605
27564351;27564441;17;38551796
27564355;27564468;26;38740279
27564358;27564209;36;37545427
27564358;27564380;29;37545490
27564358;27564437;34;37545487
27564370;27564628;64;38740320
27564371;27564458;17;39747487
27564377;27564181;43;37545258
27564377;27564208;45;37545257
27564377;27564526;258;38874793
27564377;27564569;41;37545268
27564377;27564969;235;38874790
27564380;27564358;29;37545491
27564380;27564432;43;37545488
27564381;27564351;65;39334606
27564386;27564285;25;39747499
27564386;27564301;58;39747489
27564390;27563888;200;38905898
27564392;27564122;125;37545394
27564392;27564194;43;39334003
27564392;27564562;35;39334000
27564393;27564340;54;38874834
27564400;27563970;114;39334007
27564400;27564506;24;39334006
27564400;27564584;40;37545459
27564401;27564458;14;39747494
27564413;27564287;127;37519376
27564413;27564414;16;39334241
27564414;27564322;46;38905902
27564414;27564461;25;39334240
27564416;27564311;30;39358962
27564416;27564344;35;38230376
27564418;27564168;152;38880907
27564418;27564661;54;38880904
27564418;27564740;103;38880930
27564426;27563855;201;37545237
27564426;27564172;56;38874872
27564426;27564527;20;37545236
27564427;27564542;22;38905894
27564429;27563436;280;37545512
27564429;27564119;77;37545464
27564429;27564538;23;38882331
27564429;27564639;73;37545511
27564432;27564380;43;37545489
27564432;27564480;48;37545484
27564432;27564898;109;38882334
27564437;27564209;60;37545426
27564437;27564358;34;37545486
27564437;27564639;64;37545479
27564438;27564340;101;38740303
27564440;27564657;65;38740315
27564441;27564351;17;38551795
27564441;27564451;45;38551776
27564441;27564717;67;38551794
27564444;27564386;11;39747488
27564446;27564258;72;39539714
27564451;27564248;53;38551792
27564451;27564441;45;38551775
27564451;27565129;171;38551774
27564458;27564519;14;39747486
27564461;27564322;33;38581721
27564461;27564479;10;39334246
27564468;27564355;26;38740278
27564468;27564635;64;38740282
27564468;27564635;48;38740277
27564479;27564507;17;39334245
27564479;27564508;11;38905903
27564480;27564400;39;37545509
27564480;27564432;48;37545485
27564480;27564506;26;37545482
27564484;27563901;249;38213933
27564484;27564345;50;38874206
27564484;27564554;18;38874776
27564491;27564208;151;37545294
27564491;27564260;64;38874230
27564491;27564782;79;37545293
27564499;27564298;47;38905987
27564502;27564554;20;39758427
27564503;27564444;17;39747498
27564506;27564400;24;39334005
27564506;27564480;26;37545483
27564506;27564584;27;37545480
27564507;27564545;9;39334244
27564508;27564413;46;39334242
27564508;27564461;11;38581720
27564511;27564030;131;37545379
27564511;27564695;40;37545334
27564511;27564699;52;37545378
27564515;27564002;160;38732446
27564515;27564619;24;38732465
27564515;27564780;142;38732441
27564519;27564612;63;39747483
27564519;27564625;25;39747495
27564526;27564377;258;38874792
27564526;27564659;36;38874221
27564527;27564302;88;37545307
27564527;27564426;20;37545235
27564527;27564681;58;37545304
27564528;27564542;16;39334254
27564533;27564551;9;39539723
27564533;27564763;63;39539719
27564538;27564429;23;38882330
27564538;27564773;121;38882339
27564538;27564841;107;38882336
27564542;27564427;22;38905893
27564542;27564528;16;39334253
27564542;27564786;54;38905892
27564545;27564508;31;39334243
27564545;27564707;86;37519374
27564548;27564306;51;38874811
27564548;27564690;44;37545415
27564548;27564710;40;39334117
27564549;27564740;84;38880929
27564550;27565021;104;38905920
27564551;27564416;34;39539717
27564551;27564533;9;39539724
27564551;27564623;26;38230378
27564553;27564245;79;38857950
27564553;27564620;31;38390901
27564553;27564924;97;38857949
27564554;27564292;250;38213928
27564554;27564484;18;38874777
27564554;27564502;20;39758426
27564554;27564782;62;38874774
27564558;27564597;9;38230385
27564558;27564678;93;38230382
27564558;27564678;61;38230359
27564562;27564392;35;39334001
27564562;27564587;6;39333998
27564562;27564744;79;38740307
27564564;27564257;114;39758431
27564564;27564716;41;38213920
27564564;27564842;83;39758428
27564567;27564086;104;39214973
27564567;27564581;6;39214977
27564569;27564377;41;37545269
27564569;27564754;42;37545266
27564569;27565073;199;37563168
27564573;27564137;118;37689211
27564573;27564319;71;38874935
27564573;27564609;10;38874932
27564577;27564444;31;39747485
27564577;27564578;14;39747497
27564578;27564585;29;38581743
27564581;27564644;14;39214981
27564584;27564506;27;37545481
27564584;27564747;46;37545476
27564585;27564503;30;38581741
27564585;27564734;85;38581729
27564587;27564562;6;39333999
27564587;27564631;10;39333996
27564592;27564619;22;38732559
27564594;27564141;132;38873253
27564595;27564567;6;39214978
27564597;27564551;24;38230377
27564597;27564558;9;38230386
27564597;27564623;7;38230383
27564604;27564741;39;37545287
27564608;27564829;50;38905960
27564609;27564573;10;38874933
27564609;27564763;46;38874930
27564609;27564778;67;38126224
27564611;27564836;169;38905922
27564612;27564577;15;39747484
27564619;27564515;24;38732466
27564619;27564592;22;38732560
27564619;27564767;40;38732463
27564620;27564553;31;38390902
27564622;27564630;26;38390908
27564623;27564597;7;38230384
27564623;27564678;77;38230379
27564624;27564746;218;38739672
27564625;27564774;31;37591932
27564628;27564370;64;38740319
27564628;27564690;18;38740327
27564628;27564745;55;38740318
27564629;27564290;145;37559033
27564629;27564290;154;38881474
27564629;27564672;10;37559032
27564630;27564622;26;38390907
27564631;27564587;10;39333997
27564631;27564721;18;38874823
27564635;27564468;64;38740283
27564635;27564468;48;38740276
27564635;27564747;29;38740275
27564636;27564672;17;38732483
27564636;27564931;73;38732509
27564636;27564931;72;38732506
27564639;27564429;73;37545510
27564639;27564437;64;37545478
27564639;27564898;117;37545507
27564639;27565026;85;37545473
27564642;27563976;155;37547023
27564642;27564765;45;38732461
27564642;27564867;50;37547020
27564644;27564687;7;39214980
27564650;27564173;108;39625875
27564656;27565029;97;38882333
27564657;27564440;65;38740314
27564657;27564663;42;38740313
27564657;27564798;30;38740321
27564658;27564993;69;39553243
27564659;27564526;36;38874220
27564659;27564569;219;37563169
27564659;27564814;41;38874219
27564660;27564595;15;39214979
27564661;27564168;186;38880936
27564661;27564418;54;38880905
27564661;27564740;51;38880935
27564663;27564657;42;38740312
27564672;27564629;10;37559031
27564672;27564636;17;38732484
27564672;27564988;66;37559030
27564676;27564612;24;39747496
27564678;27564558;93;38230381
27564678;27564558;61;38230360
27564678;27564623;77;38230380
27564681;27564527;58;37545305
27564681;27564839;56;37545299
27564681;27564878;64;37545302
27564687;27564660;8;39214972
27564687;27564825;54;39214982
27564690;27564548;44;37545414
27564690;27564628;18;38740326
27564690;27564819;37;37545413
27564691;27564713;21;38390906
27564695;27564699;40;37545387
27564695;27564798;43;37545398
27564699;27564511;52;37545377
27564699;27564935;91;37545376
27564706;27564938;51;38905962
27564707;27564545;86;37519373
27564707;27564718;8;37519372
27564710;27564548;40;39334116
27564710;27564987;83;38740301
27564710;27564987;63;39334115
27564713;27564691;21;38390905
27564716;27564564;41;38213919
27564717;27564441;67;38551793
27564717;27564753;137;37560649
27564718;27564707;8;37519371
27564718;27564731;9;39138221
27564721;27564631;18;38874824
27564721;27564847;27;38874821
27564725;27564316;112;38857944
27564725;27564741;61;37545289
27564725;27564839;29;38857941
27564726;27564893;90;38732478
27564727;27564786;40;38905900
27564731;27564718;9;39138222
27564731;27564870;58;39138219
27564734;27564585;85;38581730
27564734;27564862;39;37544924
27564740;27564418;103;38880931
27564740;27564549;84;38880928
27564740;27564661;51;38880934
27564740;27564884;31;38880933
27564741;27564604;39;37545286
27564741;27564725;61;37545288
27564741;27565131;96;37545285
27564744;27564562;79;38740306
27564745;27564628;55;38740317
27564746;27564624;218;38739671
27564746;27564821;28;38739670
27564746;27565114;101;38739694
27564747;27564584;46;37545477
27564747;27564635;29;38740274
27564747;27564935;54;37545474
27564752;27564853;40;38245394
27564752;27564964;107;38245395
27564753;27563580;313;38854212
27564753;27564833;18;38854209
27564754;27564569;42;37545267
27564754;27564814;182;37563173
27564754;27564956;41;37545264
27564754;27565139;160;37563170
27564762;27565038;69;37691653
27564763;27564609;46;38874931
27564763;27564784;6;38126161
27564763;27564785;8;37498550
27564765;27564642;45;38732462
27564765;27564857;26;38732459
27564765;27564857;49;38732449
27564767;27564619;40;38732464
27564771;27563955;226;37691656
27564771;27564010;204;37691596
27564773;27564538;121;38882338
27564774;27566918;491;37506282
27564778;27564609;67;38126225
27564778;27564818;105;38213918
27564779;27564721;22;38740316
27564779;27564847;23;37545404
27564780;27564046;260;38732443
27564780;27564515;142;38732442
27564780;27564830;11;38732451
27564782;27564491;79;37545292
27564782;27564554;62;38874775
27564782;27564969;50;37545291
27564784;27564849;15;38126162
27564785;27564551;64;39539718
27564785;27564763;8;37498549
27564785;27565365;240;37498548
27564786;27564542;54;38905891
27564786;27564727;40;38905901
27564786;27565048;53;38905890
27564789;27565112;84;37691538
27564794;27564650;32;39625877
27564794;27564676;32;37591940
27564798;27564657;30;38740322
27564798;27564695;43;37545399
27564798;27564823;45;37545396
27564811;27564785;6;39358957
27564813;27564829;15;39475623
27564814;27564659;41;38874218
27564814;27564754;182;37563172
27564814;27564981;42;38874217
27564815;27564819;67;37545410
27564815;27564959;158;37545409
27564817;27564878;135;38876624
27564818;27564842;22;39556676
27564819;27564690;37;37545412
27564819;27564815;67;37545411
27564819;27565125;64;38732488
27564820;27564983;305;38873234
27564821;27564746;28;38739669
27564821;27564907;27;38739668
27564821;27565001;43;38739659
27564823;27564779;52;37545405
27564823;27564798;45;37545397
27564825;27564687;52;39214983
27564825;27565085;115;39214963
27564829;27564608;50;38905961
27564829;27564813;15;39475622
27564829;27564938;58;39475621
27564830;27564780;11;38732452
27564830;27564921;17;39334119
27564833;27564753;18;38854210
27564833;27565004;33;38854207
27564834;27565062;68;39334015
27564835;27564734;70;38857917
27564835;27564862;45;38581745
27564836;27564073;194;37561118
27564836;27564611;169;38905923
27564836;27565040;70;37561117
27564839;27564681;56;37545298
27564839;27564725;29;38857942
27564839;27565202;89;38857939
27564841;27564538;107;38882337
27564842;27564564;83;39758429
27564842;27564818;22;39556677
27564845;27564707;29;39138224
27564845;27564731;32;39138223
27564847;27564721;27;38874822
27564847;27565083;49;37545401
27564849;27564875;5;38124267
27564853;27564752;40;38245393
27564853;27564904;26;39334107
27564854;27564811;10;39358958
27564857;27564765;26;38732460
27564857;27564765;49;38732450
27564857;27564977;64;38732457
27564859;27565307;220;39556747
27564862;27565014;58;37544923
27564867;27564642;50;37547021
27564867;27564965;35;38581706
27564870;27564731;58;39138220
27564870;27564984;28;39214525
27564870;27565042;61;38905965
27564875;27564928;12;38124266
27564878;27564681;64;37545303
27564878;27564817;135;38876625
27564878;27564929;18;37545300
27564884;27564740;31;38880932
27564884;27564835;28;38857916
27564893;27564726;90;38732477
27564893;27564959;19;38732548
27564893;27565023;80;38732476
27564894;27564923;171;39630137
27564898;27564432;109;38882335
27564898;27564639;117;37545506
27564898;27565029;87;37545505
27564902;27564854;9;37545316
27564902;27564875;11;39358959
27564904;27564853;26;39334106
27564904;27565026;140;39334105
27564904;27565249;80;38874782
27564907;27564821;27;38739667
27564907;27564970;70;38739689
27564907;27565001;66;38739661
27564907;27565039;39;38739666
27564910;27565021;56;37561152
27564910;27565040;160;37561151
27564910;27565194;99;39216491
27564921;27564830;17;39334120
27564921;27564977;12;39334121
27564923;27564894;171;39630138
27564924;27564553;97;38857948
27564924;27565038;38;37562721
27564924;27566346;382;37562717
27564928;27564989;64;38126229
27564928;27565028;25;38124265
27564929;27564878;18;37545301
27564929;27564964;133;37863446
27564929;27565063;45;38857945
27564931;27564636;73;38732508
27564931;27564636;72;38732507
27564935;27564699;91;37545375
27564935;27564747;54;37545475
27564935;27565266;92;37545374
27564938;27564706;51;38905963
27564938;27564829;58;39475620
27564938;27565049;59;39475619
27564956;27564754;41;37545265
27564956;27565133;41;37545262
27564956;27565281;141;37563178
27564959;27564815;158;37545408
27564959;27564893;19;38732547
27564959;27565083;124;37545407
27564963;27565128;37;38732530
27564964;27564752;107;38245396
27564964;27564929;133;37863445
27564964;27565248;93;37863444
27564965;27564884;47;38857915
27564969;27564377;235;38874791
27564969;27564782;50;37545290
27564969;27565108;31;37563194
27564970;27564907;70;38739690
27564971;27563885;236;37515779
27564972;27565100;29;38551778
27564977;27564857;64;38732458
27564977;27564921;12;39334122
27564977;27565015;35;38732455
27564981;27564814;42;38874216
27564981;27564956;144;37563180
27564981;27565132;41;38874215
27564983;27564820;305;38873233
27564983;27565562;236;39539629
27564984;27564870;28;39214526
27564984;27565046;33;38905973
27564984;27565382;96;39214523
27564987;27564710;83;38740300
27564987;27564710;63;39334114
27564987;27565056;16;39334113
27564988;27564672;66;37559029
27564988;27565127;39;37559047
27564989;27564928;64;38126228
27564989;27565237;67;38126240
27564990;27565307;124;39556749
27564991;27565202;75;37545297
27564993;27565766;190;39553244
27564993;27565978;241;37561260
27564995;27566378;317;39334616
27564997;27565080;71;38874819
27565000;27565048;34;39213889
27565001;27564821;43;38739660
27565001;27564907;66;38739662
27565001;27565390;112;38739657
27565004;27564833;33;38854208
27565004;27565140;32;39454901
27565004;27565212;224;37562714
27565009;27564823;36;37545403
27565013;27565121;112;38905879
27565014;27565069;39;37544922
27565014;27565150;34;38581704
27565015;27564977;35;38732456
27565015;27565018;17;38732439
27565015;27565207;58;38732453
27565018;27565015;17;38732440
27565021;27564550;104;38905921
27565021;27564910;56;37561153
27565021;27565121;43;37561148
27565023;27564893;80;38732475
27565026;27564639;85;37545472
27565026;27564904;140;39334104
27565026;27565074;60;39334103
27565028;27565053;11;38854201
27565028;27565086;15;38124264
27565029;27564656;97;38882332
27565029;27564898;87;37545504
27565029;27565080;30;37545503
27565033;27564044;261;38552780
27565033;27565055;11;38739684
27565033;27565582;141;38552779
27565035;27564833;125;37560844
27565037;27565062;84;39333993
27565038;27564762;69;37691652
27565038;27564924;38;37562720
27565038;27565396;140;37562719
27565039;27564907;39;38739665
27565039;27565112;30;38739664
27565039;27565569;153;38739685
27565040;27564836;70;37561116
27565040;27564910;160;37561150
27565040;27565347;73;37561115
27565046;27564984;33;38905972
27565048;27564786;53;38905889
27565048;27565000;34;39213888
27565048;27565102;55;38905888
27565049;27564938;59;39475618
27565049;27565314;105;38906229
27565053;27564902;38;37545315
27565053;27565105;20;39358963
27565055;27565033;11;38739683
27565055;27565114;144;38739688
27565055;27565305;92;38739682
27565056;27564987;16;39334112
27565056;27565088;130;37544921
27565056;27565227;41;39334111
27565057;27564845;46;39138471
27565057;27565042;36;39475611
27565059;27564867;50;38581707
27565059;27564965;59;38857914
27565062;27564834;68;39334014
27565062;27565037;84;39333992
27565062;27565403;108;39333991
27565063;27564929;45;38857946
27565063;27565437;149;38874787
27565063;27565443;102;38874796
27565066;27564717;84;37560648
27565066;27565035;58;37560849
27565067;27565267;58;38740324
27565069;27565159;61;38857925
27565073;27565092;10;37563177
27565074;27565026;60;39334102
27565074;27565164;116;39334101
27565074;27565373;70;39754655
27565079;27565009;18;37545402
27565079;27565163;28;37545422
27565080;27564997;71;38874820
27565080;27565029;30;37545502
27565080;27565158;40;37545501
27565083;27564959;124;37545406
27565083;27565079;59;37545400
27565085;27564196;208;38581712
27565085;27564825;115;39214962
27565085;27565178;23;38581711
27565086;27565053;17;37545314
27565086;27565327;67;38124279
27565086;27565564;156;38126210
27565088;27565097;69;37561877
27565092;27565073;10;37563176
27565092;27565139;30;37563175
27565092;27565197;31;37563192
27565096;27565066;50;38551682
27565096;27565180;20;37560848
27565097;27564658;228;37561250
27565097;27565107;81;37561875
27565100;27564972;29;38551777
27565100;27565096;6;38551681
27565102;27564813;67;37561769
27565102;27565048;55;38905887
27565105;27565053;20;39358964
27565107;27565110;77;37561876
27565108;27564969;31;37563195
27565108;27565197;73;37863456
27565110;27565113;92;37561874
27565112;27565039;30;38739663
27565112;27565650;153;37691537
27565113;27564988;43;37559028
27565113;27565127;49;37561873
27565114;27564746;101;38739693
27565114;27565055;144;38739687
27565114;27565305;54;38739692
27565117;27565035;21;37560843
27565117;27565144;58;38551685
27565119;27564815;64;38732489
27565119;27565387;60;39333980
27565121;27565013;112;38905880
27565121;27565021;43;37561149
27565121;27565379;61;37561146
27565125;27565119;67;38732487
27565125;27565316;61;38882249
27565127;27565148;33;37561872
27565128;27564963;37;38732531
27565128;27565125;25;38732546
27565128;27565267;46;38732528
27565129;27564451;171;38551773
27565129;27565100;38;38551680
27565129;27565204;20;37560846
27565131;27564741;96;37545284
27565131;27564981;55;37563179
27565131;27565284;42;37545283
27565132;27564981;41;38874214
27565132;27565133;105;37563185
27565132;27565264;41;38874213
27565132;27565284;60;37563184
27565133;27564956;41;37545263
27565133;27565132;105;37563186
27565133;27565304;41;37545260
27565133;27565351;104;37563181
27565139;27564754;160;37563171
27565139;27565092;30;37563174
27565140;27565004;32;39454902
27565140;27565117;130;37560842
27565140;27565173;9;38551868
27565144;27565066;18;39334581
27565144;27565180;50;38551684
27565148;27565183;44;39334075
27565150;27565069;36;38581705
27565150;27566752;366;39500919
27565158;27565080;40;37545500
27565159;27565223;39;38857924
27565159;27565320;39;38581709
27565163;27565079;28;37545423
27565163;27565239;149;37545425
27565163;27565239;24;37545420
27565164;27565074;116;39334100
27565164;27565286;82;39334099
27565164;27565373;111;39754658
27565165;27564009;250;38579072
27565165;27565280;25;38579071
27565173;27565140;9;38551869
27565173;27565439;100;39334579
27565173;27565922;188;38551866
27565177;27565361;80;38732545
27565178;27565085;23;38581710
27565178;27565257;18;38581754
27565180;27565096;20;37560847
27565180;27565204;43;38551683
27565183;27565218;55;39334078
27565193;27565059;101;38857913
27565194;27564910;99;39216492
27565197;27565092;31;37563193
27565197;27565495;71;39500929
27565199;27566372;270;39334584
27565202;27564839;89;38857940
27565202;27564991;75;37545296
27565202;27565265;14;38857937
27565204;27565129;20;37560845
27565204;27566387;269;37560647
27565207;27565015;58;38732454
27565207;27565193;23;39334079
27565209;27565227;125;37561858
27565212;27565004;224;37562715
27565212;27565396;45;37562712
27565212;27565409;133;38391685
27565217;27565209;76;37561857
27565218;27565207;42;39334077
27565218;27565344;37;38581747
27565219;27565383;55;38390912
27565223;27565303;53;38857923
27565225;27565144;20;39334580
27565225;27565972;181;38551876
27565227;27565056;41;39334110
27565227;27565698;154;39334109
27565235;27565110;39;37804023
27565235;27565217;166;39334083
27565237;27564989;67;38126239
27565239;27565163;149;37545424
27565239;27565163;24;37545421
27565239;27565489;77;37545418
27565243;27565235;81;39334082
27565248;27564964;93;37863443
27565248;27565251;38;37863438
27565249;27564904;80;38874783
27565249;27565251;18;38245397
27565249;27565374;78;38874780
27565250;27565102;37;37561768
27565250;27565393;84;38905897
27565251;27565248;38;37863437
27565251;27565249;18;38245398
27565254;27565243;52;39334081
27565254;27565385;37;38732533
27565256;27565424;37;38874227
27565257;27565178;18;38581755
27565257;27565326;29;38581738
27565257;27565337;17;38581752
27565264;27565132;41;38874212
27565264;27565304;64;38874800
27565264;27565358;33;37563191
27565264;27565488;59;38874211
27565265;27565202;14;38857938
27565265;27565388;104;37563999
27565265;27565453;56;38876621
27565265;27565758;131;38874871
27565266;27564935;92;37545373
27565266;27565366;26;37545372
27565266;27565447;40;39334013
27565267;27565067;58;38740325
27565267;27565128;46;38732529
27565267;27565317;14;38732526
27565270;27565254;31;39334080
27565280;27565165;25;38579070
27565280;27565298;24;39214961
27565280;27565397;26;38579069
27565281;27565351;42;37563187
27565284;27565131;42;37545282
27565284;27565132;60;37563183
27565284;27565444;40;37545281
27565285;27565361;108;38882256
27565286;27565164;82;39334098
27565286;27565266;39;39334016
27565286;27565366;29;39334097
27565293;27565464;52;38740287
27565295;27565327;13;38126183
27565298;27565165;35;38581736
27565298;27565280;24;39214960
27565298;27565326;48;39214959
27565303;27565193;56;38581746
27565303;27565355;65;38857919
27565304;27565133;41;37545261
27565304;27565404;22;37545270
27565304;27565426;63;38874799
27565305;27565055;92;38739681
27565305;27565114;54;38739691
27565305;27565390;30;38739680
27565307;27564859;220;39556746
27565307;27564990;124;39556748
27565307;27565108;104;37863455
27565307;27565561;196;38874847
27565308;27565270;45;39334076
27565310;27565911;178;38739674
27565314;27565049;66;38906228
27565314;27565401;19;38905984
27565316;27565125;61;38882248
27565317;27565267;14;38732527
27565320;27565223;30;38581708
27565320;27565527;48;37685330
27565325;27565369;11;38871600
27565325;27565412;52;38871603
27565325;27565412;72;38871597
27565326;27565298;48;39214958
27565326;27565337;24;39214957
27565326;27565454;35;38581733
27565327;27565086;67;38124278
27565327;27565295;13;38126182
27565327;27565436;51;38124277
27565337;27565257;17;38581753
27565337;27565326;24;39214956
27565337;27565454;26;38581750
27565344;27565308;57;38857920
27565347;27565040;73;37561114
27565347;27565421;22;37561132
27565347;27565445;59;37561112
27565351;27565133;104;37563182
27565351;27565426;41;39500922
27565355;27565344;31;38857918
27565355;27565542;71;38587890
27565358;27565264;33;37563190
27565358;27565444;33;37563189
27565358;27565472;30;38874961
27565361;27565177;80;38732544
27565361;27565285;108;38882257
27565361;27565387;51;38732543
27565365;27564785;240;37498547
27565365;27565787;156;39539722
27565366;27565266;26;37545371
27565366;27565286;29;39334096
27565366;27565447;29;37545171
27565368;27565523;103;38732517
27565369;27565325;11;38871599
27565369;27565427;12;38871596
27565369;27565455;52;38871609
27565373;27565074;70;39754654
27565373;27565164;111;39754659
27565373;27565389;6;39754656
27565374;27565249;78;38874781
27565374;27565442;152;38874778
27565374;27565492;30;39754666
27565376;27565057;76;39138470
27565379;27565121;61;37561147
27565379;27565445;121;38906236
27565379;27565505;83;38906235
27565379;27565904;132;39215809
27565382;27564984;96;39214524
27565382;27565502;28;39214521
27565383;27565219;55;38390911
27565383;27565475;186;38390903
27565383;27565565;74;38390910
27565385;27565243;45;38732532
27565385;27565727;84;38587889
27565387;27565119;60;39333981
27565387;27565361;51;38732542
27565387;27565413;63;38732541
27565387;27565636;60;39333978
27565388;27565265;104;37564000
27565388;27565459;18;37563997
27565388;27565484;62;37863441
27565389;27565373;6;39754657
27565389;27565442;25;39754661
27565390;27565001;112;38739658
27565390;27565305;30;38739679
27565390;27565569;70;38739678
27565393;27565250;84;38905896
27565396;27565038;140;37562718
27565396;27565212;45;37562713
27565396;27565457;15;38484818
27565397;27565280;26;38579068
27565397;27565298;35;38581734
27565397;27565548;35;38579067
27565401;27565314;19;38905985
27565401;27565458;33;39137990
27565401;27565521;86;38906226
27565403;27565062;108;39333990
27565403;27565440;13;39333989
27565404;27565304;22;37545271
27565404;27565488;32;38874694
27565409;27565212;133;38391686
27565412;27565325;52;38871604
27565412;27565325;72;38871598
27565412;27565455;11;38871593
27565413;27565387;63;38732540
27565421;27565347;22;37561133
27565421;27565705;115;39215017
27565421;27565921;147;37561130
27565424;27565256;37;38874226
27565424;27565437;39;38876619
27565424;27565443;24;38874225
27565424;27565611;50;38874208
27565426;27565351;41;39500923
27565426;27565514;55;39500920
27565426;27565550;33;38874803
27565427;27565369;12;38871595
27565427;27565499;53;38871607
27565427;27565613;52;38871590
27565432;27565652;86;38732497
27565435;27565497;16;38587907
27565435;27565518;44;39334128
27565436;27565327;51;38124276
27565436;27565535;26;38126227
27565436;27565844;324;38124275
27565437;27565063;149;38874786
27565437;27565424;39;38876618
27565437;27565748;84;38874785
27565439;27565225;118;39334578
27565439;27565614;47;39334600
27565440;27565403;13;39333988
27565440;27565489;15;38740271
27565441;27565376;15;39138469
27565441;27565575;48;38905964
27565442;27565374;152;38874779
27565442;27565389;25;39754660
27565442;27565581;43;38739855
27565443;27565063;102;38874797
27565443;27565424;24;38874224
27565443;27565785;90;38874794
27565444;27565284;40;37545280
27565444;27565358;33;37563188
27565444;27565654;57;37545279
27565445;27565347;59;37561113
27565445;27565379;121;38906237
27565445;27565991;136;38906232
27565447;27565366;29;37545170
27565447;27565825;196;37545169
27565453;27565265;56;38876620
27565454;27565337;26;38581751
27565454;27565517;15;38581748
27565455;27565369;52;38871610
27565455;27565412;11;38871594
27565455;27565499;10;38871591
27565457;27565565;30;38484817
27565457;27565587;130;38391683
27565458;27565376;34;39137991
27565458;27565401;33;39137989
27565459;27565388;18;37563998
27565459;27565526;20;37563995
27565459;27565668;78;37863432
27565464;27565293;52;38740286
27565464;27565570;37;38740273
27565464;27565585;43;38740285
27565472;27565358;30;38874960
27565475;27565383;186;38390904
27565484;27565388;62;37863442
27565488;27565264;59;38874210
27565488;27565557;19;38874692
27565489;27565239;77;37545419
27565489;27565440;15;38740270
27565489;27565630;45;37545416
27565492;27565374;30;39754667
27565495;27565506;50;37863463
27565495;27565561;18;39500928
27565497;27565435;16;38587906
27565497;27565518;36;39334123
27565497;27565593;56;38587905
27565499;27565427;53;38871608
27565499;27565455;10;38871592
27565499;27565646;38;38871587
27565500;27565527;24;38587897
27565500;27565536;77;38587896
27565502;27565382;28;39214522
27565502;27565505;31;38581731
27565502;27565576;21;39214519
27565505;27565379;83;38906234
27565505;27565576;30;38581732
27565506;27565495;50;37863464
27565514;27565404;28;38874693
27565514;27565426;55;39500921
27565516;27565441;18;39138468
27565516;27565458;40;37561759
27565517;27565454;15;38581749
27565517;27565708;48;38858147
27565518;27565435;44;39334127
27565518;27565497;36;39334124
27565518;27565593;23;39334126
27565521;27565250;66;37561767
27565521;27565401;86;38906227
27565523;27565368;103;38732516
27565523;27565570;202;38732503
27565523;27565631;62;38732515
27565523;27565631;61;38732500
27565526;27565459;20;37563996
27565526;27565642;30;37563993
27565526;27565693;58;38876622
27565527;27565320;48;37685329
27565527;27565500;24;38587898
27565527;27566045;128;37685328
27565533;27564236;291;37510416
27565533;27565901;87;37510415
27565535;27565436;26;38126226
27565535;27565730;141;38126172
27565536;27565500;89;38587908
27565536;27565500;77;38587895
27565536;27565542;9;38587894
27565542;27565536;9;38587893
27565542;27565662;30;39334090
27565548;27565397;35;38579066
27565548;27565533;62;38397489
27565548;27565912;87;38579065
27565550;27565426;33;38874804
27565550;27565590;27;37863447
27565550;27565675;31;38874801
27565557;27565586;32;38874690
27565557;27565654;56;37545272
27565561;27565307;196;38874846
27565561;27566280;299;38874845
27565562;27565594;15;39539624
27565562;27566558;367;38842198
27565564;27565086;156;38126211
27565565;27565383;74;38390909
27565565;27565664;23;38484816
27565568;27564446;432;39539713
27565569;27565039;153;38739686
27565569;27565390;70;38739677
27565569;27565650;30;38739676
27565570;27565464;37;38740272
27565570;27565523;202;38732502
27565570;27565745;47;38732499
27565572;27565816;112;38390914
27565575;27565822;65;39141188
27565576;27565502;21;39214520
27565576;27566103;130;39214517
27565581;27565442;43;38739856
27565581;27566167;148;38874788
27565582;27565033;141;38552778
27565582;27566084;199;37692594
27565585;27565464;43;38740284
27565586;27565514;21;38874691
27565586;27565769;55;37545274
27565587;27565457;130;38391684
27565588;27565775;61;38587901
27565590;27565550;27;37863448
27565593;27565497;56;38587904
27565593;27565518;23;39334125
27565593;27565662;46;38587903
27565594;27566116;218;38842174
27565603;27565675;34;38874689
27565611;27565424;50;38874209
27565613;27565427;52;38871589
27565613;27565649;8;38587690
27565614;27565767;42;39334599
27565614;27565870;237;37560840
27565616;27565708;58;39214955
27565627;27565636;37;38732510
27565630;27565489;45;37545417
27565631;27565523;62;38732514
27565631;27565523;61;38732501
27565631;27565636;69;38732513
27565636;27565387;60;39333979
27565636;27565627;37;38732511
27565636;27565631;69;38732512
27565642;27565526;30;37563994
27565642;27565838;144;37564001
27565642;27565947;95;37563991
27565645;27565736;49;38126168
27565646;27565499;38;38871588
27565649;27565613;8;38587689
27565649;27565756;87;38587688
27565649;27565801;42;38871601
27565650;27565569;30;38739675
27565650;27565911;76;37691536
27565652;27565432;86;38732496
27565652;27565669;26;38732523
27565652;27565966;87;38732495
27565653;27565756;33;38587672
27565654;27565444;57;37545278
27565654;27565557;56;37545273
27565654;27565769;123;37545277
27565662;27565542;30;39334091
27565662;27565593;46;38587902
27565662;27565897;57;39334088
27565664;27565764;109;38391681
27565664;27565817;48;38484815
27565668;27565459;78;37863431
27565668;27565758;100;37564005
27565668;27565838;68;37564004
27565669;27565652;26;38732522
27565669;27565677;7;38732521
27565669;27565741;39;38732550
27565674;27565809;45;39358961
27565675;27565550;31;38874802
27565675;27565603;34;38874688
27565675;27565769;58;38874687
27565677;27565669;7;38732520
27565693;27565526;58;38876623
27565698;27565227;154;39334108
27565698;27565821;40;39334131
27565698;27565837;39;39334118
27565705;27565421;115;39215016
27565708;27565517;48;38858146
27565708;27565616;58;39214954
27565708;27565989;63;38858145
27565727;27565385;84;38587888
27565727;27565775;54;38587913
27565727;27565966;70;38587887
27565730;27565535;141;38126171
27565730;27565805;18;38126179
27565736;27565645;49;38126167
27565736;27565750;7;38126163
27565736;27565844;26;38126166
27565741;27565669;39;38732549
27565743;27565795;121;38735604
27565743;27565795;122;38735603
27565744;27566219;130;38739831
27565745;27565570;47;38732498
27565745;27565763;160;38740310
27565745;27565825;83;38740309
27565746;27564971;189;37515778
27565748;27565437;84;38874784
27565748;27565815;42;38739859
27565748;27566219;343;38874808
27565750;27565736;7;38126164
27565756;27565649;87;38587687
27565756;27565653;33;38587673
27565756;27566208;106;38587670
27565758;27565265;131;38874870
27565758;27565668;100;37564006
27565758;27565908;33;38874869
27565763;27565745;160;38740311
27565763;27565865;170;37545124
27565764;27565664;109;38391682
27565766;27567620;371;37515782
27565767;27565870;40;37560737
27565769;27565586;55;37545275
27565769;27565654;123;37545276
27565769;27565675;58;38874686
27565775;27565588;61;38587900
27565775;27565727;54;38587912
27565775;27566045;261;38587911
27565785;27565443;90;38874795
27565785;27565815;6;37690745
27565787;27565365;156;39539721
27565787;27565802;185;37498451
27565787;27566172;178;37498821
27565790;27565816;145;38390898
27565795;27565743;122;38735602
27565795;27565743;121;38735605
27565795;27565827;14;38735607
27565801;27565649;42;38871602
27565802;27565787;185;37498450
27565802;27565850;9;37498449
27565802;27565867;117;37498826
27565805;27565730;18;38126178
27565805;27565807;11;37498837
27565805;27565862;22;37498830
27565806;27565823;18;37561252
27565807;27565805;11;37498836
27565807;27565809;3;37498835
27565807;27565975;35;38126180
27565809;27565674;45;39358960
27565809;27565807;3;37498834
27565809;27565829;41;37498833
27565812;27565698;46;38874798
27565812;27565818;11;37545137
27565815;27565748;42;38739860
27565815;27565785;6;37690744
27565815;27566059;93;37690743
27565816;27565572;112;38390913
27565816;27565790;145;38390897
27565816;27565887;24;38390900
27565817;27565887;17;38484814
27565817;27565945;146;38391679
27565818;27565837;5;37545136
27565821;27565853;34;37545143
27565822;27565857;9;39141187
27565822;27566163;80;39476626
27565823;27565828;30;39553270
27565825;27565447;196;37545168
27565825;27565745;83;38740308
27565825;27565855;148;37545167
27565827;27565795;14;38735606
27565828;27565833;29;39553269
27565828;27565910;32;39553259
27565829;27565809;41;37498832
27565829;27565867;41;37498829
27565829;27565919;17;37689200
27565833;27564971;233;37561265
27565833;27565875;38;37545145
27565837;27565851;3;37545135
27565838;27565642;144;37564002
27565838;27565668;68;37564003
27565838;27565879;27;38874866
27565840;27565823;17;39553260
27565844;27565436;324;38124274
27565844;27565736;26;38126165
27565844;27566328;197;38124273
27565850;27565802;9;37498448
27565850;27566090;56;37498803
27565851;27565821;33;37545144
27565851;27565906;13;37545133
27565853;27565909;44;37545142
27565855;27565763;95;37545125
27565855;27565825;148;37545166
27565857;27565883;11;39141189
27565862;27565805;22;37498831
27565862;27565918;25;37498824
27565862;27565918;69;38126236
27565865;27565812;16;37545134
27565867;27565802;117;37498827
27565867;27565829;41;37498828
27565867;27565998;29;38165551
27565869;27565989;44;39214953
27565870;27565614;94;37560841
27565870;27565972;46;37560736
27565875;27565978;72;37545146
27565875;27565997;45;37750860
27565879;27565838;27;38874867
27565879;27565908;22;38874864
27565879;27566006;29;37863459
27565880;27565568;132;39539623
27565883;27565516;94;39138467
27565887;27565816;24;38390899
27565887;27566227;110;38484813
27565890;27565853;8;37804004
27565890;27565906;62;38245402
27565897;27565662;57;39334089
27565901;27565533;87;37510414
27565901;27566278;84;37510560
27565904;27565379;132;39215810
27565906;27565939;51;37545131
27565908;27565758;33;38874868
27565908;27565879;22;38874865
27565908;27565925;7;37863451
27565909;27565948;8;37810318
27565909;27566126;197;37545141
27565911;27565310;178;38739673
27565911;27566084;54;37691535
27565912;27565548;87;38579064
27565912;27566056;40;38579075
27565918;27565862;25;37498825
27565918;27565862;69;38126235
27565918;27565956;15;37498822
27565919;27565829;17;37689201
27565919;27565938;23;38165559
27565919;27566000;19;37689198
27565921;27565421;147;37561131
27565921;27565927;53;39215012
27565921;27566336;96;37561128
27565922;27565173;188;38551867
27565922;27566031;54;37560837
27565922;27566150;71;38551864
27565925;27565908;7;37863452
27565925;27565943;10;37863449
27565925;27566054;36;37863461
27565927;27565921;53;39215013
27565938;27565919;23;38165560
27565939;27565865;16;37545132
27565939;27566155;203;37545129
27565943;27565925;10;37863450
27565945;27565817;146;38391680
27565947;27565642;95;37563992
27565948;27565890;45;38245401
27565948;27566183;57;37810317
27565953;27565964;107;39215821
27565953;27565964;106;39215824
27565956;27565918;15;37498823
27565961;27565840;54;37561266
27565964;27565953;106;39215823
27565964;27565953;107;39215822
27565964;27566035;20;39215812
27565966;27565652;87;38732494
27565966;27565727;70;38587886
27565966;27566352;98;38587885
27565971;27565855;102;37545123
27565971;27565865;172;37545127
27565972;27565225;181;38551877
27565972;27566162;62;37560735
27565972;27566559;141;38551874
27565975;27565807;35;38126181
27565978;27566067;50;37545147
27565989;27565708;63;38858144
27565989;27565869;44;39214952
27565989;27566270;62;38858143
27565991;27565445;136;38906233
27565991;27566035;37;38858155
27565991;27566504;115;38906230
27565996;27566022;19;38126208
27565997;27566095;33;37750859
27565997;27566109;57;39701272
27565998;27565867;29;38165550
27565998;27566000;36;37689203
27565998;27566027;47;38165549
27566000;27565919;19;37689199
27566000;27565998;36;37689202
27566000;27566027;9;37689196
27566001;27566111;86;38874086
27566006;27565879;29;37863460
27566010;27566012;22;38165552
27566010;27566064;16;38165554
27566012;27566010;22;38165553
27566019;27565806;97;37561251
27566020;27566340;114;39316717
27566020;27566638;131;38552775
27566022;27565996;19;38126209
27566027;27565998;47;38165548
27566027;27566000;9;37689197
27566027;27566147;58;37689194
27566031;27566339;107;38294126
27566031;27566339;84;37560836
27566035;27565964;20;39215811
27566035;27565991;37;38858154
27566035;27566076;27;38858153
27566045;27565527;128;37685327
27566045;27565775;261;38587910
27566045;27566577;106;37685326
27566054;27565925;36;37863462
27566056;27565901;42;37510421
27566056;27566278;47;38579074
27566059;27565815;93;37690742
27566059;27566060;87;38877304
27566059;27566092;36;37690741
27566060;27566059;87;38877303
27566064;27566202;28;38126249
27566067;27565978;50;37545148
27566067;27566110;23;37561256
27566067;27566142;23;37750840
27566076;27566035;27;38858152
27566076;27566231;87;38858151
27566076;27566652;209;39214936
27566084;27565582;199;37692593
27566084;27566516;106;37691534
27566090;27565850;56;37498804
27566090;27566091;26;38165555
27566090;27566153;13;37498801
27566091;27566010;71;38126251
27566091;27566090;26;38165556
27566092;27566059;36;37690740
27566092;27566131;67;38877306
27566092;27566513;104;37690739
27566095;27566126;8;37750858
27566097;27565880;91;38853379
27566097;27566116;10;37498362
27566098;27565890;51;37804003
27566102;27565883;55;39138466
27566102;27566169;43;38905974
27566103;27565382;193;38905978
27566103;27565576;130;39214518
27566103;27566273;34;39214515
27566105;27566328;330;37863457
27566106;27566095;38;39701273
27566109;27565997;57;39701271
27566110;27566436;76;37750778
27566111;27566001;86;38874087
27566111;27566112;32;38874084
27566111;27566259;39;38874082
27566112;27566111;32;38874085
27566116;27566141;9;38853375
27566116;27566159;11;38853380
27566126;27566174;32;37545140
27566131;27566092;67;38877305
27566135;27566227;89;38391688
27566140;27566169;88;38905967
27566140;27566169;6;38905968
27566141;27566097;10;39539690
27566141;27566971;259;38853376
27566142;27566357;45;37750803
27566146;27566153;181;38167343
27566146;27566192;51;38840022
27566146;27566455;66;38965902
27566147;27566027;58;37689195
27566150;27565922;71;38551865
27566150;27566539;120;38552218
27566151;27565961;48;39553268
27566153;27566090;13;37498802
27566153;27566146;181;38167342
27566153;27566477;63;37498799
27566155;27566210;16;37545118
27566156;27565971;48;37545126
27566156;27566155;19;37545119
27566158;27566269;36;38840070
27566159;27566509;82;37792262
27566160;27566270;34;39214951
27566162;27565180;240;39334620
27566162;27566385;72;38551679
27566162;27566445;60;37560734
27566163;27565822;80;39476625
27566163;27566389;48;38905958
27566167;27565581;148;38874789
27566167;27566196;15;38874810
27566167;27566219;65;38874805
27566169;27566102;43;38905975
27566169;27566140;88;38905966
27566169;27566140;6;38905969
27566172;27565787;178;37498820
27566172;27566288;45;38965889
27566172;27566418;130;37496843
27566174;27566228;46;39553246
27566183;27566620;85;37810323
27566188;27566141;11;37792264
27566192;27566146;51;38840023
27566193;27566263;34;38905976
27566195;27566578;146;37689208
27566196;27566167;15;38874809
27566196;27566366;218;38739870
27566196;27566635;82;38739897
27566198;27566091;37;38126250
27566198;27566202;45;38165558
27566202;27566198;45;38165557
27566202;27566198;29;38126248
27566208;27565756;106;38587671
27566210;27566267;120;37991999
27566210;27566296;17;37545116
27566212;27566156;15;37545117
27566213;27566373;66;39215819
27566213;27566499;110;39215826
27566213;27566499;185;39215827
27566219;27565744;130;38739832
27566219;27565748;343;38874807
27566219;27566167;65;38874806
27566226;27565912;71;39594113
27566226;27566056;36;37510420
27566227;27566135;89;38391687
27566227;27566391;83;38484811
27566228;27566255;20;39553245
27566231;27566076;87;38858150
27566231;27566273;68;37561144
27566231;27566403;37;37561143
27566251;27566151;22;37804020
27566255;27566299;9;37561197
27566255;27566631;199;38130691
27566259;27566111;39;38874083
27566259;27566352;94;38587685
27566259;27566437;119;38587684
27566263;27565521;180;37561766
27566263;27566193;34;38905977
27566267;27566019;132;37545130
27566267;27566368;128;39553254
27566269;27566158;36;38840069
27566269;27566386;26;38840068
27566269;27566708;146;38840053
27566270;27565989;62;38858142
27566270;27566160;34;39214950
27566270;27566797;143;38858139
27566273;27566103;34;39214516
27566273;27566231;68;37561145
27566273;27566496;48;38858134
27566276;27565948;276;38245400
27566276;27566228;9;38245343
27566278;27566384;21;39594105
27566280;27565561;299;38874844
27566280;27566294;24;39556732
27566288;27566325;23;38965888
27566288;27566430;37;38223651
27566290;27566321;10;39214984
27566290;27566336;12;37561137
27566290;27566480;227;37561134
27566294;27566280;24;39556733
27566295;27566212;16;37545115
27566295;27566310;132;37992000
27566296;27566342;12;37545114
27566297;27566325;19;39539698
27566298;27566321;11;39214988
27566299;27566276;19;38245399
27566299;27566392;19;37561196
27566303;27566296;54;37561264
27566305;27564771;434;39334429
27566305;27566538;68;37561855
27566310;27566212;133;37545122
27566310;27566366;204;37545194
27566321;27566290;10;39214985
27566321;27566298;11;39214989
27566321;27566417;22;39214986
27566323;27560431;2394;38900592
27566323;27566386;37;38185018
27566325;27566297;19;39539697
27566325;27566455;80;38965887
27566328;27565844;197;38124272
27566328;27566105;330;37863458
27566328;27566578;344;37545187
27566336;27565921;96;37561129
27566336;27566290;12;37561136
27566336;27566480;35;37561126
27566337;27566450;81;38840557
27566339;27566559;43;37560835
27566340;27566020;114;39316718
27566340;27566516;52;39316715
27566340;27566860;123;38552753
27566342;27566343;19;37545112
27566342;27566459;31;39572714
27566343;27566295;13;37545113
27566346;27564924;382;37562716
27566346;27566874;105;38386371
27566352;27565966;98;38587884
27566352;27566259;94;38587686
27566352;27566413;18;38587883
27566356;27566097;90;37792353
27566357;27566497;27;39553411
27566362;27566102;56;39138465
27566366;27566196;218;38739869
27566366;27566310;204;37545195
27566366;27566635;214;37545184
27566367;27566652;54;39214939
27566368;27566415;34;39553252
27566372;27565199;270;39334585
27566372;27566378;59;38551767
27566372;27566384;44;38551764
27566372;27566746;67;37560729
27566373;27566213;66;39215820
27566378;27564995;317;39334615
27566378;27566372;59;38551766
27566378;27566387;52;38551763
27566384;27566372;44;38551765
27566384;27566570;32;39594104
27566385;27566162;72;38551678
27566386;27566269;26;38840067
27566386;27566323;37;38185017
27566386;27566851;138;38185016
27566387;27566378;52;38551762
27566387;27566445;48;38551761
27566387;27566939;120;39334618
27566389;27566163;48;38905959
27566389;27566423;14;38905956
27566389;27566452;19;38905994
27566391;27566346;46;38484812
27566391;27566639;45;38391677
27566392;27566510;23;39553413
27566392;27566531;23;37561195
27566393;27566226;34;38579059
27566393;27566384;14;38579084
27566403;27566231;37;37561142
27566403;27566433;16;39214940
27566403;27566856;92;37561141
27566413;27566352;18;38587882
27566413;27566696;58;38587891
27566415;27566530;94;39553273
27566415;27566661;152;37561262
27566417;27566321;22;39214987
27566418;27566172;130;37496844
27566418;27566489;21;37496841
27566418;27566571;60;38223653
27566423;27566389;14;38905957
27566426;27566543;19;39553262
27566430;27566288;37;38223650
27566430;27566553;23;38223649
27566430;27566571;95;38223654
27566433;27566403;16;39214941
27566433;27566562;56;39214945
27566433;27566562;56;39214942
27566436;27566994;140;37561257
27566437;27566259;119;38587683
27566437;27566485;30;38587892
27566437;27566485;24;38587682
27566440;27566263;38;37561765
27566440;27566499;28;39215813
27566442;27566474;176;37498300
27566442;27566486;45;38854465
27566445;27566387;48;38551760
27566445;27566567;21;37560733
27566445;27566704;139;38551759
27566450;27566337;90;38840556
27566450;27566455;15;38840536
27566452;27566362;20;39138464
27566452;27566389;19;38905995
27566452;27566550;21;38858133
27566455;27566146;66;38965903
27566455;27566450;15;38840537
27566455;27566702;105;38965886
27566458;27566513;105;37545192
27566458;27566517;10;37545175
27566458;27566763;336;37545183
27566459;27566343;23;39572715
27566459;27566519;68;37545121
27566464;27566544;21;38842179
27566468;27566493;98;38002836
27566474;27566808;59;37498298
27566477;27566153;63;37498800
27566477;27566481;6;38126174
27566477;27566751;49;37498797
27566480;27566290;227;37561135
27566480;27566336;35;37561127
27566480;27566613;30;37561124
27566481;27566477;6;38126173
27566481;27566486;18;38126185
27566484;27566276;40;38245342
27566485;27566437;24;38587681
27566485;27566675;118;38587680
27566486;27566442;45;38854466
27566486;27566442;45;37498299
27566486;27566481;18;38126184
27566489;27566418;21;37496842
27566489;27566594;24;39539637
27566490;27566303;231;37561263
27566493;27566468;98;38002837
27566493;27566514;8;38002834
27566493;27566799;58;38871612
27566496;27566273;48;38858135
27566496;27566610;35;38858130
27566496;27567059;119;39141193
27566497;27567222;140;37750852
27566499;27566213;110;39215825
27566499;27566213;185;39215828
27566499;27566440;28;39215814
27566504;27565991;115;38906231
27566504;27566613;31;38858148
27566504;27566856;166;37561138
27566509;27566566;12;37792261
27566510;27567222;140;37750774
27566511;27566517;43;37545176
27566511;27566944;103;37545173
27566511;27567021;97;38119231
27566513;27566092;104;37690738
27566513;27566458;105;37545193
27566513;27566527;16;37545190
27566514;27566493;8;38002835
27566514;27566577;41;38002833
27566515;27566637;46;38587677
27566516;27566340;52;39316716
27566516;27566529;2;37691533
27566517;27566458;10;37545174
27566517;27566511;43;37545177
27566517;27566607;17;37545179
27566519;27566459;68;37545120
27566519;27566682;62;37807320
27566527;27566513;16;37545191
27566527;27566578;95;37545188
27566527;27566972;136;38119227
27566528;27566413;20;38587881
27566529;27566933;107;37562636
27566529;27567237;166;37691532
27566530;27566416;19;39553263
27566530;27566543;10;39553272
27566531;27567327;151;38245340
27566538;27564035;690;38203522
27566538;27566305;68;37561856
27566538;27566794;111;37561853
27566539;27566150;120;38552219
27566539;27566712;74;38552230
27566539;27567296;178;37560824
27566543;27566614;50;39553271
27566544;27566464;21;38842180
27566544;27566558;16;38842196
27566546;27566188;83;37792263
27566550;27566452;21;38858132
27566550;27566579;28;39138473
27566550;27566633;50;38858127
27566553;27566430;23;38223648
27566553;27566806;47;39358819
27566554;27566440;20;37561764
27566554;27566700;75;39215815
27566558;27566544;16;38842197
27566558;27566660;30;38842194
27566559;27565972;141;38551875
27566559;27566665;27;38551872
27566559;27566704;28;37560833
27566562;27566433;56;39214943
27566562;27566433;56;39214944
27566566;27566489;24;39539636
27566566;27566594;8;39663800
27566567;27566866;72;39334603
27566567;27567043;101;37560732
27566568;27566674;54;38735579
27566570;27566995;83;38857947
27566571;27566418;60;38223652
27566571;27566430;95;38223655
27566571;27566636;27;38840538
27566572;27566660;21;39539687
27566573;27566393;32;39594107
27566577;27566045;106;37685325
27566577;27566514;41;38002832
27566577;27566675;18;37685324
27566578;27566195;146;37689209
27566578;27566328;344;37545186
27566578;27566527;95;37545189
27566579;27566362;40;39138474
27566579;27566452;26;39138472
27566579;27566670;17;38906245
27566591;27566653;26;38921126
27566591;27566659;11;37692315
27566591;27566659;54;37692312
27566594;27566642;10;38857936
27566594;27566801;44;38857935
27566596;27566251;67;37804015
27566601;27566546;13;39539633
27566601;27566566;10;39539693
27566607;27566517;17;37545178
27566610;27566496;35;38858131
27566610;27566633;21;38858128
27566610;27567093;96;37558518
27566613;27566480;30;37561125
27566613;27566504;31;38858149
27566613;27566792;69;38858140
27566614;27566823;119;39555952
27566619;27566797;34;39214948
27566620;27567035;83;37561244
27566623;27564794;424;39213356
27566623;27566643;30;38735586
27566631;27566528;30;38587880
27566631;27566668;25;38130690
27566633;27566550;50;38858126
27566633;27566610;21;38858129
27566635;27566196;82;38739898
27566635;27566366;214;37545185
27566635;27566763;144;37545180
27566636;27566571;27;38840539
27566637;27566515;46;38587676
27566637;27566641;106;38587675
27566637;27566799;78;38871615
27566638;27566020;131;38552774
27566638;27566649;5;38552764
27566638;27567155;104;38552773
27566639;27566391;45;38391678
27566641;27566637;106;38587674
27566642;27566601;8;38857926
27566642;27566705;14;39539683
27566643;27566623;30;38735587
27566643;27566692;9;38735584
27566643;27567048;296;38735601
27566649;27566638;5;38552763
27566649;27566676;15;38552760
27566650;27566098;109;37803996
27566652;27566076;209;39214937
27566652;27566367;54;39214938
27566652;27566856;40;39214934
27566653;27566591;26;38921125
27566653;27566728;14;38921124
27566656;27566303;167;37750831
27566657;27566251;80;37804021
27566658;27567069;100;38294094
27566659;27566591;11;37692314
27566659;27566591;54;37692313
27566660;27566558;30;38842195
27566660;27566758;26;38842192
27566661;27566823;117;37804019
27566665;27566559;27;38551873
27566665;27566748;27;37560834
27566665;27566864;56;38551870
27566666;27566572;27;38900609
27566666;27566758;22;39539691
27566668;27566528;27;39334095
27566668;27566696;15;38130689
27566669;27566692;41;38735576
27566670;27566579;17;38906244
27566670;27566824;36;38906243
27566670;27566897;88;39475609
27566672;27566490;90;39433512
27566674;27566568;54;38735578
27566675;27566485;118;38587679
27566675;27566577;18;37685323
27566675;27566931;53;37685322
27566676;27566649;15;38552759
27566676;27566790;30;38552758
27566678;27566680;69;39572694
27566678;27566964;218;37807317
27566679;27566681;24;39572677
27566679;27566682;31;39572679
27566680;27566678;69;39572693
27566680;27566683;19;39572692
27566681;27566679;24;39572676
27566681;27566816;159;37791998
27566682;27566519;62;37807321
27566682;27566679;31;39572680
27566682;27566683;35;39572695
27566683;27566680;19;39572691
27566683;27566682;35;39572696
27566692;27566643;9;38735585
27566692;27566669;41;38735577
27566692;27567050;99;38735582
27566696;27566779;65;39334093
27566698;27566623;14;39213355
27566700;27566554;75;39215816
27566702;27566755;45;38965885
27566702;27566873;43;38950679
27566704;27566445;139;38551758
27566704;27566559;28;37560832
27566704;27566748;18;38551757
27566705;27566765;19;39539682
27566708;27566269;146;38840054
27566708;27566851;37;38840060
27566712;27566539;74;38552231
27566712;27566880;201;38552228
27566714;27566490;146;39553253
27566720;27566554;33;37561763
27566720;27566853;75;39215817
27566723;27566642;17;39539635
27566723;27566705;19;38842181
27566727;27566299;233;39334084
27566727;27566668;14;39334094
27566728;27566653;14;38921123
27566728;27566755;5;37692341
27566731;27566704;6;39334611
27566731;27567357;119;39334614
27566735;27566766;12;39475486
27566737;27566305;98;37568020
27566739;27566672;48;39433511
27566739;27566855;24;39553256
27566746;27566372;67;37560730
27566746;27566378;87;37560646
27566746;27567839;210;37560727
27566748;27566704;18;38551756
27566748;27566864;57;38551755
27566751;27566477;49;37498798
27566751;27566900;32;37498795
27566752;27565150;366;39500918
27566752;27567071;68;38130688
27566753;27566739;9;39433510
27566755;27566728;5;37692340
27566755;27567254;151;38965884
27566758;27566660;26;38842193
27566758;27566666;22;39539692
27566758;27567214;141;38842190
27566763;27566458;336;37545182
27566763;27566635;144;37545181
27566763;27567139;122;38118025
27566764;27566839;18;38840555
27566765;27566601;34;39539681
27566765;27566839;21;37616435
27566766;27566735;12;39475485
27566766;27566784;11;39475487
27566766;27566862;23;39475484
27566768;27566553;41;38965883
27566768;27566806;25;38903174
27566770;27566773;184;38259859
27566770;27566829;14;38260143
27566770;27566831;35;38260144
27566773;27566770;184;38259858
27566778;27566911;31;38871606
27566779;27566727;71;39334092
27566779;27566931;224;38857922
27566784;27566766;11;39475488
27566790;27566676;30;38552757
27566790;27566834;15;38552756
27566792;27566613;69;38858141
27566792;27566797;52;38858136
27566792;27566950;130;39214946
27566794;27566538;111;37561854
27566794;27566835;40;37561851
27566794;27567125;69;38669679
27566796;27566672;23;39553264
27566797;27566270;143;38858138
27566797;27566619;34;39214949
27566797;27566792;52;38858137
27566799;27566493;58;38871611
27566799;27566637;78;38871616
27566799;27566809;6;38871613
27566801;27567136;81;38857934
27566806;27566553;47;39358820
27566806;27566768;25;38903173
27566806;27566938;32;39358817
27566808;27566751;236;37498301
27566808;27567342;98;37498297
27566809;27566799;6;38871614
27566816;27566681;159;37791997
27566816;27566889;21;39572690
27566823;27566845;21;39553250
27566824;27566670;36;38906242
27566824;27566862;31;38906241
27566824;27567460;170;38905979
27566825;27566723;24;39539634
27566825;27566801;11;38840017
27566828;27566829;10;38260146
27566828;27566831;4;38260149
27566828;27567067;88;38260150
27566829;27566770;14;38260142
27566829;27566828;10;38260147
27566829;27566942;28;38259857
27566831;27566770;35;38260145
27566831;27566828;4;38260148
27566834;27566790;15;38552755
27566834;27566860;10;38552747
27566835;27566794;40;37561852
27566835;27566867;44;38854205
27566839;27566764;18;38840554
27566839;27566765;21;37616436
27566839;27566922;33;37616433
27566845;27566868;38;37804022
27566849;27566768;19;38965882
27566851;27566386;138;38185015
27566851;27566708;37;38840059
27566851;27568115;352;38185014
27566853;27566720;75;39215818
27566856;27566403;92;37561140
27566856;27566504;166;37561139
27566856;27566652;40;39214935
27566860;27566340;123;38552754
27566860;27566834;10;38552746
27566860;27566884;10;38552745
27566860;27567100;58;38552751
27566862;27566766;23;39475483
27566862;27566824;31;38906240
27566862;27566923;44;38906239
27566864;27566150;173;37560825
27566864;27566665;56;38551871
27566864;27566748;57;38551754
27566864;27566943;25;39334595
27566865;27566650;43;39553406
27566865;27566657;44;37750749
27566866;27566567;72;39334604
27566866;27566888;16;39334601
27566866;27567043;89;39334608
27566867;27566835;44;38854206
27566867;27566874;32;39334583
27566867;27567532;125;37561845
27566867;27567583;152;38738234
27566868;27566910;36;37804000
27566870;27566714;118;39553249
27566870;27566753;119;39555953
27566873;27566702;43;38950678
27566873;27566975;37;37692294
27566873;27566975;24;38167337
27566874;27566346;105;38386372
27566874;27566867;32;39334582
27566874;27566880;25;39334431
27566876;27566849;74;38223656
27566876;27567012;72;38167338
27566876;27567039;33;38840021
27566876;27567253;127;38167353
27566876;27567737;154;38840019
27566880;27566712;201;38552229
27566880;27566874;25;39334430
27566884;27566860;10;38552744
27566884;27566926;16;38552762
27566888;27566731;92;39334610
27566888;27566866;16;39334602
27566888;27567094;42;37560738
27566889;27566984;23;39572689
27566889;27566997;20;37545100
27566891;27566900;34;38165561
27566895;27566870;21;37804001
27566897;27566670;88;39475610
27566899;27566880;11;38552235
27566900;27566751;32;37498796
27566900;27566891;34;38165562
27566900;27567273;103;37498793
27566903;27566825;20;37498361
27566903;27566960;18;38838449
27566907;27566963;16;38511456
27566907;27567022;54;38511458
27566910;27566994;46;37519389
27566910;27567014;19;37803998
27566911;27566778;31;38871605
27566917;27566596;64;37545152
27566918;27568029;225;37519402
27566918;27569730;543;37506281
27566922;27566839;33;37616434
27566922;27567182;93;38167349
27566922;27567380;197;37616431
27566923;27566720;46;37561762
27566923;27566862;44;38906238
27566926;27566884;16;38552761
27566926;27566933;24;38552743
27566926;27567054;24;38552740
27566931;27566675;53;37685321
27566931;27566779;224;38857921
27566932;27566356;174;37792354
27566933;27566926;24;38552742
27566933;27567054;26;37562635
27566936;27567048;141;38587925
27566938;27566806;32;39358818
27566939;27566387;120;39334619
27566942;27566829;28;38259856
27566942;27567072;306;37545104
27566942;27567349;135;37545101
27566943;27566864;25;39334596
27566943;27566993;13;38857971
27566944;27566511;103;37545172
27566950;27566792;130;39214947
27566957;27566868;20;37803999
27566957;27566895;37;37545128
27566960;27566903;18;38838448
27566963;27566907;16;38511455
27566963;27567022;13;38478705
27566964;27566865;21;39553407
27566964;27567035;43;39553404
27566966;27566573;78;39594115
27566971;27567214;64;39539625
27566972;27566527;136;38119226
27566975;27566873;24;38167336
27566975;27566873;37;37692293
27566975;27567012;6;38167335
27566984;27566997;16;39572713
27566984;27567281;71;39572688
27566987;27567059;36;39141195
27566988;27566816;55;39572684
27566988;27566984;14;38260152
27566993;27566943;13;38857970
27566993;27567069;21;38857969
27566994;27567412;371;37519388
27566995;27566966;6;39594114
27566995;27567294;51;39594112
27566997;27567072;20;37545099
27567010;27566931;72;37545139
27567012;27566876;72;38167339
27567012;27566975;6;38167334
27567012;27567842;152;38167333
27567014;27566957;36;37803997
27567016;27566678;217;37527619
27567016;27566964;8;39553410
27567021;27566511;97;38119230
27567021;27567075;11;38890211
27567022;27567049;8;38478704
27567031;27567010;32;37545138
27567031;27567062;42;37902127
27567031;27567248;38;37561180
27567035;27567073;7;37561243
27567035;27567447;275;39553403
27567039;27566876;33;38840020
27567043;27566866;89;39334609
27567043;27567839;154;37560731
27567046;27567016;22;39553401
27567048;27566643;296;38735600
27567048;27566936;141;38587924
27567048;27567117;28;38587923
27567049;27566988;15;39572678
27567050;27566692;99;38735583
27567050;27567156;49;38735580
27567050;27567179;25;38735589
27567054;27566926;24;38552741
27567054;27567193;125;37562634
27567059;27566496;119;39141192
27567059;27566987;36;39141194
27567059;27567095;81;39141191
27567062;27567031;42;37902128
27567062;27567085;16;38587694
27567062;27567116;71;37902125
27567067;27566828;88;38260151
27567069;27566658;100;38294093
27567069;27566993;21;38857968
27567069;27567149;23;38857967
27567071;27567080;8;38871585
27567071;27567117;10;38130687
27567072;27566942;306;37545103
27567072;27567175;26;37545098
27567073;27567046;22;39553400
27567073;27567218;26;37561242
27567074;27567014;47;39553251
27567074;27567369;143;37545149
27567075;27567021;11;38890210
27567075;27567251;33;38890207
27567078;27567094;35;38294130
27567080;27566752;67;39334087
27567080;27567071;8;38871586
27567080;27567116;59;38871583
27567085;27567062;16;38587693
27567085;27567248;43;38587692
27567093;27567241;51;37558517
27567093;27567279;32;38579098
27567094;27566888;42;37560739
27567094;27567078;35;38294129
27567094;27567325;39;39334607
27567095;27567059;81;39141190
27567096;27567174;15;38735599
27567096;27567179;40;38735596
27567097;27566633;94;38857963
27567100;27566860;58;38552752
27567106;27567288;32;37545109
27567106;27567543;178;37545094
27567108;27567106;137;37545096
27567116;27566752;92;38871617
27567116;27567062;71;37902126
27567116;27567080;59;38871584
27567116;27567166;39;37902123
27567117;27567048;28;38587922
27567117;27567132;8;38874081
27567117;27567679;120;37561199
27567122;27566907;53;38511457
27567122;27566963;39;38478703
27567124;27566923;39;37561761
27567124;27567196;32;37561776
27567125;27566794;69;38669678
27567125;27566835;69;39510459
27567125;27567199;12;37561850
27567126;27566656;98;37750841
27567126;27566917;40;37545151
27567130;27567167;136;37690754
27567130;27567246;42;37690753
27567130;27567597;124;38118026
27567132;27567080;11;39334086
27567132;27567117;8;38874080
27567132;27567166;25;38874079
27567136;27567173;8;38857933
27567136;27567185;14;37691428
27567139;27566763;122;38118024
27567148;27567718;359;38669673
27567149;27567069;23;38857966
27567149;27567296;38;38857965
27567149;27567555;91;37560791
27567151;27567405;58;38854468
27567152;27567159;42;37545216
27567152;27567246;29;37545211
27567152;27567293;27;38865461
27567155;27566638;104;38552772
27567155;27567076;61;37562680
27567156;27567050;49;38735581
27567159;27567152;42;37545215
27567159;27567236;45;37545214
27567159;27567293;35;38865458
27567160;27567073;60;39553399
27567166;27567116;39;37902124
27567166;27567132;25;38874078
27567167;27567130;136;37690755
27567167;27567168;6;38118081
27567168;27567167;6;38118082
27567168;27567456;209;38118083
27567173;27567452;61;38857932
27567174;27567096;15;38735598
27567174;27567400;137;38735593
27567174;27567400;105;38735591
27567175;27567108;30;37545095
27567175;27567332;25;37545097
27567179;27567050;25;38735588
27567179;27567096;40;38735597
27567179;27567400;78;38735594
27567182;27566922;93;38167348
27567185;27566903;61;37498360
27567187;27566666;147;38900608
27567187;27566932;71;38900588
27567188;27567085;141;38587909
27567188;27567166;12;39334130
27567193;27567155;13;37562679
27567193;27567347;40;37562660
27567194;27567016;32;39553409
27567194;27567218;54;37561254
27567196;27567124;32;37561777
27567196;27567307;47;38905919
27567196;27567514;60;37561774
27567199;27567125;12;37561849
27567199;27567297;67;38669677
27567199;27567521;64;37561848
27567205;27567126;19;39553261
27567210;27567456;51;39680070
27567214;27566758;141;38842191
27567214;27567450;61;39539626
27567218;27567408;32;37561241
27567222;27567391;29;39553412
27567228;27567422;32;38890182
27567231;27567173;15;37691424
27567231;27567185;9;37498359
27567236;27567159;45;37545213
27567236;27567485;110;37863439
27567236;27568138;211;37545206
27567237;27567863;143;37568018
27567239;27567049;48;39572681
27567241;27567584;205;38857959
27567242;27567132;19;39334085
27567242;27567188;22;39334129
27567243;27567193;14;37562661
27567244;27567347;25;38760433
27567244;27567444;40;38760448
27567246;27567130;42;37690752
27567246;27567152;29;37545212
27567246;27567597;113;37545209
27567248;27567010;52;38587678
27567248;27567031;38;37561181
27567248;27567085;43;38587691
27567248;27567418;29;37561178
27567251;27567075;33;38890206
27567251;27567526;49;38119229
27567253;27566876;127;38167352
27567253;27567452;62;38167351
27567253;27567721;98;38840025
27567254;27567273;26;37692321
27567254;27567406;26;39539706
27567257;27567287;37;37692302
27567266;27566966;53;38579085
27567266;27567294;23;39594100
27567268;27566737;124;37568019
27567273;27566900;103;37498794
27567273;27567254;26;37692320
27567273;27567300;83;37498791
27567279;27567097;34;38579100
27567279;27567241;42;38857962
27567279;27567370;15;38579097
27567281;27567339;13;39572687
27567281;27567439;28;37545082
27567287;27567257;37;37692301
27567287;27567314;23;37692318
27567287;27567406;77;37692300
27567288;27567289;130;37545091
27567289;27567108;36;37545111
27567289;27567332;38;37545090
27567293;27567152;27;38865462
27567293;27567159;35;38865457
27567293;27567597;189;38865459
27567294;27566995;51;39594111
27567294;27567350;24;38579096
27567294;27567578;51;39594110
27567296;27567149;38;38857964
27567296;27567329;7;38552225
27567297;27567199;67;38669676
27567300;27567273;83;37498792
27567300;27567342;74;37498789
27567300;27567651;68;37498293
27567307;27567196;47;38905918
27567310;27567348;39;37560839
27567314;27567287;23;37692319
27567319;27566484;157;38245341
27567325;27567357;78;38551771
27567327;27567474;28;38245339
27567329;27567296;7;38552224
27567329;27567384;29;38552223
27567329;27567454;30;37560751
27567332;27567505;41;37545085
27567335;27567279;17;38579099
27567335;27567370;20;38857956
27567339;27567239;16;39572712
27567339;27567432;25;39572686
27567340;27567349;72;37807319
27567342;27567300;74;37498790
27567342;27567405;39;37498787
27567346;27567122;36;38478702
27567346;27567239;23;39572683
27567347;27567444;19;37562633
27567347;27567821;148;37562658
27567348;27567376;47;37560838
27567348;27567515;90;37560830
27567349;27566942;135;37545102
27567349;27567340;72;37807318
27567349;27567545;37;39572697
27567350;27567457;89;38579095
27567357;27567401;16;38551770
27567366;27567160;127;39553398
27567366;27567365;40;39431567
27567369;27567577;67;37561258
27567370;27567876;133;38857955
27567372;27567097;49;38579104
27567372;27567279;35;37558516
27567376;27566899;99;38552234
27567380;27566922;197;37616432
27567380;27567407;7;37498707
27567380;27567658;76;37496798
27567384;27567329;29;38552222
27567384;27567504;50;38552221
27567389;27567205;66;39553267
27567391;27567536;45;37739312
27567397;27567366;17;39553397
27567400;27567174;105;38735590
27567400;27567174;137;38735592
27567400;27567179;78;38735595
27567401;27566993;91;37560796
27567405;27567151;58;38854467
27567405;27567342;39;37498788
27567405;27567539;52;37498785
27567406;27567254;26;39539707
27567406;27567287;77;37692299
27567406;27567681;52;39539704
27567407;27567380;7;37498706
27567407;27568027;175;37498705
27567408;27567433;25;37561253
27567408;27568074;149;37561240
27567412;27567488;100;38587899
27567412;27567488;90;37519387
27567418;27567248;29;37561179
27567418;27567677;50;37561222
27567422;27567228;32;38890181
27567422;27567517;18;38890186
27567422;27567520;44;38890180
27567427;27567534;32;38890109
27567432;27567502;18;39572685
27567433;27567194;41;39553408
27567439;27567339;23;38478706
27567439;27567432;31;37545083
27567439;27567637;63;39572709
27567440;27567266;106;38857961
27567444;27568033;141;37562632
27567447;27567319;25;39553394
27567447;27567474;22;39553402
27567450;27568247;230;39539632
27567452;27567253;62;38167350
27567452;27567635;46;38857931
27567454;27567329;30;37560752
27567454;27567384;16;37560828
27567454;27567595;36;37560749
27567456;27567168;209;38118084
27567456;27567210;51;39680069
27567456;27567625;90;39680068
27567457;27567496;18;38579093
27567457;27567559;20;38579081
27567460;27567372;21;37558515
27567463;27567643;39;38736233
27567467;27568097;130;38736228
27567470;27567288;73;37545089
27567470;27567528;14;37545107
27567474;27567519;9;38245338
27567474;27567569;100;38245333
27567476;27567397;28;39433509
27567477;27567440;16;38857960
27567477;27567496;14;38579116
27567479;27567346;33;39572682
27567485;27567236;110;37863440
27567488;27567633;243;37519386
27567489;27567811;86;38736269
27567494;27567335;155;38579094
27567494;27567563;14;38736291
27567496;27567440;10;38579110
27567496;27567537;20;38579092
27567496;27567559;15;38579115
27567500;27567397;71;39553396
27567500;27567447;10;39553393
27567502;27568653;224;37791999
27567504;27566712;181;37560829
27567504;27567384;50;38552220
27567504;27567595;34;37560826
27567504;27567756;138;39334593
27567505;27567637;31;37545084
27567505;27567746;44;37545086
27567510;27567433;15;37561248
27567512;27567614;48;39334407
27567512;27567616;57;38736290
27567512;27567727;42;39214418
27567514;27567196;60;37561775
27567514;27567600;48;38905917
27567514;27567809;65;37561772
27567515;27567310;40;38552227
27567515;27567348;242;37560831
27567517;27567422;18;38890187
27567517;27567520;25;38890189
27567517;27567735;55;38890184
27567518;27567625;31;38868308
27567519;27567500;23;39553395
27567519;27567864;67;38245337
27567520;27567422;44;38890179
27567520;27567517;25;38890188
27567520;27567828;82;38890178
27567521;27567199;64;37561847
27567521;27567583;47;37562651
27567521;27567701;76;37562650
27567524;27567160;105;37750824
27567524;27567389;79;37545150
27567526;27567251;49;38119228
27567528;27567470;14;37545108
27567528;27567582;11;38246476
27567532;27567541;19;37561844
27567532;27567824;55;38397338
27567534;27567427;32;38890110
27567534;27567716;41;38890130
27567534;27568040;129;38890105
27567535;27568065;160;38890148
27567536;27567558;25;39553257
27567537;27567690;251;38579088
27567539;27567405;52;37498786
27567539;27568072;128;37498783
27567541;27566899;127;37561843
27567543;27567545;69;37545093
27567545;27567349;37;39572698
27567545;27567547;36;37545092
27567547;27567565;47;39572703
27567547;27567688;30;37810319
27567549;27567524;38;39553258
27567549;27568961;292;37804016
27567551;27567950;123;38890072
27567555;27567612;17;37560804
27567555;27567775;51;37560790
27567556;27567473;29;39431568
27567556;27567549;17;39553266
27567558;27567556;31;39553265
27567559;27567648;19;38579114
27567563;27567494;14;38736292
27567563;27567646;42;38736285
27567563;27567656;51;38736276
27567565;27567567;33;39572705
27567565;27567688;48;39572702
27567566;27567243;94;37562656
27567567;27567510;17;39572699
27567567;27567565;33;39572704
27567569;27567519;100;38245332
27567569;27568409;202;38245331
27567575;27567496;15;38579109
27567575;27567537;23;38579078
27567577;27567558;28;37739313
27567578;27567294;51;39594109
27567578;27567350;51;38579083
27567578;27569234;297;38579063
27567582;27567528;11;38246477
27567582;27567708;27;38246470
27567583;27567521;47;37562652
27567583;27567824;77;39334577
27567584;27567615;17;38857958
27567584;27567647;14;38579119
27567586;27567651;42;38840540
27567592;27567832;90;39574483
27567595;27567454;36;37560750
27567595;27567504;34;37560827
27567595;27568214;139;37560747
27567597;27567130;124;38118027
27567597;27567246;113;37545210
27567597;27567293;189;38865460
27567597;27567892;71;37545207
27567600;27567514;48;38905916
27567604;27565746;371;37515777
27567606;27567494;60;38579091
27567608;27567510;19;37561247
27567608;27567567;20;39572700
27567612;27567627;115;37560811
27567612;27567989;75;37560803
27567614;27567512;48;39334408
27567614;27567643;8;39334405
27567614;27567727;28;39214417
27567615;27567477;264;38857957
27567616;27567512;57;38736289
27567616;27567646;14;38736288
27567616;27567646;76;39214415
27567620;27569988;458;37515783
27567621;27567401;54;37560795
27567621;27567775;44;37560798
27567625;27567456;90;39680067
27567625;27567518;31;38868309
27567625;27567888;60;39680066
27567627;27567595;12;39334613
27567628;27567986;96;38842182
27567633;27567242;88;37561200
27567633;27567679;74;39553248
27567635;27567710;17;38857930
27567635;27567738;25;37497858
27567637;27567439;63;39572708
27567637;27567746;31;39572711
27567643;27567463;39;38736234
27567643;27567614;8;39334406
27567643;27567869;60;39334403
27567646;27567563;42;38736286
27567646;27567616;76;39214414
27567646;27567616;14;38736287
27567647;27567606;21;38579090
27567647;27567615;13;38579107
27567647;27567726;13;38579118
27567648;27567575;18;38579108
27567648;27567811;32;37561669
27567651;27567300;68;37498292
27567651;27567586;42;38840541
27567651;27567902;162;37498285
27567651;27568028;74;37498291
27567656;27567563;51;38736275
27567658;27567380;76;37496799
27567658;27567753;161;37498410
27567658;27568031;120;37496796
27567677;27567418;50;37561223
27567677;27568243;156;37561238
27567679;27568199;298;39553247
27567680;27567880;44;38736301
27567681;27567406;52;39539705
27567681;27567815;73;38840565
27567681;27568063;95;38840562
27567688;27567711;10;39572701
27567689;27566737;196;37560645
27567689;27567566;33;37562659
27567690;27567647;20;38579089
27567690;27567726;21;38579079
27567692;27567470;100;37545088
27567692;27567543;37;37545110
27567701;27567521;76;37562649
27567701;27567722;67;38669680
27567701;27567786;24;37562648
27567705;27567094;166;37560740
27567705;27568184;96;39334625
27567708;27567582;27;38246471
27567708;27567769;13;38246472
27567710;27568718;309;38857929
27567711;27567692;106;37545087
27567712;27567888;58;38118740
27567716;27567534;41;38890129
27567718;27567148;359;38669672
27567718;27567786;29;38669675
27567718;27567890;34;39683890
27567719;27569074;314;37609467
27567721;27567253;98;38840024
27567722;27567701;67;38669681
27567724;27567892;144;38890209
27567726;27567781;14;38579117
27567727;27567512;42;39214419
27567727;27567614;28;39214416
27567727;27567846;25;38736266
27567733;27567325;99;38551769
27567733;27567705;53;38551772
27567735;27567517;55;38890185
27567737;27566876;154;38840018
27567738;27567231;110;37498358
27567739;27567962;89;38736232
27567740;27567606;24;38579080
27567740;27567647;18;38579106
27567746;27567637;31;39572710
27567746;27568709;324;38246481
27567753;27567658;161;37498411
27567754;27567815;21;38840535
27567756;27567504;138;39334592
27567756;27567515;45;38552226
27567756;27567835;186;39334591
27567756;27568030;63;39334629
27567767;27568327;123;39555978
27567769;27567708;13;38246473
27567769;27567832;14;38246474
27567771;27567074;696;39553255
27567775;27568093;74;37560789
27567775;27568093;123;37560800
27567781;27567740;9;38579105
27567781;27567958;35;37561690
27567786;27567701;24;37562647
27567786;27567718;29;38669674
27567786;27567890;34;37562646
27567790;27568030;76;37560780
27567792;27567710;24;37691425
27567792;27567738;17;37498357
27567793;27567809;43;37561779
27567809;27567514;65;37561773
27567809;27567793;43;37561778
27567809;27567980;36;37561770
27567811;27567489;86;38736270
27567811;27567648;32;37561670
27567811;27567962;32;37561667
27567815;27567681;73;38840564
27567815;27567754;21;38840534
27567815;27568118;68;38840531
27567821;27567689;32;37562657
27567821;27567853;11;37562655
27567824;27567840;20;39334576
27567824;27568152;60;39334589
27567827;27567608;43;37561246
27567827;27568104;97;39572706
27567828;27567520;82;38890177
27567828;27567833;8;38890176
27567831;27567958;68;38736239
27567832;27567592;90;39574482
27567832;27567769;14;38246475
27567832;27568024;74;39574481
27567833;27567841;10;38890175
27567835;27567376;124;38552233
27567835;27567756;186;39334590
27567838;27568005;33;39334623
27567839;27566746;210;37560728
27567839;27568543;161;37560725
27567840;27567541;56;37561846
27567840;27567835;11;38552232
27567841;27567689;30;37562678
27567842;27568037;77;37498281
27567844;27567771;80;37519385
27567844;27568321;116;37561261
27567846;27567727;25;38736265
27567853;27567906;23;37562654
27567853;27567941;17;38890174
27567854;27567500;68;39553392
27567856;27567889;124;37778622
27567856;27567914;59;37778625
27567856;27568402;105;37778617
27567857;27568118;86;38840532
27567860;27567124;192;37561760
27567860;27567460;97;37558514
27567863;27568033;40;39566773
27567864;27567854;26;37561259
27567864;27567993;24;38245336
27567864;27568009;32;39378293
27567868;27567860;4;37558513
27567869;27567643;60;39334404
27567869;27567880;2;39334401
27567869;27568064;47;38736258
27567876;27567945;17;38857954
27567876;27568008;25;39197672
27567878;27567268;142;37568021
27567880;27567680;44;38736302
27567880;27567869;2;39334402
27567880;27568164;70;39334399
27567884;27568105;53;38118738
27567888;27567625;60;39680065
27567888;27567712;58;38118739
27567888;27568035;40;39680076
27567888;27568642;148;37545037
27567889;27567856;124;37778621
27567889;27568198;65;37778620
27567889;27568198;89;37778612
27567890;27567718;34;39683891
27567890;27567786;34;37562645
27567890;27568014;40;37562642
27567892;27567597;71;37545208
27567892;27567724;144;38890208
27567892;27568187;55;37545203
27567895;27567833;13;38890183
27567895;27567841;13;37562677
27567902;27567539;71;39500931
27567902;27568072;105;37498284
27567906;27567948;15;37562653
27567914;27567856;59;37778626
27567921;27568569;149;38865463
27567941;27567906;19;38890173
27567941;27567992;26;38890170
27567942;27567868;19;37558512
27567942;27567945;15;38579103
27567943;27567621;73;37560794
27567943;27567621;121;37560799
27567945;27567868;13;38579113
27567945;27568008;20;38579102
27567945;27568013;24;38857953
27567948;27567895;11;37562676
27567948;27568003;22;37562643
27567950;27567551;123;38890071
27567950;27568040;34;38890108
27567950;27568065;26;38890070
27567958;27567781;35;37561689
27567958;27567831;68;38736240
27567958;27567979;4;37561688
27567962;27567739;89;38736231
27567962;27567811;32;37561668
27567962;27568092;25;37561665
27567966;27568274;90;38853120
27567979;27567958;4;37561687
27567979;27568267;56;37561686
27567979;27568339;161;37561696
27567980;27567809;36;37561771
27567982;27568084;43;37689193
27567985;27568187;70;38118637
27567985;27568297;74;37545222
27567986;27567628;96;38842183
27567989;27568005;42;37560786
27567989;27568411;99;37560802
27567992;27567941;26;38890169
27567992;27568103;26;38890172
27567992;27568122;34;38890168
27567993;27568324;149;38245335
27568003;27567948;22;37562644
27568003;27568062;46;37562639
27568003;27568175;34;38669670
27568005;27567838;33;39334622
27568005;27568034;38;37560785
27568008;27568058;9;38579101
27568009;27567993;23;39378292
27568009;27568070;10;37545161
27568010;27568029;13;37519406
27568013;27568277;94;38857952
27568014;27567890;40;37562641
27568014;27568062;34;37562638
27568014;27568248;52;38669684
27568024;27567832;74;39574480
27568024;27568709;134;37545106
27568027;27567407;175;37498704
27568027;27568603;159;37498703
27568027;27568702;147;37496804
27568028;27567651;74;37498290
27568028;27568445;73;37498289
27568029;27568091;17;37519405
27568030;27567756;63;39334630
27568030;27567790;76;37560781
27568030;27568214;60;39334627
27568031;27567658;120;37496797
27568031;27568286;63;38856386
27568032;27567945;20;38579112
27568032;27568013;29;38579087
27568033;27568116;19;37568023
27568034;27567627;81;39334612
27568034;27568153;24;37560817
27568035;27567888;40;39680077
27568035;27568105;17;37545040
27568036;27568084;56;37692286
27568037;27568146;22;38550074
27568037;27568254;93;37498280
27568038;27568092;17;39334424
27568038;27568097;61;39334421
27568038;27568659;130;39334426
27568040;27567534;129;38890106
27568040;27567950;34;38890107
27568040;27568116;20;38358981
27568046;27568162;58;37804012
27568058;27568032;9;38579111
27568058;27568164;30;37561758
27568062;27568003;46;37562640
27568062;27568014;34;37562637
27568062;27568175;43;38669669
27568063;27567681;95;38840563
27568063;27568118;10;38840549
27568064;27567869;47;38736257
27568065;27567535;160;38890147
27568065;27567950;26;38890069
27568065;27568244;42;38890068
27568066;27568010;29;37519403
27568070;27568009;10;37545160
27568070;27568860;178;37545159
27568070;27569367;404;38216753
27568072;27567539;128;37498784
27568072;27568611;114;37498781
27568074;27568046;16;37515787
27568084;27567982;43;37689192
27568084;27568036;56;37692285
27568084;27568146;24;37689191
27568091;27567942;100;37558511
27568091;27568148;14;37519404
27568092;27567962;25;37561666
27568092;27568038;17;39334423
27568092;27568368;53;37561663
27568093;27567943;43;37560797
27568093;27568300;53;37560788
27568097;27567467;130;38736227
27568097;27568038;61;39334422
27568097;27568705;111;38736226
27568099;27568402;60;37778624
27568103;27567992;26;38890171
27568104;27567827;97;39572707
27568104;27568108;34;37545080
27568104;27568193;32;38246468
27568105;27567884;53;38118737
27568105;27568035;17;37545041
27568105;27568362;63;37545038
27568106;27568108;73;39574479
27568107;27568209;57;39334416
27568108;27568104;34;37545081
27568108;27568106;73;39574478
27568115;27566851;352;38185013
27568115;27568196;25;38185012
27568116;27568040;20;38358980
27568116;27568451;71;37568022
27568118;27567815;68;38840530
27568118;27567857;86;38840533
27568118;27568063;10;38840548
27568118;27568170;10;38840547
27568122;27567992;34;38890167
27568124;27568358;55;38119224
27568124;27568362;67;39680750
27568129;27566698;277;37519390
27568129;27568066;15;37519401
27568138;27567236;211;37545205
27568138;27568301;58;37545202
27568138;27568861;148;39501203
27568146;27568037;22;38550075
27568146;27568084;24;37689190
27568146;27568436;99;38550072
27568148;27568277;26;37519396
27568149;27568248;29;38669691
27568151;27567827;78;37561245
27568151;27568074;24;37515786
27568152;27568155;19;37560775
27568152;27568438;47;39334588
27568153;27568034;24;37560816
27568153;27568266;63;39334597
27568153;27568581;77;37560815
27568154;27568173;20;38965900
27568154;27568206;31;37498409
27568155;27567840;59;37564909
27568155;27568030;239;39334621
27568155;27568152;19;37560776
27568157;27568209;53;38736309
27568158;27568287;31;38874680
27568162;27568202;10;37804011
27568164;27567880;70;39334400
27568164;27568058;30;37561757
27568164;27568344;58;37561756
27568165;27567733;93;38551768
27568165;27567943;52;37560793
27568170;27568118;10;38840546
27568170;27568254;16;38840545
27568170;27568332;100;38840553
27568173;27568154;20;38965901
27568173;27568176;109;38848230
27568173;27568822;340;38965896
27568175;27568003;34;38669671
27568175;27568062;43;38669668
27568175;27568347;45;38669667
27568176;27568173;109;38848229
27568177;27568496;79;38842185
27568184;27567705;96;39334626
27568187;27567892;55;37545204
27568187;27567985;70;38118638
27568187;27568754;99;37545199
27568193;27568104;32;38246469
27568193;27568108;18;37810320
27568193;27568598;87;38246482
27568196;27568115;25;38185011
27568196;27568259;17;37499639
27568198;27567889;65;37778619
27568198;27567889;89;37778611
27568198;27568775;187;37778614
27568199;27568129;15;37519400
27568202;27567854;151;37561198
27568202;27568324;23;37804010
27568206;27568154;31;37498408
27568206;27568542;87;37498407
27568206;27569230;206;38167346
27568208;27568915;127;37527618
27568209;27568107;57;39334415
27568209;27568157;53;38736310
27568209;27568314;21;38736307
27568214;27567595;139;37560748
27568214;27568030;60;39334628
27568214;27568266;29;37560784
27568214;27568502;50;37560745
27568241;27568631;75;38259855
27568243;27567677;156;37561239
27568243;27568311;106;37561236
27568243;27568775;94;39556366
27568244;27568065;42;38890067
27568244;27568447;40;38890082
27568244;27568451;49;38890066
27568247;27568540;76;39539631
27568247;27568540;82;38842186
27568248;27568014;52;38669685
27568248;27568149;29;38669690
27568248;27568399;28;38669682
27568254;27568170;16;38840544
27568254;27568445;78;37498279
27568259;27568196;17;37499638
27568259;27568288;10;38842178
27568259;27568414;36;37499637
27568262;27568634;63;39213757
27568265;27568415;26;38874684
27568266;27568153;63;39334598
27568266;27568581;85;37560783
27568267;27567979;56;37561685
27568267;27568294;7;37561684
27568267;27568621;110;38736268
27568271;27568314;72;39334420
27568271;27568381;20;38736299
27568274;27567407;179;37496807
27568274;27567966;90;38853119
27568277;27568315;8;37519395
27568279;27567902;74;39500930
27568279;27568028;162;37498283
27568282;27568687;228;38965895
27568286;27568534;52;37498697
27568286;27568542;49;38856361
27568287;27568158;31;38874681
27568287;27568375;13;38874676
27568288;27568259;10;38842177
27568288;27568341;9;39539703
27568288;27568465;36;38842176
27568294;27568267;7;37561683
27568294;27568344;249;39213883
27568294;27568491;29;37561682
27568297;27567985;74;37545221
27568297;27568418;29;37545232
27568297;27568485;32;37545220
27568300;27568695;83;37560787
27568301;27568138;58;37545201
27568301;27568569;75;37545022
27568301;27569608;298;37691402
27568311;27567771;119;37561201
27568311;27568243;106;37561237
27568311;27568321;9;37561234
27568314;27568209;21;38736308
27568314;27568271;72;39334419
27568314;27568339;37;39334418
27568315;27568431;17;37519394
27568315;27569730;267;37519391
27568321;27568311;9;37561235
27568321;27568422;86;37561232
27568324;27568557;39;37804009
27568325;27568348;89;38669698
27568325;27568405;35;38669689
27568325;27568571;53;38669686
27568327;27567767;123;39555977
27568327;27568409;21;39555974
27568327;27568942;129;39555976
27568332;27568170;100;38840552
27568339;27567979;161;37561695
27568339;27568314;37;39334417
27568339;27568962;110;37561694
27568341;27567187;325;38900591
27568344;27568164;58;37561755
27568344;27568294;249;39213882
27568344;27568537;34;37561662
27568347;27568175;45;38669666
27568347;27568571;48;38669697
27568347;27568647;80;38669665
27568348;27568325;89;38669699
27568358;27568124;55;38119225
27568358;27568627;61;38119222
27568358;27568753;135;38868311
27568362;27568105;63;37545039
27568362;27568124;67;39680749
27568362;27568518;38;38118754
27568368;27568092;53;37561664
27568368;27568421;17;38736305
27568368;27568761;69;37561659
27568375;27568287;13;38874677
27568375;27568418;8;38874682
27568381;27568271;20;38736300
27568382;27567821;180;37562675
27568382;27567878;110;37562670
27568396;27567792;157;37498356
27568398;27568604;44;38874665
27568399;27568248;28;38669683
27568402;27567856;105;37778618
27568402;27568099;60;37778623
27568402;27568634;66;37778615
27568405;27568325;35;38669688
27568409;27567569;202;38245330
27568409;27568327;21;39555973
27568409;27569111;150;38245329
27568411;27568300;92;37560801
27568411;27568689;53;37560810
27568414;27568259;36;37499636
27568414;27568465;8;37499635
27568414;27568496;22;38890201
27568415;27568265;26;38874685
27568415;27568476;12;38874674
27568418;27568297;29;37545231
27568418;27568375;8;38874683
27568418;27568510;30;37545230
27568421;27568368;17;38736306
27568421;27568432;16;38736298
27568421;27569436;214;38736303
27568422;27568321;86;37561233
27568422;27568574;172;37561230
27568422;27568607;35;38735526
27568431;27568492;27;37519393
27568432;27568421;16;38736297
27568436;27568146;99;38550073
27568436;27568735;86;38950676
27568438;27568443;20;37560773
27568438;27568672;45;39334587
27568443;27568155;48;37564908
27568443;27568438;20;37560774
27568445;27568028;73;37498288
27568445;27568696;162;39539662
27568447;27568244;40;38890081
27568451;27568244;49;38890065
27568451;27568584;34;39566772
27568453;27567844;312;37519384
27568453;27568199;45;37519399
27568458;27568396;13;37498355
27568465;27568288;36;38842175
27568465;27568414;8;37499634
27568465;27568499;10;37499633
27568469;27568993;95;38736293
27568472;27568494;158;38736235
27568476;27568415;12;38874675
27568476;27568510;8;38874678
27568485;27568297;32;37545219
27568485;27568579;23;37545218
27568485;27568681;144;37545233
27568490;27568453;18;37519398
27568491;27568294;29;37561681
27568491;27568646;59;38736224
27568491;27569453;179;37561680
27568492;27568490;12;37519397
27568494;27568472;158;38736236
27568494;27568537;29;38736256
27568494;27568877;105;38736253
27568496;27568177;79;38842184
27568496;27568414;22;38890200
27568496;27569704;343;38890199
27568499;27568341;36;38900590
27568499;27568465;10;37499632
27568499;27568540;11;38842189
27568502;27568214;50;37560746
27568502;27568443;272;37560779
27568502;27568793;54;37560743
27568510;27568418;30;37545229
27568510;27568476;8;38874679
27568510;27568604;31;37545228
27568518;27568362;38;38118753
27568518;27568739;59;38118752
27568518;27569308;180;37810847
27568531;27567479;205;37792003
27568534;27568817;71;37498696
27568537;27568344;34;37561661
27568537;27568494;29;38736255
27568537;27569083;106;37561658
27568540;27568247;82;38842187
27568540;27568499;11;38842188
27568540;27568854;90;39539628
27568542;27568206;87;37498406
27568542;27568286;49;38856360
27568543;27567839;161;37560726
27568543;27568165;85;37560792
27568543;27568637;28;37560723
27568557;27568618;17;37804008
27568557;27569063;118;38245387
27568569;27567921;149;38865464
27568569;27568301;75;37545023
27568569;27568597;11;37545020
27568571;27568325;53;38669687
27568571;27568347;48;38669696
27568571;27568726;31;38669695
27568574;27568422;172;37561231
27568574;27568797;38;38735568
27568574;27570738;475;37561228
27568579;27568485;23;37545217
27568579;27568597;8;39583476
27568581;27568153;77;37560814
27568581;27569045;131;37560782
27568584;27568125;261;37562664
27568584;27568815;51;39566774
27568586;27568151;83;37515785
27568588;27568613;18;39556331
27568588;27568636;13;39213751
27568588;27568711;131;38735566
27568592;27568458;35;37497869
27568597;27568569;11;37545021
27568597;27568579;8;39583475
27568597;27568615;6;37545018
27568597;27569054;141;38118636
27568598;27568193;87;38246483
27568598;27568631;38;37810322
27568598;27568709;270;38246478
27568603;27568027;159;37498702
27568603;27568756;34;37497219
27568604;27568398;44;38874664
27568604;27568510;31;37545227
27568604;27568681;24;37545226
27568607;27568422;35;38735527
27568607;27568608;52;39556334
27568607;27568609;53;39556337
27568608;27568607;52;39556335
27568608;27568613;38;39556332
27568608;27568613;66;39213747
27568609;27568607;53;39556336
27568609;27568610;53;39556339
27568609;27568790;30;38735536
27568610;27568609;53;39556338
27568611;27568072;114;37498782
27568611;27568279;192;37498282
27568611;27568758;28;37498779
27568612;27568586;8;37515784
27568613;27568588;18;39556330
27568613;27568608;38;39556333
27568613;27568608;66;39213746
27568615;27568597;6;37545019
27568615;27568827;103;37545024
27568615;27568827;40;37545016
27568618;27568667;21;37804007
27568621;27568267;110;38736267
27568622;27568642;25;38245323
27568627;27568358;61;38119223
27568629;27568817;46;37498691
27568629;27569005;89;37498692
27568629;27569032;244;37498686
27568631;27568241;75;38259854
27568631;27568598;38;37810321
27568631;27568934;57;38259853
27568634;27568262;63;39213756
27568634;27568402;66;37778616
27568634;27568943;119;39213758
27568636;27568588;13;39213750
27568636;27568834;52;39213753
27568637;27568543;28;37560724
27568637;27568695;18;37560769
27568637;27569335;158;38294127
27568638;27568684;43;38669710
27568638;27568698;17;38669709
27568638;27568764;25;38669713
27568639;27568458;62;37498354
27568639;27568650;20;37497867
27568642;27567888;148;37545036
27568642;27568622;25;38245322
27568642;27569160;90;37545035
27568645;27568689;96;37560812
27568646;27568491;59;38736223
27568647;27568347;80;38669664
27568647;27568685;39;38669663
27568647;27568796;30;38669704
27568650;27568592;18;37497868
27568650;27568694;36;38845766
27568651;27568531;23;37792002
27568653;27569448;143;37792001
27568654;27568726;76;38669700
27568659;27568038;130;39334425
27568667;27568675;8;37804006
27568667;27569184;91;37515790
27568672;27568678;20;37560771
27568672;27568941;47;39334586
27568675;27568612;45;37515788
27568678;27568443;45;37564907
27568678;27568672;20;37560772
27568678;27568793;258;39334617
27568681;27568485;144;37545234
27568681;27568604;24;37545225
27568681;27568754;21;37545224
27568683;27568962;81;38736229
27568684;27568638;43;38669711
27568685;27568647;39;38669662
27568687;27568282;228;38965894
27568687;27568735;26;38965893
27568689;27568005;165;39334624
27568689;27568411;53;37560809
27568689;27568645;96;37560813
27568689;27569045;64;37560808
27568690;27568382;70;37562669
27568690;27569015;120;37562663
27568694;27568396;64;38845767
27568694;27568592;20;38906058
27568695;27568637;18;37560770
27568695;27569125;192;37560761
27568696;27568279;73;39539659
27568696;27568922;42;37498287
27568696;27569016;194;39539661
27568698;27568638;17;38669708
27568698;27568742;10;38669707
27568698;27568839;32;38669719
27568702;27568027;147;37496805
27568702;27568755;9;37496802
27568702;27568916;179;37498532
27568705;27568097;111;38736225
27568709;27567746;324;38246480
27568709;27568024;134;37545105
27568709;27568598;270;38246479
27568711;27568588;131;38735567
27568716;27568993;86;38736279
27568718;27568829;203;38840551
27568718;27569009;196;38857928
27568719;27569180;109;38215074
27568724;27568833;56;38902757
27568726;27568571;31;38669694
27568726;27568654;76;38669701
27568726;27568844;28;38669693
27568734;27568542;41;37498695
27568735;27568436;86;38950677
27568735;27568687;26;38965892
27568735;27568905;40;38950674
27568735;27569596;370;37498839
27568739;27568518;59;38118751
27568739;27568959;44;38118750
27568739;27568959;84;38868312
27568742;27568698;10;38669706
27568742;27568796;15;38669703
27568742;27568830;26;38669725
27568747;27568639;64;37498353
27568747;27568822;16;38965899
27568753;27568358;135;38868310
27568754;27568187;99;37545200
27568754;27568681;21;37545223
27568754;27569054;62;37545197
27568755;27568274;87;37496806
27568755;27568702;9;37496803
27568755;27569032;59;37496793
27568755;27569180;75;37499590
27568756;27568603;34;37497220
27568756;27568833;30;38331016
27568758;27568611;28;37498780
27568758;27568799;9;39539638
27568761;27568368;69;37561660
27568761;27569007;106;38736248
27568761;27569436;149;37561651
27568764;27568638;25;38669712
27568771;27569264;162;38735554
27568775;27568198;187;37778613
27568775;27568243;94;39556367
27568775;27568926;36;39556364
27568790;27568609;30;38735537
27568790;27568797;114;39213745
27568790;27568878;19;38735534
27568793;27568502;54;37560744
27568793;27569096;54;37560741
27568796;27568647;30;38669705
27568796;27568742;15;38669702
27568796;27568830;11;38669723
27568797;27568574;38;38735569
27568797;27568790;114;39213744
27568797;27569479;187;39213743
27568799;27568758;9;39539639
27568799;27568836;22;39539644
27568799;27569014;46;38130685
27568809;27569362;103;39214411
27568815;27569216;80;37562665
27568817;27568629;46;37498690
27568817;27568991;44;37498689
27568821;27568690;30;37562668
27568822;27568173;340;38965897
27568822;27568747;16;38965898
27568822;27568838;15;38852694
27568827;27568615;103;37545025
27568827;27568615;40;37545017
27568827;27568931;19;37545014
27568828;27569623;215;37690750
27568829;27568718;203;38840550
27568830;27568742;26;38669724
27568830;27568796;11;38669722
27568830;27568894;14;38669721
27568833;27568724;56;38902756
27568833;27568990;51;38331015
27568834;27568636;52;39213752
27568834;27568926;21;39213749
27568836;27568758;24;39539645
27568836;27568847;3;37563990
27568838;27568822;15;38852695
27568838;27568880;36;38852692
27568838;27569035;32;38840543
27568839;27568698;32;38669718
27568843;27569162;103;39566778
27568844;27568726;28;38669692
27568845;27568734;31;37496790
27568845;27569281;89;37859729
27568847;27568836;3;37563989
27568847;27569016;31;37563988
27568847;27569326;101;38842863
27568854;27569306;115;39539627
27568858;27568877;15;39213891
27568860;27568070;178;37545158
27568860;27569006;46;37545157
27568860;27569658;194;38245360
27568861;27568138;148;39501202
27568861;27568900;21;39501201
27568861;27568975;25;39501190
27568870;27568873;76;38669740
27568870;27568889;3;38669786
27568871;27568875;3;38669773
27568871;27568919;7;38669769
27568873;27568881;14;38669778
27568873;27569044;51;38669736
27568875;27568871;3;38669774
27568875;27568882;17;39317376
27568876;27568894;19;38669716
27568877;27568494;105;38736254
27568877;27568858;15;39213890
27568877;27568948;47;38736251
27568878;27568790;19;38735535
27568878;27568999;18;38735532
27568878;27568999;148;38735571
27568880;27568838;36;38852693
27568880;27569035;38;38840561
27568880;27569060;121;38852690
27568881;27568873;14;38669777
27568881;27568919;30;38669776
27568881;27569101;34;38669780
27568882;27568875;17;39317377
27568882;27568883;4;39317370
27568883;27568882;4;39317371
27568883;27568908;5;38669771
27568887;27568889;32;38669781
27568887;27569049;36;38669788
27568889;27568870;3;38669785
27568889;27568887;32;38669782
27568889;27569049;103;38669784
27568894;27568830;14;38669720
27568894;27568876;19;38669717
27568894;27568895;3;38669714
27568895;27568894;3;38669715
27568900;27568861;21;39501200
27568900;27568933;18;39501199
27568900;27568975;12;39501184
27568905;27568735;40;38950675
27568905;27569009;17;38965890
27568908;27568870;5;38669739
27568908;27568883;5;38669772
27568915;27568944;25;37545196
27568915;27569041;20;37527617
27568916;27568702;179;37498533
27568916;27568990;34;37498530
27568916;27569284;87;37620604
27568919;27568871;7;38669770
27568919;27568881;30;38669775
27568919;27568920;4;39317368
27568919;27568967;8;38669767
27568920;27568919;4;39317367
27568920;27568932;17;39317381
27568922;27568696;42;37498286
27568922;27569395;219;37498303
27568923;27568969;7;39431563
27568924;27568981;11;39431565
27568926;27568775;36;39556365
27568926;27568834;21;39213748
27568926;27569351;176;39556362
27568931;27568827;19;37545015
27568931;27569235;97;38118627
27568931;27569406;108;37545012
27568932;27568920;17;39317380
27568932;27568935;4;38669760
27568933;27568900;18;39501198
27568933;27568944;8;39501197
27568934;27568631;57;38259852
27568935;27568932;4;38669759
27568935;27568957;8;38669758
27568941;27568949;20;37560768
27568941;27569304;61;39334594
27568942;27568327;129;39555975
27568943;27568634;119;39213759
27568944;27568933;8;39501196
27568944;27569041;25;39501182
27568948;27568877;47;38736252
27568948;27568982;20;38736249
27568948;27569115;28;38736274
27568949;27568678;47;37564906
27568949;27568941;20;37560767
27568949;27569096;250;37560766
27568957;27568908;8;38669738
27568957;27568935;8;38669757
27568959;27568739;84;38868313
27568959;27568739;44;38118749
27568959;27569225;45;38118748
27568961;27569355;76;39213383
27568962;27568339;110;37561693
27568962;27568683;81;38736230
27568962;27569668;162;37561692
27568967;27568919;8;38669768
27568967;27568970;3;39317383
27568967;27569026;9;38669765
27568969;27568923;7;39431562
27568969;27569089;27;37646673
27568970;27568967;3;39317382
27568970;27568980;17;39317364
27568974;27568900;12;39501204
27568974;27568933;19;37690757
27568975;27569017;7;39501189
27568978;27568979;97;38736237
27568978;27568989;5;39214401
27568978;27568989;61;39214398
27568979;27568978;97;38736238
27568979;27569250;86;37561701
27568979;27569561;165;37561698
27568980;27568970;17;39317363
27568980;27568983;5;38669756
27568981;27568924;11;39431566
27568981;27568969;9;37646674
27568982;27568948;20;38736250
27568983;27568980;5;38669755
27568983;27569022;11;38669754
27568989;27568978;61;39214399
27568989;27568978;5;39214400
27568990;27568916;34;37498531
27568990;27569305;85;37498528
27568991;27568534;108;37497881
27568991;27568817;44;37498688
27568991;27569191;47;37498685
27568993;27568469;95;38736294
27568993;27568716;86;38736280
27568993;27569109;26;38736277
27568999;27568878;148;38735570
27568999;27568878;18;38735533
27568999;27569003;107;39556266
27569003;27568999;107;39556267
27569003;27569204;50;39556268
27569005;27568817;47;37499113
27569006;27568860;46;37545156
27569006;27569063;35;37545155
27569006;27569228;40;38245382
27569007;27568761;106;38736247
27569009;27568905;17;38965891
27569009;27569720;300;38857927
27569013;27568756;56;37498535
27569013;27569058;14;38610956
27569014;27568799;46;38130686
27569014;27569095;17;37715412
27569014;27569274;54;39539640
27569015;27569110;38;37562662
27569016;27568847;31;37563987
27569016;27569326;56;37563986
27569017;27568974;8;37690756
27569017;27569866;235;39501194
27569019;27568845;39;37496789
27569022;27568957;10;38669737
27569022;27568983;11;38669753
27569026;27568967;9;38669766
27569026;27569031;3;39317360
27569026;27569066;7;38669763
27569031;27569026;3;39317359
27569031;27569036;17;39317379
27569032;27568629;244;37498687
27569032;27568755;59;37496794
27569032;27569248;46;37496791
27569035;27568838;32;38840542
27569035;27568880;38;38840560
27569035;27570579;319;38840559
27569036;27569031;17;39317378
27569036;27569042;5;38669752
27569041;27569885;198;37527616
27569042;27569036;5;38669751
27569042;27569093;16;38669750
27569044;27569015;177;38669730
27569044;27569064;16;38669735
27569045;27568689;64;37560807
27569045;27569125;14;37560806
27569049;27568887;36;38669787
27569049;27568889;103;38669783
27569054;27568754;62;37545198
27569054;27569235;37;38118631
27569054;27569338;93;38118633
27569055;27568747;209;37498352
27569055;27569129;13;38867893
27569058;27569013;14;38610957
27569058;27569099;21;38610954
27569060;27568880;121;38852691
27569063;27569006;35;37545154
27569063;27569228;39;38245386
27569064;27569097;33;38669733
27569066;27569026;7;38669764
27569066;27569068;3;39317356
27569066;27569112;8;38669761
27569068;27569066;3;39317355
27569068;27569082;18;39317366
27569071;27568618;113;38245390
27569071;27569171;40;39431559
27569073;27569233;27;38118741
27569074;27567719;314;37609466
27569074;27568208;151;37545005
27569079;27569129;30;38867897
27569081;27569378;112;38736245
27569082;27569068;18;39317365
27569082;27569086;5;38669748
27569083;27568537;106;37561657
27569083;27569109;10;37561656
27569083;27569342;57;37561730
27569086;27569082;5;38669747
27569086;27569108;11;38669746
27569089;27569165;21;39431564
27569089;27569171;23;37646670
27569090;27569378;61;39214479
27569093;27569022;12;38669734
27569093;27569042;16;38669749
27569095;27569014;17;37715411
27569095;27569157;15;37715410
27569095;27569339;54;37715402
27569096;27568793;54;37560742
27569096;27568949;250;37560765
27569096;27569124;68;37560764
27569097;27569102;55;38175419
27569099;27569058;21;38610955
27569101;27568881;34;38669779
27569101;27569064;71;38669744
27569102;27569532;107;38175403
27569108;27569086;11;38669745
27569108;27569130;11;38669728
27569108;27569140;15;38669727
27569109;27568993;26;38736278
27569109;27569083;10;37561655
27569109;27569250;37;37561654
27569110;27568738;157;39482041
27569111;27568409;150;38245328
27569111;27569367;68;37561210
27569111;27569559;151;38245327
27569112;27569066;8;38669762
27569112;27569101;29;38669743
27569112;27569116;3;39317375
27569115;27568948;28;38736273
27569115;27569158;45;38736272
27569115;27569176;39;39334255
27569116;27569112;3;39317374
27569116;27569123;17;39317362
27569119;27569494;126;39555982
27569123;27569116;17;39317361
27569123;27569130;6;38669742
27569124;27568793;83;37560777
27569124;27569096;68;37560763
27569124;27569154;62;37560760
27569125;27568695;192;37560762
27569125;27569045;14;37560805
27569125;27569154;116;37560757
27569129;27569055;13;38867892
27569129;27569079;30;38867896
27569129;27569474;160;38867895
27569130;27569108;11;38669729
27569130;27569123;6;38669741
27569140;27569093;13;38669732
27569140;27569108;15;38669726
27569145;27568981;30;37646672
27569145;27569175;13;39431561
27569154;27568502;158;37560778
27569154;27569124;62;37560759
27569154;27569125;116;37560758
27569157;27569095;15;37715409
27569157;27569360;45;37715414
27569157;27569360;64;37715404
27569158;27569115;45;38736271
27569160;27568642;90;37545034
27569160;27569312;29;37545033
27569162;27569417;141;37510559
27569162;27570008;215;39566787
27569165;27569145;23;37646671
27569171;27569071;40;39431558
27569171;27569165;28;37646669
27569175;27569145;13;39431560
27569176;27569115;39;39334256
27569179;27568586;105;39213384
27569180;27568719;109;38215075
27569180;27568755;75;37499591
27569180;27570215;200;39370918
27569182;27567389;339;39213390
27569184;27569542;89;39213385
27569187;27568734;95;37498694
27569187;27569281;29;37497182
27569189;27569097;142;38175418
27569189;27569110;305;39482040
27569191;27568991;47;37498684
27569191;27569019;40;37496788
27569191;27569358;39;37498681
27569191;27569487;76;38856365
27569201;27569338;27;38118764
27569204;27569003;50;39556269
27569204;27569536;67;39213790
27569216;27568843;208;37562672
27569216;27569617;84;37562667
27569220;27569140;20;38669731
27569220;27569189;57;39482039
27569225;27568959;45;38118747
27569225;27569245;11;38118746
27569225;27569308;30;38118743
27569228;27569006;40;38245383
27569228;27569793;160;38245385
27569230;27568206;206;38167347
27569230;27569788;131;38167344
27569230;27569835;205;37498404
27569233;27569073;27;38118742
27569233;27569160;49;38118635
27569234;27567578;297;38579062
27569234;27569335;79;38294123
27569234;27569490;53;38579061
27569235;27568931;97;38118628
27569235;27569054;37;38118632
27569235;27569406;40;38118629
27569235;27569528;109;38118625
27569243;27568821;83;37562671
27569245;27569225;11;38118745
27569245;27569276;13;38118756
27569248;27569032;46;37496792
27569248;27569402;47;37498350
27569248;27570375;218;37497192
27569250;27568979;86;37561702
27569250;27569109;37;37561653
27569250;27569546;86;37561650
27569254;27569362;24;38736263
27569257;27569262;37;38735559
27569259;27568499;205;38900589
27569262;27569257;37;38735558
27569262;27569264;53;38735557
27569262;27569353;18;38735564
27569264;27568771;162;38735555
27569264;27569262;53;38735556
27569264;27569351;18;39213754
27569266;27569278;40;38669789
27569269;27569220;99;39482038
27569274;27569014;54;39539641
27569274;27569318;10;39539650
27569276;27569245;13;38118755
27569276;27569383;33;38118735
27569278;27569266;40;38669790
27569278;27569409;27;38175392
27569281;27569365;30;37497181
27569284;27568916;87;37620605
27569284;27569405;42;37499618
27569284;27569447;66;37620602
27569284;27569560;59;37497215
27569304;27569269;64;39586202
27569305;27568990;85;37498529
27569305;27569013;73;37498534
27569305;27569341;19;37498526
27569306;27569576;88;37792356
27569308;27568518;180;37810848
27569308;27569225;30;38118744
27569308;27569599;96;37810845
27569311;27568949;61;38397337
27569311;27569304;21;39586201
27569312;27569160;29;37545032
27569312;27569383;30;37566211
27569312;27569655;86;37545031
27569318;27569274;10;39539651
27569318;27569339;18;37715407
27569318;27569495;45;39539648
27569326;27568847;101;38842864
27569326;27569016;56;37563985
27569326;27569395;16;37563984
27569329;27569342;31;37561749
27569333;27569514;47;37561745
27569335;27568637;158;38294128
27569335;27569234;79;38294124
27569338;27569201;27;38118763
27569338;27569233;84;38118634
27569338;27569528;41;38118762
27569339;27569095;54;37715401
27569339;27569318;18;37715408
27569339;27569360;15;37715405
27569341;27569305;19;37498527
27569341;27569394;15;37859770
27569342;27569083;57;37561729
27569342;27569329;31;37561750
27569342;27569426;53;39334251
27569342;27569482;30;37561728
27569343;27569243;20;39566771
27569343;27569368;16;38651142
27569345;27569311;80;39586199
27569351;27568926;176;39556363
27569351;27569264;18;39213755
27569351;27569353;61;39556360
27569352;27569354;9;38651143
27569353;27569262;18;38735565
27569353;27569351;61;39556361
27569353;27569397;23;39556358
27569354;27569352;9;38651144
27569354;27569368;11;38651139
27569354;27569375;6;38651138
27569355;27569988;142;39213387
27569358;27569005;97;37496795
27569358;27569649;60;37498682
27569360;27569157;45;37715413
27569360;27569157;64;37715403
27569360;27569339;15;37715406
27569362;27568809;103;39214410
27569362;27569254;24;38736264
27569362;27569453;41;38736261
27569365;27569019;82;37497183
27569365;27569487;40;37497180
27569366;27569409;153;38175389
27569366;27569615;69;38175409
27569367;27568070;404;38216752
27569367;27569111;68;37561211
27569367;27569658;179;37561208
27569367;27569709;102;38216751
27569368;27569343;16;38651141
27569368;27569354;11;38651140
27569368;27569524;50;38651133
27569375;27569354;6;38651137
27569375;27569513;31;38651146
27569378;27569081;112;38736246
27569378;27569090;61;39214478
27569378;27569605;49;38736243
27569378;27569605;88;38736296
27569383;27569276;33;38118734
27569383;27569312;30;37566212
27569383;27570066;143;38118733
27569387;27569409;32;38669791
27569394;27569341;15;37859771
27569394;27569440;12;37859727
27569395;27568922;219;37498302
27569395;27569326;16;37563983
27569395;27569562;115;37563982
27569397;27569353;23;39556359
27569397;27569728;70;39556368
27569399;27569431;9;37561705
27569402;27569649;109;37498349
27569402;27570427;192;37497194
27569405;27569284;42;37499619
27569405;27569560;48;37499621
27569405;27569806;84;37499616
27569406;27568931;108;37545013
27569406;27569235;40;38118630
27569406;27569693;110;37545010
27569409;27569278;27;38175391
27569409;27569366;153;38175390
27569409;27569387;32;38669792
27569413;27569096;60;38552692
27569413;27569345;166;39586204
27569417;27569572;411;37510558
27569417;27569745;147;38175417
27569426;27569342;53;39334252
27569426;27569603;58;37561751
27569426;27569904;114;39334249
27569427;27569413;30;39586203
27569431;27569399;9;37561706
27569431;27569546;37;37561703
27569431;27569570;46;39214407
27569436;27568421;214;38736304
27569436;27568761;149;37561652
27569436;27569500;27;38736284
27569436;27569683;101;37561647
27569440;27569394;12;37859728
27569440;27569447;15;37620601
27569440;27569832;122;37620598
27569443;27569474;8;37863436
27569447;27569284;66;37620603
27569447;27569440;15;37620600
27569447;27569775;80;37498747
27569448;27569451;17;38478708
27569448;27569696;63;37792000
27569450;27568651;143;37691410
27569450;27569448;10;38478709
27569451;27569448;17;38478707
27569451;27569471;183;38118934
27569451;27570030;292;37607732
27569453;27568491;179;37561679
27569453;27569362;41;38736262
27569453;27569478;7;37561678
27569457;27569725;70;37499687
27569460;27569935;128;39399845
27569471;27569451;183;38118933
27569474;27569129;160;38867894
27569474;27569443;8;37863435
27569474;27569610;40;37863434
27569478;27569453;7;37561677
27569478;27569561;39;37561699
27569478;27569569;23;37561676
27569479;27568797;187;39213742
27569479;27569536;95;39638543
27569482;27569342;30;37561727
27569482;27569514;66;37561748
27569482;27569918;83;37561726
27569487;27569191;76;38856364
27569487;27569616;38;38856363
27569490;27569234;53;38579060
27569490;27569628;32;38579077
27569492;27569566;58;39492246
27569493;27569524;10;38651148
27569494;27569119;126;39555981
27569494;27569559;18;39555970
27569494;27570034;152;39555980
27569495;27569318;45;39539649
27569495;27569529;9;39539646
27569496;27569427;175;39586200
27569500;27569436;27;38736283
27569500;27569518;149;38736222
27569500;27569670;79;38736282
27569513;27569375;31;38651145
27569513;27569524;3;38651136
27569514;27569333;47;37561746
27569514;27569482;66;37561747
27569514;27570235;150;37561743
27569515;27568603;257;37616430
27569515;27569541;15;39539685
27569518;27569500;149;38736221
27569524;27569368;50;38651134
27569524;27569493;10;38651147
27569524;27569513;3;38651135
27569527;27567604;372;39213369
27569527;27569182;77;37561255
27569528;27569235;109;38118626
27569528;27569338;41;38118761
27569528;27569604;31;38118623
27569528;27569693;38;38118760
27569529;27569495;9;39539647
27569529;27569562;25;39539643
27569529;27570982;287;37498777
27569531;27569536;73;38735560
27569532;27569848;55;38175416
27569532;27570008;99;38175424
27569536;27569204;67;39213791
27569536;27569479;95;39638542
27569536;27569531;73;38735561
27569536;27569583;13;39213788
27569537;27569457;28;38856367
27569537;27569837;69;37498436
27569541;27569515;15;39539684
27569541;27569551;17;39539673
27569542;27569988;97;39213389
27569546;27569250;86;37561649
27569546;27569431;37;37561704
27569546;27569967;85;37561642
27569551;27569541;17;39539672
27569551;27569618;20;38890484
27569553;27569551;28;37498708
27569554;27569496;180;39586197
27569559;27569111;151;38245326
27569559;27569494;18;39555969
27569559;27570134;151;38245325
27569560;27569284;59;37497216
27569560;27569405;48;37499620
27569560;27569775;38;37497213
27569561;27568979;165;37561697
27569561;27569478;39;37561700
27569561;27569863;50;39214408
27569562;27569395;115;37563981
27569562;27569495;23;39539642
27569564;27569553;9;39539676
27569566;27569492;87;39492247
27569566;27569576;19;37859765
27569569;27569478;23;37561675
27569569;27569668;20;37561674
27569569;27569780;55;39214412
27569570;27569431;46;39214406
27569570;27569584;28;39214404
27569570;27569584;28;39214403
27569571;27569732;359;39586256
27569572;27569571;129;39586255
27569576;27569854;59;37792355
27569579;27569564;13;39539675
27569579;27569764;71;38842232
27569583;27569536;13;39213789
27569583;27569659;12;39213782
27569584;27569570;28;39214405
27569584;27569570;28;39214402
27569596;27568735;370;37498838
27569596;27569667;12;37498442
27569599;27569308;96;37810846
27569599;27569680;25;38118736
27569603;27569426;58;37561752
27569604;27569528;31;38118624
27569604;27569655;63;38229293
27569604;27569766;50;38118621
27569605;27569378;49;38736244
27569605;27569378;88;38736295
27569605;27569734;21;38736241
27569608;27568301;298;37691401
27569608;27570351;204;37545009
27569610;27569474;40;37863433
27569610;27570144;165;38167340
27569610;27570307;120;37498262
27569611;27569564;9;39539696
27569611;27569653;29;39539671
27569615;27569366;69;38175408
27569615;27569901;47;38742101
27569616;27569487;38;38856362
27569616;27569537;28;38856366
27569616;27569713;23;37496840
27569618;27569791;41;39539686
27569623;27568828;215;37690751
27569623;27569681;10;37690737
27569623;27569738;23;37690748
27569628;27569716;32;39317385
27569628;27569760;20;38579076
27569629;27569335;74;38294125
27569629;27569554;125;39317339
27569635;27569688;74;38552750
27569635;27569833;31;38669813
27569636;27569490;31;39317351
27569642;27569450;60;37691409
27569642;27569696;17;37545078
27569648;27569700;8;38669806
27569648;27569735;57;38669805
27569649;27569358;60;37498683
27569649;27569951;87;37498348
27569653;27569579;21;39539674
27569653;27569900;63;37498539
27569655;27569312;86;37545030
27569655;27569604;63;38229294
27569655;27569766;21;37545029
27569658;27568860;194;38245361
27569658;27569367;179;37561209
27569658;27569787;28;37561206
27569658;27570146;155;38245364
27569659;27569583;12;39213783
27569659;27569752;15;39213786
27569667;27569596;12;37498441
27569667;27569809;25;37498439
27569668;27568962;162;37561691
27569668;27569569;20;37561673
27569668;27570101;80;37561672
27569670;27569500;79;38736281
27569680;27569642;81;37545165
27569681;27569623;10;37690736
27569681;27569738;22;38865456
27569681;27569866;37;37690735
27569683;27569436;101;37561648
27569683;27569734;17;37561645
27569683;27569896;103;39334410
27569687;27569830;28;38848226
27569688;27569690;15;38552771
27569690;27569572;101;39559811
27569693;27569406;110;37545011
27569693;27569528;38;38118759
27569693;27570351;119;38118757
27569696;27569767;31;38128926
27569696;27569887;71;38526521
27569699;27569738;23;37690747
27569700;27569648;8;38669807
27569700;27569751;8;38669802
27569704;27568496;343;38890198
27569704;27569763;14;38890197
27569704;27569786;22;38890194
27569709;27569367;102;38216750
27569709;27570088;83;38245358
27569709;27570340;185;38216749
27569713;27569616;23;37496839
27569716;27569628;32;39317386
27569716;27569629;65;39317338
27569720;27569754;23;37497866
27569723;27569179;117;37515789
27569723;27569527;45;39213361
27569725;27569837;29;37498543
27569725;27570076;73;37499686
27569728;27569397;70;39556369
27569728;27570248;86;37561218
27569730;27571239;265;39213359
27569731;27566698;592;39213354
27569731;27568490;251;37519392
27569732;27569868;250;39317347
27569734;27569605;21;38736242
27569734;27569683;17;37561646
27569734;27569946;68;37561643
27569735;27569635;80;38552749
27569735;27569648;57;38669804
27569738;27569623;23;37690749
27569738;27569681;22;38865455
27569738;27569699;23;37690746
27569740;27569599;23;37810844
27569740;27569680;22;37545164
27569745;27569735;15;38552748
27569745;27569748;3;38552770
27569748;27569753;12;38552769
27569748;27569876;63;38669810
27569751;27569700;8;38669803
27569751;27569771;4;38669800
27569752;27569659;15;39213787
27569752;27569826;12;39213780
27569753;27569700;49;38669793
27569753;27569751;47;38669795
27569753;27569771;48;38669794
27569753;27569840;49;38552767
27569754;27569667;23;37498438
27569754;27569809;18;37497864
27569760;27569716;28;39317337
27569760;27570048;46;39586205
27569763;27569704;14;38890196
27569763;27569828;18;38840052
27569764;27569566;47;37811438
27569764;27569579;71;38842231
27569766;27569604;50;38118622
27569766;27569655;21;37545028
27569766;27570631;148;37545027
27569767;27570469;215;37691415
27569770;27569636;22;39317350
27569770;27569760;10;39317336
27569771;27569751;4;38669801
27569771;27569840;10;38669798
27569773;27570044;88;38843658
27569775;27569447;80;37498746
27569775;27569560;38;37497214
27569775;27570238;77;37497211
27569780;27569569;55;39214413
27569786;27569704;22;38890195
27569787;27569658;28;37561207
27569787;27569801;4;37561204
27569787;27569984;31;39674727
27569788;27569230;131;38167345
27569789;27569843;162;38739730
27569789;27569913;28;38739722
27569791;27569611;37;37498748
27569791;27570269;109;38682687
27569793;27569801;31;39674728
27569793;27569899;24;38245384
27569795;27569649;66;39076800
27569796;27569055;301;37498351
27569796;27569720;16;37497865
27569799;27569636;32;39317384
27569799;27569770;22;39586196
27569801;27569787;4;37561205
27569801;27569899;20;37561202
27569806;27569405;84;37499617
27569806;27570123;87;37499593
27569806;27570133;57;37499614
27569809;27569929;20;37497862
27569820;27569786;9;38890190
27569826;27569752;12;39213781
27569826;27569886;10;39213784
27569828;27569259;156;38124581
27569828;27569763;18;38840051
27569828;27569854;15;39539700
27569830;27569187;165;37498693
27569830;27569687;28;38848225
27569830;27569877;13;38848224
27569830;27569963;26;38856377
27569832;27569440;122;37620599
27569832;27569956;38;37497218
27569832;27569976;32;37620596
27569833;27569635;31;38669812
27569833;27569688;74;38552768
27569835;27569230;205;37498405
27569837;27569943;27;37498542
27569837;27570206;80;37498435
27569839;27569967;33;38736259
27569840;27569771;10;38669799
27569840;27569845;11;38552766
27569840;27569876;7;38669796
27569843;27569789;162;38739729
27569843;27570121;158;38739728
27569843;27571288;249;38739774
27569845;27569833;21;38552765
27569845;27569876;13;38669809
27569848;27570011;31;38175415
27569848;27570073;53;38175402
27569854;27569900;23;37859774
27569854;27569905;10;38853378
27569859;27570449;100;38735548
27569863;27569561;50;39214409
27569866;27569017;235;39501195
27569866;27569681;37;37690734
27569866;27570168;87;39501192
27569868;27569990;140;39317346
27569868;27570327;166;37510439
27569876;27569748;63;38669811
27569876;27569840;7;38669797
27569876;27569845;13;38669808
27569877;27569830;13;38848223
27569877;27569949;11;38848216
27569879;27569886;83;38735542
27569880;27569923;55;38742155
27569882;27569982;23;38890193
27569883;27570155;49;37803957
27569885;27569937;11;37527615
27569885;27570120;99;38874076
27569886;27569826;10;39213785
27569886;27569879;83;38735543
27569886;27570247;111;38735540
27569887;27569891;3;37545077
27569891;27569971;14;37545076
27569896;27569683;103;39334409
27569899;27569801;20;37561203
27569899;27569948;11;39674725
27569899;27569984;18;39674724
27569900;27569653;63;37498540
27569900;27569764;21;39539689
27569900;27569959;16;39539701
27569900;27570028;22;38889222
27569901;27569615;47;38742100
27569901;27570011;35;37563074
27569901;27570092;31;38175407
27569904;27569426;114;39334250
27569904;27569918;128;39213886
27569904;27570013;20;39334247
27569905;27570290;85;38853377
27569909;27569496;382;37508041
27569912;27569947;51;38739771
27569912;27570000;30;38739764
27569912;27570165;42;38742172
27569913;27569789;28;38739721
27569913;27569968;28;38739732
27569913;27570071;26;38739720
27569915;27569723;34;39213363
27569917;27569074;195;37545004
27569918;27569482;83;37561725
27569918;27569904;128;39213887
27569918;27570281;74;37561724
27569920;27569799;55;39586195
27569922;27569796;21;37497863
27569923;27569880;55;38742156
27569923;27570000;17;38742153
27569923;27570010;50;38742164
27569929;27570016;17;37497860
27569929;27570257;82;37497875
27569931;27570229;53;39334413
27569935;27569460;128;39399844
27569937;27570021;53;39384001
27569943;27569616;69;37496801
27569946;27569734;68;37561644
27569946;27570101;50;37561639
27569946;27570140;37;38669658
27569947;27569912;51;38739772
27569947;27569964;15;38739769
27569947;27570063;19;38742194
27569948;27569071;229;38245389
27569948;27569899;11;39674726
27569949;27569877;11;38848215
27569949;27570017;38;38848222
27569951;27569795;165;37497075
27569951;27571059;212;37498347
27569956;27569998;16;37497217
27569956;27570152;36;37499630
27569959;27569900;16;39539702
27569959;27569905;17;39539699
27569963;27569830;26;38856376
27569963;27570076;23;38856375
27569963;27570234;47;37499690
27569964;27569947;15;38739770
27569964;27569972;16;38739767
27569964;27570302;59;38742188
27569967;27569546;85;37561641
27569967;27569839;33;38736260
27569967;27570229;166;37561636
27569968;27569913;28;38739731
27569970;27569767;88;37564931
27569970;27569887;19;37545075
27569971;27570022;12;37545074
27569971;27570030;193;37607726
27569972;27569964;16;38739768
27569972;27569979;19;38739765
27569972;27570302;75;38742205
27569973;27569909;45;37508040
27569976;27569832;32;37620597
27569976;27570116;30;37620594
27569976;27570152;49;37499631
27569979;27569972;19;38739766
27569979;27570018;51;38739761
27569979;27570551;116;38739709
27569984;27570293;71;39674723
27569988;27570875;149;39213368
27569990;27570050;43;37508042
27569992;27569917;15;37545003
27569992;27569937;13;39384002
27569998;27569775;150;37498745
27569998;27570357;68;37811429
27569999;27569922;22;37497861
27569999;27570144;42;37498437
27570000;27569912;30;38739763
27570000;27569923;17;38742154
27570000;27570085;27;38739760
27570008;27569343;194;37497430
27570010;27569923;50;38742163
27570011;27569901;35;37563075
27570011;27570073;51;38753806
27570011;27570092;29;38175414
27570013;27569904;20;39334248
27570016;27569999;17;37497859
27570017;27569949;38;38848221
27570018;27569979;51;38739762
27570018;27570057;48;38976315
27570019;27570130;32;38890191
27570021;27570091;14;39384000
27570022;27569970;12;37545073
27570025;27570063;42;38742211
27570026;27570201;51;38840064
27570028;27570069;11;37498538
27570028;27570079;11;38889221
27570030;27569451;292;37607731
27570030;27570022;203;37545079
27570032;27570140;108;38669657
27570034;27569494;152;39555979
27570044;27569773;88;38843657
27570048;27570327;51;39317353
27570048;27570530;85;37510423
27570050;27570856;331;37508044
27570054;27569945;28;38890192
27570057;27570153;53;38976314
27570057;27570444;113;39194153
27570063;27569947;19;38742193
27570063;27570025;42;38742210
27570063;27570291;39;38742192
27570066;27569383;143;38118732
27570066;27570107;13;39583472
27570067;27569690;263;39559810
27570067;27569745;105;38175413
27570069;27570313;42;38914362
27570069;27570313;51;37498537
27570070;27569750;80;38840050
27570070;27570052;5;38840074
27570071;27569913;26;38739719
27570073;27570119;35;39566770
27570076;27569963;23;38856374
27570076;27570206;29;38856369
27570076;27570234;36;38856372
27570079;27569959;20;37859734
27570079;27570201;22;38889239
27570081;27569770;50;37510413
27570085;27570000;27;38739759
27570085;27570098;4;38739758
27570085;27570165;47;38742152
27570088;27569709;83;38245359
27570091;27570120;12;37606352
27570091;27570224;25;39383998
27570092;27569901;31;38175406
27570092;27570067;39;39559809
27570095;27570400;53;39681268
27570098;27570085;4;38739757
27570098;27570205;40;38739736
27570101;27569668;80;37561671
27570101;27569946;50;37561640
27570101;27570229;43;37561637
27570106;27570197;30;39583469
27570106;27570197;274;37810849
27570107;27570066;13;39583471
27570107;27570138;11;37566210
27570110;27569915;34;39553405
27570116;27569976;30;37620595
27570116;27570243;29;37620592
27570116;27570318;58;37859768
27570119;27570126;56;38742097
27570120;27570345;94;37606351
27570121;27569843;158;38739727
27570121;27570236;109;37632411
27570123;27570215;29;37499592
27570123;27570341;47;39596948
27570125;27570181;9;39583478
27570126;27569343;145;39559807
27570126;27570113;15;39559806
27570133;27569806;57;37499615
27570133;27570421;53;37499612
27570134;27569559;151;38245324
27570134;27570767;113;38245334
27570138;27570106;6;39680746
27570138;27570107;11;37566209
27570140;27569946;37;38669659
27570140;27570032;108;38669656
27570140;27570229;121;38669661
27570144;27569610;165;38167341
27570144;27569922;40;37498440
27570144;27571966;338;38968703
27570146;27569658;155;38245365
27570146;27570359;47;38245347
27570146;27570448;94;38245362
27570152;27570318;32;37499629
27570153;27570232;15;38742215
27570153;27570323;35;38976313
27570155;27569883;49;37803956
27570155;27570336;79;37692292
27570155;27570336;65;37692289
27570156;27569992;30;39383999
27570165;27569912;42;38742173
27570165;27570085;47;38742151
27570165;27570431;98;38742168
27570168;27569866;87;39501193
27570168;27570193;6;39501183
27570180;27570235;52;39213911
27570181;27570125;9;39583477
27570181;27570263;74;38128931
27570181;27570280;41;38128928
27570183;27570852;131;38844862
27570186;27570202;17;38175398
27570186;27570716;87;38739450
27570191;27570232;46;38742186
27570193;27570242;13;39501187
27570195;27569917;47;39500986
27570195;27570156;14;39501181
27570197;27570268;13;37566208
27570199;27569789;374;38739754
27570201;27570026;51;38840063
27570201;27570079;22;38889240
27570201;27570324;21;38889237
27570202;27570092;165;39559808
27570202;27570126;14;38175420
27570205;27570199;7;38739752
27570205;27570262;9;38739735
27570206;27570076;29;38856368
27570206;27570326;26;38854170
27570206;27570478;60;38856370
27570208;27570340;27;39555972
27570209;27570480;68;38245353
27570215;27569180;200;39370919
27570215;27570216;11;39596946
27570215;27570456;44;39370916
27570216;27570215;11;39596947
27570216;27570400;72;37859717
27570216;27570600;68;37499626
27570222;27570852;106;39539680
27570224;27570228;67;39383996
27570227;27570224;13;37801755
27570227;27570267;100;38874077
27570228;27570156;14;39383997
27570228;27570267;13;39539656
27570229;27569931;53;39334414
27570229;27569967;166;37561635
27570229;27570101;43;37561638
27570229;27570140;121;38669660
27570231;27570359;42;38245356
27570232;27570153;15;38742214
27570232;27570191;46;38742185
27570232;27570314;15;38742213
27570234;27569963;47;37499691
27570234;27570076;36;38856373
27570234;27570460;40;37499688
27570235;27569514;150;37561744
27570235;27570180;52;39213910
27570236;27570249;14;37632407
27570238;27569775;77;37497212
27570238;27570403;32;37497209
27570238;27570421;38;38610960
27570242;27570193;13;39501188
27570242;27570570;95;39501185
27570242;27570650;171;37691412
27570243;27570116;29;37620593
27570243;27570269;10;37620590
27570244;27570278;37;37510438
27570244;27570822;98;38452794
27570247;27569886;111;38735541
27570247;27570248;41;38735538
27570247;27570699;74;38735552
27570248;27569728;86;37561219
27570248;27570247;41;38735539
27570248;27570455;36;37561216
27570249;27570289;83;39677274
27570249;27570438;38;37632405
27570255;27570263;31;39583468
27570255;27570412;35;37607754
27570257;27570292;7;37691284
27570257;27570355;30;37497874
27570257;27570355;115;37498330
27570262;27570199;11;38739753
27570262;27570378;22;38739448
27570263;27570181;74;38128930
27570263;27570255;31;39583467
27570263;27570280;102;39583466
27570264;27570307;33;37692309
27570264;27570329;36;37692306
27570264;27570348;18;39539710
27570267;27570532;116;39539655
27570268;27570138;37;39583470
27570268;27570197;13;37566207
27570268;27570614;68;37566206
27570269;27570243;10;37620591
27570269;27570420;101;37498749
27570269;27570524;57;37499643
27570278;27570507;102;37510436
27570278;27570752;92;38452797
27570280;27570181;41;38128929
27570280;27570263;102;39583465
27570280;27570294;119;39583473
27570280;27570615;57;37545061
27570281;27569918;74;37561723
27570281;27570311;8;37561722
27570281;27570504;41;37561739
27570283;27570314;43;38742159
27570289;27570438;78;38175411
27570289;27570746;231;38175394
27570290;27569828;90;39539622
27570290;27570344;13;38124579
27570291;27570063;39;38742191
27570291;27570302;15;38742206
27570291;27570431;25;38742190
27570292;27570016;86;37498759
27570292;27570257;7;37691283
27570293;27569948;89;38245388
27570293;27570787;137;38245379
27570294;27570280;119;39583474
27570294;27571061;151;37607749
27570302;27569964;59;38742187
27570302;27569972;75;38742204
27570302;27570291;15;38742207
27570303;27570193;22;39572487
27570307;27569610;120;37498263
27570307;27570264;33;37692308
27570307;27570904;98;37498260
27570311;27570281;8;37561721
27570311;27570582;56;37561720
27570311;27570764;365;37561753
27570313;27570069;42;38914361
27570313;27570324;16;37498536
27570314;27570232;15;38742212
27570314;27570283;43;38742160
27570314;27570323;7;38742157
27570318;27570116;58;37859769
27570318;27570483;30;37499628
27570323;27570314;7;38742158
27570323;27570695;62;38976312
27570324;27570201;21;38889238
27570324;27570467;24;38889235
27570326;27569943;85;37496800
27570326;27570206;26;38854169
27570326;27570518;42;37499692
27570326;27570555;40;38854168
27570327;27570608;48;39317352
27570329;27570264;36;37692307
27570329;27570348;20;39539695
27570329;27570869;89;37692304
27570336;27570155;65;37692290
27570336;27570155;79;37692291
27570336;27571017;113;37692335
27570340;27569709;185;38216748
27570340;27570208;27;39555971
27570340;27570841;94;38216747
27570341;27570133;75;37499595
27570343;27570418;14;39754643
27570344;27570070;72;38840073
27570344;27570290;13;38124580
27570344;27570437;17;38124577
27570345;27570303;11;39501191
27570345;27570450;42;37606350
27570348;27570264;18;39539711
27570348;27570329;20;39539694
27570348;27570702;57;39539708
27570349;27570529;51;38889241
27570351;27569608;204;37545008
27570351;27569693;119;38118758
27570351;27570631;100;37545007
27570355;27570257;115;37498329
27570355;27570401;9;37691286
27570355;27570696;79;37497873
27570357;27569998;68;37811430
27570357;27570483;38;37616429
27570359;27570146;47;38245346
27570359;27570231;42;38245357
27570359;27570509;43;38245354
27570375;27569248;218;37497193
27570375;27570381;7;39596952
27570375;27570586;37;37497190
27570378;27570098;63;38739747
27570378;27570262;22;38739447
27570378;27570588;36;38739482
27570381;27570375;7;39596951
27570381;27570394;13;39596950
27570389;27570081;54;39593665
27570389;27570244;61;37510437
27570394;27570381;13;39596949
27570394;27570400;6;38843692
27570395;27570018;67;38742162
27570395;27570444;9;38742201
27570400;27570095;53;39681267
27570400;27570216;72;37859718
27570400;27570394;6;38843691
27570401;27570292;29;37498758
27570401;27570355;9;37691285
27570403;27570238;32;37497210
27570403;27570501;36;38610963
27570403;27570737;62;37497207
27570407;27570121;102;37632410
27570407;27570236;39;37632406
27570410;27569740;140;37545163
27570411;27570544;24;37803955
27570412;27570255;35;37607755
27570412;27570778;94;37545072
27570412;27570778;73;37607752
27570418;27570343;14;39754642
27570418;27570581;32;39754638
27570418;27570870;75;39754641
27570420;27570269;101;37498750
27570420;27570467;39;38889233
27570421;27570133;53;37499613
27570421;27570238;38;38610961
27570421;27570442;4;37499610
27570423;27570431;35;38742171
27570427;27569402;192;37497195
27570431;27570165;98;38742169
27570431;27570291;25;38742189
27570431;27570423;35;38742170
27570437;27570344;17;38124578
27570437;27570674;70;37859715
27570437;27571388;183;38124575
27570438;27570503;17;37632403
27570442;27570421;4;37499611
27570442;27570501;10;37499608
27570442;27570800;92;37499603
27570444;27570057;113;39194152
27570444;27570395;9;38742202
27570444;27570479;10;38739726
27570448;27570146;94;38245363
27570449;27569859;100;38735549
27570449;27570452;14;38735562
27570449;27570783;65;38735546
27570450;27570536;33;39572484
27570452;27570449;14;38735563
27570452;27570453;13;39556372
27570453;27570452;13;39556373
27570453;27570455;15;39556370
27570455;27570248;36;37561217
27570455;27570453;15;39556371
27570455;27571075;237;37561214
27570456;27570215;44;39370917
27570456;27570341;42;37499594
27570456;27570679;45;39370914
27570457;27570357;32;37811437
27570457;27570575;31;38910859
27570460;27570234;40;37499689
27570460;27570478;11;37498434
27570460;27570612;59;37498425
27570465;27570504;44;37561738
27570466;27570407;11;37632404
27570467;27570324;24;38889236
27570467;27570420;39;38889234
27570467;27570529;14;38889231
27570469;27570410;16;37810850
27570469;27570653;37;37691414
27570478;27570206;60;38856371
27570478;27570460;11;37498433
27570478;27570484;4;37498432
27570479;27570395;14;38742161
27570479;27570444;10;38739725
27570479;27570580;18;38739724
27570480;27570209;68;38245352
27570480;27570628;44;38245372
27570480;27570703;108;38245371
27570483;27570243;66;37616428
27570484;27570478;4;37498431
27570484;27570518;27;37498430
27570484;27570644;50;38848219
27570501;27570403;36;38610962
27570501;27570442;10;37499609
27570501;27570843;62;37499606
27570503;27570466;29;37632402
27570503;27570694;49;37632409
27570504;27570281;41;37561740
27570504;27570465;44;37561737
27570504;27570537;23;37561741
27570507;27570856;156;37510410
27570509;27570359;43;38245355
27570511;27570227;134;37801754
27570518;27570326;42;37499693
27570518;27570484;27;37498429
27570518;27570555;25;37498428
27570524;27570572;55;37859709
27570524;27570803;57;37499642
27570529;27570349;51;38889242
27570529;27570467;14;38889232
27570529;27570674;25;38889229
27570530;27570959;71;37510408
27570532;27571217;146;37498337
27570536;27570570;34;37606644
27570536;27571022;193;37527614
27570537;27570504;23;37561742
27570544;27570411;24;37803954
27570544;27571395;142;37692288
27570546;27570600;20;37859748
27570550;27570544;48;39539660
27570551;27569979;116;38739710
27570551;27570580;25;38739478
27570551;27570616;137;38739473
27570555;27570326;40;38854167
27570555;27570518;25;37498427
27570555;27570922;54;38854166
27570562;27570588;6;37632400
27570566;27570378;38;38739449
27570566;27570562;18;37632401
27570570;27570242;95;39501186
27570570;27570650;26;37606643
27570572;27570524;55;37859710
27570575;27570457;31;38910858
27570579;27569035;319;38840558
27570580;27570479;18;38739723
27570580;27570551;25;38739477
27570580;27570611;20;38739476
27570581;27570418;32;39754639
27570582;27570311;56;37561719
27570582;27570764;33;37561718
27570582;27570839;40;37561731
27570583;27570733;22;38861147
27570586;27570375;37;37497191
27570586;27570624;45;37859736
27570586;27571183;105;37497188
27570588;27570648;10;37632398
27570590;27570607;70;37545070
27570590;27570824;46;37607746
27570591;27570457;26;37811436
27570591;27570761;67;37498523
27570600;27570216;68;37499627
27570600;27570546;20;37859747
27570600;27570624;4;37499624
27570602;27570566;6;37632399
27570607;27570590;70;37545071
27570607;27570615;47;37545068
27570607;27571037;71;37545063
27570608;27570645;14;37510406
27570611;27570580;20;38739475
27570611;27570691;74;38739472
27570611;27570940;51;38739718
27570612;27570460;59;37498426
27570614;27570268;68;37566205
27570614;27570631;41;37566204
27570614;27570632;39;39680753
27570615;27570280;57;37545060
27570615;27570607;47;37545069
27570615;27570621;45;37545066
27570616;27570551;137;38739474
27570616;27570602;37;38739451
27570621;27570615;45;37545067
27570621;27570634;62;37545064
27570621;27571053;71;37545057
27570624;27570586;45;37859735
27570624;27570600;4;37499625
27570624;27571183;172;37499622
27570628;27570480;44;38245373
27570628;27570703;14;38245350
27570628;27570735;29;38245368
27570631;27569766;148;37545026
27570631;27570351;100;37545006
27570631;27570614;41;37566203
27570631;27570946;49;38166740
27570632;27570410;45;37545162
27570632;27570614;39;39680754
27570632;27570653;16;37545046
27570634;27570621;62;37545065
27570635;27570389;41;39593664
27570635;27570608;19;37510407
27570636;27570707;17;39537314
27570636;27571090;183;39537349
27570644;27570484;50;38848220
27570645;27570680;6;37510405
27570645;27570695;44;38739480
27570648;27570776;47;38739470
27570648;27570793;24;37632395
27570650;27570242;171;37691411
27570650;27570984;148;37606642
27570652;27570591;15;37811435
27570652;27570718;14;39240652
27570653;27570632;16;37545047
27570653;27570876;62;37545044
27570653;27570985;60;37691413
27570665;27570792;30;38245345
27570673;27570748;14;38739748
27570674;27570437;70;37859716
27570674;27570529;25;38889230
27570674;27571195;104;38889227
27570679;27570456;45;39370915
27570679;27570800;32;39370912
27570679;27570958;62;37859720
27570680;27570831;25;37510403
27570684;27570786;16;38739750
27570685;27570511;46;39572485
27570685;27570931;101;37690725
27570691;27570611;74;38739471
27570691;27570831;55;38739453
27570694;27570466;39;37632408
27570694;27570748;14;38739469
27570695;27570691;14;38739479
27570696;27570740;10;37691288
27570696;27570834;118;37863453
27570696;27570834;30;37497872
27570697;27570795;16;38739733
27570699;27570247;74;38735553
27570699;27570949;57;38735550
27570699;27571377;282;38735529
27570702;27570348;57;39539709
27570703;27570480;108;38245370
27570703;27570628;14;38245349
27570703;27570781;12;38245367
27570707;27570636;17;39537315
27570707;27570762;10;39537312
27570707;27571201;198;39537345
27570716;27570746;15;38175395
27570716;27571179;90;38874099
27570718;27570652;14;39240651
27570718;27570741;6;39240650
27570727;27570635;17;37510404
27570732;27570783;179;38735545
27570732;27570920;103;39213798
27570733;27570583;22;38861146
27570733;27570775;29;37690732
27570733;27570965;119;37690729
27570735;27570628;29;38245369
27570737;27570403;62;37497208
27570737;27570843;37;38610959
27570737;27570944;32;37497205
27570738;27568574;475;37561229
27570738;27570949;59;37561226
27570738;27572356;440;37561220
27570740;27570401;78;37498757
27570740;27570696;10;37691287
27570741;27570718;6;39240649
27570741;27570895;33;37859776
27570746;27570202;89;38739483
27570746;27570289;231;38175393
27570746;27570716;15;38175396
27570747;27570922;44;38853525
27570748;27570673;14;38739749
27570748;27570694;14;38739468
27570748;27571288;288;38739455
27570752;27570828;21;38452796
27570757;27570602;25;37632397
27570757;27570616;39;38739481
27570761;27570591;67;37498524
27570762;27570707;10;39537313
27570762;27570752;44;38452795
27570762;27570799;8;39537333
27570764;27570311;365;37561754
27570764;27570582;33;37561717
27570764;27571106;77;37561714
27570766;27570839;59;37561736
27570767;27570785;9;37561193
27570767;27570970;31;38245348
27570768;27570507;98;37510411
27570775;27570733;29;37690733
27570775;27570931;130;37690730
27570775;27571339;151;37690727
27570776;27570786;6;38739466
27570776;27570793;49;38739484
27570778;27570412;73;37607753
27570778;27570876;20;37607750
27570781;27570703;12;38245366
27570781;27570841;107;37561188
27570781;27570975;63;37561187
27570783;27570449;65;38735547
27570783;27570732;179;38735544
27570783;27570927;124;39556273
27570785;27570134;111;37561194
27570785;27570767;9;37561192
27570785;27570841;47;37561191
27570786;27570684;16;38739751
27570786;27570776;6;38739467
27570786;27570795;10;38739464
27570787;27570293;137;38245378
27570787;27571040;85;38245381
27570789;27570940;49;38742199
27570790;27570757;7;37632396
27570792;27570665;30;38245344
27570792;27570975;48;39555956
27570793;27570811;7;37632394
27570795;27570697;16;38739734
27570795;27570786;10;38739465
27570795;27571034;194;38739462
27570799;27570871;20;39537332
27570799;27571201;238;39537351
27570800;27570679;32;39370913
27570800;27570958;34;37499602
27570803;27570872;14;38183428
27570803;27570971;33;37499641
27570805;27570685;46;37606646
27570805;27570969;106;38122074
27570808;27571034;38;38739741
27570811;27570790;20;37632393
27570811;27570991;34;38739445
27570822;27570727;62;37508548
27570824;27570590;46;37607747
27570825;27571167;81;38123037
27570828;27570822;9;37508547
27570831;27570890;10;37510402
27570834;27570696;118;37863454
27570834;27570873;9;37691282
27570834;27571224;91;37497871
27570839;27570582;40;37561732
27570839;27570766;59;37561735
27570839;27570865;17;37561734
27570841;27570340;94;38216746
27570841;27570781;107;37561189
27570841;27570785;47;37561190
27570843;27570501;62;37499607
27570843;27570737;37;38610958
27570843;27571198;76;37499604
27570848;27571270;82;38889211
27570852;27570183;131;38844863
27570852;27570222;106;39539679
27570852;27570869;12;38844860
27570856;27572238;401;37508043
27570857;27571391;110;39556329
27570862;27570974;16;38742183
27570862;27570979;96;39194155
27570862;27570979;121;38742182
27570865;27570839;17;37561733
27570868;27571058;61;37545059
27570869;27570329;89;37692305
27570869;27570852;12;38844861
27570869;27570904;50;37692310
27570869;27571273;77;39539669
27570870;27570418;75;39754640
27570870;27570886;83;39073880
27570870;27572543;412;39073879
27570871;27570828;35;37508546
27570872;27570803;14;38183427
27570873;27570740;30;37498756
27570873;27570834;9;37691281
27570874;27570110;126;37515776
27570875;27571265;69;37515774
27570876;27570653;62;37545045
27570876;27570778;20;37607751
27570876;27571021;36;37545042
27570880;27571517;117;39539678
27570886;27570870;83;39073881
27570890;27570913;32;37510399
27570890;27571210;58;37510431
27570895;27570741;33;37859775
27570895;27570972;18;39617651
27570897;27570727;28;37510401
27570897;27570910;82;37508554
27570904;27570307;98;37498261
27570904;27570550;124;37692303
27570904;27570869;50;37692311
27570904;27571151;48;37498258
27570910;27571044;51;37510424
27570910;27571765;303;37508553
27570912;27571471;286;39071582
27570913;27570897;4;37510400
27570914;27570632;55;39572483
27570914;27570985;28;39502831
27570919;27571155;57;38853337
27570920;27570732;103;39213799
27570920;27570927;9;39556270
27570922;27570555;54;38854165
27570922;27570747;44;38853524
27570922;27571197;52;38854164
27570924;27571104;34;38739711
27570927;27570783;124;39556272
27570927;27570920;9;39556271
27570931;27570775;130;37690731
27570931;27570969;41;38122075
27570940;27570611;51;38739717
27570940;27570789;49;38742200
27570940;27571052;24;38739716
27570944;27570737;32;37497206
27570944;27570998;54;37811434
27570944;27571198;49;37497203
27570946;27570631;49;38166741
27570946;27570914;35;39502833
27570949;27570699;57;38735551
27570949;27570738;59;37561227
27570949;27571493;393;37561224
27570954;27569920;350;37544925
27570958;27570679;62;37859719
27570958;27571414;103;37499601
27570959;27570976;56;37510409
27570965;27570733;119;37690728
27570969;27570805;106;38122073
27570969;27570931;41;38122076
27570969;27571540;110;37690724
27570970;27570785;31;38245351
27570970;27571391;103;39556265
27570971;27571296;94;37499640
27570971;27571400;80;37859732
27570972;27570895;18;39617652
27570974;27570862;16;38742184
27570974;27571041;96;39194157
27570974;27571109;84;38742177
27570975;27570781;63;37561186
27570975;27570792;48;39555957
27570975;27570986;7;37561185
27570975;27571259;55;39555968
27570976;27570768;49;37510412
27570977;27571179;109;38228310
27570979;27570862;96;39194154
27570979;27570862;121;38742181
27570979;27571041;14;38742180
27570982;27569529;287;37498778
27570982;27571187;48;39539665
27570984;27570946;13;39502832
27570985;27571138;32;39502829
27570986;27570975;7;37561184
27570986;27571150;36;37561183
27570991;27570790;34;38739452
27570991;27571067;14;37673739
27570998;27570652;71;37811433
27570998;27571182;49;37499648
27571017;27570336;113;37692334
27571017;27571114;43;37498271
27571021;27570876;36;37545043
27571021;27571037;134;37545054
27571021;27571301;59;37607756
27571022;27571062;19;39502835
27571025;27571244;38;38739737
27571027;27570195;268;39501180
27571027;27571217;59;39500985
27571031;27571067;28;38739707
27571034;27570795;194;38739463
27571034;27570808;38;38739742
27571034;27571104;61;38739460
27571037;27570607;71;37545062
27571037;27571021;134;37545055
27571037;27571053;92;37545052
27571040;27570986;53;39446805
27571040;27571150;36;38245380
27571041;27570974;96;39194156
27571041;27570979;14;38742179
27571041;27571109;40;38742176
27571043;27571059;64;39076799
27571044;27571768;229;37510433
27571052;27570940;24;38739715
27571052;27571105;12;38742209
27571052;27571416;78;38739714
27571053;27570621;71;37545056
27571053;27571037;92;37545053
27571053;27571058;29;37545050
27571058;27570868;61;37545058
27571058;27571053;29;37545051
27571058;27571061;18;37545048
27571059;27571043;64;39076798
27571059;27571199;31;37498346
27571061;27570294;151;37607748
27571061;27571058;18;37545049
27571062;27571230;77;39550406
27571067;27570991;14;37673738
27571067;27571031;28;38739708
27571067;27571251;33;37673737
27571070;27571182;24;37859741
27571071;27570511;225;39502834
27571075;27570455;237;37561215
27571075;27571249;116;37561212
27571075;27571377;54;38735572
27571076;27569795;264;38854162
27571076;27571280;45;37497196
27571082;27571106;30;37561715
27571090;27570636;183;39537350
27571090;27571200;24;39537347
27571090;27571783;246;39537305
27571104;27570924;34;38739712
27571104;27571034;61;38739461
27571104;27571244;116;38739458
27571105;27571052;12;38742208
27571106;27570764;77;37561713
27571106;27571082;30;37561716
27571106;27571419;159;39334411
27571109;27570974;84;38742178
27571109;27571041;40;38742175
27571109;27571263;51;39537341
27571110;27571071;19;39502809
27571111;27570984;27;39502830
27571114;27571017;43;37498270
27571114;27571184;39;37498269
27571114;27571602;107;38968706
27571138;27571401;52;39502825
27571138;27571446;164;37510284
27571150;27570986;36;37561182
27571150;27571204;12;39675242
27571150;27571259;37;38245377
27571151;27570904;48;37498259
27571151;27571370;42;37498256
27571151;27571443;63;37692284
27571155;27570919;57;38853336
27571155;27571076;35;38854161
27571156;27571324;44;38123039
27571167;27570825;81;38123036
27571167;27571468;63;38123043
27571177;27570805;150;37606645
27571177;27571111;14;39502828
27571179;27570716;90;38874098
27571179;27570977;109;38228309
27571179;27571487;60;38874097
27571182;27570998;49;37499649
27571182;27571070;24;37859742
27571182;27571387;72;37499646
27571183;27570586;105;37497189
27571183;27570624;172;37499623
27571183;27571649;89;37497186
27571184;27571114;39;37498268
27571184;27571273;42;37498267
27571184;27571380;37;37692336
27571187;27570982;48;39539666
27571187;27571027;57;37498338
27571187;27571569;87;39500983
27571192;27569973;454;37561708
27571192;27570954;58;37544926
27571195;27570674;104;38889228
27571195;27571270;37;38889206
27571195;27571399;40;38889225
27571197;27570922;52;38854163
27571197;27571199;17;37497199
27571197;27571382;31;37498701
27571198;27570843;76;37499605
27571198;27570944;49;37497204
27571198;27571361;30;37497201
27571199;27571197;17;37497200
27571199;27571212;3;38854160
27571200;27571090;24;39537348
27571200;27571417;65;39537361
27571200;27571417;78;39537340
27571201;27570707;198;39537346
27571201;27570799;238;39537352
27571204;27570787;121;37545153
27571204;27571150;12;39675241
27571210;27571263;20;38742198
27571210;27571530;62;37510430
27571212;27571155;137;38854159
27571212;27571513;91;37498452
27571216;27571347;40;39617650
27571216;27571558;80;39430008
27571217;27571353;29;37498336
27571221;27571251;28;38739745
27571224;27571257;8;39539688
27571224;27571472;65;37497870
27571230;27571268;20;39550407
27571231;27569731;263;39213358
27571239;27571561;66;37506287
27571239;27571669;86;39213357
27571244;27571025;38;38739738
27571244;27571104;116;38739459
27571244;27571288;46;38739456
27571249;27571075;116;37561213
27571249;27571313;12;39213797
27571251;27571067;33;37673736
27571251;27571221;28;38739746
27571251;27571272;27;38739743
27571251;27571646;80;37673735
27571257;27570873;91;37498755
27571257;27570880;236;37498294
27571259;27572676;365;38245376
27571263;27571109;51;39537342
27571263;27571210;20;38742197
27571263;27571314;14;38742196
27571265;27571992;197;37515773
27571266;27571352;16;38843697
27571268;27571440;111;39502822
27571270;27570848;82;38889212
27571270;27571195;37;38889205
27571271;27571110;77;39502710
27571272;27571251;27;38739744
27571273;27570869;77;39539670
27571273;27571184;42;37498266
27571273;27571370;49;37498265
27571276;27570874;72;37515775
27571277;27571359;16;38843695
27571280;27571076;45;37497197
27571280;27571513;129;37497198
27571281;27570913;71;37511683
27571281;27571292;7;38452793
27571284;27571602;79;38848228
27571285;27571379;16;38843715
27571288;27569843;249;38739773
27571288;27570748;288;38739454
27571288;27571244;46;38739457
27571292;27571281;7;38452792
27571292;27571306;13;38452791
27571296;27571568;79;39427047
27571301;27571446;43;39572486
27571304;27571249;14;39213792
27571306;27571292;13;38452790
27571307;27571402;16;38843713
27571312;27571380;27;37692297
27571313;27571460;29;39213796
27571313;27571493;42;39213794
27571314;27571263;14;38742195
27571315;27571271;21;39550405
27571324;27571156;44;38123038
27571324;27571167;73;37563223
27571329;27571324;33;37563222
27571329;27571594;57;37563220
27571332;27571177;30;39502827
27571337;27571367;64;38375493
27571339;27570775;151;37690726
27571339;27571329;7;37563217
27571347;27571216;40;39617649
27571347;27571441;30;37859738
27571348;27571352;7;38843709
27571351;27571400;25;37859722
27571352;27571266;16;38843696
27571352;27571348;7;38843708
27571352;27571359;16;38843707
27571353;27571569;52;39539654
27571359;27571277;16;38843694
27571359;27571352;16;38843706
27571359;27571379;16;38843705
27571361;27571198;30;37497202
27571361;27571392;4;37499596
27571366;27571377;52;38735530
27571367;27571337;64;38375494
27571369;27571562;106;38229764
27571370;27571151;42;37498257
27571370;27571273;49;37498264
27571370;27571587;48;37498254
27571374;27571339;23;37563216
27571377;27570699;282;38735528
27571377;27571075;54;38735573
27571377;27571366;52;38735531
27571378;27571710;143;38747423
27571378;27571710;104;38747422
27571378;27571710;88;38747430
27571379;27571285;16;38843714
27571379;27571359;16;38843704
27571379;27571402;21;38843703
27571380;27571184;37;37692337
27571380;27571312;27;37692298
27571380;27571587;95;37692295
27571381;27571332;10;39502826
27571381;27571701;73;37606366
27571382;27571197;31;37498700
27571382;27571793;85;37498421
27571386;27571495;68;38278147
27571387;27571182;72;37499647
27571387;27571441;17;38889209
27571388;27570437;183;38124576
27571388;27571659;74;38124573
27571389;27571395;28;37692339
27571391;27570857;110;39556328
27571391;27570970;103;39556264
27571391;27571424;37;39556263
27571392;27571361;4;37499597
27571392;27571860;98;37792643
27571395;27571389;28;37692338
27571395;27571894;103;37692287
27571399;27571195;40;38889226
27571399;27571432;16;38452869
27571399;27571537;35;38889223
27571400;27570971;80;37859733
27571400;27571351;25;37859721
27571400;27571642;52;37859730
27571401;27571434;23;39502824
27571402;27571307;16;38843712
27571402;27571379;21;38843702
27571402;27571411;16;38843701
27571402;27571589;43;38843711
27571408;27571187;69;39501179
27571411;27571402;16;38843700
27571411;27571414;16;38843699
27571411;27571508;21;38843716
27571414;27571411;16;38843698
27571414;27571571;36;37499600
27571416;27571052;78;38739713
27571417;27571200;65;39537362
27571417;27571875;160;39537359
27571419;27571106;159;39334412
27571424;27571304;43;39213793
27571424;27571391;37;39556262
27571424;27571449;32;39556259
27571432;27571399;16;38452868
27571432;27571437;2;38452871
27571434;27571381;39;39502823
27571434;27571720;61;37606636
27571437;27571432;2;38452870
27571437;27571568;38;37499645
27571440;27571486;61;39572488
27571441;27571347;30;37859737
27571441;27571387;17;38889210
27571441;27571452;4;38889207
27571443;27571151;63;37692283
27571446;27571486;22;39680742
27571449;27571304;29;39213795
27571449;27571424;32;39556258
27571449;27571460;8;39556255
27571452;27571441;4;38889208
27571452;27571556;24;38889219
27571460;27571449;8;39556254
27571460;27571493;27;39556257
27571468;27571594;122;37607738
27571468;27571622;38;38123042
27571471;27570912;286;39071583
27571471;27571580;67;39071576
27571471;27572429;242;39071575
27571472;27571408;16;39663801
27571478;27571600;34;38853339
27571486;27571752;126;39572472
27571487;27571179;60;38874096
27571487;27571494;28;38742737
27571487;27571562;19;38874095
27571488;27571538;26;39537316
27571492;27571495;12;37607791
27571492;27571539;11;37691400
27571492;27571821;163;37607788
27571493;27570949;393;37561225
27571493;27571460;27;39556256
27571494;27571487;28;38742736
27571495;27571386;68;38278146
27571495;27571492;12;37607792
27571495;27571610;127;37607789
27571500;27571401;64;39572477
27571508;27571411;21;38843717
27571509;27571517;50;37498296
27571513;27571212;91;37498453
27571513;27571807;70;37498544
27571517;27571509;50;37498295
27571517;27571851;68;39539677
27571523;27571374;233;37563224
27571523;27571540;33;37563205
27571523;27571645;26;37563210
27571530;27571680;31;37510429
27571534;27571257;74;37498754
27571534;27571472;14;39501178
27571537;27571388;63;37498525
27571537;27571399;35;38889224
27571537;27571579;11;37786114
27571538;27571292;141;38394479
27571538;27571560;28;37510427
27571539;27571492;11;37691399
27571539;27571544;18;37691419
27571540;27570969;110;37690723
27571540;27571523;33;37563204
27571540;27571572;54;37563203
27571541;27571567;14;39071571
27571541;27571820;835;39071581
27571544;27571620;17;38875790
27571544;27571674;116;37691418
27571548;27571556;6;38843729
27571549;27571929;94;37692317
27571552;27571746;40;39550409
27571556;27571452;24;38889220
27571556;27571548;6;38843728
27571556;27571636;31;37859766
27571556;27571817;57;38889213
27571558;27571216;80;39430007
27571560;27571593;39;37510426
27571560;27571733;44;38742203
27571561;27572237;140;39213388
27571562;27571369;106;38229765
27571562;27571487;19;38874094
27571562;27572540;198;38874093
27571567;27571541;14;39071570
27571568;27571437;38;37499644
27571568;27571575;2;39427046
27571569;27571187;87;39500984
27571569;27571622;13;39539663
27571569;27571679;47;39539653
27571571;27572274;146;37499599
27571572;27571540;54;37563202
27571572;27571616;72;38861605
27571572;27571616;64;37563201
27571572;27571837;52;38122072
27571573;27571374;124;37563215
27571575;27571598;45;39427045
27571575;27571682;22;37606991
27571577;27571607;46;39144450
27571577;27571765;107;39537275
27571579;27571537;11;37786113
27571579;27571598;7;37786112
27571580;27571471;67;39071577
27571587;27571370;48;37498255
27571587;27571380;95;37692296
27571587;27571970;83;37498252
27571589;27571402;43;38843710
27571591;27571742;60;39071573
27571593;27571613;14;39537258
27571594;27571329;57;37563221
27571594;27571791;155;37607737
27571594;27571847;50;37563218
27571598;27571579;7;37786111
27571598;27571757;40;37786110
27571600;27571478;34;38853338
27571600;27571656;12;39492245
27571602;27571114;107;38968705
27571602;27571284;79;38848227
27571602;27571936;69;37498275
27571604;27571315;138;37527613
27571604;27571500;93;39572474
27571607;27571577;46;39144451
27571608;27571620;8;38875787
27571610;27571495;127;37607790
27571610;27571674;13;37691395
27571610;27571919;83;37607785
27571613;27571281;82;37511682
27571613;27571680;48;37510435
27571615;27571682;16;38889201
27571616;27571572;72;38861604
27571616;27571572;64;37563200
27571616;27571697;99;37563199
27571616;27571837;118;37563208
27571620;27571544;17;38875789
27571620;27571608;8;38875788
27571620;27571673;12;38875785
27571621;27571646;19;38739739
27571622;27571569;13;39539664
27571622;27571744;27;37608241
27571623;27571571;87;37607135
27571623;27571649;47;37607137
27571636;27571556;31;37859767
27571637;27571604;17;39572473
27571637;27571758;28;37607299
27571642;27571400;52;37859731
27571642;27571703;18;38889217
27571642;27571712;25;38889216
27571645;27571523;26;37563211
27571645;27571573;82;37563214
27571646;27571251;80;37673734
27571646;27571621;19;38739740
27571646;27571831;38;37673733
27571649;27571183;89;37497187
27571649;27571623;47;37607136
27571649;27571713;78;37497184
27571650;27571534;25;39541860
27571650;27571801;109;37498698
27571653;27571577;83;39537277
27571653;27571865;119;38774198
27571656;27571600;12;39492244
27571656;27571670;4;39492243
27571659;27571388;74;38124574
27571661;27571538;80;37510434
27571661;27571653;7;39537276
27571665;27571858;67;39071579
27571669;27572906;234;37506283
27571670;27571280;89;37498744
27571670;27571656;4;39492242
27571673;27571620;12;38875786
27571674;27571610;13;37691396
27571674;27571917;68;38478518
27571676;27571231;90;37506280
27571679;27571743;37;39539652
27571679;27571751;15;38128332
27571680;27571767;58;39537260
27571681;27571758;19;37505011
27571682;27571575;22;37606992
27571682;27571615;16;38889202
27571682;27571694;3;37606989
27571682;27571798;36;38889203
27571691;27571530;79;39315478
27571694;27571682;3;37606990
27571694;27571902;45;37606995
27571697;27571332;79;39502811
27571697;27571616;99;37563198
27571697;27571701;7;37563197
27571701;27571697;7;37563196
27571701;27571927;51;37606365
27571703;27571642;18;38889218
27571703;27571719;46;37499652
27571703;27571771;27;37859751
27571707;27571710;18;38747427
27571710;27571378;104;38747421
27571710;27571378;143;38747424
27571710;27571378;88;38747429
27571710;27571707;18;38747428
27571710;27571946;52;38747435
27571712;27571642;25;38889215
27571712;27572347;143;38529113
27571713;27571649;78;37497185
27571713;27571670;10;37498743
27571713;27571928;48;37499669
27571719;27571703;46;37499653
27571719;27571727;18;37499650
27571719;27571764;11;38889244
27571720;27571681;143;39550400
27571720;27572021;71;37606635
27571727;27571719;18;37499651
27571727;27571817;63;38889247
27571733;27571661;58;39537263
27571739;27571713;28;37607140
27571742;27571591;60;39071572
27571743;27571650;35;37496845
27571743;27572079;80;37498228
27571744;27571622;27;37608242
27571744;27571847;113;39502820
27571744;27572177;108;37608239
27571746;27571552;40;39550408
27571746;27571778;30;38777432
27571746;27571789;10;38777433
27571748;27571733;10;39537262
27571751;27571679;15;38128331
27571751;27571810;13;38128306
27571752;27571980;76;39572471
27571757;27571598;40;37786109
27571757;27571985;71;37786108
27571758;27571792;6;37505010
27571758;27572045;132;37607298
27571763;27572300;117;38735495
27571764;27571719;11;38889243
27571764;27571771;16;37859725
27571764;27571815;26;37859724
27571765;27572049;71;39537269
27571767;27571818;17;38742167
27571767;27571878;30;37511681
27571768;27572111;82;37510432
27571771;27571703;27;37859752
27571771;27571764;16;37859726
27571771;27572194;94;37859749
27571774;27571912;73;37691404
27571774;27571912;73;37691405
27571778;27571746;30;38777431
27571783;27571090;246;39537304
27571783;27571825;14;39537303
27571783;27571875;33;39537339
27571788;27571748;38;39537261
27571789;27571720;27;37505458
27571789;27571746;10;38777434
27571790;27571843;45;39617088
27571790;27571843;44;39617087
27571791;27571573;43;37563213
27571791;27571874;84;37607735
27571792;27571811;103;38921895
27571792;27571991;46;37505009
27571793;27571800;10;38848218
27571793;27572034;57;37498420
27571798;27571682;36;38889204
27571800;27571382;85;38858070
27571800;27571793;10;38848217
27571801;27571650;109;37498699
27571801;27571844;111;39551875
27571801;27571987;78;37498331
27571807;27571739;108;37607139
27571810;27571751;13;38128305
27571810;27571832;6;38128310
27571811;27571792;103;38921896
27571815;27571764;26;37859723
27571817;27571556;57;38889214
27571817;27571727;63;38889248
27571817;27571869;28;38889245
27571818;27571850;13;38742216
27571818;27571907;21;38742166
27571820;27571541;835;39071580
27571821;27571492;163;37607787
27571821;27571912;45;37691416
27571821;27572200;95;37607784
27571824;27571691;34;38552293
27571825;27571783;14;39537302
27571825;27571877;15;39537301
27571825;27571913;33;39537320
27571831;27571646;38;37673732
27571832;27571810;6;38128309
27571832;27571879;48;38128313
27571832;27571879;11;38128308
27571832;27571879;54;38128312
27571837;27571572;52;38122071
27571837;27571616;118;37563209
27571837;27571891;92;37563206
27571842;27571788;59;39537257
27571843;27571790;44;39617086
27571843;27571790;45;39617089
27571843;27571860;60;39617085
27571844;27571801;111;39551876
27571844;27571851;16;39551667
27571845;27571748;25;39537311
27571847;27571594;50;37563219
27571847;27571744;113;39502821
27571847;27571932;87;39502818
27571847;27572813;188;37527622
27571851;27571844;16;39551668
27571851;27571861;40;39551665
27571856;27571845;15;39315477
27571858;27571665;67;39071578
27571860;27571392;98;37792644
27571860;27571843;60;39617084
27571860;27572038;45;37792641
27571861;27571851;40;39551666
27571861;27571881;59;38474467
27571865;27571653;119;38774199
27571869;27571817;28;38889246
27571869;27571950;47;37521184
27571869;27572194;151;37498065
27571874;27571645;48;37607736
27571874;27571891;19;37607734
27571875;27571417;160;39537360
27571875;27571783;33;39537338
27571875;27571913;15;39537357
27571875;27572122;71;39537337
27571877;27571825;15;39537300
27571877;27571925;17;39537299
27571877;27571974;32;39537324
27571878;27571842;51;39537259
27571879;27571832;54;38128311
27571879;27571832;11;38128307
27571879;27571832;48;38128314
27571881;27571861;59;38474468
27571881;27571894;43;37692332
27571885;27571983;113;38853334
27571886;27571800;20;38858069
27571886;27571807;134;37607138
27571891;27571837;92;37563207
27571891;27571874;19;37607733
27571894;27571881;43;37692333
27571894;27571908;56;37692330
27571900;27571907;13;38742217
27571902;27571694;45;37606996
27571902;27572305;105;37859755
27571902;27572450;124;37606993
27571906;27571637;136;39572479
27571906;27571752;48;37587172
27571907;27571922;6;38742165
27571908;27571894;56;37692331
27571908;27571929;71;37692328
27571908;27572157;56;37498325
27571912;27571774;73;37691403
27571912;27571774;73;37691406
27571912;27571821;45;37691417
27571913;27571825;33;39537319
27571913;27571875;15;39537358
27571913;27571974;18;39537355
27571913;27572136;69;39537318
27571917;27571674;68;38478519
27571919;27571610;83;37607786
27571919;27571980;29;38278142
27571919;27572204;59;38278144
27571922;27571878;19;39537306
27571925;27571877;17;39537298
27571925;27571988;16;39537297
27571925;27572022;32;39537329
27571927;27571789;88;37505457
27571927;27572051;34;37606364
27571928;27572187;55;37499668
27571928;27572206;93;37691429
27571929;27571549;94;37692316
27571929;27571908;71;37692329
27571929;27571970;109;37692326
27571931;27571936;10;38479754
27571932;27571847;87;39502819
27571932;27572000;69;39502816
27571932;27572310;88;37563225
27571936;27571602;69;37498274
27571936;27571931;10;38479753
27571936;27572009;17;37498273
27571946;27571710;52;38747436
27571946;27572004;46;38747439
27571946;27572004;47;38747442
27571949;27572315;176;38853728
27571950;27571869;47;37521183
27571950;27572028;52;37521182
27571950;27572064;32;38902076
27571951;27571488;169;37510428
27571966;27570144;338;38968704
27571966;27572089;45;39539658
27571970;27571587;83;37498253
27571970;27571929;109;37692327
27571970;27572009;131;37692324
27571974;27571877;32;39537323
27571974;27571913;18;39537356
27571974;27572022;16;39537353
27571974;27572168;59;39537322
27571980;27571919;29;38278143
27571980;27572204;53;39572470
27571983;27571885;113;38853335
27571985;27571757;71;37786107
27571985;27572063;29;37859761
27571985;27572160;54;37786106
27571987;27572104;54;39551670
27571987;27572219;53;37498333
27571988;27571925;16;39537296
27571988;27572029;15;39537295
27571988;27572218;65;39537310
27571991;27572021;130;39550402
27571991;27572217;45;37505008
27571992;27572673;148;37515803
27571992;27572945;190;37515804
27572000;27571791;50;37563212
27572000;27571932;69;39502817
27572000;27572055;343;39502812
27572004;27571946;46;38747440
27572004;27571946;47;38747441
27572005;27571906;37;39572475
27572009;27571936;17;37498272
27572009;27571970;131;37692325
27572009;27572061;183;37692322
27572021;27572051;118;39550401
27572021;27572278;46;37606638
27572022;27571925;32;39537328
27572022;27571974;16;39537354
27572022;27572190;48;39537327
27572028;27571950;52;37521181
27572028;27572038;9;37541474
27572028;27572532;99;38477754
27572029;27571988;15;39537294
27572029;27572084;15;39537293
27572029;27572248;56;39537308
27572032;27572207;72;37607729
27572032;27572384;296;37607728
27572032;27572388;71;37691407
27572034;27572096;30;37498422
27572034;27572114;19;37498419
27572038;27571860;45;37792642
27572038;27572028;9;37541475
27572038;27572268;115;37541472
27572040;27572219;72;37498304
27572040;27572864;141;37498311
27572041;27572060;20;38889597
27572041;27572269;45;38889600
27572045;27572069;9;37607297
27572045;27572094;14;37607307
27572046;27571231;172;37506289
27572046;27572041;21;38889598
27572049;27572307;65;37508557
27572051;27572055;11;39502815
27572051;27572260;35;39550403
27572054;27572040;41;37498309
27572055;27571697;85;39502810
27572055;27572000;343;39502813
27572055;27572051;11;39502814
27572060;27572269;43;38889596
27572061;27572009;183;37692323
27572061;27572083;53;39545825
27572061;27572246;30;38476393
27572063;27571985;29;37859762
27572063;27572105;16;37859759
27572063;27572156;24;38889134
27572064;27571950;32;38902075
27572067;27571844;55;37498314
27572067;27572054;40;37498308
27572069;27572094;17;37607304
27572069;27572893;169;37607296
27572073;27572287;91;38209099
27572079;27571743;80;37498229
27572079;27572383;53;37498226
27572081;27572098;8;37859711
27572083;27572061;53;39545826
27572083;27572096;43;39545823
27572084;27572029;15;39537292
27572084;27572259;39;39537279
27572084;27572259;55;39537331
27572086;27572252;27;37508552
27572086;27572529;107;38709705
27572089;27572067;52;37498307
27572089;27572354;64;39539657
27572094;27572045;14;37607306
27572094;27572069;17;37607305
27572094;27572236;44;37607302
27572095;27572340;60;37859707
27572096;27572083;43;39545824
27572096;27572114;26;37498423
27572098;27572081;8;37859712
27572104;27572079;45;39551669
27572105;27572063;16;37859760
27572110;27572111;32;39537335
27572111;27572135;22;39537334
27572114;27571886;59;38131110
27572114;27572096;26;37498424
27572114;27572184;10;37608201
27572115;27571623;114;37499685
27572115;27572206;116;37859758
27572118;27572162;70;37691420
27572118;27572162;70;37691423
27572118;27572200;14;37691397
27572119;27571966;53;37498318
27572119;27572089;71;37498306
27572122;27571875;71;39537336
27572122;27572136;5;39537290
27572131;27572104;5;38128343
27572132;27572540;396;38229692
27572134;27572189;12;38889160
27572135;27571951;93;37510425
27572135;27572180;28;39537274
27572135;27572324;37;39717425
27572136;27571913;69;39537317
27572136;27572122;5;39537291
27572136;27572168;18;39537288
27572144;27572182;8;37515838
27572156;27572063;24;38889133
27572157;27571908;56;37498326
27572157;27572119;95;37498305
27572157;27572723;94;37498323
27572160;27571985;54;37786105
27572160;27572182;6;37786104
27572160;27572199;8;39747054
27572162;27572118;70;37691422
27572162;27572118;70;37691421
27572166;27572272;49;38131199
27572168;27571974;59;39537321
27572168;27572136;18;39537289
27572168;27572190;19;39537286
27572177;27571744;108;37608240
27572177;27573148;175;39539667
27572179;27570871;400;37508545
27572179;27572110;44;39537325
27572180;27572086;168;39537273
27572180;27572426;132;39717423
27572182;27572160;6;37786103
27572182;27572193;9;37786102
27572182;27572199;3;37708243
27572183;27572191;143;39717427
27572183;27572191;24;39717430
27572183;27572252;62;39717431
27572184;27572114;10;37608200
27572184;27572398;37;37608199
27572187;27572245;9;37499667
27572187;27572272;35;38131202
27572189;27572134;12;38889159
27572190;27572022;48;39537326
27572190;27572168;19;39537287
27572190;27572218;21;39537284
27572191;27572183;143;39717428
27572191;27572183;24;39717429
27572193;27572182;9;37786101
27572194;27571771;94;37859750
27572194;27572817;118;39508429
27572196;27572445;43;39701021
27572199;27572293;18;37708242
27572200;27571821;95;37607783
27572200;27572118;14;37691398
27572200;27572388;61;37607782
27572204;27572365;27;39572469
27572206;27571928;93;37691430
27572206;27572115;116;37859757
27572206;27572216;3;39492241
27572207;27572032;72;37607730
27572208;27572131;12;38128342
27572211;27572406;199;38394480
27572216;27572206;3;39492240
27572216;27572240;19;39492239
27572217;27572624;69;37505007
27572218;27571988;65;39537309
27572218;27572190;21;39537285
27572218;27572248;17;39537282
27572219;27573059;152;37498332
27572236;27571991;83;37505463
27572236;27572094;44;37607303
27572237;27572312;21;37505791
27572238;27572609;74;37561712
27572240;27572216;19;39492238
27572240;27572245;4;37691438
27572242;27572046;34;37506288
27572242;27572237;33;37505792
27572244;27572110;25;37508559
27572244;27572211;27;38709707
27572245;27572240;4;37691437
27572245;27572644;69;37499666
27572246;27572277;36;38479766
27572246;27572456;97;39545871
27572248;27572029;56;39537307
27572248;27572218;17;39537283
27572248;27572259;21;39537280
27572252;27572183;62;39717432
27572252;27572529;54;37508550
27572253;27571192;299;37561707
27572254;27572122;36;39537344
27572254;27572179;71;39537270
27572258;27572055;35;39550404
27572258;27572260;9;39550392
27572259;27572084;55;39537330
27572259;27572084;39;39537278
27572259;27572248;21;39537281
27572260;27572566;72;39550390
27572263;27572321;59;37499662
27572263;27572481;80;37499661
27572263;27572562;51;37499659
27572268;27572038;115;37541473
27572268;27572546;136;37541470
27572269;27572060;91;38889599
27572269;27572343;22;38889595
27572272;27571739;110;37607134
27572272;27572166;49;38131200
27572272;27572187;35;38131201
27572274;27572315;9;38853725
27572274;27572428;42;37499598
27572277;27572246;36;38479765
27572277;27572287;14;38479764
27572278;27572021;46;37606637
27572278;27572217;125;37505031
27572278;27572372;42;37606640
27572280;27572254;54;39537267
27572284;27571879;89;37498214
27572284;27572177;62;37498335
27572287;27572073;91;38209098
27572287;27572277;14;38479763
27572287;27572367;90;38479762
27572300;27571763;117;38735496
27572300;27572729;105;38162100
27572305;27571902;105;37859756
27572305;27572409;24;37859773
27572307;27572406;188;39537268
27572310;27571932;88;37563226
27572311;27572361;47;37606987
27572312;27570954;412;39586198
27572312;27572396;17;37505788
27572313;27572280;38;39537265
27572315;27571949;176;38853727
27572315;27572274;9;38853726
27572315;27572385;18;38853723
27572321;27572263;59;37499663
27572322;27572244;23;37508558
27572322;27572355;32;38070151
27572324;27572135;37;39717426
27572324;27572322;46;39537272
27572327;27572324;23;39537271
27572337;27572313;59;39537264
27572340;27572095;60;37859708
27572340;27572459;26;38682690
27572343;27572242;28;37505790
27572346;27572067;47;37498313
27572347;27571712;143;38529112
27572347;27572431;18;39566920
27572354;27572346;9;39551877
27572354;27572403;150;37498316
27572355;27572244;25;38709706
27572355;27572322;32;38070152
27572355;27572359;4;38070149
27572356;27570738;440;37561221
27572356;27572485;24;38997254
27572358;27572479;47;39073883
27572359;27572211;29;39537343
27572359;27572355;4;38070150
27572359;27575165;771;38070147
27572361;27572311;47;37606988
27572361;27572468;24;38894587
27572362;27572119;53;37498317
27572362;27572414;13;38281542
27572365;27572422;45;37587171
27572365;27572588;39;39572468
27572367;27572287;90;38479761
27572367;27572648;230;38479760
27572367;27572680;54;37498278
27572368;27572184;73;38175835
27572368;27572547;36;38853242
27572372;27572278;42;37606641
27572383;27572079;53;37498227
27572383;27572284;59;37498334
27572383;27573096;131;37498224
27572384;27572032;296;37607727
27572384;27572422;25;37607780
27572384;27572603;62;37607777
27572385;27572315;18;38853724
27572388;27572032;71;37691408
27572388;27572200;61;37607781
27572388;27572633;78;37607776
27572390;27572272;21;37607133
27572390;27572615;54;37499665
27572394;27572343;9;37505789
27572396;27572337;119;39537266
27572396;27572478;14;37505787
27572398;27572184;37;37608198
27572398;27572456;27;39233604
27572398;27572542;25;37608197
27572400;27572346;9;37498312
27572400;27572354;13;39682565
27572403;27572362;9;37498315
27572403;27572414;13;38281545
27572406;27572465;90;37508556
27572409;27572305;24;37859772
27572414;27572362;13;38281543
27572414;27572403;13;38281544
27572414;27572723;73;38281546
27572422;27572384;25;37607779
27572422;27572588;43;37607794
27572426;27572180;132;39717424
27572428;27572115;55;37499684
27572428;27572461;14;37607129
27572429;27571471;242;39071574
27572431;27572347;18;39566919
27572431;27572450;33;38529115
27572431;27572525;23;39566918
27572436;27572439;5;38875667
27572439;27572436;5;38875668
27572442;27572796;404;38226895
27572445;27572196;43;39701020
27572445;27572851;181;38479592
27572445;27573017;105;38726718
27572450;27571902;124;37606994
27572450;27572431;33;38529114
27572455;27572327;109;37508551
27572455;27572466;19;39723869
27572456;27572246;97;39545872
27572456;27572542;27;39551671
27572459;27572558;29;38682689
27572459;27572599;35;37859714
27572461;27572655;63;38228296
27572465;27572478;61;37508555
27572466;27572455;19;39723868
27572468;27572361;24;38894588
27572468;27572480;3;38894589
27572471;27572903;90;37606650
27572475;27572487;12;38889157
27572478;27572709;56;37505783
27572479;27572358;47;39073882
27572480;27572468;3;38894590
27572480;27572692;39;37643857
27572480;27572908;112;38228308
27572481;27572263;80;37499660
27572481;27572368;45;38175834
27572485;27572394;96;39213341
27572487;27572475;12;38889158
27572489;27572356;25;38997255
27572489;27572485;20;39213340
27572494;27572258;68;39550391
27572497;27572618;32;37859781
27572504;27572729;90;38555984
27572513;27572005;108;39572467
27572513;27573144;129;37607793
27572518;27572394;21;37505786
27572518;27572579;111;37505859
27572520;27572653;22;37779755
27572525;27572431;23;39566917
27572525;27572620;21;39566923
27572527;27572673;41;37515802
27572527;27572675;29;38889588
27572529;27572455;32;37508549
27572532;27572599;12;38477753
27572540;27571562;198;38874092
27572540;27572132;396;38229691
27572540;27572796;45;38874091
27572542;27572398;25;37608196
27572542;27572456;27;39551672
27572542;27572659;20;39545882
27572543;27570870;412;39073878
27572546;27572268;136;37541471
27572546;27572428;24;37607128
27572546;27572655;83;37607126
27572547;27572368;36;38853241
27572558;27572340;59;38682688
27572558;27572578;4;39615598
27572560;27572518;6;37505785
27572562;27572481;57;38175833
27572562;27572593;62;37521198
27572563;27572400;39;37498812
27572563;27572628;136;37498319
27572566;27572888;56;37606349
27572578;27572558;4;39615597
27572579;27572660;200;37505858
27572587;27572850;49;38394481
27572588;27572901;56;39572478
27572593;27572562;62;37521197
27572593;27572615;25;37521196
27572593;27572950;64;37499682
27572599;27572459;35;37859713
27572599;27573106;105;38477756
27572603;27572384;62;37607778
27572603;27572633;63;37607773
27572605;27572676;32;38245392
27572605;27572720;20;39536968
27572609;27572996;75;37561711
27572615;27572390;54;37499664
27572615;27572593;25;37521195
27572615;27572636;18;37521194
27572618;27572497;32;37859782
27572620;27572525;21;39566924
27572620;27572658;9;39566921
27572621;27572253;74;37561709
27572624;27572867;41;37505006
27572628;27572563;136;37498320
27572628;27572695;24;38281552
27572628;27572695;24;38281549
27572633;27572388;78;37607775
27572633;27572603;63;37607774
27572633;27572603;81;38278145
27572635;27572644;53;37521191
27572635;27572655;33;37521186
27572635;27573269;115;37498554
27572636;27572390;41;37607132
27572636;27572615;18;37521193
27572636;27572645;43;37521188
27572642;27572054;100;37498310
27572642;27572563;20;37498811
27572644;27572635;53;37521192
27572644;27572645;9;37521189
27572645;27572636;43;37521187
27572645;27572644;9;37521190
27572645;27573269;129;37499674
27572648;27572367;230;38479759
27572648;27572707;167;37498328
27572648;27572707;41;38479758
27572653;27572520;22;37779754
27572653;27572624;120;37505459
27572655;27572546;83;37607127
27572655;27572635;33;37521185
27572655;27572896;140;38477623
27572658;27572620;9;39566922
27572658;27572844;78;38529116
27572659;27572542;20;39545881
27572659;27572562;182;39233603
27572659;27573517;272;38589045
27572660;27572713;140;39536975
27572660;27572713;112;37505857
27572673;27572913;42;37548039
27572675;27572527;29;38889587
27572675;27572726;12;39701019
27572675;27572923;44;38889586
27572676;27572857;31;38245375
27572677;27572489;400;39213339
27572680;27572824;24;37498277
27572683;27572677;14;39213338
27572683;27572764;14;39536974
27572689;27572560;30;37505784
27572689;27572773;45;39580491
27572692;27572480;39;37643858
27572695;27572628;24;38281550
27572695;27572628;24;38281551
27572698;27572683;38;39536951
27572703;27573012;66;37859740
27572707;27572648;167;37498327
27572707;27572648;41;38479757
27572707;27572812;38;38479756
27572709;27572689;26;37505782
27572709;27573634;182;37506286
27572713;27572735;54;37505856
27572717;27573037;113;38128940
27572719;27572826;20;38908172
27572720;27572605;20;39536969
27572723;27572157;94;37498324
27572723;27572875;25;37498321
27572726;27572675;12;39701018
27572726;27572930;62;38889590
27572726;27572930;37;39701017
27572729;27572300;105;38162101
27572729;27572504;90;38555985
27572729;27573251;143;38162098
27572735;27572753;36;39536952
27572739;27572994;60;38452468
27572745;27572680;79;38209102
27572753;27572677;14;39536972
27572753;27572764;15;39536958
27572764;27572932;399;39536957
27572773;27572560;44;39580492
27572773;27572999;63;39580434
27572775;27572277;86;37498444
27572775;27572824;102;37498445
27572776;27572868;17;38908170
27572790;27572236;108;37505462
27572790;27572624;125;37606639
27572796;27572442;404;38226896
27572796;27572540;45;38874090
27572796;27572810;9;38742734
27572796;27573350;102;38874089
27572806;27573011;72;37499670
27572810;27572796;9;38742735
27572810;27572880;13;39547965
27572810;27572919;85;39547973
27572812;27572707;38;38479755
27572812;27572830;24;37498243
27572812;27573113;154;38476432
27572813;27572903;17;37606649
27572817;27572194;118;39508430
27572817;27572826;6;38511465
27572817;27572844;6;39508427
27572824;27573123;55;37498276
27572826;27572719;20;38908173
27572826;27572817;6;38511466
27572826;27572868;28;38511463
27572830;27572812;24;37498242
27572830;27572875;31;37498241
27572830;27572879;16;39491268
27572834;27572268;126;37499654
27572834;27572896;42;37607131
27572836;27572605;64;38245391
27572836;27572698;313;39536956
27572839;27572934;30;38477766
27572839;27573015;63;37616424
27572844;27572658;78;38529117
27572844;27572817;6;39508428
27572844;27572982;40;39508425
27572845;27572850;13;38162097
27572850;27572587;49;38394482
27572850;27572845;13;38162096
27572850;27572859;20;38162095
27572851;27572445;181;38479591
27572851;27573070;47;38479596
27572851;27573080;48;38479593
27572853;27572790;12;37505461
27572856;27572494;61;39680056
27572856;27572884;181;37527621
27572857;27572836;43;39536955
27572857;27572932;14;38245374
27572859;27571276;366;37515771
27572859;27572850;20;38162094
27572863;27571204;427;37895327
27572863;27572857;12;39536963
27572864;27572642;56;37498810
27572867;27572853;128;37505030
27572867;27573231;65;37505005
27572868;27572776;17;38908171
27572868;27572826;28;38511464
27572868;27573016;61;38511461
27572875;27572723;25;37498322
27572875;27572830;31;37498240
27572875;27572969;83;37498239
27572879;27572830;16;39491267
27572879;27572958;58;39491270
27572880;27572810;13;39547966
27572880;27573090;45;39547963
27572880;27573141;86;39547968
27572884;27572903;202;37527620
27572884;27573302;75;37527623
27572885;27572653;39;38522808
27572885;27572867;118;37505029
27572888;27572885;83;37505028
27572888;27573258;66;37606348
27572893;27572960;13;37801757
27572894;27571676;230;37506279
27572896;27572655;140;38477624
27572896;27572974;51;38477755
27572901;27573313;75;39572476
27572901;27573644;141;37801756
27572903;27572471;90;37606651
27572903;27573196;65;37606647
27572906;27573634;151;39586184
27572907;27572810;93;39547974
27572908;27572480;112;38228307
27572908;27573782;184;37518092
27572913;27572945;8;39213364
27572913;27573095;45;39213386
27572918;27573336;182;38128946
27572923;27572675;44;38889585
27572923;27572930;14;38889591
27572923;27572984;14;38889584
27572925;27572513;77;39572466
27572929;27573020;41;38856476
27572929;27573020;41;38856479
27572930;27572726;62;38889589
27572930;27572726;37;39701016
27572930;27572923;14;38889592
27572932;27572863;15;37895326
27572932;27573160;526;39536954
27572932;27573307;67;37895335
27572934;27572839;30;38477767
27572934;27573001;40;38477764
27572941;27572859;16;39213366
27572944;27573011;13;37499673
27572945;27573118;32;39213367
27572950;27573011;112;38175829
27572950;27573304;64;37499681
27572952;27573567;132;37793153
27572958;27572879;58;39491269
27572958;27572977;14;39491274
27572960;27573189;42;37801758
27572969;27572875;83;37498238
27572969;27572992;29;37498237
27572969;27573005;9;38281547
27572974;27572834;26;39405046
27572974;27573353;70;37499656
27572977;27572958;14;39491273
27572977;27573005;24;39491272
27572982;27572844;40;39508426
27572982;27572988;15;37790372
27572982;27572994;38;38588847
27572984;27572527;96;37515801
27572984;27572923;14;38889583
27572986;27572988;25;37790373
27572986;27573002;41;37790370
27572988;27572982;15;37790371
27572988;27572986;25;37790374
27572988;27573031;19;38856827
27572992;27572969;29;37498236
27572992;27573159;91;37498233
27572992;27573179;33;37498840
27572994;27572739;60;38452467
27572994;27572982;38;38588848
27572994;27573015;14;38588845
27572995;27572950;50;37499678
27572995;27573013;18;37607118
27572996;27572465;320;37508544
27572996;27573088;18;37561710
27572999;27572773;63;39580435
27572999;27573040;13;39580488
27573000;27572775;41;37498443
27573001;27572934;40;38477765
27573001;27573051;74;37670990
27573001;27573150;26;37518086
27573002;27572986;41;37790369
27573002;27573016;33;37790368
27573002;27573128;39;37544674
27573005;27572969;9;38281548
27573005;27572977;24;39491271
27573011;27572806;72;37499671
27573011;27572944;13;37499672
27573011;27572950;112;38175828
27573011;27573101;17;38175840
27573012;27572532;130;37499658
27573012;27572703;66;37859739
27573013;27572995;18;37607119
27573015;27572839;63;37616423
27573015;27572994;14;38588846
27573016;27572868;61;38511462
27573016;27573002;33;37790367
27573016;27573052;18;37790366
27573017;27572445;105;38726719
27573017;27572863;384;39536962
27573020;27572929;41;38856478
27573020;27572929;41;38856477
27573020;27573159;30;37607089
27573031;27572988;19;38856828
27573037;27572717;113;38128939
27573037;27573336;59;38128942
27573037;27573377;114;38128938
27573040;27572579;93;39536971
27573040;27572999;13;39580489
27573040;27573183;37;39580486
27573042;27572621;82;37507570
27573043;27573350;293;38226878
27573051;27573001;74;37670991
27573051;27573344;68;37793215
27573052;27573016;18;37790365
27573052;27573072;32;38477773
27573055;27573059;30;37498222
27573055;27573071;56;37498219
27573055;27573292;102;38856933
27573059;27572864;56;37498809
27573059;27573055;30;37498221
27573059;27573152;15;37498234
27573070;27572851;47;38479595
27573070;27573017;133;39536961
27573071;27572208;152;37498223
27573071;27573055;56;37498220
27573071;27573096;93;37498217
27573072;27573106;13;37607130
27573078;27572925;30;39572482
27573080;27572851;48;38479594
27573080;27573070;19;39536960
27573088;27573454;67;37508039
27573090;27572880;45;39547964
27573090;27573092;6;39547961
27573090;27573141;101;39547976
27573092;27573090;6;39547962
27573092;27573126;19;39547971
27573092;27573126;59;39547959
27573095;27572984;31;37515800
27573095;27573080;44;39536959
27573096;27572383;131;37498225
27573096;27573071;93;37498218
27573096;27573124;56;37498215
27573100;27572974;34;39405045
27573100;27573012;67;37499657
27573101;27573011;17;38175841
27573101;27573131;16;38175836
27573101;27573267;40;38175838
27573106;27573239;24;38477781
27573106;27573315;135;38950301
27573113;27572812;154;38476431
27573113;27573341;42;39545874
27573115;27573052;13;38477780
27573115;27573226;28;38477783
27573118;27573095;30;39213346
27573118;27573205;14;39213362
27573123;27573000;99;37498447
27573124;27572284;153;37498213
27573124;27573096;56;37498216
27573124;27573148;78;37611127
27573125;27572941;33;39213365
27573125;27573118;14;39213342
27573126;27573092;19;39547972
27573126;27573092;59;39547960
27573126;27573141;16;39547969
27573127;27573214;16;38175851
27573128;27572986;26;37859764
27573128;27573002;39;37544673
27573128;27573207;77;37544672
27573131;27573101;16;38175837
27573136;27572941;43;37548038
27573136;27573125;27;39213351
27573141;27572880;86;39547967
27573141;27573090;101;39547975
27573141;27573126;16;39547970
27573144;27573078;15;37607024
27573148;27572177;175;39539668
27573148;27573124;78;37611128
27573148;27573168;17;39584236
27573148;27573527;75;39528372
27573149;27572934;38;38803915
27573149;27573244;17;38477770
27573150;27573001;26;37518087
27573150;27573181;15;39537566
27573152;27573059;15;37498235
27573152;27573159;170;37498230
27573152;27573224;35;37607094
27573154;27572999;32;39580490
27573154;27573156;10;39586026
27573156;27573040;25;39536973
27573156;27573183;44;39586027
27573159;27572992;91;37498232
27573159;27573020;30;37607088
27573159;27573152;170;37498231
27573160;27573190;57;39213343
27573162;27573136;53;39213348
27573164;27573149;11;38477772
27573164;27573419;48;39537559
27573168;27572813;79;37606648
27573168;27573196;13;39584235
27573169;27572995;32;37499677
27573169;27573214;32;38175853
27573176;27573144;8;37607023
27573176;27573185;25;37505026
27573179;27572992;33;37498841
27573181;27573164;16;38477771
27573183;27573040;37;39580487
27573183;27575287;497;39580484
27573185;27573176;25;37505027
27573185;27573189;7;37505024
27573185;27573233;8;37607300
27573189;27573185;7;37505025
27573189;27573201;57;37505022
27573190;27573205;34;39213345
27573190;27573371;45;37515808
27573192;27573162;54;39213344
27573196;27573329;70;39584234
27573201;27572853;70;37505460
27573201;27573189;57;37505023
27573201;27573231;161;37607016
27573205;27573209;14;39213347
27573205;27573253;8;39213360
27573207;27573128;77;37544671
27573209;27573125;14;39213377
27573209;27573223;28;39213353
27573214;27573127;16;38175852
27573214;27573169;32;38175854
27573214;27573312;19;38175849
27573223;27573309;214;39213352
27573224;27573400;71;38856808
27573224;27573772;270;37607093
27573226;27573115;28;38477782
27573226;27573332;33;38477775
27573231;27573245;114;37607015
27573231;27573430;37;38550001
27573233;27573185;8;37607301
27573233;27573322;16;37801752
27573239;27573115;32;38477779
27573239;27573616;130;37499710
27573244;27573363;23;38477769
27573244;27573363;28;39539813
27573245;27572885;64;38522807
27573245;27573258;90;37607014
27573251;27572729;143;38162099
27573251;27573192;143;37548041
27573253;27573371;22;38555983
27573256;27573251;8;37548040
27573258;27573667;81;37606347
27573263;27573078;30;39572481
27573263;27573176;23;37587173
27573265;27573256;11;39213127
27573265;27573342;13;39213128
27573267;27573101;40;38175839
27573269;27572635;115;37498555
27573269;27572645;129;37499675
27573269;27574079;222;38476643
27573270;27573283;14;38175860
27573270;27573445;38;38175861
27573271;27572856;75;39680055
27573279;27573265;49;37506372
27573283;27573270;14;38175859
27573283;27573304;13;37607121
27573287;27573128;39;37859763
27573288;27573271;112;37606358
27573288;27573728;96;37516373
27573292;27573055;102;38856932
27573293;27573546;120;39483636
27573302;27573288;61;37606357
27573304;27573283;13;37607120
27573304;27573595;66;37499680
27573306;27573377;21;38130292
27573307;27572932;67;37895334
27573307;27573582;55;37895333
27573307;27573625;201;37561267
27573309;27573325;30;39213131
27573309;27573803;113;37547882
27573312;27573214;19;38175850
27573313;27573413;28;37607798
27573313;27573457;26;39503141
27573315;27573100;40;38950302
27573322;27573233;16;37801753
27573322;27573594;54;37801759
27573324;27573302;151;37606356
27573324;27573403;14;37516376
27573325;27573251;15;39213129
27573325;27573337;14;39213130
27573329;27573324;24;37606355
27573332;27573287;18;38477774
27573332;27573356;6;38856829
27573336;27572918;182;38128947
27573336;27573037;59;38128941
27573336;27573483;37;38128948
27573336;27573503;94;38128944
27573337;27573342;12;37506374
27573341;27573754;118;37498345
27573341;27573768;100;39545873
27573342;27573349;24;37506373
27573344;27573051;68;37793216
27573344;27573567;50;37616421
27573349;27573638;184;37506375
27573350;27572796;102;38874088
27573350;27573043;293;38226879
27573350;27573443;41;38739755
27573351;27573501;65;39317319
27573353;27573315;59;37499655
27573356;27573332;6;38856830
27573363;27573244;28;39539814
27573363;27573405;8;38477768
27573364;27573209;28;39531809
27573364;27573223;39;37515807
27573371;27573791;86;39213378
27573376;27572745;112;37498446
27573376;27573113;107;37498819
27573377;27573037;114;38128937
27573377;27573306;21;38130291
27573377;27573485;20;38128936
27573380;27573383;4;37643853
27573383;27573282;17;37643856
27573383;27573380;4;37643852
27573391;27573425;51;38128346
27573395;27573396;46;37607800
27573395;27573413;11;37607802
27573396;27573395;46;37607799
27573397;27573042;63;37508540
27573400;27573224;71;38856809
27573400;27573575;56;38856806
27573400;27573575;59;38856803
27573403;27573409;24;37606354
27573405;27573419;9;39539812
27573405;27573588;56;37518088
27573407;27573383;5;37643855
27573407;27573408;5;37643851
27573408;27573407;5;37643850
27573409;27573329;15;38707026
27573409;27573527;76;37606353
27573410;27573201;38;37505015
27573413;27573457;21;37607801
27573413;27573623;55;37607797
27573419;27573164;48;39537558
27573419;27573429;4;38907671
27573419;27573733;83;37793541
27573425;27573124;54;37498212
27573425;27573391;51;38128345
27573429;27573419;4;38907670
27573429;27573455;10;37793157
27573430;27573410;161;37779757
27573430;27573631;42;38550000
27573439;27573552;25;39317315
27573443;27573350;41;38739756
27573445;27573270;38;38175862
27573454;27573669;46;37508543
27573455;27573429;10;37793156
27573455;27573681;82;37518089
27573457;27573653;43;39503140
27573472;27573554;18;38123040
27573481;27572894;108;37506278
27573481;27573154;87;37506290
27573483;27573279;122;39213337
27573485;27573377;20;38128935
27573485;27573499;15;38130294
27573485;27573513;7;38128934
27573486;27573695;82;37607796
27573499;27573485;15;38130293
27573501;27573351;65;39317318
27573501;27573564;102;38294090
27573501;27573940;112;39317317
27573503;27573336;94;38128945
27573513;27573485;7;38128933
27573513;27573557;11;39477558
27573515;27573336;37;38128949
27573515;27573483;15;39213336
27573517;27572659;272;38589044
27573517;27573538;33;38476429
27573525;27573555;19;38889581
27573525;27573626;69;38889594
27573525;27573626;43;38889580
27573527;27573148;75;39528373
27573527;27573645;26;39528374
27573527;27573723;114;37548879
27573538;27573376;72;37498818
27573538;27573517;33;38476430
27573538;27573870;97;37555050
27573546;27573293;120;39483635
27573546;27573425;25;37498211
27573552;27573439;25;39317314
27573552;27573564;10;38294091
27573552;27573736;38;39317313
27573554;27573472;18;38123041
27573554;27573839;56;38235558
27573555;27573515;16;39213335
27573555;27573525;19;38889582
27573557;27573513;11;39477557
27573557;27573718;32;38128943
27573564;27573501;102;38294089
27573564;27573552;10;38294092
27573564;27573652;40;39317279
27573567;27572952;132;37793152
27573567;27573344;50;37616422
27573567;27573782;48;37616419
27573575;27573400;56;38856807
27573575;27573400;59;38856802
27573575;27573709;73;38856804
27573582;27573307;55;37895332
27573582;27573690;22;37895331
27573588;27573733;31;37616427
27573594;27573322;54;37801760
27573595;27573169;83;37499676
27573595;27573881;64;37499679
27573599;27573397;44;37508541
27573605;27573410;41;37505014
27573613;27573673;14;37643848
27573615;27573403;77;37516378
27573615;27573823;123;37914847
27573616;27573239;130;37499709
27573616;27573740;34;37499708
27573616;27573937;70;37691436
27573619;27573344;57;37895604
27573620;27573517;28;39492237
27573623;27573557;57;38128932
27573623;27573695;37;38128927
27573625;27573307;201;37561268
27573625;27573636;16;39642112
27573625;27573914;60;39642109
27573626;27573525;69;38889593
27573626;27573525;43;38889579
27573626;27573710;16;38889578
27573631;27573605;161;37505021
27573631;27573812;34;38549999
27573634;27573960;72;37506285
27573636;27573625;16;39642113
27573636;27573690;68;39642110
27573636;27573928;60;38294010
27573638;27573555;18;39536967
27573638;27573704;24;39536953
27573644;27577968;900;37515817
27573645;27573527;26;39528375
27573645;27573865;44;39528380
27573646;27573653;19;38130290
27573650;27572925;139;37607795
27573651;27573245;81;37505036
27573651;27573631;114;37505020
27573652;27573564;40;39317278
27573653;27573646;19;38130289
27573653;27574033;81;39503139
27573660;27573407;53;37643854
27573660;27573673;8;38557098
27573667;27573651;98;37505019
27573667;27573680;100;37607010
27573667;27574017;73;37606346
27573669;27573942;56;37508542
27573673;27573613;14;37643849
27573673;27573660;8;38557097
27573673;27573692;12;38557096
27573680;27573271;80;39680054
27573680;27573667;100;37607011
27573680;27573728;148;37606342
27573681;27573150;121;37895605
27573690;27573582;22;37895330
27573690;27573636;68;39642111
27573690;27575306;355;37895329
27573692;27573673;12;38557095
27573695;27573718;25;39536966
27573700;27573582;488;38479487
27573700;27573771;132;38479513
27573700;27573842;44;38479533
27573704;27573738;15;38812375
27573709;27573575;73;38856805
27573710;27573555;59;39213334
27573710;27573626;16;38889577
27573711;27573638;17;37607770
27573711;27573704;31;37517189
27573712;27573731;99;38452280
27573712;27573802;19;38452275
27573717;27573554;137;37498341
27573717;27573808;39;38235559
27573718;27573766;55;39536965
27573723;27573546;34;37498210
27573723;27573995;165;37548878
27573725;27573711;44;37517188
27573725;27573775;108;37607025
27573728;27573794;64;37516371
27573731;27573712;99;38452281
27573731;27573796;50;37689184
27573731;27573831;20;38452872
27573733;27573911;38;37616426
27573736;27573552;38;39317312
27573736;27573883;49;39317281
27573736;27574150;90;39317311
27573738;27574087;152;38812374
27573740;27573616;34;37499707
27573740;27573994;68;37499706
27573741;27573645;40;38123052
27573754;27573826;14;38476433
27573754;27573835;21;37498344
27573766;27573710;25;39213333
27573768;27573837;44;37561859
27573771;27573700;132;38479514
27573771;27573791;42;38552802
27573771;27574297;147;38479511
27573772;27573779;59;38128369
27573772;27573927;37;37607092
27573775;27574777;220;39585044
27573779;27573772;59;38128370
27573782;27572908;184;37518091
27573782;27573567;48;37616420
27573782;27574126;76;37616417
27573791;27573771;42;38552803
27573791;27573795;14;38552800
27573791;27574389;132;39213376
27573794;27573615;62;37516377
27573794;27574115;82;37516369
27573795;27573364;88;39213379
27573795;27573791;14;38552801
27573795;27573797;69;37531840
27573796;27573731;50;37689185
27573796;27573831;19;37859746
27573796;27574053;56;37689182
27573797;27573795;69;37531841
27573797;27573798;68;37531838
27573797;27574200;87;37548033
27573798;27573797;68;37531839
27573798;27573801;66;37531836
27573798;27574193;86;37548035
27573801;27573798;66;37531837
27573801;27573803;87;37531834
27573801;27574196;86;37548037
27573802;27573712;19;38452274
27573802;27573838;7;38452273
27573802;27573845;32;37689187
27573803;27573801;87;37531835
27573803;27574603;182;37547906
27573805;27574043;78;39317277
27573808;27573717;39;38235560
27573808;27574016;46;37607085
27573809;27573906;49;38128366
27573812;27573814;10;38128515
27573812;27573936;28;38549998
27573814;27573812;10;38128516
27573814;27573815;9;38128513
27573815;27573814;9;38128514
27573815;27573830;78;38128519
27573822;27573620;49;38477472
27573822;27574064;426;37608203
27573823;27573615;123;37914846
27573823;27573850;22;39584233
27573826;27573768;127;38476441
27573830;27573815;78;38128520
27573830;27573832;11;38128517
27573831;27573731;20;38452873
27573831;27573796;19;37859745
27573831;27573958;41;37859744
27573832;27573830;11;38128518
27573832;27573833;6;38128511
27573833;27573651;34;37505035
27573833;27573832;6;38128512
27573835;27573826;20;38476440
27573835;27573870;9;39665701
27573837;27573808;29;37607086
27573838;27573802;7;38452272
27573838;27573958;62;39411284
27573838;27574152;76;38452277
27573839;27573717;126;37498340
27573839;27573970;97;38235561
27573842;27573700;44;38479532
27573842;27574070;79;38479496
27573844;27573817;6;38761328
27573845;27573802;32;37689186
27573850;27573823;22;39584232
27573850;27573865;10;37607013
27573861;27573960;22;39586181
27573863;27574003;113;37536078
27573865;27573645;44;39528381
27573865;27573850;10;37607012
27573865;27574189;76;39528378
27573870;27573538;97;37555051
27573870;27573835;9;39665700
27573870;27574098;54;37498842
27573872;27573738;31;38278139
27573872;27573903;8;38278138
27573877;27573740;137;37499700
27573877;27574038;60;37859780
27573879;27573605;53;37505013
27573879;27573936;162;37505018
27573881;27573269;157;38476644
27573883;27573736;49;39317280
27573883;27574100;73;38294082
27573887;27574117;53;38128364
27573892;27574077;45;38557100
27573899;27573877;20;37499699
27573899;27574179;94;39673613
27573903;27573959;12;38278140
27573903;27574046;61;38278137
27573906;27573809;49;38128365
27573906;27573822;51;38175832
27573911;27573998;21;38856831
27573911;27574003;97;37616425
27573912;27573599;63;37508038
27573914;27573928;16;37561285
27573914;27574052;61;37561284
27573927;27573931;20;38128367
27573927;27573997;19;37607091
27573928;27573636;60;38294009
27573928;27573914;16;37561286
27573928;27575050;248;37561270
27573931;27573927;20;38128368
27573936;27573983;113;37505017
27573936;27574249;73;38549997
27573937;27573616;70;37691435
27573937;27574047;54;37793300
27573937;27574047;40;37691434
27573940;27573501;112;39317316
27573942;27575477;332;39586179
27573948;27574089;40;39317275
27573953;27573486;169;37607803
27573953;27573650;60;37515820
27573955;27574038;27;37859705
27573958;27573831;41;37859743
27573958;27573838;62;39411283
27573958;27574007;24;39411282
27573960;27573861;22;39586182
27573960;27574504;122;37506284
27573970;27573179;203;37498251
27573983;27573833;33;37505034
27573983;27574017;107;37505016
27573989;27574075;39;38278141
27573994;27573740;68;37499705
27573994;27574042;15;38889280
27573995;27574095;68;37548877
27573995;27574104;26;39483621
27573997;27574028;69;38128361
27573997;27574095;28;37607090
27573998;27573911;21;38856832
27573998;27574053;43;38452278
27574001;27574169;50;38294048
27574003;27573681;74;38477763
27574003;27573863;113;37536077
27574007;27573958;24;39411281
27574007;27574053;34;39411280
27574007;27574152;64;37859783
27574011;27574175;35;38952275
27574016;27574019;14;37607084
27574016;27574094;106;38235574
27574017;27574332;72;37606345
27574019;27574023;16;39545842
27574019;27574373;80;38858068
27574023;27573837;42;39545841
27574023;27574074;142;37607123
27574028;27573997;69;38128362
27574033;27574062;8;39503138
27574036;27574052;24;39642116
27574038;27573877;60;37859779
27574038;27573955;27;37859706
27574038;27574107;25;37859778
27574042;27573994;15;38889279
27574042;27574093;18;37790376
27574042;27574112;16;38889278
27574043;27573805;78;39317276
27574043;27574089;40;38294042
27574043;27574100;19;39317291
27574046;27573872;145;38278136
27574047;27573937;40;37691433
27574047;27573937;54;37793301
27574047;27574155;27;37691432
27574048;27573766;120;39213332
27574051;27573680;79;39680053
27574052;27573914;61;37561283
27574052;27574036;24;39642117
27574052;27574191;31;37561282
27574053;27573796;56;37689183
27574053;27573998;43;38452279
27574053;27574007;34;39411279
27574053;27574134;31;38451547
27574060;27574033;54;37780412
27574060;27574048;9;37505781
27574062;27574085;25;37505779
27574064;27573269;324;37608202
27574070;27573842;79;38479497
27574070;27574298;77;38479494
27574070;27574556;531;38479485
27574070;27575453;304;38479486
27574074;27573870;75;37498250
27574074;27574098;68;37607125
27574076;27574127;12;38175846
27574076;27574171;63;38175845
27574076;27574171;41;38175857
27574077;27573892;45;38557099
27574077;27574088;19;37771603
27574077;27574275;46;37599772
27574079;27574207;34;38476642
27574079;27574487;113;37499683
27574085;27574060;15;37505780
27574085;27574156;16;37505776
27574087;27574116;9;39213350
27574088;27574077;19;37771602
27574088;27574092;8;37793155
27574089;27573948;40;39317274
27574089;27574043;40;38294041
27574089;27574436;96;38294040
27574090;27573728;96;37516370
27574090;27574051;134;37516372
27574090;27574407;81;38119646
27574092;27574088;8;37793154
27574093;27574042;18;37790377
27574093;27574107;3;38889293
27574093;27574188;19;38889288
27574094;27574154;38;38235573
27574095;27574301;56;37548876
27574097;27574211;35;37859754
27574098;27574074;68;37607124
27574098;27574117;24;37555053
27574100;27573883;73;38294081
27574100;27574043;19;39317290
27574100;27574169;19;39317289
27574100;27574518;112;38294080
27574104;27573995;26;39483622
27574107;27574038;25;37859777
27574107;27574093;3;38889294
27574107;27574178;18;38889291
27574109;27573263;176;39572480
27574109;27574062;21;37505778
27574112;27574042;16;38889277
27574115;27574090;46;38119221
27574116;27574156;13;39213349
27574116;27574215;22;39536970
27574117;27573887;53;38128363
27574117;27574145;59;37555052
27574123;27574115;24;37732024
27574124;27574109;4;37505777
27574124;27574133;11;39213382
27574126;27573782;76;37616418
27574126;27574241;40;37599776
27574126;27574523;102;37516228
27574127;27573906;116;38175831
27574127;27574076;12;38175847
27574133;27574124;11;39213381
27574134;27574053;31;38451546
27574135;27573899;79;37499698
27574145;27573822;94;37607122
27574145;27574185;104;37498245
27574145;27574509;80;38589644
27574150;27573736;90;39317310
27574150;27574260;34;38294060
27574150;27574641;112;39317272
27574152;27573838;76;38452276
27574152;27574007;64;37859784
27574154;27573839;72;37498339
27574154;27574250;75;38128344
27574155;27574047;27;37691431
27574155;27574112;28;37708246
27574156;27574190;8;37505775
27574164;27574250;27;38123398
27574168;27574263;28;38175856
27574169;27574001;50;38294047
27574169;27574100;19;39317288
27574169;27574322;52;39317287
27574169;27574547;104;38294046
27574171;27574076;41;38175858
27574171;27574076;63;38175844
27574171;27574212;12;38175843
27574175;27574011;35;38952276
27574175;27574133;27;39528507
27574178;27574107;18;38889292
27574178;27574188;9;38889289
27574179;27574178;3;37499704
27574179;27574211;78;37499701
27574180;27574191;24;39642124
27574183;27574115;15;37516375
27574183;27574123;21;37606371
27574185;27573906;61;37498847
27574185;27574357;103;37498244
27574188;27574093;19;38889287
27574188;27574178;9;38889290
27574188;27574617;126;37499713
27574189;27573865;76;39528379
27574189;27574123;158;37732023
27574189;27574355;41;39528376
27574190;27574215;15;37517187
27574190;27574232;13;37505774
27574191;27574052;31;37561281
27574191;27574180;24;39642125
27574191;27574320;32;37561280
27574193;27573798;86;37548034
27574196;27573801;86;37548036
27574200;27573797;87;37548032
27574205;27573879;74;37505012
27574205;27574175;85;39528506
27574206;27574135;49;37499703
27574206;27574440;53;38209104
27574207;27574135;20;37499697
27574207;27574278;25;37499696
27574208;27573741;101;37498416
27574208;27574189;66;37732025
27574208;27574258;175;39483616
27574210;27574127;35;38175830
27574211;27574097;35;37859753
27574211;27574206;10;37499702
27574212;27574171;12;38175842
27574212;27574210;6;37620959
27574215;27574341;80;37517186
27574218;27574234;51;39528500
27574222;27573741;198;38123051
27574227;27574218;27;38875791
27574232;27574246;10;37505771
27574234;27574205;8;39528512
27574234;27574251;69;39528499
27574236;27574124;27;37505773
27574236;27574218;75;39528508
27574239;27574205;131;39528505
27574241;27573660;135;37518090
27574241;27574126;40;37599777
27574241;27574431;43;37599774
27574243;27574236;4;37505772
27574246;27574243;31;37505770
27574246;27574293;12;37515816
27574249;27574239;32;37914852
27574249;27574286;8;39528513
27574250;27574497;50;38123397
27574251;27574276;64;37608252
27574258;27574222;11;37794574
27574258;27574265;11;39483615
27574260;27574150;34;38294059
27574260;27574322;38;38294088
27574260;27574448;49;38294058
27574263;27574168;28;38175855
27574263;27574212;26;37620958
27574265;27574222;15;38123050
27574265;27574266;6;39483619
27574266;27574265;6;39483620
27574266;27574267;4;39483617
27574267;27574265;100;37794573
27574267;27574266;4;39483618
27574267;27574301;144;37498418
27574268;27574064;47;37783375
27574268;27574359;85;38239600
27574275;27574077;46;37599771
27574275;27574484;49;37599770
27574276;27574286;30;37608251
27574278;27574487;66;37499695
27574278;27574542;55;37788799
27574282;27574292;18;37516233
27574286;27574302;30;37608250
27574288;27574155;37;37708245
27574288;27574300;34;37788814
27574289;27574348;12;37644712
27574292;27574282;18;37516232
27574293;27574232;61;37780413
27574293;27575021;159;37515815
27574294;27573983;73;37505033
27574294;27574249;113;37914851
27574297;27573771;147;38479512
27574298;27574070;77;38479495
27574298;27574677;121;38479492
27574300;27574155;36;39508924
27574300;27574288;34;37788813
27574301;27574502;50;37548875
27574302;27574276;237;37505004
27574302;27574311;20;37608249
27574307;27574320;24;39642120
27574310;27574502;74;39483614
27574311;27574323;56;39528493
27574320;27574191;32;37561279
27574320;27574307;24;39642121
27574320;27574466;31;37561278
27574322;27574169;52;39317286
27574322;27574260;38;38294087
27574322;27574412;19;39317285
27574323;27574294;9;37505032
27574323;27574362;81;39528495
27574332;27574294;114;37914850
27574332;27574386;12;37606344
27574340;27574332;21;37914849
27574340;27574386;22;37782324
27574341;27574348;3;37517185
27574341;27574469;27;37498195
27574342;27574094;72;37498343
27574342;27574373;63;37498247
27574348;27574415;37;37517184
27574351;27574210;33;37790118
27574353;27574340;29;39528492
27574355;27574189;41;39528377
27574355;27574381;8;37608243
27574357;27574351;40;38175848
27574357;27574748;87;37790122
27574357;27574785;122;37790115
27574359;27574268;85;38239601
27574362;27574386;40;39528496
27574364;27573481;193;39586040
27574364;27573912;101;39586024
27574373;27574019;80;38858067
27574373;27574651;60;38858066
27574375;27574353;41;39528498
27574378;27574051;73;39680052
27574378;27574375;10;39528497
27574381;27574485;40;37608245
27574381;27574499;26;39528382
27574386;27574402;45;39528494
27574386;27574574;40;39680741
27574389;27574701;70;39213375
27574389;27574701;84;38479618
27574392;27574355;9;39541863
27574396;27573619;182;38857977
27574396;27574523;56;39688711
27574398;27574074;121;37498249
27574398;27574373;68;38238424
27574400;27574289;58;37644713
27574400;27574289;74;37644711
27574402;27574421;45;39528502
27574407;27574378;88;39528511
27574407;27574445;8;39528383
27574408;27574396;3;38857976
27574411;27574640;71;37548024
27574412;27574322;19;39317284
27574412;27574448;9;39317283
27574412;27574512;70;38294113
27574415;27574452;22;38685597
27574415;27574469;39;38685592
27574421;27574375;10;37794238
27574421;27574424;10;39528501
27574424;27574378;10;39550395
27574424;27574445;88;39528504
27574427;27574300;27;39508923
27574431;27574241;43;37599775
27574431;27574275;91;37599773
27574431;27574462;8;37599780
27574436;27574089;96;38294039
27574436;27574518;42;38294056
27574440;27574206;53;38209103
27574440;27574506;39;38889286
27574443;27574398;96;37498816
27574445;27574465;47;39528503
27574447;27574183;67;37516374
27574447;27574407;118;39528510
27574448;27574260;49;38294057
27574448;27574412;9;39317282
27574448;27574512;62;39317293
27574448;27574641;57;39317333
27574449;27574466;24;39642119
27574452;27574400;11;37644710
27574452;27574415;22;38685598
27574452;27574546;52;38685595
27574453;27574462;7;39688713
27574453;27574608;45;39688714
27574455;27575522;251;39317335
27574462;27574431;8;37599781
27574462;27574453;7;39688712
27574462;27574645;43;37599778
27574465;27574496;62;39528362
27574466;27574320;31;37561277
27574466;27574449;24;39642118
27574466;27574601;30;37561276
27574467;27574427;10;37788810
27574467;27574478;49;37788801
27574469;27574415;39;38685591
27574469;27574990;112;37498194
27574473;27573953;117;37515819
27574473;27574227;82;37607017
27574478;27574467;49;37788802
27574479;27574443;76;37498815
27574479;27574862;87;37607095
27574482;27574483;17;39615595
27574483;27574482;17;39615596
27574484;27574275;49;37599769
27574484;27574489;12;37643859
27574485;27574447;97;39528509
27574487;27574554;81;37499694
27574489;27574484;12;37643860
27574489;27574492;6;38183423
27574490;27574408;44;37518077
27574492;27574489;6;38183424
27574492;27574498;3;38183425
27574496;27574447;12;37794233
27574496;27574505;26;39528361
27574497;27574342;158;37498246
27574497;27574521;38;38126724
27574498;27574292;42;37515837
27574498;27574492;3;38183426
27574499;27574485;25;39552391
27574499;27574537;10;39528325
27574502;27574310;74;39483613
27574502;27574666;36;37548874
27574503;27574392;24;37914848
27574503;27574499;11;39528324
27574503;27574543;10;37780090
27574504;27575119;135;39586183
27574505;27574513;10;39528366
27574506;27574440;39;38889285
27574509;27574145;80;38589643
27574509;27574479;70;37498814
27574509;27574889;87;38589642
27574512;27574412;70;38294114
27574512;27574448;62;39317292
27574512;27574599;22;38294078
27574513;27574529;68;39528365
27574513;27574552;9;38287986
27574516;27574392;29;37608246
27574516;27574503;23;39528363
27574518;27574100;112;38294079
27574518;27574436;42;38294055
27574518;27574547;20;38294054
27574521;27574497;38;38126725
27574523;27574608;40;37516225
27574523;27574721;56;37516227
27574529;27574537;24;39528364
27574529;27574635;28;37608238
27574530;27574467;14;37788809
27574530;27574678;46;37788820
27574532;27574712;42;37790120
27574534;27574208;72;37498415
27574534;27574516;54;39528360
27574537;27574543;11;38853360
27574537;27574635;23;39528370
27574542;27574606;30;38889284
27574542;27574723;43;37788798
27574543;27574503;10;37780089
27574543;27574557;25;38853362
27574544;27574530;7;38889282
27574544;27574622;30;38889276
27574544;27574647;23;38889271
27574545;27574185;80;37498846
27574545;27574509;102;37498813
27574546;27574452;52;38685596
27574546;27574582;28;38685593
27574547;27574169;104;38294045
27574547;27574518;20;38294053
27574547;27574598;38;38294052
27574552;27574513;9;38287987
27574554;27574560;61;37620957
27574554;27574700;112;38209101
27574556;27574578;57;39333612
27574556;27575138;128;38479484
27574557;27574566;54;39552390
27574560;27574263;185;37620956
27574560;27574268;96;37783374
27574566;27574534;7;37498414
27574566;27574634;189;39528367
27574574;27574692;34;37794239
27574574;27575459;188;39680740
27574578;27574298;371;38479516
27574578;27574556;57;39333611
27574581;27574601;24;39642123
27574582;27573725;190;37517190
27574582;27574546;28;38685594
27574582;27574648;32;38812378
27574593;27574266;72;37498417
27574593;27574534;189;38853361
27574598;27574547;38;38294051
27574598;27575065;106;39317301
27574599;27574512;22;38294077
27574599;27574891;70;39317305
27574599;27574917;75;38294076
27574601;27574466;30;37561275
27574601;27574581;24;39642122
27574601;27574724;29;37561274
27574603;27574640;82;37548017
27574603;27575472;184;37547905
27574605;27574682;24;39333609
27574605;27574941;158;38479506
27574606;27574542;30;38889283
27574608;27574453;45;39688715
27574608;27574645;13;37516223
27574610;27574629;43;37548022
27574610;27575279;197;37547854
27574612;27574408;50;38857975
27574612;27574490;92;37790933
27574614;27574490;80;37518076
27574616;27574812;43;38128985
27574617;27574723;89;37499712
27574617;27574772;40;37691427
27574622;27574544;30;38889275
27574622;27574544;25;38889281
27574622;27574647;11;38889274
27574624;27574605;19;38479527
27574624;27574682;13;39333613
27574626;27574546;20;37607764
27574626;27574716;58;37607765
27574629;27574610;43;37548021
27574629;27574640;7;37548020
27574629;27574854;51;37548029
27574630;27574498;30;37515836
27574630;27574762;30;39537619
27574634;27574593;8;39528292
27574634;27574690;178;38853364
27574634;27574957;71;37608247
27574635;27574847;50;37780093
27574639;27574630;70;37516224
27574640;27574411;71;37548023
27574640;27574603;82;37548018
27574640;27574629;7;37548019
27574641;27574150;112;39317273
27574641;27574448;57;39317332
27574641;27575101;100;39317330
27574644;27574543;24;39528371
27574644;27574557;39;37780088
27574645;27574462;43;37599779
27574645;27574639;28;37516222
27574645;27574807;41;39370910
27574647;27574544;23;38889272
27574647;27574622;11;38889273
27574647;27574681;9;39671905
27574648;27574582;32;38812379
27574648;27574714;49;38812376
27574648;27574716;20;37607772
27574651;27574342;87;37498342
27574651;27574373;60;38858065
27574651;27574398;91;37498248
27574651;27574793;31;37775237
27574658;27574612;10;38857974
27574666;27574593;178;39528286
27574666;27574690;8;37548873
27574669;27574424;53;39550394
27574670;27574421;54;37794237
27574675;27574614;25;37737838
27574677;27574298;121;38479493
27574677;27574624;69;38479526
27574677;27574717;12;38479490
27574678;27574530;46;37788819
27574678;27574827;66;37788812
27574682;27574717;68;39333608
27574684;27574762;59;39537565
27574690;27574754;181;38853363
27574690;27575026;71;39543467
27574692;27574670;111;37794234
27574693;27574724;55;39642115
27574700;27574554;112;38209100
27574701;27575025;68;39213374
27574701;27575025;84;38479617
27574706;27574497;49;37498817
27574706;27574666;147;38909830
27574712;27574532;42;37790119
27574712;27574729;29;37788804
27574714;27574648;49;38812377
27574714;27574752;21;38685590
27574715;27574706;33;38909829
27574716;27574769;10;37607771
27574717;27574677;12;38479491
27574717;27575201;100;39333610
27574721;27574658;51;37516231
27574721;27575040;68;37516226
27574723;27574808;29;37499711
27574724;27574601;29;37561273
27574724;27574693;55;39642114
27574724;27575020;61;37561272
27574725;27574888;34;37521013
27574729;27574351;86;37790117
27574729;27574999;54;37607087
27574748;27574357;87;37790121
27574748;27574729;32;37608256
27574752;27574777;12;38685589
27574754;27574715;7;39498283
27574754;27574821;179;39498282
27574757;27575105;129;38294004
27574762;27574783;12;39537564
27574769;27574626;70;37607763
27574771;27574721;36;37516230
27574772;27574774;49;37788818
27574772;27574833;14;37691426
27574774;27574772;49;37788817
27574777;27575188;86;37908469
27574781;27574825;28;37783379
27574782;27574714;16;38128959
27574782;27574752;11;38685588
27574783;27574838;45;39537563
27574783;27574978;44;37498057
27574785;27574357;122;37790116
27574785;27574748;27;37608255
27574788;27574669;191;37788761
27574788;27575152;77;37607029
27574791;27574712;79;37788803
27574793;27574651;31;37775236
27574793;27574715;180;38909828
27574793;27574821;8;38909832
27574795;27574975;40;39317329
27574799;27574812;59;38128986
27574799;27574812;221;37544462
27574799;27574895;30;38128983
27574804;27574825;12;38894717
27574807;27574645;41;39370911
27574807;27574771;26;37516229
27574807;27574894;26;38857978
27574807;27574927;26;37778637
27574808;27574835;214;37607116
27574812;27574616;43;38128984
27574812;27574799;59;38128987
27574812;27574799;221;37544463
27574819;27574825;36;38894714
27574821;27574793;8;38909831
27574821;27574868;166;38909827
27574821;27575179;75;38909826
27574825;27574781;28;37783378
27574825;27574804;12;38894716
27574825;27574819;36;38894715
27574827;27574622;46;37788816
27574827;27574678;66;37788811
27574831;27574644;45;39528369
27574833;27574112;174;37518093
27574833;27574808;133;37689189
27574833;27574910;22;39541282
27574835;27574791;63;37607117
27574835;27575053;45;37608259
27574837;27574854;53;38142704
27574838;27574639;47;37498064
27574838;27574894;42;39537617
27574839;27574847;7;38287984
27574843;27574443;89;37498553
27574843;27574793;166;37731867
27574845;27574972;28;37518083
27574847;27574839;7;38287983
27574847;27574900;13;37780092
27574854;27574629;51;37548030
27574854;27574837;53;38142705
27574854;27574960;22;37548027
27574858;27574831;20;38853384
27574858;27574890;24;37782683
27574859;27574982;33;37689188
27574862;27574843;73;37731866
27574867;27574545;74;37498845
27574867;27574785;89;37608254
27574868;27574843;7;37498552
27574868;27574925;144;39528289
27574871;27575069;42;38131170
27574877;27574566;70;37498413
27574877;27574858;79;38853383
27574888;27574725;34;37521012
27574888;27575227;75;37811432
27574889;27574509;87;38589641
27574889;27574862;71;37731865
27574889;27574925;7;37581920
27574890;27574831;15;39528368
27574890;27574900;9;37782682
27574891;27574599;70;39317304
27574891;27574917;9;39317303
27574891;27574975;29;39317309
27574892;27574910;64;37788796
27574894;27574807;26;38857979
27574894;27574927;20;37498071
27574894;27575113;44;39537561
27574895;27574799;30;38128982
27574895;27574952;11;38128972
27574899;27574904;15;38250265
27574899;27574939;34;38250262
27574899;27574969;17;38250255
27574900;27574954;10;37780091
27574904;27574899;15;38250266
27574904;27574934;27;38250263
27574904;27574969;16;38250254
27574906;27574953;8;37732020
27574909;27574827;20;37788815
27574910;27574833;22;39541281
27574910;27574892;64;37788797
27574910;27575120;42;37790375
27574917;27574599;75;38294075
27574917;27574891;9;39317302
27574917;27575067;30;38294074
27574925;27574889;7;37581921
27574925;27574943;30;39528288
27574927;27574989;38;37498070
27574934;27574904;27;38250264
27574934;27574968;9;38907660
27574934;27575027;22;38907657
27574937;27574867;15;37608253
27574937;27574889;98;37788808
27574939;27574899;34;38250261
27574941;27574605;158;38479505
27574943;27574964;63;39528287
27574943;27575160;178;37794243
27574945;27574867;20;37608257
27574945;27574937;24;37788807
27574952;27574895;11;38128971
27574952;27574993;7;37544461
27574953;27575015;12;38128969
27574954;27574788;115;37788760
27574954;27574890;15;37608244
27574954;27575134;109;37516380
27574954;27575311;83;37607741
27574957;27574634;71;37608248
27574957;27574877;186;38853382
27574957;27575402;93;38853393
27574960;27574854;22;37548028
27574960;27575018;11;37548025
27574961;27573795;256;39333602
27574962;27575020;73;38479530
27574964;27574937;9;37608258
27574964;27575035;183;37731870
27574968;27574934;9;38907661
27574969;27574899;17;38250256
27574969;27574904;16;38250253
27574969;27574992;13;38250251
27574970;27574972;50;38894713
27574972;27574845;28;37518082
27574972;27575148;37;37518081
27574975;27574795;40;39317328
27574975;27574891;29;39317308
27574975;27575196;47;39317307
27574978;27574888;61;39537569
27574978;27575310;75;37498056
27574982;27574288;210;37708244
27574989;27574771;47;37778638
27574989;27575040;38;37498069
27574990;27574991;12;37517191
27574990;27575098;23;37498193
27574991;27574993;13;38128963
27574992;27574969;13;38250252
27574992;27575027;20;38250275
27574993;27574952;7;37544460
27574993;27575013;75;38128964
27574995;27574234;164;37498201
27574995;27575155;191;37505037
27574999;27574945;127;37788806
27575013;27575017;13;37895536
27575015;27574953;12;38128970
27575015;27575060;10;38128974
27575017;27575021;11;39531804
27575018;27574960;125;37548031
27575018;27574960;11;37548026
27575019;27574910;23;39754810
27575020;27574724;61;37561271
27575020;27574962;73;38479531
27575020;27575050;42;38479528
27575021;27575023;12;39531805
27575021;27575806;164;39531798
27575023;27574243;168;38854151
27575023;27575028;11;37895539
27575025;27575080;11;39213373
27575026;27574957;181;38128334
27575026;27575283;56;39543466
27575027;27574934;22;38907658
27575027;27574992;20;38250274
27575027;27575143;23;38250273
27575028;27575033;10;37783124
27575029;27574675;99;38907659
27575029;27574970;30;37518085
27575033;27575060;76;37783158
27575035;27575084;120;37731869
27575035;27575528;260;37527847
27575037;27575295;145;37783381
27575039;27574993;11;38128973
27575040;27575157;78;37498068
27575041;27574574;176;37498197
27575041;27575112;16;38131165
27575042;27574961;23;39213380
27575042;27575068;30;37547853
27575043;27574838;44;37498063
27575043;27574978;45;39537568
27575047;27574999;149;37788805
27575050;27575020;42;38479529
27575050;27575352;66;37561269
27575051;27575061;27;38250250
27575053;27575047;21;39528291
27575053;27575093;8;39528294
27575055;27575019;10;37790364
27575055;27575120;29;38590690
27575060;27575015;10;38128975
27575060;27575062;4;37783157
27575060;27575118;10;38128977
27575061;27575051;27;38250249
27575061;27575064;10;38250246
27575061;27575137;16;38250248
27575062;27575066;14;37779756
27575064;27575061;10;38250245
27575065;27574598;106;39317300
27575065;27575209;30;39317327
27575065;27575213;34;39317299
27575066;27575070;12;37779762
27575067;27574917;30;38294073
27575067;27575082;26;38294111
27575067;27575196;47;38294106
27575068;27574610;289;37547855
27575068;27575042;30;37547852
27575068;27575163;29;37547851
27575069;27574871;42;38131169
27575070;27574995;16;37498200
27575080;27575373;62;39213372
27575080;27575373;80;38479614
27575081;27574364;154;39586013
27575082;27575067;26;38294112
27575082;27575101;24;38294109
27575082;27576385;319;39317266
27575084;27575085;2;37731868
27575084;27575228;33;37527857
27575085;27575093;21;39528290
27575087;27575098;36;37607769
27575087;27575471;109;37607761
27575087;27575844;222;37607766
27575093;27575053;8;39528293
27575093;27575225;298;37788800
27575098;27575087;36;37607768
27575098;27575982;227;37498192
27575101;27574641;100;39317331
27575101;27575082;24;38294110
27575101;27575135;31;38294107
27575102;27574754;72;37516392
27575102;27575026;179;38128333
27575105;27574757;129;38294003
27575105;27575269;43;38552816
27575105;27575287;116;37568025
27575106;27574961;28;39333601
27575106;27575042;22;37547866
27575111;27575039;13;38128976
27575112;27575041;16;38131166
27575112;27575161;13;38131167
27575113;27574894;44;39537562
27575113;27575043;43;39537567
27575113;27575258;36;37516219
27575117;27575137;53;38250269
27575117;27575158;27;38250257
27575118;27575060;10;38128978
27575118;27575182;15;37779760
27575119;27575477;77;39586180
27575120;27575176;15;39541280
27575128;27575137;28;38250270
27575134;27574877;52;37498412
27575134;27575473;143;37516379
27575135;27575101;31;38294108
27575135;27576441;279;39317295
27575136;27575162;30;37837025
27575137;27575061;16;38250247
27575137;27575117;53;38250268
27575137;27575128;28;38250271
27575138;27575181;55;38479522
27575138;27575452;67;38479483
27575142;27574859;132;38250267
27575142;27575158;56;38250277
27575143;27575027;23;38250272
27575143;27575142;50;38907655
27575144;27575029;24;37518084
27575144;27575143;30;38907656
27575145;27575436;63;37788759
27575148;27574972;37;37518080
27575148;27575162;6;37518079
27575148;27575169;9;37837026
27575150;27574964;84;38128354
27575152;27574788;77;37607030
27575152;27575561;85;37607027
27575155;27575070;17;37498199
27575157;27574658;117;37516221
27575157;27575189;25;39537616
27575158;27575117;27;38250258
27575158;27575142;56;38250276
27575160;27574943;178;37794242
27575160;27575192;22;37794245
27575161;27575112;13;38131168
27575161;27575267;32;38131171
27575162;27575136;30;37837024
27575162;27575144;79;37518078
27575163;27575068;29;37547850
27575163;27575218;21;37547849
27575163;27575233;19;37547867
27575165;27572359;771;38070148
27575165;27576013;179;37932677
27575169;27575148;9;37837027
27575169;27575189;4;38894718
27575170;27574298;191;39333607
27575170;27575437;56;37548071
27575171;27575053;301;37497454
27575172;27574782;83;38128958
27575176;27575171;11;39754809
27575176;27575252;20;37789628
27575179;27574821;75;38909825
27575179;27575102;180;37516389
27575179;27575387;45;37607111
27575181;27574578;129;38479515
27575181;27575138;55;38479523
27575181;27575492;94;38479520
27575182;27575118;15;37779761
27575182;27575205;7;37732021
27575187;27575629;126;39642127
27575188;27575172;23;39585064
27575188;27575241;15;39585048
27575189;27575169;4;38894719
27575189;27575487;207;39537618
27575190;27575111;29;38128979
27575190;27576193;293;37607018
27575192;27575160;22;37794244
27575192;27575207;19;37794241
27575193;27575102;19;37516391
27575193;27575195;113;37536983
27575195;27575193;113;37536984
27575195;27575219;61;37536981
27575195;27575369;38;37607097
27575196;27574975;47;39317306
27575196;27575067;47;38294105
27575196;27575268;36;38294104
27575201;27575170;91;38479504
27575201;27575505;64;38479507
27575205;27575182;7;37732022
27575205;27575410;338;37732018
27575207;27575192;19;37794240
27575207;27575211;14;37794232
27575209;27575065;30;39317326
27575209;27575213;15;39317322
27575209;27575268;17;39317325
27575211;27575207;14;37794231
27575211;27575220;98;37794236
27575213;27575065;34;39317298
27575213;27575209;15;39317323
27575213;27575356;34;39317297
27575214;27575055;103;39754806
27575216;27575232;8;39754811
27575216;27575318;77;37790379
27575218;27575163;21;37547848
27575218;27575279;21;37547847
27575219;27575195;61;37536982
27575219;27575220;36;39341361
27575220;27575211;98;37794235
27575220;27575219;36;39341362
27575225;27575252;11;39754805
27575227;27574888;75;37811431
27575227;27575310;60;37521010
27575227;27575896;143;38570023
27575228;27575266;29;37548652
27575228;27575557;67;37527856
27575232;27575214;17;39682564
27575232;27575216;8;39754812
27575233;27575218;19;39531815
27575233;27576346;252;37547858
27575237;27575172;16;38128957
27575237;27575241;19;38128962
27575241;27575280;8;39585047
27575252;27575298;15;37783371
27575252;27575461;81;37789627
27575258;27575113;36;37516220
27575258;27575399;29;37516217
27575264;27575232;22;39541272
27575266;27575093;39;37536986
27575267;27575161;32;38131172
27575267;27575458;91;38131163
27575268;27575196;36;38294103
27575268;27575209;17;39317324
27575268;27575356;36;38294102
27575269;27575105;43;38552817
27575269;27575305;16;38552829
27575269;27575365;79;38552812
27575276;27575150;156;38128353
27575276;27575439;34;37607115
27575279;27575218;21;37547846
27575279;27575568;57;37547845
27575280;27575536;49;39585043
27575282;27574868;87;37498551
27575282;27575276;16;38128352
27575283;27575329;178;38707025
27575287;27573183;497;39580485
27575287;27575105;116;37568024
27575287;27575495;43;39580482
27575295;27575037;145;37783380
27575295;27575418;24;37783377
27575298;27575252;15;37783372
27575298;27575485;177;37783369
27575299;27575486;35;37548101
27575303;27575264;27;39541271
27575304;27575352;57;38294008
27575304;27575456;99;38294005
27575304;27575756;103;38479537
27575305;27575269;16;38552830
27575305;27575337;16;38552818
27575306;27573690;355;37895328
27575306;27575361;11;39642107
27575306;27575388;27;38479517
27575310;27575382;45;39537605
27575310;27575985;143;37498055
27575311;27574954;83;37607742
27575311;27575152;85;37516381
27575311;27575633;70;37607739
27575316;27575264;12;37666380
27575318;27575216;77;37790378
27575318;27575339;10;39754808
27575329;27575193;32;37516390
27575329;27575369;117;38707024
27575336;27575439;98;38128304
27575337;27575305;16;38552819
27575337;27575475;117;38552823
27575338;27575303;20;39671102
27575339;27575318;10;39754807
27575339;27575338;22;37790380
27575352;27575304;57;38294007
27575352;27575388;47;38552838
27575354;27575362;25;38552815
27575354;27575964;132;38479582
27575356;27575213;34;39317296
27575356;27575268;36;38294101
27575356;27575416;24;38294100
27575357;27575201;110;38479503
27575357;27575619;53;38479510
27575359;27575316;24;39657600
27575361;27575306;11;39642106
27575361;27575415;15;38552840
27575362;27575354;25;38552814
27575362;27575365;6;38552811
27575362;27575370;58;39642129
27575365;27575269;79;38552813
27575365;27575362;6;38552810
27575365;27575888;114;37568026
27575369;27575195;38;37607096
27575369;27575379;28;37548651
27575370;27575354;17;38552822
27575370;27575362;58;39642128
27575373;27575677;71;38479607
27575373;27575729;70;39213371
27575379;27575387;34;37548650
27575379;27575478;21;39210523
27575381;27575282;144;38128351
27575382;27575043;74;37498062
27575382;27575444;42;39537604
27575387;27575179;45;37607110
27575387;27575381;27;37548649
27575387;27575478;32;37511577
27575387;27575537;40;37511579
27575388;27575352;47;38552837
27575388;27575406;6;38479525
27575399;27575258;29;37516218
27575399;27575444;9;39669312
27575402;27574957;93;38853394
27575402;27575474;13;39543468
27575406;27575361;23;39642108
27575406;27575415;33;38479524
27575410;27575205;59;37732019
27575410;27575548;96;38128980
27575412;27574669;160;39550393
27575412;27575438;52;39680062
27575413;27575283;180;38707023
27575415;27575361;15;38552839
27575415;27575452;50;38552799
27575416;27575356;24;38294099
27575416;27575522;48;38294098
27575416;27576236;188;39317270
27575418;27575295;24;37783376
27575418;27575339;88;38250259
27575436;27575145;63;37788758
27575436;27575616;187;37516410
27575437;27575170;56;37548070
27575437;27575453;58;38552784
27575437;27575800;76;37548069
27575438;27575459;47;39550366
27575439;27575336;98;38128303
27575439;27575607;34;37607114
27575440;27575413;21;38707022
27575443;27575547;26;39540692
27575444;27575399;9;39669313
27575444;27575938;105;37790361
27575444;27576024;406;37790363
27575445;27575440;5;38853396
27575445;27576188;157;37546360
27575452;27575415;50;38552798
27575452;27576142;242;38552797
27575453;27575437;58;38552785
27575453;27575466;54;38552782
27575456;27575304;99;38294006
27575458;27575267;91;38131164
27575459;27575464;11;39680743
27575459;27575510;10;37732026
27575461;27575549;34;37666381
27575461;27575731;146;39541285
27575464;27575514;47;39550399
27575464;27575519;15;37517233
27575466;27573842;364;38479603
27575466;27575453;54;38552783
27575467;27575505;34;38479500
27575469;27575412;47;39680063
27575471;27574769;225;37607762
27575471;27575706;90;37607758
27575472;27575486;30;37547864
27575472;27575842;78;38568894
27575473;27575445;42;38853395
27575474;27575402;13;39543469
27575474;27575656;37;39543470
27575475;27575337;117;38552824
27575477;27576731;270;37507569
27575478;27575387;32;37511578
27575478;27575537;57;38128315
27575478;27575574;29;37511575
27575485;27575298;177;37783370
27575485;27575687;48;37788623
27575485;27575695;77;37783367
27575486;27575299;35;37548100
27575486;27575472;30;37547865
27575486;27575529;102;37547862
27575487;27575418;61;37506300
27575489;27575412;17;37606343
27575489;27575533;65;39550369
27575490;27575489;11;39550368
27575490;27575507;81;37608078
27575492;27575181;94;38479521
27575492;27575357;70;38479502
27575492;27576079;134;38479518
27575495;27575287;43;39580483
27575495;27575575;17;39580480
27575495;27575611;56;38294072
27575500;27575547;27;39540696
27575503;27575490;36;39550367
27575505;27575201;64;38479508
27575505;27575467;34;38479501
27575505;27575525;26;38479498
27575507;27575503;17;39409888
27575510;27575507;25;39409887
27575514;27575527;13;39409882
27575514;27575698;188;39550397
27575516;27575510;8;39409886
27575519;27575516;14;39409885
27575519;27575600;22;39409896
27575522;27574455;251;39317334
27575522;27575416;48;38294097
27575522;27575611;44;38294096
27575525;27575505;26;38479499
27575527;27575519;22;39409881
27575527;27575600;15;37608075
27575528;27575544;60;37527850
27575528;27575578;34;37550882
27575529;27575486;102;37547863
27575529;27575568;110;37547860
27575529;27575890;77;37548004
27575530;27575237;57;38128956
27575530;27575237;200;38128961
27575533;27575469;14;39409901
27575533;27575552;29;39409900
27575536;27575530;20;38128960
27575536;27576046;109;39585045
27575537;27575607;180;38128348
27575544;27575570;90;37527849
27575547;27575443;26;39540691
27575547;27575500;27;39540695
27575547;27575648;75;39540694
27575548;27575410;96;38128981
27575549;27575577;13;39657601
27575552;27575631;94;39409899
27575554;27575693;38;37788621
27575557;27575648;18;37527855
27575561;27575152;85;37607028
27575561;27575469;123;37606373
27575568;27575279;57;37547844
27575568;27575529;110;37547861
27575568;27575796;50;37547843
27575568;27575796;80;37547869
27575570;27575813;180;37527848
27575574;27575478;29;37511576
27575574;27575604;7;37511573
27575574;27575665;76;38126726
27575575;27575495;17;39580481
27575575;27575888;156;39580469
27575575;27576198;144;39580478
27575578;27575150;92;37536980
27575578;27575528;34;37550883
27575578;27575602;5;37607108
27575585;27575041;172;37498196
27575585;27575586;26;37510255
27575586;27575758;82;39567053
27575600;27575640;12;39409895
27575602;27575578;5;37607109
27575602;27575784;49;37607106
27575602;27576037;138;37581917
27575604;27575574;7;37511574
27575604;27575609;28;39541866
27575604;27575680;19;39522569
27575607;27575673;63;38128347
27575609;27575625;161;37516394
27575611;27575495;56;38294071
27575611;27575522;44;38294095
27575611;27576022;142;38294070
27575616;27575473;58;37606341
27575616;27575809;89;37516408
27575617;27575190;135;37607022
27575619;27575357;53;38479509
27575623;27575561;47;37606372
27575623;27575633;6;39552017
27575625;27575647;215;37516393
27575625;27575908;61;37516403
27575629;27575187;126;39642126
27575629;27575370;57;38552821
27575631;27575623;38;39409898
27575633;27575311;70;37607740
27575633;27575623;6;39552016
27575633;27575667;12;39543474
27575633;27575670;7;39552018
27575639;27575585;14;37510254
27575640;27576228;142;39409894
27575647;27575650;26;39545867
27575648;27575547;75;39540693
27575648;27575813;38;37527854
27575650;27575653;24;39663376
27575653;27575656;41;39543472
27575656;27575474;37;39543471
27575656;27575949;61;39541864
27575659;27575765;28;39317320
27575664;27575533;30;39704662
27575664;27575552;26;38287985
27575665;27575574;76;38126727
27575666;27575631;6;37733312
27575666;27575898;54;37608077
27575667;27575436;92;37516409
27575667;27575988;135;39543473
27575670;27575633;7;39552019
27575670;27575898;58;37607745
27575673;27575784;45;38128322
27575677;27575691;59;39474533
27575677;27575729;15;38479606
27575678;27575516;42;37607001
27575678;27575640;11;37608125
27575680;27575604;19;39522570
27575680;27575609;21;38279457
27575680;27575735;16;39541861
27575681;27575266;127;37536985
27575681;27575557;110;37527859
27575683;27575732;28;37788640
27575686;27575639;10;39409884
27575687;27575485;48;37788622
27575687;27575730;12;37788600
27575691;27575677;59;39474532
27575693;27575554;38;37788620
27575693;27575683;115;37788604
27575695;27575485;77;37783368
27575695;27575681;13;37527858
27575695;27575970;82;37783365
27575698;27575514;188;39550398
27575698;27575686;32;39409897
27575705;27575811;26;37607005
27575706;27575471;90;37607757
27575708;27575113;406;37498066
27575708;27575487;45;37506312
27575719;27575298;95;37536987
27575719;27575737;34;37788631
27575720;27575617;28;38509171
27575723;27575844;43;37607759
27575727;27575686;13;39409883
27575727;27575698;25;39550396
27575729;27575863;32;39213370
27575730;27575687;12;37788599
27575730;27575740;3;37788625
27575731;27575338;90;37793217
27575731;27575769;21;39657598
27575732;27575740;6;37788617
27575735;27575680;16;39541862
27575735;27575891;43;39522573
27575737;27575693;11;37788603
27575737;27575719;34;37788630
27575739;27575751;171;37607105
27575740;27575730;3;37788624
27575740;27576017;84;37788616
27575742;27575639;22;37510253
27575742;27575727;21;37511610
27575742;27575991;115;37517232
27575747;27575827;20;39491713
27575751;27575739;171;37607104
27575751;27575897;70;37607103
27575751;27575946;42;38128320
27575756;27575304;103;38479536
27575756;27575929;76;38479535
27575756;27576031;65;37558395
27575758;27575155;137;37498198
27575758;27575797;28;39567052
27575763;27575708;19;37506309
27575765;27575659;28;39317321
27575768;27575742;23;39567051
27575768;27575874;64;37939287
27575769;27575877;47;37506305
27575769;27575910;48;37783373
27575774;27575763;36;37788828
27575775;27575719;31;38554484
27575780;27575994;64;37785698
27575784;27575602;49;37607107
27575784;27575830;12;37607100
27575796;27575568;50;37547842
27575796;27575819;28;38142696
27575796;27576366;125;37547841
27575797;27575892;40;39567049
27575800;27575437;76;37548068
27575800;27575841;116;37548066
27575800;27576079;211;37548063
27575802;27575872;24;38128357
27575804;27575768;24;39567050
27575806;27576190;82;39531797
27575809;27575988;51;37516407
27575810;27575544;100;37785703
27575810;27575570;68;37527852
27575811;27575705;26;37607004
27575811;27575815;6;39491710
27575811;27576083;57;37607003
27575813;27575942;25;37527853
27575815;27575811;6;39491711
27575815;27575825;12;39491704
27575819;27575796;28;38142695
27575820;27575848;14;39537600
27575823;27575081;155;39586022
27575825;27575815;12;39491705
27575825;27575827;3;39491708
27575827;27575747;20;39491712
27575827;27575825;3;39491709
27575827;27575856;33;39491706
27575830;27575784;12;37607101
27575830;27575897;19;37607098
27575830;27576433;194;38128330
27575838;27575867;13;39537603
27575838;27576127;64;39537606
27575841;27575800;116;37548067
27575841;27575863;89;37548064
27575841;27577094;262;38479579
27575842;27575472;78;38568895
27575842;27575855;29;39580231
27575842;27576209;78;38568892
27575844;27575087;222;37607767
27575844;27575723;42;37607760
27575847;27575872;8;38128360
27575848;27575763;63;37506308
27575848;27575838;65;39537602
27575852;27575258;405;37498073
27575852;27575708;35;37506307
27575855;27575842;29;39580232
27575856;27575827;33;39491707
27575863;27575841;89;37548065
27575863;27575868;11;39333591
27575863;27576016;31;39333606
27575865;27575820;34;39657597
27575867;27575852;14;37498072
27575867;27576034;37;39537601
27575868;27575106;161;39333600
27575868;27575863;11;39333592
27575872;27575802;24;38128358
27575872;27575847;8;38128359
27575872;27575959;28;38128355
27575877;27575865;20;37522543
27575878;27575890;21;37548016
27575882;27575896;10;38890204
27575888;27575365;114;37568027
27575888;27576045;102;39580468
27575890;27575878;21;37548015
27575890;27576250;87;39403196
27575891;27575735;43;39522574
27575891;27575971;16;39522571
27575892;27575995;24;39567054
27575892;27576133;113;37510259
27575893;27575891;19;39522575
27575893;27575971;19;38279456
27575896;27575227;143;38570024
27575896;27575779;24;37610550
27575896;27575882;10;38890205
27575896;27576023;26;37498078
27575897;27575751;70;37607102
27575897;27575830;19;37607099
27575897;27576061;57;37607113
27575898;27575918;5;37607744
27575900;27575893;52;37516397
27575900;27575953;9;39491435
27575908;27575625;61;37516402
27575908;27575900;71;37516396
27575910;27575865;26;38250260
27575918;27575666;64;37608076
27575918;27576517;134;37607743
27575920;27576085;50;37785707
27575923;27575960;8;37785690
27575926;27575848;18;39541274
27575927;27576035;28;37788639
27575929;27575629;68;38552820
27575929;27575756;76;38479534
27575929;27575964;17;38552807
27575936;27575647;61;38707021
27575936;27575908;215;37516395
27575938;27575444;105;37790362
27575938;27576106;38;37790359
27575939;27575804;77;39567057
27575939;27576025;24;37607814
27575940;27576022;44;38294086
27575942;27576041;34;37785711
27575942;27576088;65;39499537
27575946;27575751;42;38128321
27575946;27575951;17;38128316
27575946;27576061;28;38128318
27575949;27575656;61;39541865
27575949;27575936;100;39543465
27575949;27576202;58;38853412
27575951;27575946;17;38128317
27575953;27575900;9;39491436
27575958;27576207;56;38142702
27575959;27575872;28;38128356
27575959;27575960;4;37785687
27575959;27576069;28;37785718
27575960;27575923;8;37785689
27575960;27575959;4;37785688
27575960;27576070;43;38128327
27575964;27575929;17;38552806
27575964;27576045;29;38552805
27575970;27575695;82;37783366
27575970;27576088;37;39499540
27575971;27575891;16;39522572
27575971;27576080;26;38128340
27575982;27576046;96;37498191
27575985;27575896;61;39537570
27575985;27576213;53;37498054
27575988;27576235;88;37516405
27575988;27576284;94;37516406
27575990;27575939;31;39567056
27575991;27576531;144;37517231
27575994;27575780;64;37785697
27575994;27576041;17;37785696
27575994;27576085;37;37785692
27575995;27575990;9;39567055
27576003;27576154;36;38278125
27576005;27576276;90;38294050
27576007;27576112;53;37788652
27576009;27575995;20;38854157
27576009;27576126;28;37609433
27576013;27576199;47;37932676
27576013;27576292;87;37932670
27576014;27575991;14;38278129
27576014;27576338;80;37607428
27576015;27576398;97;38142707
27576016;27576323;72;39333605
27576016;27576323;90;39183864
27576017;27576191;43;37788615
27576018;27575775;63;38554480
27576019;27576009;9;38854156
27576020;27575737;87;37788602
27576020;27576122;24;37788628
27576022;27575611;142;38294069
27576022;27575940;44;38294085
27576022;27576195;41;38294068
27576023;27575896;26;37498079
27576023;27576140;27;37519355
27576024;27575852;38;37506306
27576024;27576074;13;37521011
27576025;27576138;29;37607813
27576031;27575756;65;37558396
27576031;27576227;117;37557420
27576031;27576295;63;37558393
27576033;27576139;34;37788619
27576034;27576074;10;39657596
27576034;27576127;20;39657599
27576035;27575927;28;37788638
27576035;27576017;19;37788637
27576036;27575982;14;38128968
27576037;27575810;62;37527851
27576037;27576360;86;37581916
27576039;27575382;143;37498061
27576039;27575985;45;39537576
27576041;27575994;17;37785695
27576041;27576261;87;37785710
27576042;27575775;131;38554483
27576045;27575964;29;38552804
27576045;27576227;44;39403191
27576046;27575536;109;39585046
27576046;27576745;153;37908470
27576052;27576020;23;37788601
27576061;27575946;28;38128319
27576061;27576080;352;37607112
27576062;27576014;31;38278128
27576069;27575959;28;37785719
27576069;27576153;44;37785701
27576069;27576192;32;37785716
27576070;27575960;43;38128328
27576074;27576098;6;39537560
27576078;27575809;123;37516416
27576078;27576083;5;37607009
27576079;27575492;134;38479519
27576079;27575800;211;37548062
27576079;27576418;82;37548054
27576079;27576427;216;37548061
27576080;27575971;26;38128341
27576080;27576628;122;38128338
27576083;27575811;57;37607002
27576083;27576188;46;37607008
27576085;27575920;50;37785706
27576085;27576192;43;37785691
27576086;27576036;10;38128966
27576087;27576139;19;37788634
27576088;27575942;65;39499538
27576088;27576302;65;39499539
27576091;27575023;222;38854150
27576091;27576133;20;39531807
27576098;27576127;11;39537599
27576098;27576171;24;38228306
27576106;27575938;38;37790360
27576106;27576039;42;39537575
27576106;27576265;39;39537573
27576110;27576062;30;38278127
27576110;27576455;80;37607402
27576112;27576007;53;37788651
27576112;27576042;22;38554474
27576122;27576020;24;37788629
27576126;27575990;34;37609434
27576126;27576429;71;37510257
27576127;27576128;74;37506310
27576127;27576182;32;37788829
27576128;27575848;67;37788830
27576128;27575926;45;37506311
27576133;27576091;20;39531806
27576133;27576160;21;37510258
27576138;27576025;73;37609447
27576138;27576273;34;37607812
27576139;27576033;34;37788618
27576139;27576165;10;37788633
27576140;27576023;27;37519356
27576140;27576213;55;37750293
27576140;27577389;266;37519353
27576141;27575617;148;37607021
27576141;27576028;44;38508028
27576142;27575452;242;38552796
27576142;27576450;97;38479488
27576153;27576069;44;37785702
27576154;27576110;29;38278126
27576154;27576183;19;37609446
27576157;27576177;51;39201871
27576160;27576091;17;38854149
27576160;27576190;14;39531802
27576165;27576087;130;37788632
27576165;27576217;12;37788626
27576166;27575868;64;39531810
27576168;27576178;104;39548068
27576171;27576320;38;37522544
27576174;27576141;23;37607020
27576177;27576269;21;37788654
27576177;27576297;80;39201870
27576178;27576168;104;39548069
27576182;27575774;108;37789626
27576183;27576154;19;37609445
27576183;27576241;39;37607417
27576183;27576484;95;37607410
27576188;27576202;15;37607007
27576190;27576232;10;39531794
27576190;27576343;95;38854158
27576191;27576052;98;37788614
27576191;27576401;54;37788605
27576192;27576069;32;37785717
27576192;27576261;17;37785714
27576193;27576174;13;37607019
27576193;27576369;44;37758629
27576195;27576022;41;38294067
27576195;27576327;36;38294064
27576195;27576327;193;38294084
27576198;27575575;144;39580479
27576198;27576276;52;38294065
27576198;27576375;45;39580476
27576199;27576208;3;37932674
27576202;27575949;58;38853413
27576202;27576549;77;38853410
27576207;27575958;56;38142703
27576208;27576292;29;37932672
27576209;27575842;78;38568893
27576209;27576216;20;37548003
27576213;27576459;57;37498053
27576214;27576019;108;39567048
27576214;27576160;10;39531795
27576216;27576244;111;39580238
27576216;27576624;91;39580236
27576217;27576035;85;37788636
27576217;27576165;12;37788627
27576227;27576031;117;37557419
27576227;27576045;44;39403190
27576227;27576340;68;37557418
27576227;27576528;71;39403189
27576228;27576256;22;37783148
27576228;27576396;38;39409893
27576229;27576285;29;38875562
27576229;27576305;65;38552809
27576229;27576364;34;38875565
27576232;27576214;15;39531800
27576232;27576579;77;38854155
27576235;27576460;90;37609390
27576235;27577141;185;37516404
27576236;27575416;188;39317271
27576238;27576042;74;38554481
27576241;27576183;39;37607416
27576241;27576273;19;37607415
27576241;27576609;98;37607377
27576244;27575890;77;39403197
27576244;27576216;111;39580237
27576246;27576112;33;38554473
27576246;27576291;23;37559619
27576246;27576467;60;37559618
27576247;27576259;51;38419649
27576247;27577315;495;38419648
27576250;27576244;10;39403195
27576250;27576374;29;39584873
27576256;27575727;187;37785336
27576259;27576867;411;38418537
27576261;27576192;17;37785715
27576261;27576290;15;37785709
27576265;27576106;39;39537574
27576265;27576370;82;38773871
27576265;27576430;38;39537571
27576269;27576177;21;37788653
27576269;27576246;61;38554472
27576271;27576269;2;38554471
27576273;27576241;19;37607414
27576273;27576310;29;37609444
27576274;27575165;240;37932675
27576274;27576199;27;37932673
27576276;27576005;90;38294049
27576276;27576198;52;38294066
27576276;27576327;153;38294061
27576284;27576493;80;39543464
27576285;27576229;29;38875563
27576290;27576465;40;37785705
27576290;27576529;90;38128326
27576291;27576246;23;37559620
27576291;27576536;70;38554462
27576292;27576274;8;37932671
27576295;27576031;63;37558394
27576295;27576314;56;38552865
27576295;27576314;7;38552868
27576297;27576271;58;38554470
27576302;27576465;113;38128335
27576305;27576229;65;38552808
27576305;27576340;52;38552835
27576305;27576404;23;38552834
27576310;27576357;31;37609443
27576314;27576295;56;38552866
27576314;27576295;7;38552867
27576314;27576528;117;38552872
27576318;27576018;119;37788655
27576318;27576297;36;38554469
27576319;27576247;54;38419654
27576319;27579981;1372;38418542
27576320;27576400;28;38889259
27576323;27576349;5;39333604
27576327;27576195;193;38294083
27576327;27576195;36;38294063
27576327;27576276;153;38294062
27576337;27576217;67;37788635
27576338;27576394;31;37607373
27576338;27576481;29;37607427
27576339;27576645;102;39492236
27576340;27576227;68;37557417
27576340;27576305;52;38552836
27576340;27576404;29;38552831
27576342;27576401;33;37788610
27576343;27576174;43;39409877
27576343;27576369;12;39584877
27576345;27576417;27;37786149
27576346;27575233;252;37547859
27576346;27576366;50;37548014
27576346;27576967;128;37547856
27576349;27576452;18;39333603
27576349;27576660;83;39183863
27576357;27576419;34;37609442
27576357;27576704;79;37607405
27576358;27576232;81;39409876
27576360;27576546;44;39499541
27576363;27575664;171;39704661
27576364;27576229;34;38875564
27576364;27576509;125;38294044
27576365;27576166;46;37785265
27576366;27575796;125;37547840
27576366;27576346;50;37548013
27576366;27576398;56;37548012
27576366;27576892;110;37547839
27576368;27576337;12;37788613
27576369;27576504;70;39584878
27576370;27576492;81;38773870
27576371;27576142;57;38479489
27576371;27576450;38;37544563
27576373;27576039;78;37498060
27576373;27576430;42;37498776
27576374;27576250;29;39584874
27576375;27576198;45;39580477
27576375;27576441;544;38814221
27576375;27576856;110;39580474
27576376;27576271;25;38554475
27576377;27576343;7;39409875
27576377;27576358;9;39531801
27576381;27576398;41;37548009
27576381;27576612;50;37548008
27576384;27575970;111;37518100
27576385;27575082;319;39317267
27576394;27576062;80;37607397
27576394;27576455;31;37607372
27576396;27576256;37;37785335
27576396;27576531;28;39409892
27576397;27576086;76;38128967
27576398;27576015;97;38142706
27576398;27576366;56;37548011
27576398;27576381;41;37548010
27576400;27576618;145;38228298
27576401;27576191;54;37788606
27576401;27576342;33;37788609
27576401;27576534;71;37788608
27576404;27576305;23;38552833
27576404;27576340;29;38552832
27576404;27576509;23;38552827
27576409;27576371;10;37544565
27576414;27576368;19;37788612
27576414;27576384;6;37518103
27576417;27576345;27;37786148
27576417;27576503;104;37786147
27576417;27576699;97;37786144
27576418;27576079;82;37548055
27576418;27576702;161;38479571
27576418;27576719;72;37548052
27576419;27576429;19;39315545
27576421;27576384;9;38128350
27576421;27576414;8;37788611
27576425;27576106;241;39211243
27576425;27576588;39;37499181
27576427;27576079;216;37548060
27576427;27576409;4;37544564
27576429;27576126;71;37510256
27576429;27576554;27;37609438
27576430;27576265;38;39537572
27576430;27576539;79;37498076
27576430;27576897;175;37516238
27576433;27575830;194;38128329
27576433;27576360;30;39499542
27576433;27576585;41;37581919
27576438;27576461;216;37895537
27576440;27576563;66;37788657
27576441;27575135;279;39317294
27576441;27576375;544;38814222
27576441;27576671;64;39317268
27576445;27576214;51;39531799
27576446;27576397;10;38128965
27576450;27576466;4;37544562
27576452;27576660;48;37547877
27576452;27577588;220;37785259
27576455;27576499;29;37607371
27576455;27576571;29;37607401
27576459;27576519;45;37498541
27576459;27576591;33;37498058
27576460;27576284;67;37516412
27576460;27576751;117;37609389
27576461;27576438;11;37895538
27576461;27576639;44;37624312
27576462;27576318;71;38554468
27576462;27576563;25;37788662
27576464;27575938;389;37498051
27576465;27576290;40;37785704
27576465;27576498;33;38128325
27576466;27576524;19;37544560
27576466;27576566;33;39585063
27576467;27576376;47;38554482
27576471;27576396;19;38131162
27576480;27576238;52;38889261
27576480;27576502;54;37559616
27576481;27576526;31;37608082
27576481;27576551;18;37608094
27576484;27576154;76;37607399
27576488;27575678;189;37607000
27576488;27576471;7;37731892
27576492;27576588;78;37498077
27576493;27576505;7;39502836
27576496;27576519;38;37780416
27576498;27576529;54;38128324
27576498;27576630;35;37581915
27576499;27576484;4;37607398
27576501;27575823;146;39586025
27576502;27576480;54;37559617
27576502;27576654;56;38554464
27576503;27576414;21;37518102
27576503;27576417;104;37786146
27576504;27576446;14;37895476
27576504;27576619;69;39409880
27576505;27575670;190;38131041
27576505;27576517;9;39502837
27576509;27576364;125;38294043
27576509;27576404;23;38552828
27576509;27576698;45;38552825
27576512;27576078;97;38707020
27576516;27576427;24;37544561
27576516;27577213;148;37547895
27576517;27576505;9;39502838
27576517;27576922;96;38131043
27576519;27576373;31;37498059
27576524;27576516;16;37544559
27576526;27576394;29;37607396
27576526;27576571;30;37608081
27576528;27576227;71;39403188
27576528;27576314;117;38552871
27576528;27576698;98;38552870
27576528;27576924;88;39403187
27576529;27576546;15;38128323
27576531;27576763;53;39409891
27576533;27576462;41;38554467
27576533;27576706;67;37788689
27576534;27576401;71;37788607
27576535;27576377;83;39403208
27576535;27576504;8;39403209
27576536;27576291;70;38554463
27576539;27576542;3;37498075
27576539;27576569;7;38229517
27576542;27576370;38;37498067
27576542;27576726;126;37498074
27576546;27576585;29;37511606
27576549;27576202;77;38853411
27576549;27576512;62;37607006
27576549;27576714;37;38853408
27576551;27576481;18;37608095
27576551;27576756;47;37608092
27576554;27576429;27;37609439
27576554;27576842;62;37609440
27576554;27576911;82;37785304
27576554;27576975;89;37609432
27576556;27576604;22;37785694
27576556;27576781;134;37785700
27576558;27576471;22;38131161
27576558;27576488;17;37606999
27576560;27576377;88;39403206
27576560;27576535;6;39403207
27576563;27576440;66;37788656
27576563;27576462;25;37788663
27576563;27576680;29;37788660
27576566;27576524;37;39585062
27576566;27576621;32;39580466
27576569;27576539;7;38229518
27576571;27576615;29;37608080
27576571;27576647;18;37607400
27576575;27576445;29;39749592
27576575;27576579;12;37517201
27576576;27576480;25;38889260
27576576;27576580;25;38889262
27576579;27576768;147;39529201
27576579;27576914;69;38854154
27576580;27576576;25;38889263
27576580;27576618;24;37518094
27576585;27576433;41;37581918
27576585;27576546;29;37511605
27576585;27576616;34;37549999
27576585;27576635;11;38839745
27576588;27576425;39;37499180
27576591;27576688;54;39210317
27576593;27576526;18;37607395
27576593;27576551;31;37607392
27576601;27576612;26;37548083
27576601;27576632;30;39584875
27576604;27576533;43;38554466
27576604;27576556;22;37785693
27576606;27576535;43;37548076
27576606;27576560;44;37607026
27576607;27576824;82;39548066
27576609;27576273;79;37607409
27576609;27576658;29;37607376
27576612;27576381;50;37548007
27576612;27576601;26;37548082
27576612;27576816;45;37548006
27576614;27576628;53;39663649
27576615;27576694;18;37608083
27576616;27576635;34;38839735
27576616;27576718;77;38839736
27576617;27576749;28;37810387
27576618;27576580;24;37518095
27576618;27576773;36;38228297
27576619;27576438;44;37895535
27576619;27576639;11;39409879
27576621;27576566;32;39580467
27576621;27576924;158;39580464
27576621;27577203;118;39750197
27576624;27576675;12;39580235
27576624;27576758;42;37548077
27576628;27576080;122;38128339
27576628;27576614;53;39663648
27576628;27576808;39;38128336
27576630;27576421;139;38128349
27576632;27576601;30;39584876
27576635;27576585;11;38839744
27576635;27577111;93;37515366
27576637;27576425;163;39211242
27576639;27576745;61;39409878
27576640;27576749;23;39664040
27576644;27576576;20;39211246
27576645;27576339;102;39492235
27576645;27577092;96;37516400
27576647;27576593;30;37607391
27576648;27577335;167;39314606
27576650;27576400;66;39541270
27576650;27576637;33;37498052
27576654;27576502;56;38554465
27576655;27576365;62;39531812
27576658;27576310;79;37607370
27576658;27576704;31;37607375
27576660;27576708;11;37547876
27576662;27576663;8;37786143
27576663;27576699;17;37786142
27576668;27576209;102;39403204
27576671;27576441;64;39317269
27576675;27576668;17;39580251
27576675;27576758;19;39580234
27576680;27576563;29;37788661
27576680;27576753;26;38554478
27576688;27576496;124;37789918
27576688;27576591;54;39210318
27576691;27576505;48;39530981
27576691;27576722;11;37516414
27576694;27576647;29;37607390
27576697;27575936;170;37516399
27576697;27576645;93;37516401
27576698;27576509;45;38552826
27576698;27576528;98;38552869
27576699;27576417;97;37786145
27576699;27576662;10;37786141
27576702;27576418;161;38479570
27576704;27576762;34;37607374
27576704;27576846;30;37607404
27576706;27576533;67;37788688
27576706;27576604;24;37518099
27576708;27577034;62;37547875
27576708;27577034;76;39183862
27576714;27576549;37;38853409
27576714;27576749;59;37810382
27576714;27576959;48;38853406
27576718;27576616;77;38839737
27576718;27576920;130;37511600
27576718;27577042;88;37497463
27576719;27576418;72;37548053
27576719;27577056;69;37548050
27576719;27577213;233;38893809
27576722;27576691;11;37516415
27576722;27576882;37;37609387
27576725;27576635;156;37538820
27576726;27576884;31;37505003
27576731;27577201;87;38742964
27576731;27577768;195;37507568
27576739;27576782;29;37609437
27576742;27576725;34;37785713
27576745;27576790;11;37606367
27576745;27576807;40;39403205
27576749;27576617;28;37810386
27576749;27576640;23;39664039
27576749;27576714;59;37810383
27576749;27576795;11;39664038
27576749;27576828;17;37810385
27576751;27576936;105;37516413
27576753;27576680;26;38554479
27576753;27576784;14;38554476
27576753;27576934;37;37788658
27576756;27576551;47;37608093
27576756;27576836;17;37608091
27576758;27576823;15;39580233
27576762;27576419;79;38281527
27576762;27576909;30;37609423
27576763;27576767;24;37606370
27576763;27577242;89;39409890
27576767;27576558;47;37606998
27576768;27576560;50;37510271
27576768;27576926;105;39529200
27576768;27577210;84;37785301
27576773;27576832;19;39541269
27576773;27576877;19;39631727
27576781;27576556;134;37785699
27576781;27576992;93;37518097
27576781;27577057;58;37548871
27576782;27576658;30;37607369
27576782;27576846;31;37609436
27576784;27576753;14;38554477
27576785;27576503;84;37518101
27576785;27576725;52;37538819
27576787;27577100;83;38709708
27576790;27576606;100;37548075
27576790;27577572;142;37607811
27576795;27576749;11;39664037
27576802;27576756;30;37608079
27576802;27576862;30;37607389
27576806;27576899;104;38969027
27576807;27576668;31;39403203
27576807;27576823;9;39403202
27576808;27576628;39;38128337
27576808;27577165;63;39522567
27576815;27576739;18;37609421
27576815;27577060;47;39315547
27576816;27576612;45;37548005
27576816;27576859;81;37547837
27576816;27577120;59;37547824
27576823;27576872;11;39403200
27576823;27577002;77;39584859
27576824;27576607;82;39548067
27576828;27576749;17;37810384
27576832;27576650;129;39541268
27576836;27576898;30;37607408
27576836;27576986;29;37608090
27576842;27576554;62;37609441
27576846;27576909;34;37609435
27576846;27576938;18;37607403
27576853;27576806;10;38969030
27576853;27577031;36;38969025
27576856;27576375;110;39580475
27576856;27576894;7;39580472
27576856;27577259;180;38709715
27576859;27576816;81;37547836
27576859;27576892;14;37547835
27576862;27576921;30;37607388
27576862;27576949;17;37607381
27576863;27576918;112;37506568
27576863;27576953;69;37780414
27576867;27579771;609;38418538
27576868;27576198;167;39403194
27576868;27577278;93;39403193
27576871;27576501;81;38742982
27576872;27576790;41;39584846
27576872;27576807;11;39403201
27576872;27577125;46;38142694
27576877;27576832;20;37788825
27576877;27576952;15;39631730
27576878;27576782;18;37607368
27576878;27576815;29;37607413
27576882;27576722;37;37609388
27576882;27576751;106;37606374
27576884;27577040;65;37505097
27576884;27577117;44;37505002
27576888;27576853;39;38969029
27576889;27576575;67;39531796
27576891;27576785;22;37549998
27576892;27576366;110;37547838
27576892;27576859;14;37547834
27576892;27576989;19;37547827
27576894;27576856;7;39580473
27576894;27576868;12;39403192
27576894;27577095;40;39580470
27576897;27576430;175;37516237
27576897;27576918;32;37516235
27576897;27577388;90;37506369
27576898;27576802;17;37609459
27576898;27576949;30;37607407
27576899;27576888;112;38969024
27576899;27576888;12;38969028
27576900;27576319;396;38418543
27576906;27576363;112;38131040
27576909;27576762;30;37609422
27576909;27576945;18;37517198
27576909;27577004;18;37609431
27576911;27576554;82;37785305
27576914;27576889;13;37895480
27576914;27577606;131;38854153
27576918;27576863;92;37780415
27576918;27576897;32;37516236
27576920;27576718;130;37511601
27576920;27577026;56;37511598
27576921;27577015;17;37608088
27576922;27576906;11;37608124
27576922;27577024;22;38131042
27576924;27576528;88;39403186
27576924;27576621;158;39580465
27576924;27577067;70;39580462
27576926;27577467;104;37895495
27576930;27576706;108;37518098
27576933;27577253;57;38709031
27576933;27577253;246;38709044
27576933;27579118;505;38709048
27576934;27576753;37;37788659
27576936;27576460;100;37516411
27576936;27577138;36;37609392
27576938;27576878;31;37607412
27576945;27576909;18;37517199
27576945;27576975;14;37517196
27576945;27577481;102;37609409
27576946;27576655;59;37547881
27576946;27576956;34;37547832
27576949;27577015;30;37607406
27576949;27577096;29;37607380
27576952;27576877;15;39631731
27576952;27576987;24;38882981
27576952;27577003;9;39631728
27576953;27577602;119;37506566
27576956;27576946;34;37547833
27576956;27576967;42;37547830
27576956;27577028;13;37548080
27576959;27576714;48;38853407
27576959;27577006;45;37810388
27576959;27577088;23;38853404
27576963;27577093;79;37770820
27576967;27576346;128;37547857
27576967;27576956;42;37547831
27576967;27576989;59;37547828
27576975;27576945;14;37517197
27576975;27577198;113;37517194
27576984;27577265;65;38742969
27576986;27577394;80;37608089
27576987;27577013;12;39541290
27576987;27577033;19;39541292
27576989;27576859;44;37547868
27576989;27576892;19;37547826
27576989;27576967;59;37547829
27576992;27576781;93;37518096
27576992;27576891;19;37549997
27577002;27577120;57;39584858
27577003;27576952;9;39631729
27577003;27577033;6;37506303
27577004;27576909;18;37609430
27577004;27576938;34;37607411
27577004;27577249;47;37609429
27577006;27576959;45;37810389
27577013;27576987;12;39541291
27577015;27577164;29;37608087
27577024;27576906;22;38131039
27577024;27577131;23;39530985
27577025;27576891;27;37785712
27577025;27576992;17;37538818
27577026;27576806;41;38969026
27577026;27576920;56;37511599
27577026;27577031;4;37511596
27577028;27576956;13;37548081
27577028;27577099;13;39623416
27577031;27577026;4;37511597
27577031;27577221;92;37511594
27577033;27577003;6;37506304
27577033;27577215;33;37506301
27577034;27577557;94;37547874
27577036;27576872;72;39584845
27577036;27578472;280;38142700
27577040;27577151;40;37505096
27577041;27576898;29;37609458
27577041;27576986;30;37607426
27577042;27576718;88;37497464
27577042;27577174;44;37497461
27577048;27577107;11;38869149
27577055;27576512;110;38707019
27577056;27576719;69;37548051
27577056;27577396;159;38479573
27577056;27577417;71;37548048
27577057;27576930;65;39299075
27577057;27577206;27;37548870
27577058;27577092;40;37606702
27577058;27577103;103;37606701
27577058;27577521;87;37606716
27577059;27576871;75;38742972
27577060;27576815;47;39315546
27577060;27577158;17;38278133
27577066;27576889;34;39749593
27577067;27576924;70;39580463
27577067;27577211;60;39580460
27577067;27577489;82;39403184
27577068;27577079;23;37607033
27577068;27577090;9;38869154
27577074;27577206;60;37548868
27577079;27577048;54;38869150
27577080;27577068;40;37607032
27577083;27576742;108;37789189
27577088;27576959;23;38853405
27577088;27577238;27;39233908
27577090;27577109;9;38869153
27577090;27577189;95;38869151
27577092;27577058;40;37606703
27577092;27577143;35;37606698
27577093;27577115;12;37505095
27577093;27577128;102;37770818
27577094;27575841;262;38479578
27577094;27577180;14;38479577
27577094;27577425;107;38479598
27577095;27576894;40;39580471
27577095;27577306;42;39585050
27577096;27577041;30;37607425
27577096;27577518;80;37607379
27577097;27576871;42;38742962
27577097;27577059;54;38742967
27577098;27576691;89;39530980
27577098;27577024;14;38131038
27577099;27577028;13;39623417
27577099;27577175;12;39623414
27577100;27576787;83;38709709
27577100;27577529;106;38709721
27577103;27577058;103;37606700
27577103;27577165;85;37606697
27577107;27577150;27;38299855
27577107;27577160;8;38869147
27577109;27577126;39;38299853
27577111;27576635;93;37515365
27577111;27577162;134;37538817
27577111;27577174;9;37515364
27577115;27577093;12;37505094
27577115;27577142;7;39541267
27577117;27576953;128;37506565
27577117;27577654;103;37505001
27577118;27577060;30;37609465
27577118;27577181;28;38278135
27577120;27576816;59;37547825
27577120;27577190;11;39584879
27577120;27577568;210;39584862
27577123;27577098;4;37608123
27577123;27577131;13;39530984
27577125;27576872;46;38142693
27577126;27577080;9;39530986
27577126;27577186;65;38299851
27577128;27576963;31;37516234
27577131;27577080;64;37607031
27577135;27577079;9;38869148
27577135;27577109;23;38299852
27577138;27576936;36;37609391
27577141;27577055;75;37516418
27577141;27577431;54;38707018
27577142;27577003;26;37770819
27577142;27577215;28;39541266
27577143;27577092;35;37606699
27577143;27577207;72;38853399
27577150;27577189;9;38869156
27577150;27577305;86;38299854
27577151;27577291;29;37536230
27577152;27577335;81;39314629
27577152;27578206;409;38574014
27577158;27577060;17;38278132
27577158;27577303;29;38278131
27577160;27577243;33;38869146
27577162;27577025;86;37538816
27577162;27577083;33;37785708
27577164;27577096;30;37607424
27577164;27577358;39;37608086
27577165;27576808;63;39522568
27577165;27577103;85;37606696
27577165;27577202;53;39522577
27577165;27577925;146;37511571
27577170;27577493;126;37785383
27577174;27577042;44;37497462
27577174;27577111;9;37515363
27577174;27577264;15;37515362
27577175;27577099;12;39623415
27577176;27577123;8;37608122
27577180;27577094;14;38479576
27577180;27577346;89;38479575
27577180;27577432;94;38479588
27577181;27577249;36;38278134
27577181;27577274;17;37607384
27577182;27577276;32;39584852
27577186;27577176;13;37516368
27577187;27577097;14;38742961
27577187;27577333;76;38742975
27577189;27577090;95;38869152
27577189;27577205;10;38869155
27577190;27577036;65;39584855
27577190;27577120;11;39584880
27577190;27577712;104;37547823
27577191;27576768;85;37510270
27577191;27576914;127;37895479
27577191;27577210;9;37895478
27577198;27576975;113;37517195
27577198;27577066;21;37895809
27577201;27577309;31;38742981
27577201;27577601;77;38742965
27577202;27577165;53;39522576
27577202;27577237;79;37510458
27577203;27576621;118;39750196
27577203;27577356;79;38479586
27577205;27577160;26;39499544
27577206;27576992;148;37548872
27577206;27577074;60;37548869
27577207;27576697;95;37516398
27577207;27577143;72;38853400
27577207;27577285;90;38853397
27577210;27577191;9;37895477
27577210;27577621;87;37785300
27577211;27577067;60;39580461
27577211;27577278;35;39585041
27577213;27576516;148;37547894
27577213;27576719;233;38893808
27577213;27577564;70;37547893
27577215;27577033;33;37506302
27577215;27577266;10;39631734
27577218;27577238;12;38166738
27577219;27577118;17;37609397
27577219;27577158;30;37607387
27577220;27577088;23;39233907
27577220;27577218;6;38166739
27577221;27577031;92;37511595
27577221;27577237;83;37510455
27577231;27577164;34;37607423
27577237;27577202;79;37510457
27577237;27577221;83;37510456
27577238;27577287;11;38166736
27577242;27577314;15;39409889
27577242;27577374;30;37783154
27577243;27577135;28;38869145
27577243;27577767;100;39226625
27577248;27577231;9;37607422
27577248;27577445;40;39315542
27577249;27577004;47;37609428
27577249;27577323;17;37609427
27577253;27576933;57;38709030
27577253;27577542;157;38709025
27577255;27577220;11;38166737
27577256;27577259;1;38709028
27577259;27576856;180;38709716
27577259;27577256;1;38709029
27577259;27577542;108;38709026
27577264;27577174;15;37515361
27577264;27577472;40;37615116
27577264;27577762;217;37755228
27577265;27576984;65;38742968
27577265;27577309;21;38742978
27577266;27577115;45;37770821
27577266;27577215;10;39631735
27577266;27577296;12;39631732
27577269;27577128;25;37770817
27577274;27577219;28;37607386
27577274;27577413;29;37607383
27577276;27577182;32;39584851
27577278;27577211;35;39585042
27577278;27577306;18;39585039
27577284;27577388;56;38223077
27577285;27577207;90;38853398
27577285;27577255;18;39233905
27577287;27577322;18;39233906
27577287;27577348;13;38166734
27577289;27577190;50;39584857
27577291;27577040;69;37782681
27577291;27577436;60;37536229
27577294;27577331;134;37516239
27577294;27577436;29;37536228
27577296;27577266;12;39631733
27577296;27577418;41;37788826
27577297;27577515;44;37785986
27577299;27577042;60;37785364
27577299;27577170;31;37785366
27577303;27577158;29;38278130
27577303;27577248;33;37607421
27577305;27576767;102;37606997
27577305;27577314;21;38130632
27577306;27577095;42;39585051
27577306;27577278;18;39585040
27577306;27577734;88;39585309
27577309;27577265;21;38742977
27577309;27577553;45;38742980
27577313;27577103;39;37606718
27577313;27577339;36;37606721
27577314;27577352;8;38130631
27577315;27576247;495;38419647
27577315;27576259;531;38418536
27577317;27577717;197;39314583
27577317;27578467;389;39679102
27577321;27577255;17;38166735
27577321;27577285;16;39233904
27577322;27577348;17;39233909
27577322;27577361;39;37606340
27577323;27577249;17;37609426
27577323;27577274;36;37607385
27577323;27577484;29;37609425
27577331;27577420;49;37788824
27577331;27577465;41;39541263
27577333;27577187;76;38742976
27577333;27577347;28;38742973
27577333;27577437;18;38742956
27577334;27577416;16;38554489
27577335;27576648;167;39314605
27577335;27577152;81;39314630
27577335;27577717;72;39314604
27577339;27577313;36;37606722
27577340;27577414;14;39584854
27577346;27577180;89;38479574
27577346;27577432;16;37548059
27577347;27577187;32;38742960
27577347;27577333;28;38742974
27577348;27577402;14;38166732
27577352;27577374;12;37609420
27577352;27577434;19;38130629
27577354;27577205;85;39499543
27577354;27577305;11;38130630
27577356;27577560;39;37710048
27577358;27577424;34;39226622
27577358;27577571;40;37608085
27577359;27577219;29;37609396
27577359;27577303;30;37607420
27577361;27577055;56;37516417
27577361;27577322;39;37606339
27577361;27577431;74;37606338
27577362;27577269;37;39541264
27577374;27577394;11;37609419
27577374;27577434;29;37783153
27577375;27577532;120;38986227
27577384;27577393;28;37606720
27577385;27577203;39;38479585
27577385;27577213;87;38479590
27577388;27576897;90;37506368
27577388;27577284;56;38223076
27577388;27577492;18;37506367
27577389;27576140;266;37519354
27577389;27577727;67;37519351
27577389;27577733;78;37592615
27577393;27577313;18;37606717
27577393;27577384;28;37606719
27577394;27577459;30;37609418
27577396;27577056;159;38479572
27577397;27577321;17;38166733
27577402;27577397;15;38166731
27577402;27577444;8;39664015
27577412;27577575;43;37778633
27577413;27577359;29;37607419
27577413;27577784;92;37607382
27577414;27577340;14;39584853
27577414;27577477;11;39584850
27577416;27577334;16;38554490
27577417;27577056;71;37548049
27577417;27577739;158;38479613
27577417;27577758;71;37548046
27577418;27577296;41;37788827
27577418;27577446;22;39541279
27577419;27577734;74;38069048
27577420;27577362;29;37788821
27577422;27577575;49;39541276
27577424;27577231;39;39226619
27577424;27577358;34;39226623
27577425;27577094;107;38479597
27577431;27577361;74;37606337
27577431;27577555;141;37606336
27577432;27577180;94;38479587
27577432;27577764;70;37548058
27577434;27577435;6;38130627
27577435;27577354;20;38130628
27577435;27577888;88;39545819
27577436;27577294;29;37536227
27577436;27577754;70;37506570
27577437;27577059;80;38742971
27577437;27577333;18;38742957
27577440;27577465;30;37788823
27577441;27576926;96;37895489
27577441;27577210;117;37895491
27577441;27577467;9;37895482
27577442;27577289;73;39584856
27577444;27577543;19;37606369
27577444;27578137;162;37608273
27577445;27577516;34;39226621
27577445;27577635;40;39315541
27577446;27577422;28;39541278
27577446;27577914;160;37778631
27577451;27577221;87;37606706
27577451;27577237;53;37606695
27577453;27577525;25;37550174
27577459;27577041;80;37609457
27577459;27577518;31;37609417
27577460;27577198;50;37895808
27577465;27577331;41;39541262
27577465;27577440;30;37788822
27577466;27577469;121;37786016
27577466;27577512;45;37786027
27577466;27577827;108;37786022
27577467;27577441;9;37895481
27577467;27577877;88;37895494
27577469;27577466;121;37786015
27577471;27576946;93;37547880
27577471;27577624;53;37547883
27577472;27577264;40;37615115
27577472;27577603;34;37615114
27577472;27577872;81;37785371
27577475;27577990;159;39314682
27577477;27577414;11;39584849
27577477;27577568;19;37548079
27577481;27577551;14;37609411
27577484;27577323;29;37609424
27577484;27577413;35;37607418
27577488;27577733;86;37592628
27577488;27578451;195;38505871
27577489;27577067;82;39403185
27577489;27577611;26;39403183
27577492;27577388;18;37506366
27577492;27577488;15;37592629
27577492;27577833;66;37506365
27577493;27576920;106;37511603
27577500;27577397;18;37608272
27577500;27577922;88;39144028
27577510;27577512;5;37785988
27577512;27577466;45;37786028
27577512;27577510;5;37785987
27577512;27577669;32;37786025
27577513;27577677;38;38890279
27577514;27577515;19;37785990
27577515;27577297;44;37785985
27577515;27577514;19;37785989
27577515;27577664;32;37785984
27577516;27577303;40;37609464
27577516;27577445;34;39226620
27577518;27577571;29;37609416
27577518;27577661;32;37607378
27577521;27577534;61;37606715
27577521;27577710;39;37606709
27577525;27577596;18;38557037
27577525;27577766;94;37550173
27577529;27577100;106;38709722
27577532;27577375;120;38986226
27577532;27577627;29;38986221
27577532;27577765;75;37572358
27577534;27577393;26;37606714
27577534;27577547;56;37606711
27577540;27577418;24;39541277
27577540;27577446;20;37778629
27577541;27576992;101;37497460
27577541;27577591;52;37786001
27577542;27577253;157;38709024
27577542;27577259;108;38709027
27577542;27577628;20;38709719
27577543;27577500;11;39664016
27577543;27577942;82;37516383
27577547;27577534;56;37606712
27577551;27577687;64;37609410
27577552;27577471;16;37547879
27577553;27577601;40;38742958
27577553;27577601;30;38742979
27577555;27577431;141;37606335
27577555;27577565;10;37606334
27577557;27577625;16;37547873
27577560;27577385;79;38479589
27577560;27577890;70;37710055
27577564;27577213;70;37547892
27577564;27577891;70;37547891
27577565;27577555;10;37606333
27577565;27577634;101;39530983
27577565;27578314;146;38298901
27577566;27577347;38;38742959
27577566;27577437;39;38742970
27577568;27577477;19;37548078
27577568;27577624;38;39584861
27577571;27577619;34;37609415
27577571;27577716;32;37608084
27577572;27577467;59;37517200
27577575;27577726;58;39541275
27577581;27576365;235;37515813
27577584;27577628;31;38709725
27577588;27577974;76;37515806
27577589;27577643;17;37786013
27577591;27577541;52;37786002
27577594;27577460;27;39749594
27577594;27577606;13;39403210
27577596;27577525;18;38557038
27577596;27577770;51;38557040
27577599;27577557;23;39333946
27577600;27577765;41;38573951
27577601;27577768;37;38742966
27577602;27576953;119;37506567
27577602;27577492;191;37506564
27577602;27577620;38;37592604
27577603;27577299;72;37785365
27577603;27577472;34;37615113
27577603;27577802;105;37564008
27577603;27577989;92;37615112
27577604;27577191;87;37510269
27577604;27577621;11;37895485
27577606;27578498;173;38854152
27577608;27577459;32;37609456
27577609;27577291;68;37592606
27577609;27577754;59;39541265
27577610;27577809;40;37786124
27577611;27577728;59;38479611
27577611;27578533;190;39403182
27577619;27577424;40;39226618
27577619;27577635;8;37609414
27577620;27577654;68;39541283
27577621;27577604;11;37895484
27577621;27578062;88;37785299
27577624;27577647;17;39403199
27577625;27577741;22;39531811
27577625;27577788;34;37785250
27577627;27577532;29;38986220
27577627;27577676;13;38986219
27577627;27577789;30;39738141
27577628;27577542;20;38709720
27577628;27577584;31;38709726
27577628;27577724;20;38709717
27577628;27577790;77;38709712
27577634;27577176;87;37608121
27577634;27577565;101;39530982
27577634;27577767;150;37516388
27577635;27577692;35;37609413
27577635;27577799;32;39315540
27577638;27577740;20;37786126
27577643;27577589;17;37786014
27577643;27577653;65;37786000
27577643;27577748;79;37786009
27577647;27577552;31;37785255
27577647;27577698;25;39584860
27577653;27577643;65;37785999
27577653;27577664;20;37785998
27577653;27577848;38;37786008
27577654;27577688;53;37592602
27577661;27577608;30;37609408
27577664;27577515;32;37785983
27577664;27577653;20;37785997
27577664;27577669;28;37785996
27577669;27577512;32;37786026
27577669;27577664;28;37785995
27577669;27577797;24;37786023
27577670;27577599;16;39333945
27577676;27577627;13;38986218
27577676;27577732;21;38508124
27577677;27577513;38;38890278
27577678;27577661;11;37609407
27577678;27577793;22;37609448
27577685;27577442;126;39333597
27577685;27577884;47;39333614
27577686;27577609;19;37592605
27577687;27577484;44;37517230
27577688;27577686;18;37592603
27577689;27577724;13;38709727
27577692;27577516;40;37609463
27577692;27577752;30;37609412
27577698;27577552;31;37547878
27577698;27577741;25;39333594
27577701;27577790;18;38709723
27577702;27577727;18;38890276
27577709;27577748;19;37786012
27577710;27577521;39;37606710
27577712;27577823;79;37517235
27577712;27578101;78;37547822
27577716;27577678;19;37609406
27577716;27577720;8;37609460
27577717;27577317;197;39314584
27577717;27577335;72;39314603
27577717;27577990;122;39314581
27577719;27577793;39;37609453
27577720;27577716;8;37609461
27577720;27577780;12;37609454
27577724;27577628;20;38709718
27577724;27577689;13;38709728
27577726;27577737;12;37498181
27577726;27577914;39;37505093
27577727;27577389;67;37519352
27577727;27577702;18;38890277
27577727;27577796;38;38855011
27577727;27577854;24;37600528
27577728;27577611;59;38479610
27577728;27577845;56;38479609
27577728;27578908;230;39409874
27577732;27577676;21;38508125
27577732;27578229;219;38508122
27577733;27577796;11;37592614
27577734;27577306;88;39585310
27577734;27577419;74;38069049
27577734;27577845;21;39585060
27577736;27577685;23;39333596
27577737;27577453;76;37518105
27577737;27577803;23;37498180
27577737;27577819;23;38556961
27577739;27577417;158;38479612
27577740;27577638;20;37786125
27577740;27577809;46;37786139
27577740;27577882;38;37786138
27577741;27577788;19;39580257
27577741;27577838;17;39333598
27577748;27577643;79;37786010
27577748;27577709;19;37786011
27577748;27577878;33;37785979
27577749;27577676;15;39738142
27577749;27577732;26;39738139
27577752;27577359;80;37609395
27577752;27577774;13;37609400
27577752;27577906;32;37607367
27577754;27577686;61;37506569
27577754;27577918;37;37592630
27577758;27577417;71;37548047
27577758;27577969;43;37548044
27577762;27577541;57;37497459
27577762;27577779;7;37550003
27577764;27577432;70;37548057
27577764;27577969;99;37548042
27577765;27577532;75;37572359
27577765;27577600;41;38573950
27577765;27578129;102;37572356
27577766;27578144;81;37550172
27577767;27577243;100;39226624
27577767;27577634;150;37516387
27577767;27577888;138;37516386
27577768;27579177;254;37507567
27577770;27577596;51;38557039
27577774;27577752;13;37609401
27577774;27577784;4;37609398
27577774;27577906;45;37607393
27577776;27577619;32;39226617
27577776;27577716;34;37609405
27577779;27577762;7;37550002
27577779;27577837;23;37550001
27577780;27577720;12;37609455
27577780;27577793;18;37609450
27577784;27577774;4;37609399
27577785;27577698;16;39333599
27577785;27577736;23;39333595
27577788;27577835;21;39580256
27577789;27577749;10;39738140
27577789;27579270;268;38644397
27577790;27577701;18;38709724
27577790;27577916;42;38709711
27577793;27577678;22;37609449
27577793;27577719;39;37609452
27577793;27577780;18;37609451
27577796;27577727;38;38855012
27577796;27577907;24;38855009
27577797;27577669;24;37786024
27577797;27577848;45;37786030
27577797;27577927;27;37786019
27577798;27577816;4;39626197
27577799;27577776;8;37609404
27577799;27577836;10;39315537
27577802;27577824;63;37564007
27577802;27577962;37;37615118
27577803;27578144;117;37778628
27577805;27577451;125;37606705
27577807;27577841;150;38229519
27577809;27577610;40;37786123
27577809;27577740;46;37786140
27577809;27578046;68;37786135
27577816;27577798;4;39626196
27577816;27577807;54;37506295
27577819;27578006;45;38556962
27577823;27577712;79;37517234
27577824;27577827;4;37788794
27577824;27578537;187;37510473
27577825;27577854;19;37791273
27577826;27577816;41;37506294
27577826;27577833;23;39734435
27577827;27577466;108;37786021
27577827;27577493;65;37511602
27577827;27577824;4;37788795
27577828;27577926;66;38696862
27577830;27577833;16;37506371
27577831;27577436;123;39095534
27577831;27577985;44;37516329
27577833;27577492;66;37506364
27577833;27577826;23;39734434
27577833;27577830;16;37506370
27577834;27577594;47;39749595
27577835;27577670;38;37785270
27577835;27578014;82;39580255
27577836;27577776;10;37607434
27577836;27577875;8;39315539
27577837;27577779;23;37550000
27577837;27578264;185;37497458
27577837;27578392;131;37498179
27577838;27577785;24;39333593
27577838;27577980;28;37547872
27577841;27577932;23;37506298
27577845;27577728;56;38479608
27577845;27577734;21;39585061
27577845;27577926;19;39585058
27577848;27577653;38;37786007
27577848;27577797;45;37786029
27577848;27577961;22;37786006
27577854;27577727;24;37600527
27577854;27577825;19;37791274
27577854;27577907;38;38855008
27577854;27578151;60;37592627
27577857;27577692;32;37609462
27577857;27577799;35;37609403
27577859;27577441;88;37895488
27577859;27577621;115;37895483
27577859;27577877;10;37517193
27577872;27577472;81;37785372
27577872;27577882;13;37786121
27577872;27577894;7;37785369
27577875;27577836;8;39315538
27577875;27578020;30;39315543
27577877;27577859;10;37517192
27577877;27578068;90;37895498
27577877;27578307;89;37895493
27577878;27577748;33;37785980
27577882;27577740;38;37786137
27577882;27577872;13;37786122
27577882;27577905;24;37786119
27577884;27577963;16;37785271
27577886;27577838;25;39585304
27577886;27577980;32;37785256
27577888;27577767;138;37516385
27577888;27577957;76;39545864
27577888;27578724;153;39499550
27577890;27577560;70;37710056
27577890;27577564;166;38479712
27577890;27578227;70;37710053
27577891;27577564;70;37547890
27577891;27578227;166;38893815
27577891;27578237;71;37547889
27577894;27577872;7;37785370
27577894;27577917;14;37785387
27577899;27577736;37;37785251
27577899;27577785;23;37785264
27577902;27578258;81;39069627
27577903;27577886;11;39585303
27577905;27577882;24;37786120
27577905;27577944;33;37786117
27577905;27577944;7;37786129
27577906;27577752;32;37607366
27577906;27577774;45;37607394
27577906;27577857;30;37609402
27577907;27577796;24;38855010
27577907;27577854;38;38855007
27577907;27578205;60;37547019
27577912;27577460;101;37785310
27577912;27577834;17;39749596
27577914;27578290;123;39532590
27577916;27577724;100;38709710
27577916;27578033;21;38709714
27577917;27577982;10;37785386
27577917;27578083;52;39492250
27577918;27577754;37;37592631
27577918;27577955;78;39316398
27577918;27577988;43;39540366
27577922;27577942;9;39144026
27577925;27577165;146;37511572
27577925;27577805;48;37606704
27577925;27578468;102;37511569
27577926;27577828;66;38696861
27577926;27577845;19;39585059
27577926;27578150;45;39585056
27577927;27577797;27;37786020
27577927;27577961;39;37786003
27577927;27578158;46;37786017
27577931;27576501;279;38576739
27577931;27577566;73;38742963
27577932;27577992;11;39734427
27577933;27578113;60;38298902
27577942;27578676;139;37516382
27577944;27577905;7;37786130
27577944;27577905;33;37786118
27577944;27578110;32;37786127
27577951;27577903;21;39585302
27577953;27578145;38;37785320
27577955;27577688;51;37516330
27577955;27577967;43;39316397
27577957;27577888;76;39545863
27577957;27577976;21;39545862
27577957;27577993;7;38895021
27577959;27578184;47;38709036
27577961;27577848;22;37786005
27577961;27577927;39;37786004
27577961;27578010;10;37785993
27577962;27577802;37;37615117
27577963;27578016;21;37785272
27577964;27577540;157;37778632
27577964;27577994;35;37778630
27577967;27577992;12;37506299
27577968;27578498;103;37607804
27577969;27577758;43;37548045
27577969;27578222;53;37548043
27577970;27577581;76;37515812
27577974;27579407;254;37515805
27577976;27577957;21;39545861
27577976;27578012;7;38895017
27577976;27578020;48;39545860
27577980;27578034;10;37547871
27577982;27577986;7;37785385
27577982;27578476;131;37785367
27577985;27577831;44;37516328
27577986;27577894;23;37785384
27577988;27577918;43;39540365
27577988;27578141;82;37642362
27577989;27577603;92;37615111
27577989;27578082;20;37615110
27577989;27578083;24;39492249
27577990;27577475;159;39314681
27577990;27577717;122;39314582
27577990;27578015;9;39314579
27577992;27578001;7;39734425
27577992;27578221;46;37506296
27577993;27577957;7;38895020
27577993;27578050;10;38895031
27577994;27577540;137;37778627
27578001;27577992;7;39734426
27578001;27578115;275;37506313
27578006;27577412;192;37788832
27578010;27577961;10;37785994
27578010;27578131;62;37785992
27578012;27577976;7;38895016
27578012;27578065;9;38895033
27578014;27577764;51;37548056
27578014;27578059;16;39580254
27578015;27577990;9;39314580
27578015;27578177;35;39314702
27578015;27578206;73;39314577
27578016;27577899;21;37785263
27578020;27577875;30;39315544
27578020;27577976;48;39545859
27578020;27578077;73;37783955
27578020;27578209;40;37607433
27578024;27577875;78;37517217
27578031;27577604;88;37510268
27578031;27578062;12;38039135
27578033;27577916;21;38709713
27578034;27577903;50;37785248
27578034;27578846;146;37547870
27578046;27577809;68;37786136
27578046;27578349;81;37786133
27578046;27578349;68;37786115
27578050;27577993;10;38895030
27578050;27578199;30;38787888
27578056;27578024;15;37517216
27578056;27578111;14;39529189
27578059;27578175;66;39622948
27578059;27578175;58;39580253
27578062;27578031;12;38039136
27578062;27578286;112;37895490
27578062;27578737;132;37785298
27578065;27578012;9;38895032
27578065;27578199;37;38787884
27578066;27577779;55;37506090
27578066;27578555;120;37506074
27578068;27577572;95;37568030
27578077;27578020;73;37783956
27578082;27577989;20;37615109
27578082;27578296;71;38853392
27578083;27577917;52;39492251
27578083;27577989;24;39492248
27578083;27578134;12;37785362
27578086;27577951;60;37548074
27578086;27578014;13;37710975
27578094;27577994;24;39522787
27578094;27578130;10;38856679
27578095;27578024;15;39529192
27578095;27578111;15;37783958
27578096;27577543;131;39680057
27578096;27578137;25;37607805
27578101;27578241;110;37517236
27578101;27578241;26;37547821
27578108;27578056;35;37517215
27578110;27577944;32;37786128
27578111;27578108;43;38281530
27578111;27578990;156;39529188
27578113;27577805;75;37823662
27578113;27577933;60;38298903
27578113;27578468;113;39402605
27578115;27577833;55;37506363
27578118;27578151;19;37515839
27578120;27577687;86;37517229
27578120;27578108;5;37517214
27578121;27578356;44;38709035
27578127;27578129;61;38573975
27578128;27578094;11;39522786
27578129;27577765;102;37572357
27578129;27578127;61;38573976
27578129;27578324;35;37572354
27578130;27578094;10;38856678
27578131;27578010;63;37785991
27578131;27578480;88;37785981
27578134;27578083;12;37785363
27578137;27578213;19;39529204
27578137;27578224;92;37608270
27578141;27577831;66;37536076
27578141;27578189;35;37642361
27578144;27578290;33;37518104
27578145;27577953;38;37785321
27578145;27578120;12;37517213
27578150;27577926;45;39585057
27578150;27578388;45;39585311
27578151;27577854;60;37592626
27578151;27578118;19;37515840
27578151;27578354;37;38590686
27578155;27578217;16;39095533
27578158;27577927;46;37786018
27578163;27578151;10;39669322
27578175;27578222;24;39580252
27578177;27578015;35;39314701
27578177;27578800;122;39314620
27578181;27578096;19;37546282
27578181;27579029;175;37607806
27578184;27577959;47;38709037
27578184;27578356;80;38709032
27578184;27578506;68;38709043
27578189;27578416;43;37642363
27578199;27578050;30;38787887
27578199;27578065;37;38787883
27578199;27578554;70;38787882
27578205;27578163;28;39669323
27578205;27578754;105;39214221
27578206;27577152;409;38574013
27578206;27578015;73;39314578
27578206;27578250;122;39314591
27578206;27578259;10;39314628
27578209;27578363;92;37783959
27578209;27578861;118;37607432
27578212;27578066;46;37506089
27578212;27578672;114;37506075
27578213;27578181;25;37608271
27578213;27578319;21;39211254
27578217;27578155;16;39095532
27578221;27577992;46;37506297
27578221;27578283;15;37782246
27578222;27578276;11;39580259
27578222;27578315;39;39585298
27578224;27578228;5;37608269
27578226;27578420;61;37823664
27578227;27577890;70;37710054
27578227;27577891;166;38893814
27578227;27578426;95;38893812
27578227;27578586;71;37710051
27578228;27578037;38;39542210
27578228;27578238;5;37608268
27578229;27577732;219;38508123
27578229;27578250;18;39314594
27578229;27578343;24;38644399
27578236;27578213;19;39529181
27578236;27578319;15;39529197
27578237;27577758;233;38893813
27578237;27577891;71;37547888
27578237;27578332;17;37547887
27578238;27578300;62;37608267
27578238;27578306;13;39529195
27578241;27578569;64;37547820
27578246;27578145;52;37517212
27578250;27578206;122;39314592
27578250;27578229;18;39314593
27578258;27577902;81;39069628
27578258;27577925;102;37606708
27578259;27578206;10;39314627
27578259;27578341;18;39314626
27578259;27579196;194;37845543
27578261;27578246;9;39749600
27578261;27579116;149;37783143
27578264;27577766;164;37506100
27578264;27577837;185;37497457
27578264;27578577;72;37497455
27578269;27578270;133;37521177
27578269;27578283;17;37506319
27578269;27578346;14;37782245
27578270;27577988;54;37516240
27578270;27578269;133;37521178
27578270;27578345;50;37521175
27578275;27578851;134;37531735
27578276;27578086;97;37548073
27578283;27578269;17;37506318
27578283;27578293;18;37506317
27578283;27578346;14;37592693
27578286;27577859;89;37895487
27578286;27578307;10;37895496
27578290;27578337;8;39221261
27578290;27578769;146;37785282
27578293;27578221;15;37782247
27578293;27578283;18;37506316
27578293;27578304;12;37506315
27578294;27578224;13;39529196
27578294;27578236;59;39529180
27578296;27578082;71;38853391
27578296;27578503;65;37506102
27578296;27578537;81;38853390
27578297;27578446;29;39341360
27578298;27578261;16;39749599
27578300;27577555;146;39569811
27578300;27578314;9;37608266
27578304;27578293;12;37506314
27578304;27578347;61;37750309
27578305;27578016;56;37785262
27578306;27578294;9;39529179
27578307;27578286;10;37895497
27578307;27579017;134;37895492
27578312;27578389;139;38867864
27578314;27578387;13;38298900
27578314;27578428;123;37608265
27578315;27578447;93;39580230
27578315;27578447;70;39585297
27578319;27578553;57;39211253
27578324;27578129;35;37572355
27578324;27579181;220;38574053
27578324;27579383;187;37572352
27578325;27578396;40;38709040
27578325;27578396;194;38709039
27578332;27578237;17;37547886
27578332;27578605;51;37547897
27578337;27577964;124;39244893
27578337;27578473;33;39221260
27578341;27578259;18;39314625
27578341;27578800;116;39314704
27578341;27578855;109;39314624
27578343;27578250;37;39314590
27578343;27579173;264;39314597
27578345;27578270;50;37521176
27578345;27578416;59;37521173
27578345;27578484;29;37592871
27578346;27578395;11;37592692
27578347;27578304;61;37750308
27578347;27578372;45;37750307
27578347;27578522;36;37555067
27578348;27578006;73;37788831
27578349;27578046;81;37786134
27578349;27578046;68;37786116
27578349;27578434;33;37786131
27578354;27578151;37;38590687
27578354;27578440;22;38587878
27578356;27578121;44;38709034
27578356;27578184;80;38709033
27578356;27578645;58;38709023
27578363;27578095;48;39529191
27578365;27578642;168;37631719
27578365;27578777;77;38508106
27578372;27578347;45;37750306
27578372;27578414;100;37750305
27578372;27578534;33;37643060
27578377;27578300;13;39569810
27578377;27578306;62;39529178
27578387;27578377;10;39529187
27578387;27578731;61;38298899
27578388;27578150;45;39585312
27578388;27578516;29;39580458
27578388;27580717;632;37557423
27578389;27577767;116;39492990
27578389;27578312;139;38867863
27578392;27578485;25;37498178
27578392;27578555;53;37506072
27578395;27578436;9;37592691
27578395;27578541;31;37782248
27578396;27578325;40;38709041
27578396;27578325;194;38709038
27578396;27579118;261;38709020
27578410;27578440;15;37511568
27578414;27578372;100;37750304
27578414;27578451;94;37750303
27578416;27578345;59;37521174
27578416;27578455;21;37505478
27578420;27578113;76;37823661
27578420;27578226;61;37823663
27578425;27578298;50;37785334
27578426;27577489;268;38479605
27578426;27578227;95;38893811
27578428;27577634;150;37877804
27578428;27578564;138;37608264
27578431;27578128;99;39541941
27578431;27578348;29;37778634
27578434;27578349;33;37786132
27578436;27578446;79;37516312
27578436;27578637;34;37592690
27578440;27578354;22;38587879
27578440;27578511;15;37791272
27578446;27578297;29;39341359
27578446;27578450;48;37516311
27578446;27578635;31;37516337
27578447;27578539;48;39580258
27578449;27578539;19;39580260
27578450;27578484;56;37516310
27578450;27578639;31;37516338
27578451;27578414;94;37750302
27578451;27578466;21;37750301
27578455;27578416;21;37505479
27578455;27578552;18;37516291
27578455;27578600;48;37505476
27578457;27577143;259;38974025
27578457;27578528;49;37775957
27578466;27578451;21;37750300
27578466;27578475;13;37750297
27578467;27577317;389;39679101
27578467;27578950;82;37631713
27578467;27579023;292;37631721
27578468;27577925;102;37511570
27578468;27578822;76;39210521
27578468;27578914;128;39210514
27578472;27577036;280;38142701
27578472;27577125;267;39403198
27578472;27578569;61;37517248
27578472;27578606;23;38142698
27578473;27578431;15;39541940
27578473;27578571;31;39532594
27578475;27578466;13;37750296
27578475;27578493;26;37750311
27578476;27577982;131;37785368
27578478;27577912;109;39749597
27578478;27578298;88;39749598
27578480;27578131;88;37785982
27578481;27578964;85;37517290
27578484;27578345;29;37592870
27578484;27578552;74;37516309
27578485;27578264;70;37506099
27578490;27578212;67;37506088
27578490;27578858;84;37506077
27578493;27578475;26;37750310
27578493;27578496;8;37750295
27578496;27578493;8;37750294
27578496;27578511;37;37505099
27578497;27578387;125;39529186
27578497;27578428;13;37877803
27578498;27578529;6;39749589
27578502;27578849;166;37946414
27578503;27578082;113;37506101
27578503;27578945;72;37506095
27578504;27578525;9;38894591
27578506;27578184;68;38709042
27578508;27578276;111;37548072
27578511;27578496;37;37505098
27578511;27578616;17;37791271
27578516;27578388;29;39580459
27578516;27579309;142;39585305
27578522;27578347;36;37555066
27578522;27578534;47;38505870
27578525;27578522;39;38894592
27578526;27578293;46;39671101
27578526;27578525;17;37516245
27578528;27578614;56;37775955
27578528;27578686;107;39522842
27578529;27578478;17;39749601
27578529;27578700;26;37785309
27578530;27578332;48;37517313
27578533;27578426;53;37615279
27578534;27578372;33;37643059
27578534;27578580;96;38505869
27578534;27579001;75;39226815
27578537;27578296;81;38853389
27578537;27579058;147;38853388
27578539;27578601;30;39585293
27578541;27578504;47;38892335
27578552;27578661;17;37592875
27578553;27578646;16;39529207
27578553;27578979;85;39211252
27578554;27578199;70;38787881
27578554;27578692;30;38895028
27578554;27578721;27;38895027
27578555;27578672;31;37506071
27578555;27578682;29;37506073
27578563;27578258;102;37606707
27578563;27578457;26;37733311
27578564;27578389;35;39492989
27578564;27578724;127;37608263
27578569;27578472;61;37517247
27578569;27578644;39;37517246
27578571;27578759;51;39532593
27578571;27578851;79;37516341
27578573;27578449;43;39183384
27578573;27578530;33;37547903
27578577;27578264;72;37497456
27578577;27578633;7;39532595
27578580;27578414;31;38106846
27578580;27578703;82;38505868
27578583;27578490;29;37506087
27578585;27578684;42;38479616
27578586;27578227;71;37710052
27578586;27578237;166;38893810
27578586;27578711;96;38479584
27578586;27579121;95;37710049
27578587;27578526;10;39671100
27578593;27578181;93;37546281
27578593;27578553;16;39529208
27578594;27578529;21;39527555
27578594;27578700;30;39350577
27578596;27578144;146;39532591
27578596;27578577;7;39532596
27578600;27578455;48;37505477
27578600;27578695;32;37505474
27578601;27578573;13;37547902
27578601;27578651;31;39585296
27578605;27578738;21;37547896
27578605;27578785;31;37547904
27578606;27578472;23;38142699
27578606;27579031;72;38142692
27578614;27578563;13;38974029
27578614;27578824;46;37510454
27578616;27578713;32;37791270
27578616;27578933;59;37515846
27578628;27574473;845;37515818
27578632;27578508;46;39585301
27578632;27578844;58;39183383
27578633;27578802;33;37531731
27578634;27578637;29;37516307
27578635;27578634;53;37516308
27578635;27578841;33;37516336
27578637;27578653;3;37592689
27578639;27578450;31;37516339
27578639;27578635;47;37516306
27578642;27578365;168;37631718
27578642;27578950;162;37631717
27578642;27579093;77;38508119
27578644;27578569;39;37517245
27578644;27578768;71;37517244
27578644;27579464;145;37517254
27578645;27578356;58;38709022
27578646;27578593;11;37546280
27578646;27578868;42;37608279
27578649;27578484;27;37516290
27578649;27578639;57;37516305
27578650;27578614;14;39522840
27578651;27578530;24;37517312
27578651;27578738;33;39585315
27578652;27578497;137;39529185
27578652;27578564;13;39529194
27578653;27578691;12;39407464
27578653;27578752;16;37592688
27578654;27577922;139;39529205
27578657;27578594;25;39403212
27578661;27578649;70;37516304
27578661;27578879;37;37592874
27578670;27578587;13;37643004
27578672;27578858;71;37506070
27578676;27578745;12;39529206
27578677;27579086;69;37785274
27578682;27578485;46;37506098
27578683;27578583;34;37506086
27578683;27579161;81;37506080
27578684;27578086;118;37710974
27578684;27578585;42;38479615
27578686;27578719;22;39522843
27578686;27578816;22;39522841
27578691;27578587;38;37516244
27578691;27578653;12;39407465
27578692;27578554;30;38895029
27578692;27578760;12;38895018
27578695;27578600;32;37505475
27578695;27578784;34;37505472
27578695;27579006;53;37516315
27578700;27579240;93;37785308
27578703;27578740;6;38223053
27578703;27578754;30;38505867
27578704;27578031;132;37510267
27578704;27578657;17;39403211
27578704;27578737;11;37785318
27578711;27578586;96;38479583
27578719;27578686;22;39522844
27578719;27578723;6;37607810
27578719;27578816;22;38853403
27578720;27578377;61;39569809
27578721;27578554;27;38895026
27578721;27578798;14;38895023
27578723;27578654;11;39144027
27578723;27578719;6;37607809
27578723;27578745;9;37607808
27578724;27578791;60;37608262
27578724;27578810;14;39499549
27578728;27579215;101;38133088
27578730;27578670;40;39671099
27578730;27578691;8;37516243
27578731;27578720;10;38298897
27578734;27578632;31;39585300
27578736;27578420;75;37823660
27578736;27579135;117;37510467
27578737;27578704;11;37785317
27578737;27578991;110;37785316
27578738;27578785;17;37510266
27578738;27578907;32;39585316
27578740;27578703;6;38223052
27578740;27578771;23;37516247
27578740;27578771;23;37516248
27578744;27579195;157;37782231
27578745;27578723;9;37607807
27578745;27578767;8;39680748
27578752;27578730;5;39671098
27578752;27579077;54;38247612
27578754;27578205;105;39214220
27578754;27578832;33;39214219
27578754;27579009;45;37547018
27578759;27578949;54;39532592
27578760;27578692;12;38895019
27578760;27578791;5;38895024
27578767;27578745;8;39680747
27578767;27578996;71;39680079
27578768;27578305;297;37517237
27578768;27578644;71;37517243
27578768;27578906;82;37517242
27578769;27578596;33;39532603
27578769;27578802;10;37785281
27578771;27578740;23;37516249
27578771;27578740;23;37516246
27578777;27578365;77;38508107
27578777;27578984;114;38508101
27578784;27578695;34;37505473
27578784;27578836;23;37505470
27578784;27579047;46;37516271
27578785;27578803;7;37510265
27578791;27578760;5;38895025
27578791;27578826;30;37608261
27578793;27578657;35;37785332
27578798;27578721;14;38895022
27578798;27578826;4;38787886
27578800;27578177;122;39314619
27578800;27578341;116;39314703
27578800;27578855;9;39314622
27578802;27578633;33;37531732
27578802;27578847;8;38948667
27578802;27579627;249;38948671
27578803;27578917;36;37510264
27578803;27578917;67;38603895
27578808;27578683;80;37506085
27578808;27579414;116;37506091
27578810;27578652;126;38329246
27578810;27579516;125;39499548
27578816;27578875;13;38974035
27578818;27578337;146;39244892
27578818;27578769;9;39532602
27578821;27579041;40;37507588
27578822;27578420;115;39210513
27578822;27578468;76;39210522
27578822;27579135;74;39210517
27578824;27578957;33;37510453
27578824;27579008;34;38298898
27578826;27578798;4;38787885
27578826;27578861;32;37608260
27578832;27578933;43;39214218
27578835;27578684;26;37710973
27578835;27578964;54;38133087
27578836;27578784;23;37505471
27578836;27578863;11;37505468
27578836;27578924;200;39541289
27578837;27578651;32;37510262
27578837;27578734;31;39585299
27578838;27578593;46;37608276
27578838;27578868;10;38276717
27578841;27578845;47;37516302
27578841;27579045;35;37516335
27578843;27578634;34;37516333
27578843;27578841;54;37516303
27578845;27578862;59;37516301
27578845;27579061;37;37592868
27578846;27579407;99;39531814
27578847;27578802;8;38948668
27578847;27578818;10;38948666
27578847;27578969;25;39244894
27578849;27578502;166;37946413
27578849;27578982;24;37946412
27578851;27578275;134;37531736
27578851;27579282;96;37775244
27578855;27578341;109;39314623
27578855;27578800;9;39314621
27578855;27578987;25;37636893
27578858;27579013;30;37506076
27578858;27579019;59;37506069
27578861;27578947;14;37607431
27578861;27578978;105;39529174
27578862;27578649;34;37516289
27578862;27578879;62;37516300
27578863;27578836;11;37505469
27578863;27579129;103;37505466
27578867;27578808;31;37506084
27578867;27579484;121;37506092
27578868;27578838;10;38276716
27578868;27578940;14;37608278
27578875;27578944;20;37782172
27578875;27579020;29;38974034
27578879;27578960;46;37516299
27578879;27579128;44;37592873
27578892;27578908;7;38603900
27578898;27579302;75;37517292
27578905;27578838;14;37608275
27578906;27578768;82;37517241
27578906;27578970;39;37517240
27578906;27578970;121;37785252
27578907;27578837;31;39585314
27578907;27579010;21;37547899
27578908;27579187;50;38479602
27578914;27578563;77;39532608
27578914;27578957;12;39527584
27578917;27579007;37;37510263
27578924;27579174;59;39541288
27578933;27579041;56;39214217
27578933;27579162;45;37515845
27578936;27578867;32;37506083
27578936;27579590;128;37506093
27578939;27578818;25;39532601
27578940;27578905;10;38276715
27578940;27579283;72;37608277
27578942;27578936;6;37506082
27578944;27578875;20;37782173
27578945;27578942;20;37506081
27578945;27579641;120;37506094
27578947;27578810;122;38329245
27578947;27579016;13;37607430
27578949;27578939;12;39541939
27578950;27578467;82;37631712
27578950;27578642;162;37631716
27578950;27579378;78;37631711
27578950;27579436;278;37631715
27578951;27578907;25;39580274
27578951;27579010;38;37547900
27578952;27578734;42;37547901
27578952;27578837;20;37547885
27578957;27579008;14;37606690
27578957;27579271;76;37510452
27578960;27578600;62;37760239
27578960;27579006;32;37516298
27578960;27579340;69;37592876
27578961;27579890;171;39448756
27578964;27578481;85;37517289
27578964;27579138;79;38133086
27578969;27578992;10;39532598
27578970;27578906;39;37517239
27578970;27579363;71;38142688
27578978;27578363;109;39529190
27578978;27578990;14;39529173
27578979;27579164;92;37506382
27578982;27578849;24;37946411
27578982;27579543;131;37750117
27578983;27579155;64;37785307
27578984;27578777;114;38508102
27578984;27579093;55;38508099
27578984;27579411;82;39314678
27578986;27578580;66;38106845
27578986;27579001;87;37516253
27578987;27578855;25;37636892
27578987;27579465;82;39314602
27578987;27579510;140;37636891
27578990;27579082;14;39527077
27578990;27579110;103;39529184
27578991;27578286;133;37895486
27578991;27578737;110;37785315
27578991;27579017;9;37785314
27578992;27578939;10;39532599
27578992;27579214;44;37531733
27578992;27579449;138;37790943
27578993;27578670;55;37643003
27578993;27579001;89;37516254
27578993;27579077;49;37516251
27578994;27578951;38;39580273
27578996;27578096;177;37516384
27578996;27578767;71;39680078
27578996;27579029;11;38212156
27579001;27578986;87;37516252
27579001;27578993;89;37516255
27579001;27579426;73;39226814
27579006;27579047;32;37516297
27579006;27579365;65;37516314
27579007;27579121;52;39585049
27579008;27579754;144;39527582
27579009;27578754;45;37547017
27579009;27579346;62;37547016
27579010;27579232;47;37547898
27579013;27578682;113;37506097
27579016;27579660;111;37607429
27579017;27578991;9;37785313
27579017;27579085;24;37785312
27579019;27578583;77;37506078
27579019;27579161;52;37506068
27579020;27579186;38;38974033
27579023;27578467;292;37631720
27579023;27579436;80;37622682
27579029;27578996;11;38212155
27579029;27579260;75;38212154
27579030;27578843;32;37516332
27579030;27579045;55;37516327
27579031;27578606;72;38142691
27579041;27579209;27;37507587
27579042;27578646;81;37546279
27579042;27578979;16;37506383
27579045;27579061;43;37516326
27579045;27579228;31;37516334
27579047;27578784;46;37516272
27579047;27579096;29;37516296
27579047;27579392;62;37516269
27579051;27578863;35;37516295
27579051;27579293;99;37516318
27579058;27578537;147;38853387
27579058;27578736;76;37823659
27579058;27579410;83;37510472
27579058;27579460;118;38853386
27579059;27578994;43;38603896
27579061;27578845;37;37592869
27579061;27579099;61;37516325
27579061;27579255;34;37592866
27579062;27578947;105;38329244
27579062;27578978;14;39527080
27579077;27578752;54;38247611
27579077;27578993;49;37516250
27579077;27579306;41;38247610
27579082;27579062;14;39529177
27579082;27579777;125;39527076
27579084;27578832;46;39542098
27579084;27579009;32;37750299
27579085;27579017;24;37785311
27579085;27579155;13;37517207
27579086;27578677;69;37785273
27579086;27579804;130;37517257
27579088;27579013;28;37606682
27579088;27579198;21;38808195
27579093;27578642;77;38508118
27579093;27578984;55;38508100
27579096;27579051;8;37516294
27579099;27578862;40;37516288
27579099;27579128;52;37516324
27579106;27584748;900;39663377
27579110;27578246;151;37517220
27579110;27579116;9;39529183
27579116;27579206;15;37783142
27579116;27579229;101;39529182
27579118;27576933;505;38709047
27579118;27578396;261;38709021
27579118;27580063;172;38709046
27579121;27578586;95;37710050
27579121;27579193;12;39580270
27579121;27579249;54;39580271
27579128;27579314;34;37592872
27579129;27578863;103;37505467
27579129;27579231;34;37505464
27579129;27579293;33;37516273
27579132;27579236;39;39531162
27579135;27578822;74;39210518
27579135;27579460;78;39210519
27579135;27579544;123;39210512
27579138;27579215;31;38133085
27579146;27579343;45;37775532
27579148;27579196;68;39314661
27579148;27579334;32;39314660
27579148;27579483;120;39314588
27579151;27578650;125;38974030
27579152;27578478;114;39527558
27579152;27578628;91;37785333
27579155;27578983;64;37785306
27579155;27579085;13;37517206
27579155;27579709;98;37517205
27579156;27578305;147;37785261
27579156;27579086;39;39531816
27579159;27582092;661;39315098
27579160;27578986;29;38106844
27579160;27579534;67;38223085
27579161;27579303;27;37506079
27579162;27579084;40;37592616
27579162;27579379;44;37592621
27579164;27579236;12;37506381
27579164;27579263;107;39752537
27579173;27578343;264;39314598
27579173;27579257;18;39314643
27579173;27579270;34;39314595
27579174;27579467;71;39541287
27579176;27578892;51;38603897
27579176;27578892;96;38603898
27579177;27579288;21;39586177
27579181;27578324;220;38574054
27579183;27579377;74;39547531
27579183;27579472;89;39547533
27579186;27579151;16;37606713
27579186;27579295;22;38974031
27579187;27578908;50;38479601
27579187;27579176;6;38603899
27579187;27579309;58;38479600
27579193;27578994;88;39580272
27579193;27579121;12;39580269
27579193;27579617;82;37710047
27579195;27578744;157;37782230
27579195;27579217;5;37782229
27579195;27579390;51;37782232
27579196;27578259;194;37845544
27579196;27579148;68;39314662
27579196;27579304;24;37845541
27579198;27579088;21;38808194
27579198;27579909;218;37497750
27579199;27579082;104;39529176
27579199;27579110;14;37517219
27579206;27579199;9;39529175
27579206;27579907;123;37783141
27579209;27579162;75;37516356
27579209;27579247;7;37507586
27579214;27578992;44;37531734
27579214;27579394;39;37531738
27579215;27578728;101;38133089
27579215;27579138;31;38133084
27579215;27579302;45;38893821
27579217;27579195;5;37782228
27579217;27579410;59;39198290
27579226;27579096;25;37516293
27579228;27579237;16;38890701
27579229;27579152;13;39749588
27579229;27579240;13;39528998
27579231;27579129;34;37505465
27579231;27579816;111;37516340
27579231;27579922;124;37537428
27579232;27578952;48;37547884
27579232;27579291;13;37517274
27579236;27579305;13;37506380
27579236;27579349;106;39527122
27579237;27579266;39;38890699
27579237;27579359;22;39347039
27579240;27579323;15;39531803
27579243;27578822;124;37511585
27579243;27578914;76;38853374
27579247;27579374;25;39634335
27579247;27579967;125;39634348
27579249;27579498;117;39580276
27579249;27579498;114;39585295
27579250;27579020;105;37782171
27579255;27579061;34;37592867
27579255;27579228;43;38890700
27579255;27579315;11;37592864
27579257;27579173;18;39314644
27579257;27579737;92;39314641
27579257;27579899;208;39314589
27579258;27579398;30;39754814
27579260;27578905;72;37608274
27579260;27579029;75;38212153
27579260;27579283;10;38212152
27579263;27578497;128;37877802
27579266;27579030;41;37516331
27579266;27579306;24;38890697
27579268;27579363;61;37517251
27579270;27577789;268;38644398
27579270;27579173;34;39314596
27579270;27579383;67;38767066
27579271;27579243;12;37511584
27579271;27579914;152;37510451
27579272;27579652;74;37750801
27579278;27579489;58;39185955
27579279;27579099;33;37516287
27579279;27579255;63;38890698
27579282;27578759;100;37790935
27579282;27579393;26;37790934
27579283;27579260;10;38212151
27579283;27579469;61;37775956
27579288;27580186;159;38712887
27579288;27580827;268;39586178
27579291;27579232;13;37517273
27579291;27579435;60;38594264
27579291;27579558;50;37517272
27579293;27579051;99;37516317
27579293;27579129;33;37516274
27579293;27579468;35;37592878
27579295;27579151;27;37606368
27579295;27579507;38;37606688
27579296;27579193;52;39580278
27579302;27578898;75;37517291
27579302;27579489;88;38893820
27579303;27579088;88;37606681
27579304;27579196;24;37845542
27579304;27579324;49;39314657
27579304;27579492;37;37845539
27579305;27579325;69;37505039
27579305;27579388;16;37506377
27579306;27579077;41;38247609
27579306;27579434;21;38298544
27579308;27579206;101;39529172
27579308;27579229;15;37895807
27579309;27578516;142;39585306
27579309;27579187;58;38479599
27579309;27579565;49;39585307
27579313;27579042;49;37506379
27579313;27579132;70;37505038
27579314;27579279;44;38890696
27579315;27579255;11;37592865
27579315;27579359;55;37771177
27579315;27579497;32;37592862
27579320;27579314;11;38890695
27579321;27579603;85;38110527
27579323;27579308;13;39528997
27579323;27580038;125;39527129
27579324;27579304;49;39314658
27579325;27579364;15;39527130
27579326;27577970;244;37785254
27579326;27579156;31;37785260
27579334;27579148;32;39314659
27579340;27579320;34;38890694
27579343;27579146;45;37775531
27579343;27579271;23;37511583
27579346;27579009;62;37547015
27579346;27579425;32;39542097
27579346;27579767;80;37547014
27579349;27579263;14;37877801
27579349;27579396;41;37505041
27579359;27579542;33;39347038
27579363;27579268;61;37517250
27579363;27579773;73;38142687
27579364;27579373;3;39527131
27579365;27579340;36;38890693
27579365;27579523;30;37516313
27579370;27580355;267;39315108
27579373;27579313;12;37506378
27579373;27579628;104;37606694
27579374;27579379;86;37592617
27579374;27579964;101;39634334
27579377;27579183;74;39547530
27579378;27578950;78;37631710
27579378;27579828;254;37631700
27579378;27580613;218;37631709
27579379;27579374;86;37592618
27579379;27579505;26;37592620
27579383;27578324;187;37572353
27579383;27579270;67;38767067
27579383;27579603;161;38110524
27579383;27580169;139;39314935
27579386;27579582;89;37922321
27579388;27579373;90;37506376
27579390;27579195;51;37782233
27579392;27579047;62;37516270
27579392;27579365;31;38890692
27579393;27579214;76;37531739
27579394;27579738;66;37531737
27579396;27579404;89;37505800
27579396;27579478;84;37505040
27579398;27579258;30;39754813
27579398;27579394;10;37505000
27579399;27579160;86;38106843
27579401;27579343;10;37511582
27579403;27579226;34;37516292
27579403;27579392;21;38890691
27579404;27578652;127;39529193
27579404;27579516;117;37505799
27579407;27579946;95;39531813
27579408;27579446;47;39314685
27579408;27579474;14;39314679
27579408;27579483;47;39314684
27579410;27579217;59;39198291
27579410;27579797;118;39210515
27579411;27578984;82;39314677
27579411;27579618;73;38508098
27579411;27580641;221;38508095
27579414;27579303;50;37606680
27579418;27579085;128;38142697
27579424;27579305;108;39527115
27579424;27579349;12;37877800
27579425;27579084;65;37750298
27579425;27579505;32;37516357
27579426;27579399;31;37516259
27579433;27579426;9;37516258
27579433;27579562;24;37643058
27579434;27579306;21;38298543
27579434;27579441;72;37516257
27579434;27579599;30;38298542
27579435;27579291;60;38594265
27579436;27578950;278;37631714
27579436;27579023;80;37622683
27579436;27579795;208;37625031
27579436;27579828;84;38508084
27579441;27578993;78;37643002
27579441;27579433;67;37516256
27579446;27579408;47;39314686
27579449;27579480;8;39541851
27579449;27579538;29;37790942
27579458;27579279;30;37516286
27579458;27579481;54;37516285
27579460;27579058;118;38853385
27579460;27579135;78;39210520
27579460;27579797;81;38853401
27579460;27579815;112;39492986
27579463;27579424;41;39492988
27579464;27578644;145;37517255
27579464;27579882;74;37517252
27579465;27578987;82;39314601
27579465;27579483;22;39314585
27579465;27579574;23;39314600
27579467;27579664;33;37516590
27579468;27579226;96;37516316
27579468;27579745;55;37592877
27579469;27579313;64;39202802
27579472;27579183;151;39547532
27579472;27579768;150;38381216
27579474;27579408;14;39314680
27579476;27579418;23;39527559
27579477;27578633;255;39203623
27579477;27579198;62;37498852
27579477;27579669;34;39221259
27579478;27579404;15;39527541
27579478;27579610;116;39527113
27579480;27579552;21;37504999
27579481;27579320;29;38889972
27579481;27579523;64;37516283
27579483;27579148;120;39314587
27579483;27579408;47;39314683
27579483;27579465;22;39314586
27579484;27579414;31;37606679
27579489;27579278;58;39185954
27579489;27579496;4;38893819
27579492;27579304;37;37845540
27579492;27579624;29;37845537
27579492;27579759;134;39314631
27579496;27579525;15;38893816
27579497;27579315;32;37592863
27579497;27579458;61;37516284
27579497;27579701;35;37592860
27579498;27579588;38;39585294
27579499;27579388;115;39527548
27579499;27579424;15;37877799
27579500;27579393;27;39541273
27579505;27579956;77;37592619
27579507;27579295;38;37606687
27579507;27579754;107;37516439
27579507;27579783;51;37606686
27579510;27578987;140;37636890
27579510;27579526;7;39314607
27579510;27579618;21;37636889
27579516;27579610;15;39499547
27579516;27579645;111;39527552
27579522;27579283;57;37775958
27579522;27579469;24;39202801
27579523;27579528;4;37516282
27579525;27579558;12;37517284
27579526;27579510;7;39314608
27579526;27579593;59;39314610
27579526;27579593;30;39314611
27579528;27579697;98;37516279
27579528;27579735;34;38702975
27579534;27579160;67;38223084
27579538;27579865;98;37790941
27579542;27579497;51;37516281
27579543;27578982;131;37750116
27579543;27579282;50;37600623
27579543;27579952;93;37750115
27579544;27579243;75;38853373
27579548;27579868;56;37643006
27579552;27579398;91;37504998
27579552;27579601;8;38773872
27579554;27579463;84;39492987
27579554;27579478;13;39527540
27579558;27579291;50;37517271
27579558;27579591;14;37517302
27579558;27579911;64;37517270
27579559;27579296;120;39585292
27579559;27579296;129;39580275
27579562;27579433;24;37643057
27579563;27579308;45;37895806
27579565;27579309;49;39585308
27579565;27579638;12;39580456
27579574;27579465;23;39314599
27579574;27579670;43;39314616
27579574;27579670;37;39314617
27579577;27579542;39;37516280
27579577;27579592;15;37779998
27579580;27579480;31;38578813
27579580;27579538;7;39539766
27579582;27579215;70;38133083
27579582;27579386;89;37922320
27579586;27577931;295;38576738
27579588;27579677;34;39585291
27579590;27579484;33;37606678
27579591;27579558;14;37517303
27579591;27579620;13;38893822
27579592;27579577;15;37779999
27579592;27579599;8;37779991
27579593;27579526;59;39314609
27579593;27579526;30;39314612
27579593;27579670;40;39314613
27579597;27579962;150;38769057
27579599;27579434;30;38298541
27579599;27579592;8;37779992
27579599;27579781;32;38298540
27579601;27579552;8;38773873
27579602;27579737;60;39314638
27579603;27579321;85;38110526
27579603;27579383;161;38110525
27579603;27579656;68;38110522
27579610;27579684;13;39499546
27579610;27579717;99;39527104
27579617;27579835;103;37517304
27579617;27579917;56;37710046
27579618;27579411;73;38508097
27579618;27579510;21;37636888
27579618;27580641;188;37636887
27579620;27579591;13;38893823
27579620;27579788;80;38893817
27579624;27579492;29;37845538
27579624;27579899;62;37845535
27579624;27579920;115;39314633
27579627;27579477;35;39532260
27579627;27579669;12;38948670
27579628;27579896;104;37606693
27579628;27580153;102;39531161
27579638;27579565;12;39580457
27579638;27579729;16;39580454
27579641;27579668;34;37606676
27579642;27579463;91;39533559
27579642;27579554;14;39527543
27579645;27579016;121;37783962
27579645;27579660;12;39527551
27579648;27579889;42;39721311
27579652;27579272;74;37750802
27579652;27580352;144;37750879
27579654;27579590;19;37606677
27579654;27579909;53;37782236
27579655;27579911;114;37517283
27579656;27579603;68;38110523
27579660;27579761;103;39527550
27579664;27579708;10;37516589
27579664;27579765;33;39541284
27579668;27578942;126;37506096
27579668;27579682;14;37606675
27579669;27580295;191;38948669
27579670;27579574;43;39314615
27579670;27579574;37;39314618
27579670;27579593;40;39314614
27579677;27579638;29;39580277
27579677;27579729;24;39580451
27579682;27579654;15;37606674
27579682;27580197;129;37782240
27579683;27579481;34;38889971
27579683;27579701;111;37516323
27579683;27579735;65;39347037
27579684;27579554;115;39527114
27579684;27579756;14;39499545
27579688;27580067;68;37625025
27579697;27579403;89;38890690
27579697;27579745;40;37516278
27579701;27579497;35;37592861
27579701;27579742;47;37516322
27579701;27579975;46;37592858
27579703;27578847;261;38948665
27579703;27579865;33;39532259
27579706;27580241;94;38223075
27579708;27579864;33;39541286
27579709;27579155;98;37517204
27579709;27579840;124;37517208
27579709;27579989;48;37517203
27579715;27579783;28;39302712
27579717;27579780;65;39527099
27579729;27579638;16;39580455
27579729;27579770;9;39580452
27579735;27579528;34;38702974
27579735;27579801;21;39347036
27579737;27579257;92;39314642
27579737;27579602;60;39314637
27579737;27580007;70;39314639
27579738;27579500;52;37790944
27579738;27579952;47;37516595
27579742;27579542;35;37516897
27579742;27579781;60;37516321
27579744;27579882;49;38817866
27579744;27580554;133;37517259
27579745;27579816;50;37516277
27579754;27579507;107;37516440
27579754;27580006;99;39492983
27579754;27580402;119;39527581
27579756;27579642;115;39527084
27579756;27580655;153;37518292
27579759;27579492;134;39314632
27579761;27579062;124;39527079
27579761;27579777;13;39527549
27579765;27579543;42;37600622
27579767;27579346;80;37547013
27579767;27580176;74;37547012
27579768;27579472;150;38381215
27579768;27579916;82;38381214
27579768;27579962;36;38769052
27579770;27579559;92;39580450
27579770;27579729;9;39580453
27579770;27580083;57;39585052
27579771;27579957;42;38419653
27579773;27579464;193;37517249
27579777;27579859;72;39527116
27579777;27579870;15;39527075
27579778;27579989;38;37785319
27579780;27579851;61;39527103
27579781;27579599;32;38298539
27579781;27579912;21;38247592
27579783;27579507;51;37606685
27579783;27579715;28;39302713
27579783;27579869;15;37606684
27579788;27579620;80;38893818
27579791;27579684;99;39527102
27579794;27577315;819;38418535
27579795;27579436;208;37625030
27579795;27579806;10;37625029
27579795;27580308;87;38253956
27579797;27579460;81;38853402
27579797;27579867;133;39198288
27579797;27580215;123;39210516
27579800;27576900;610;38419650
27579801;27579803;5;37516320
27579802;27579441;66;39275575
27579803;27579982;170;37516319
27579803;27579986;31;37619460
27579804;27579817;13;37785257
27579804;27579841;7;37517256
27579806;27579795;10;37625028
27579806;27580067;132;37625027
27579815;27579460;112;39492985
27579815;27579863;11;39532610
27579816;27579848;19;37516276
27579816;27579982;27;37619457
27579817;27579804;13;37785258
27579817;27579830;9;37785266
27579820;27579641;133;37606673
27579825;27579521;52;37782170
27579825;27579522;119;39202800
27579825;27579896;11;39527585
27579828;27579378;254;37631701
27579828;27579853;11;37631698
27579828;27580265;87;38508083
27579830;27579817;9;37785267
27579830;27579855;16;37785268
27579831;27579425;78;39542100
27579831;27579767;32;37592623
27579835;27579617;103;37517305
27579840;27579418;76;37517209
27579840;27579877;23;38525886
27579841;27579915;11;37785249
27579848;27579922;55;37516275
27579851;27579761;15;39527078
27579851;27579870;13;39527091
27579853;27579436;82;38767050
27579853;27579828;11;37631699
27579853;27580308;257;38506449
27579855;27579830;16;37785269
27579858;27579791;55;39527094
27579859;27579895;33;37505046
27579863;27579544;75;38853372
27579863;27579815;11;39532609
27579863;27579914;12;37786151
27579864;27580158;66;38773583
27579865;27580170;93;37790940
27579866;27579582;53;38133082
27579866;27580163;56;37517288
27579867;27579797;133;39198289
27579867;27579820;22;39537421
27579867;27579888;14;39743131
27579868;27579548;56;37643007
27579869;27579783;15;37606683
27579869;27580118;47;39202798
27579870;27579903;60;39527119
27579870;27579953;14;39527074
27579877;27579840;23;38525887
27579882;27579464;74;37517253
27579882;27579744;49;38817865
27579882;27580110;85;38817868
27579888;27579867;14;39743132
27579888;27579934;9;37776184
27579889;27579648;42;39721312
27579889;27580233;60;39721313
27579890;27578961;171;39448755
27579890;27580310;79;38736402
27579892;27579756;110;39527083
27579895;27579199;123;37517218
27579895;27579907;9;37505045
27579896;27580033;27;39642557
27579896;27580171;112;37606692
27579899;27579624;62;37845536
27579899;27580183;72;37845533
27579903;27579859;15;39527090
27579903;27580053;143;37783963
27579904;27579888;13;37782234
27579905;27579892;10;39527082
27579905;27579993;17;39529070
27579907;27580021;103;37505044
27579909;27579654;53;37782235
27579909;27580515;177;37497749
27579911;27579558;64;37517269
27579911;27579655;114;37517282
27579911;27580130;106;37517300
27579911;27580236;61;37517268
27579912;27579781;21;38247591
27579912;27580015;34;37516262
27579912;27580397;81;38247590
27579914;27579863;12;37786150
27579914;27580223;78;37510466
27579914;27580438;121;38853371
27579915;27580023;20;37785253
27579916;27579768;82;38381213
27579916;27580034;40;38381199
27579916;27580107;45;38419646
27579917;27580580;189;37710045
27579918;27580566;115;37710044
27579920;27579624;115;39314634
27579922;27579231;124;37537429
27579922;27580277;65;37537426
27579934;27580239;64;37782239
27579936;27579742;32;37516896
27579936;27579975;45;37516905
27579941;27579851;15;39527073
27579941;27579858;71;39527088
27579946;27580089;39;37517238
27579946;27580206;46;39531808
27579947;27579678;90;37636213
27579947;27579976;15;37750785
27579949;27579683;46;38889970
27579949;27579975;104;37516906
27579952;27579543;93;37750114
27579952;27580043;21;37516594
27579953;27579941;14;39527086
27579953;27580029;13;39527538
27579956;27579831;55;37592622
27579956;27580405;74;37592608
27579957;27579947;53;37750786
27579958;27579956;60;37516355
27579958;27579992;48;39627121
27579962;27579597;150;38769058
27579962;27579768;36;38769051
27579962;27580018;93;38769055
27579964;27579958;46;37516354
27579964;27580413;74;39634333
27579966;27578919;181;39265970
27579966;27579967;11;39634331
27579967;27579964;10;39634332
27579967;27580414;74;39634347
27579971;27579916;48;38381204
27579971;27580034;18;38381225
27579975;27579701;46;37592859
27579975;27579936;45;37516904
27579975;27579949;104;37516907
27579975;27580487;89;37592856
27579976;27580148;52;37750815
27579979;27579953;35;37505043
27579981;27580503;1065;38418541
27579981;27580947;386;38418539
27579982;27579816;27;37619458
27579982;27579848;44;38702973
27579982;27580122;26;37619455
27579986;27580122;159;37516894
27579986;27580189;37;37619459
27579987;27579892;17;39529073
27579987;27579993;12;37782687
27579989;27579709;48;37517202
27579989;27580256;47;39527557
27579993;27580799;136;39529069
27579994;27579971;19;38381226
27579996;27579642;61;39527542
27580005;27580566;119;38378136
27580006;27579754;99;39492984
27580006;27580115;42;39492981
27580007;27579737;70;39314640
27580010;27579794;917;38418533
27580010;27580056;296;38418540
27580012;27579905;104;39527081
27580012;27579941;13;39527072
27580013;27580163;65;37922319
27580015;27580073;30;37516267
27580015;27580095;21;37516261
27580018;27579962;93;38769056
27580021;27579563;79;39749590
27580021;27580038;10;39527095
27580022;27580051;26;38381201
27580022;27580137;21;38768962
27580023;27579773;70;38142690
27580029;27580012;14;39527093
27580029;27580944;152;39527539
27580033;27580039;6;37498183
27580033;27580101;11;37775222
27580033;27580376;63;39642556
27580034;27580082;8;38381224
27580038;27580096;52;37783961
27580038;27580199;28;37616943
27580039;27580153;119;37498182
27580039;27580173;26;38281529
27580043;27580158;38;37516598
27580043;27580442;65;37516593
27580048;27579401;115;37510468
27580051;27579994;53;39603798
27580051;27580292;171;38381212
27580053;27580383;275;37783957
27580054;27579979;60;39298333
27580056;27580164;47;38381210
27580058;27579800;44;37960969
27580058;27579957;35;37750784
27580063;27579118;172;38709045
27580067;27579688;68;37625024
27580067;27579806;132;37625026
27580067;27580528;80;37625023
27580073;27579802;46;37643005
27580073;27580015;30;37516268
27580073;27580121;35;37516265
27580081;27580029;45;39527108
27580082;27580107;24;38419655
27580082;27580213;35;38381220
27580083;27579770;57;39585053
27580083;27580957;153;39580448
27580089;27579326;132;37515811
27580089;27580023;52;38142689
27580093;27580129;43;38479580
27580095;27580398;85;37516260
27580095;27580445;60;37642711
27580096;27580100;39;37785302
27580096;27580126;38;37783960
27580100;27580096;39;37785303
27580101;27580376;55;37775221
27580102;27579994;20;38381223
27580102;27580022;23;38381200
27580103;27579979;168;37575738
27580107;27579794;274;38419656
27580110;27580600;224;38817867
27580110;27580678;95;37517260
27580111;27580310;44;38736528
27580113;27580411;48;38459868
27580115;27580006;42;39492982
27580115;27580143;12;37785341
27580118;27579825;112;39202799
27580118;27579869;47;39202797
27580121;27579868;46;37643008
27580121;27580073;35;37516266
27580121;27580241;66;37516263
27580122;27579982;26;37619456
27580122;27579986;159;37516893
27580122;27580278;25;37619453
27580126;27580145;23;39527096
27580128;27580054;16;39527560
27580128;27580081;59;39527125
27580129;27578835;228;37710972
27580129;27580093;43;38479581
27580130;27579911;106;37517301
27580131;27580102;7;38381222
27580137;27580022;21;38768961
27580137;27580444;158;38768964
27580140;27580128;8;39527124
27580140;27581090;151;39529015
27580141;27580195;20;37778639
27580142;27580485;56;38773580
27580143;27580048;18;37785347
27580143;27580115;12;37785340
27580143;27580156;6;37785339
27580145;27580150;11;39527118
27580146;27580165;36;37510485
27580148;27580355;35;37636216
27580150;27580154;4;39527117
27580153;27580233;65;37575737
27580153;27580251;17;39531160
27580154;27580221;70;39527109
27580154;27580256;90;39527121
27580156;27580143;6;37785338
27580156;27580254;34;37785342
27580156;27580431;45;37775533
27580158;27580043;38;37516599
27580158;27580301;40;37516596
27580158;27580442;57;38773582
27580163;27579866;56;37517287
27580163;27580013;65;37922318
27580163;27580559;68;37517286
27580164;27580272;22;38381209
27580164;27580292;32;38381217
27580165;27579580;108;39539765
27580167;27579477;208;39203622
27580169;27579383;139;39314936
27580169;27580224;9;39314933
27580169;27580248;138;38419651
27580170;27580146;102;37510484
27580170;27580588;119;37790939
27580171;27580118;11;39202793
27580171;27580470;102;39202796
27580173;27580039;26;38281528
27580176;27579767;74;37547011
27580176;27580302;55;37516353
27580176;27580363;30;37547010
27580183;27579899;72;37845534
27580183;27580677;121;37845531
27580183;27580831;115;39314676
27580185;27580021;29;39749591
27580185;27580054;121;39298332
27580186;27580261;33;39568846
27580189;27580194;52;37516892
27580194;27580278;96;37516890
27580194;27580391;31;37516901
27580195;27580141;20;37778640
27580197;27579682;129;37782241
27580199;27580185;11;39527544
27580199;27580271;13;39527553
27580202;27580936;126;37516889
27580204;27579909;62;39533750
27580204;27580167;10;39203621
27580205;27580131;18;38381221
27580206;27580676;78;37785247
27580213;27580205;6;38381219
27580213;27580468;61;38381202
27580214;27579904;65;39198284
27580215;27579863;83;37778386
27580221;27580256;19;39527100
27580223;27579914;78;37510465
27580223;27580156;36;37785337
27580223;27580254;8;39203628
27580224;27580169;9;39314934
27580224;27581798;257;39314931
27580225;27579949;51;38773869
27580225;27580189;123;37516891
27580231;27580204;8;39203620
27580231;27580408;33;37782243
27580233;27580276;43;37575736
27580236;27579866;166;37517299
27580236;27579911;61;37517267
27580236;27580496;103;37711022
27580236;27580595;62;37517266
27580239;27580214;8;37510463
27580239;27580545;57;37782238
27580240;27580406;93;37516438
27580241;27579706;94;38223074
27580241;27580121;66;37516264
27580248;27580058;42;37750783
27580251;27580240;11;37785327
27580251;27580347;17;37775231
27580254;27580223;8;39203627
27580254;27580431;30;39203626
27580256;27579989;47;39527556
27580256;27580281;11;39527087
27580256;27580459;30;39527068
27580257;27580406;39;38281536
27580258;27580140;104;39527123
27580258;27580185;12;39527128
27580261;27580325;29;39597162
27580263;27580199;60;39527101
27580265;27580507;42;38767053
27580266;27580167;17;39532600
27580266;27580204;14;39532422
27580267;27580129;23;37710971
27580271;27580258;11;39527545
27580271;27581213;150;39298331
27580272;27580056;65;38381208
27580273;27580251;21;37785326
27580273;27580347;18;37812815
27580276;27580343;58;37575735
27580277;27579922;65;37537427
27580277;27580482;32;37537424
27580278;27580122;25;37619454
27580278;27580493;32;37619451
27580281;27580411;135;39176692
27580281;27580501;172;39409902
27580289;27579853;87;38767049
27580289;27580265;10;38506502
27580292;27580051;171;38381211
27580292;27580272;35;39603799
27580295;27580379;21;39539768
27580297;27580595;114;38133092
27580300;27580659;59;37592586
27580301;27580158;40;37516597
27580302;27580405;54;37516352
27580302;27580497;30;37778641
27580308;27579853;257;38506450
27580308;27580331;10;38506447
27580308;27580884;94;38253955
27580310;27579890;79;38736401
27580310;27580111;44;38736527
27580310;27580694;68;38736400
27580323;27580277;54;38599700
27580323;27580330;17;38889004
27580325;27580010;185;38418534
27580325;27580503;34;39597161
27580330;27580323;17;38889005
27580331;27579806;88;38767048
27580331;27580308;10;38506448
27580331;27580528;94;38506445
27580343;27579889;130;37516428
27580343;27580353;10;37575734
27580345;27580150;30;37505801
27580345;27580263;65;39527085
27580346;27580363;3;37516367
27580347;27580624;51;37775230
27580352;27579652;144;37750880
27580352;27580500;162;38740466
27580352;27580563;34;37750877
27580353;27580436;68;37575733
27580353;27580441;13;39529095
27580355;27581099;146;37636215
27580358;27580410;48;39627120
27580359;27580267;37;39347043
27580359;27580610;44;37517281
27580360;27580273;75;37785325
27580360;27580276;13;37785350
27580363;27580176;30;37547009
27580363;27580346;3;37516366
27580363;27580451;13;37547008
27580363;27580848;109;37516365
27580366;27580627;56;37692199
27580367;27580501;98;38459870
27580376;27580415;7;39751214
27580379;27580266;19;39532421
27580379;27580408;8;39539767
27580383;27580367;53;38459869
27580383;27580404;13;39527097
27580391;27580194;31;37516900
27580391;27580493;101;37516902
27580391;27580584;32;37516899
27580394;27580360;25;37785324
27580394;27580467;11;37775523
27580397;27579912;81;38247589
27580397;27580583;31;38247588
27580398;27580599;39;39213331
27580402;27580118;101;39203507
27580403;27580271;103;37505798
27580404;27580640;215;37505050
27580405;27579956;74;37592607
27580405;27580410;60;37592625
27580406;27580415;5;37516437
27580408;27580461;9;37782242
27580408;27581014;169;39529271
27580410;27580413;47;37592624
27580411;27580113;48;38459867
27580411;27580501;39;39176691
27580413;27580414;9;39634330
27580413;27581682;202;37515844
27580414;27580417;10;39634329
27580414;27582970;418;39634336
27580415;27580440;4;39751213
27580417;27579966;74;39634327
27580425;27579864;100;37516600
27580425;27581073;139;38773581
27580426;27580445;7;39213330
27580427;27579703;212;38948664
27580427;27580379;9;39532420
27580428;27580215;46;37778385
27580431;27580254;30;39203625
27580431;27580553;19;37510475
27580434;27580131;59;38381206
27580435;27579936;83;37516895
27580435;27580397;41;37516617
27580436;27579499;156;37877798
27580436;27580558;111;37575732
27580438;27580527;19;37778384
27580440;27580518;13;39751212
27580440;27580733;112;38281524
27580441;27580394;43;37785323
27580442;27580701;51;37516592
27580444;27580137;158;38768963
27580445;27580095;60;37642710
27580445;27580582;48;39213329
27580447;27580505;79;38508089
27580447;27580712;152;37636896
27580447;27580721;47;39314656
27580451;27580363;13;37547007
27580451;27581407;152;38223073
27580454;27580103;286;37505048
27580459;27580256;30;39527069
27580459;27580345;90;39527105
27580459;27580536;13;39667142
27580461;27580427;8;39164576
27580461;27580614;33;39532423
27580467;27580498;13;39531036
27580467;27580955;89;37775522
27580468;27580758;53;38381218
27580470;27580710;100;39202795
27580474;27580485;13;38785781
27580480;27580146;60;37775033
27580480;27580165;48;39539764
27580481;27580532;15;39531035
27580482;27580277;32;37537425
27580482;27580323;81;38599699
27580482;27580549;12;37537422
27580483;27580601;23;38804934
27580484;27581377;194;39295079
27580485;27580142;56;38773579
27580485;27580474;13;38785780
27580485;27580509;16;38890042
27580485;27580560;15;38773578
27580487;27579975;89;37592857
27580487;27580435;26;37516616
27580487;27580635;30;38247625
27580493;27580278;32;37619452
27580493;27580391;101;37516903
27580493;27580649;29;37619449
27580495;27580428;14;37778383
27580496;27580236;103;37711023
27580497;27580302;30;37778642
27580498;27580360;22;37527603
27580498;27580532;14;37775530
27580500;27580352;162;38740467
27580500;27580557;35;38740464
27580500;27581008;85;38740427
27580501;27580554;45;39527107
27580503;27580665;30;39597159
27580505;27580447;79;38508090
27580505;27580638;127;38508087
27580505;27580688;36;39210007
27580507;27580526;11;38787902
27580507;27581007;94;38767052
27580509;27580485;16;38890041
27580514;27580566;62;38378159
27580515;27580214;57;39198283
27580515;27580545;8;39198287
27580518;27580903;71;39266905
27580522;27580436;13;37877797
27580522;27580441;70;37785322
27580524;27580459;61;39527547
27580526;27580289;42;38508082
27580526;27580807;163;38787901
27580527;27580709;42;37778382
27580528;27580067;80;37625022
27580528;27580331;94;38506446
27580529;27580224;140;38419652
27580529;27580248;44;37750782
27580532;27580687;64;37775529
27580536;27580403;112;37505797
27580536;27580459;13;39667143
27580536;27580771;44;39527071
27580545;27580841;62;37782237
27580545;27581174;176;39198286
27580548;27580683;63;38378158
27580549;27580482;12;37537423
27580549;27580663;32;37537420
27580553;27580431;19;37510474
27580553;27580604;11;37775113
27580554;27579744;133;37517258
27580554;27580570;19;39527106
27580557;27580500;35;38740465
27580557;27581240;133;39315036
27580557;27581389;197;38740462
27580558;27579996;92;37523557
27580558;27580655;103;37575731
27580559;27580163;68;37517285
27580559;27580359;75;39347042
27580560;27580485;15;38773577
27580560;27580663;27;38890039
27580563;27580352;34;37750878
27580563;27580620;65;39314944
27580563;27580632;15;37750875
27580566;27579918;115;37710043
27580566;27580005;119;38378135
27580566;27580514;62;38378160
27580566;27580722;27;37710042
27580570;27580640;19;38459834
27580570;27580678;98;39527111
27580580;27580722;57;37711021
27580582;27580621;30;39213328
27580582;27581072;77;37561995
27580583;27580397;31;38247587
27580583;27580635;55;38247624
27580583;27580726;22;38247586
27580584;27580391;32;37516898
27580584;27580622;79;37516615
27580585;27580261;65;39597160
27580588;27580427;33;37782244
27580588;27580614;8;37790938
27580595;27580236;62;37517265
27580595;27580297;114;38133093
27580595;27580810;101;38133090
27580595;27580961;63;37517264
27580598;27580454;117;39342054
27580598;27580618;14;37505042
27580599;27580627;8;38896001
27580600;27580089;86;37515810
27580601;27580483;23;38804935
27580601;27580644;20;37692197
27580601;27580659;13;38804932
27580604;27580759;35;37775112
27580604;27580837;42;39203633
27580609;27580716;17;37642715
27580610;27580851;44;37517280
27580613;27579378;218;37631708
27580613;27581007;200;38508120
27580613;27581075;73;37631707
27580614;27580889;80;37790937
27580618;27580524;88;39544993
27580620;27580563;65;39314945
27580621;27580599;23;39213327
27580621;27580739;18;38124571
27580622;27580634;92;37516613
27580622;27581017;60;37537112
27580624;27580481;64;39531034
27580624;27580687;10;37775229
27580627;27580366;56;37692198
27580627;27581105;72;38896000
27580632;27580563;15;37750876
27580632;27580919;48;38740450
27580632;27581008;140;39314960
27580633;27580522;110;39529092
27580633;27580558;15;37523556
27580634;27580225;150;38773868
27580634;27580487;113;37516614
27580635;27580487;30;38247626
27580635;27580583;55;38247623
27580635;27580740;14;38247621
27580638;27580505;127;38508088
27580638;27580686;114;38508109
27580638;27580831;109;38508085
27580640;27580954;258;37505049
27580641;27579411;221;38508096
27580641;27579618;188;37636886
27580641;27580742;14;37636885
27580642;27580006;117;37516442
27580642;27580402;100;39203506
27580644;27580601;20;37692196
27580646;27580240;74;37516427
27580646;27580624;9;39531033
27580649;27580493;29;37619450
27580649;27580584;103;37516612
27580649;27581249;98;37619448
27580650;27580694;72;38736438
27580653;27580536;120;39527112
27580655;27580753;15;37518291
27580655;27580789;111;39529075
27580659;27580300;59;37592587
27580659;27580601;13;38804933
27580659;27580836;30;37592584
27580662;27579867;337;39531174
27580663;27580549;32;37537421
27580663;27580560;27;38890040
27580663;27580766;22;37516608
27580663;27581073;76;37537419
27580665;27581018;56;39597158
27580665;27581092;465;38669655
27580671;27580171;90;39527583
27580671;27580376;113;39751042
27580672;27580653;15;39527127
27580672;27581588;152;38459835
27580676;27580879;33;37785246
27580677;27580183;121;37845532
27580678;27580750;56;39527110
27580683;27580548;63;38378157
27580683;27580932;55;38378162
27580683;27581107;200;38378156
27580686;27580638;114;38508108
27580686;27580688;11;39209994
27580686;27581064;201;39209993
27580687;27580718;9;37775528
27580687;27581205;88;37775228
27580688;27580505;36;39210006
27580688;27580686;11;39209995
27580688;27580964;47;39210005
27580694;27580310;68;38736399
27580694;27580650;72;38736437
27580694;27580861;32;38736398
27580701;27580425;90;37516591
27580701;27580853;31;38253953
27580704;27580662;18;39203631
27580709;27581036;69;37778381
27580710;27581081;121;39202794
27580710;27581272;98;37606689
27580711;27580671;12;39751041
27580712;27580447;152;37636897
27580712;27580742;13;37636894
27580712;27581197;81;38508094
27580715;27580649;41;37516611
27580715;27581470;120;37516671
27580716;27580609;17;37642714
27580716;27580726;34;37642717
27580716;27581031;48;37642713
27580717;27580856;27;38479750
27580717;27580928;39;39543253
27580718;27580646;10;37516426
27580718;27580869;64;37775527
27580721;27580447;47;39314655
27580721;27581219;81;39314654
27580721;27581319;186;37632085
27580722;27580566;27;37710041
27580722;27580957;96;39580493
27580726;27580583;22;38247585
27580726;27580716;34;37642716
27580726;27580990;42;38247584
27580733;27580671;9;39298374
27580733;27580907;69;37775235
27580739;27580621;18;38124572
27580739;27580777;29;38247593
27580739;27580777;29;38247596
27580740;27580635;14;38247622
27580742;27580641;14;37636884
27580742;27580712;13;37636895
27580742;27581075;168;37572336
27580750;27580850;96;39527098
27580753;27580633;101;39529089
27580753;27581620;137;37518290
27580754;27580598;145;38853346
27580758;27580947;30;38381207
27580759;27580553;40;37785344
27580759;27580704;37;39203630
27580759;27580837;35;39203629
27580761;27580434;58;38381205
27580766;27580549;38;38829939
27580766;27580663;22;37516609
27580766;27580715;81;37516610
27580766;27581234;97;37516606
27580771;27580783;10;39654274
27580771;27581480;108;39527070
27580772;27581380;98;37517294
27580774;27580239;155;37510462
27580777;27580739;29;38247594
27580777;27580739;29;38247595
27580780;27580838;22;39531026
27580782;27580856;35;38735519
27580783;27580771;10;39654275
27580786;27581179;58;38247628
27580789;27579987;136;39529072
27580789;27580799;10;39529074
27580799;27580888;14;39529068
27580799;27580929;104;39529067
27580803;27580529;50;37750781
27580807;27580821;7;38787900
27580807;27581810;164;38508079
27580808;27580231;169;39203619
27580808;27580515;62;39203624
27580810;27580595;101;38133091
27580811;27580646;64;39531032
27580813;27580704;23;37785346
27580813;27580759;34;37785343
27580821;27581182;172;38787899
27580827;27581012;26;38576740
27580831;27580183;115;39314675
27580831;27580638;109;38508086
27580831;27581064;33;39314674
27580831;27581619;184;38110518
27580832;27579586;216;38576737
27580836;27580659;30;37592585
27580836;27580868;6;37592582
27580836;27580937;32;38804930
27580837;27580859;5;39203632
27580838;27581029;59;37527588
27580841;27581044;33;39221257
27580844;27580600;43;37515809
27580844;27580879;22;37505063
27580848;27580363;109;37516364
27580848;27580936;29;37516363
27580848;27581051;28;38223082
27580850;27580898;56;37505047
27580851;27580880;9;39166551
27580851;27581001;23;39187430
27580853;27580701;31;38253954
27580856;27580782;35;38735520
27580856;27580928;26;38576750
27580856;27581256;62;39543247
27580857;27580559;131;39347041
27580857;27580610;234;38479604
27580859;27581002;38;37606672
27580861;27580694;32;38736397
27580861;27581301;69;38736396
27580861;27581790;167;38736499
27580868;27580836;6;37592583
27580868;27580977;31;37692201
27580868;27581282;63;37592580
27580869;27580811;10;39531037
27580869;27580973;31;37775526
27580872;27580753;111;39529088
27580872;27580789;15;39529071
27580874;27580672;195;39527126
27580874;27580754;28;39527120
27580879;27580909;4;37505061
27580880;27580676;101;37783966
27580882;27580813;23;37785345
27580884;27580289;315;38506501
27580884;27581182;43;38767057
27580888;27580872;10;39529065
27580888;27581751;137;37782686
27580889;27581230;89;37790936
27580889;27581662;145;37510477
27580892;27580976;55;39333967
27580898;27580844;12;37505062
27580899;27580803;18;37750780
27580903;27580811;31;39531031
27580903;27580973;10;39266904
27580906;27580495;97;39532606
27580907;27580946;6;39203197
27580907;27581020;32;37775234
27580909;27580892;47;39333968
27580909;27581232;52;37505057
27580910;27580331;94;38767047
27580910;27580884;10;38506500
27580919;27580632;48;38740451
27580919;27580984;69;38740616
27580919;27581045;196;38740611
27580923;27580522;66;37877796
27580923;27581367;129;37545793
27580924;27580857;21;39347040
27580928;27580994;27;39543252
27580929;27580012;152;39529042
27580929;27580944;13;39529035
27580932;27580683;55;38378161
27580932;27581375;71;37517298
27580936;27580202;126;37516888
27580936;27580848;29;37516362
27580936;27580949;6;37516361
27580937;27580836;32;38804931
27580940;27580470;86;37516441
27580940;27580711;89;38281535
27580940;27581020;11;39531039
27580942;27580518;81;37516436
27580942;27580903;10;39531030
27580944;27581050;14;39529040
27580944;27581079;104;39529034
27580946;27580907;6;39203198
27580947;27581215;40;38381198
27580949;27580936;6;37516360
27580949;27581171;33;38223042
27580949;27581344;70;37516359
27580954;27581006;120;37783964
27580955;27580780;60;39531023
27580955;27581029;10;37775521
27580956;27580588;70;39532419
27580957;27580083;153;39580449
27580957;27581210;41;39580446
27580961;27580595;63;37517263
27580961;27580924;14;39347044
27580961;27581515;92;37517262
27580964;27580688;47;39210004
27580964;27580966;8;38508111
27580964;27581394;82;39210003
27580966;27580964;8;38508110
27580966;27581198;183;39210000
27580966;27581356;177;39209997
27580969;27580874;68;39527089
27580973;27581009;10;37775525
27580973;27581491;88;39266903
27580974;27580774;51;37510461
27580974;27580906;12;38816243
27580976;27580880;14;37783965
27580976;27581001;16;39333966
27580977;27580868;31;37692200
27580979;27579586;264;37557424
27580979;27580585;169;37559370
27580980;27580709;118;37510471
27580980;27580882;32;37510470
27580983;27580498;88;37527602
27580983;27580955;11;39531022
27580984;27580919;69;38740615
27580984;27581236;89;38740614
27580984;27581599;190;38740584
27580985;27581070;69;39543245
27580986;27581052;84;38378134
27580987;27580761;35;38381203
27580990;27580726;42;38247583
27580990;27581031;30;37617900
27580990;27581371;57;38247582
27580994;27580979;14;37559369
27581001;27581409;166;39333965
27581002;27581272;123;37510464
27581006;27581415;178;39527554
27581007;27580613;200;38508121
27581007;27581358;62;38767051
27581008;27580500;85;38740428
27581008;27580632;140;39314961
27581008;27581045;19;39314958
27581009;27580942;10;37516435
27581009;27581289;101;37775524
27581011;27580754;214;39527546
27581012;27582492;268;38576742
27581014;27580808;33;39198282
27581014;27581044;8;39529270
27581017;27581062;6;38247605
27581018;27581065;61;39597156
27581020;27580940;11;39531038
27581020;27581224;79;37775233
27581024;27580832;27;38576741
27581029;27581061;10;37527587
27581031;27580716;48;37642712
27581031;27580990;30;37617901
27581031;27581072;39;37617898
27581032;27580585;69;38753805
27581032;27580985;106;39543246
27581034;27580974;10;38816242
27581034;27581036;14;39532611
27581036;27581248;68;37510459
27581036;27581286;55;37778380
27581037;27580888;104;39529066
27581037;27580929;14;39529041
27581044;27581097;8;39221256
27581044;27581450;110;39492980
27581045;27580919;196;38740612
27581045;27581008;19;39314959
27581045;27581305;64;39314956
27581049;27580774;39;37510460
27581050;27581037;13;39529032
27581050;27581894;139;39531000
27581051;27580848;28;38223083
27581052;27580961;31;37517279
27581052;27580986;84;38378133
27581052;27581499;146;38378132
27581061;27580983;10;37527601
27581061;27581268;78;37527586
27581062;27581244;31;38247606
27581063;27580461;169;39164575
27581063;27581014;9;39441131
27581064;27580686;201;39209992
27581064;27580831;33;39314673
27581064;27581198;22;39314672
27581065;27581032;6;39597157
27581065;27582492;306;38712886
27581070;27581316;68;38760812
27581070;27581365;179;37557425
27581072;27581031;39;37617899
27581072;27581126;56;37617896
27581072;27581473;63;37561994
27581073;27580663;76;37537418
27581073;27581519;84;37537417
27581075;27580613;73;37631706
27581075;27580742;168;37572335
27581075;27581431;179;37572334
27581075;27581583;84;37631705
27581079;27580128;151;39529017
27581079;27581090;9;39529011
27581081;27581139;18;38856379
27581081;27581204;21;38856355
27581086;27580898;27;37505060
27581090;27581173;15;39529014
27581090;27581199;102;39529012
27581092;27581098;9;38669654
27581097;27581063;9;39225187
27581097;27581267;33;39541838
27581098;27581207;195;38669653
27581098;27581303;33;39622703
27581099;27581114;43;37636214
27581099;27581421;65;37636211
27581105;27581126;11;37617895
27581105;27581344;40;38895999
27581107;27580683;200;38378155
27581112;27580969;95;39527092
27581114;27580899;61;37750839
27581126;27581072;56;37617897
27581126;27581105;11;37617894
27581139;27581184;16;39528514
27581139;27581204;22;39527586
27581152;27581240;21;39315033
27581155;27580642;178;39203505
27581164;27581050;104;39529033
27581164;27581079;15;39529016
27581167;27580940;74;39531040
27581171;27580949;33;38223043
27581173;27581164;9;39529010
27581173;27581998;141;37782785
27581174;27581049;26;37775114
27581174;27581250;21;39198285
27581176;27581167;3;38281526
27581179;27580786;58;38247627
27581179;27581249;26;37537111
27581182;27581200;10;38787898
27581182;27582235;178;38767056
27581184;27581287;33;39201065
27581194;27581086;19;37505059
27581194;27581112;63;37505796
27581197;27581319;48;37632088
27581197;27581713;92;38508093
27581198;27580966;183;39210001
27581198;27581064;22;39314671
27581198;27581356;24;39314670
27581199;27580258;150;39529007
27581199;27581213;13;39529004
27581200;27580910;43;37609500
27581200;27581568;186;38787897
27581204;27581604;114;37510278
27581205;27580983;78;39531021
27581205;27581268;10;37775227
27581207;27580987;33;38767011
27581207;27581215;9;38669652
27581209;27581155;24;39203504
27581210;27580957;41;39580447
27581210;27581242;6;39580444
27581213;27581314;16;39529006
27581213;27581342;103;39529000
27581214;27581237;10;39313748
27581214;27581545;56;39313750
27581215;27581414;340;39403164
27581215;27581443;35;38767012
27581217;27581243;84;37517307
27581217;27581269;9;39612427
27581218;27581426;51;39209991
27581219;27580721;81;39314653
27581219;27581436;108;37632083
27581219;27581536;50;39314652
27581224;27581176;9;38281525
27581226;27581194;7;37505058
27581227;27580733;85;39298373
27581227;27580942;101;39531029
27581230;27581063;33;39441130
27581232;27581226;28;37505056
27581232;27581427;31;39527562
27581233;27580718;88;37516425
27581233;27581205;10;39531020
27581234;27580766;97;37516607
27581234;27581434;34;37516664
27581236;27580984;89;38740613
27581236;27581523;56;39315058
27581236;27581958;197;38740848
27581237;27581061;33;37527600
27581237;27581214;10;39313747
27581240;27580557;133;39315037
27581240;27581152;21;39315032
27581240;27581513;66;39315034
27581242;27581210;6;39580445
27581242;27581352;16;39580438
27581243;27581383;22;37710968
27581243;27581388;54;37710965
27581244;27581270;39;37537110
27581248;27580980;107;37510469
27581249;27581742;102;37619447
27581250;27581034;48;38816241
27581256;27580856;62;39543248
27581256;27581448;31;39543133
27581264;27581139;59;37750834
27581267;27581555;55;39221258
27581267;27581860;171;39532418
27581268;27581296;10;37527585
27581268;27581743;88;37775226
27581269;27581217;9;39612428
27581269;27581280;3;39612425
27581269;27581288;3;39612423
27581270;27581179;96;37537109
27581270;27581864;130;37537113
27581272;27581176;23;39751043
27581275;27581155;54;38856354
27581275;27581209;23;39203503
27581280;27581269;3;39612426
27581282;27580868;63;37592581
27581282;27581396;90;37692203
27581282;27581396;16;37592578
27581286;27581444;24;39532607
27581287;27581318;5;37750837
27581287;27581799;198;38228295
27581288;27581269;3;39612424
27581289;27581227;10;39298372
27581296;27581233;10;37516424
27581296;27581552;93;37527584
27581297;27581173;101;39529013
27581297;27581199;15;39529005
27581298;27581018;474;38220331
27581298;27581092;33;38739446
27581300;27581226;11;39536964
27581301;27580861;69;38736395
27581301;27581389;21;39314911
27581301;27581790;115;38736394
27581302;27581242;15;39580437
27581302;27581352;20;39580436
27581303;27581298;8;38220330
27581303;27582760;253;38712885
27581305;27581045;64;39314957
27581305;27581513;38;39314954
27581305;27581599;113;38740827
27581314;27581297;12;39298336
27581314;27581865;105;39298335
27581316;27580994;93;37557421
27581316;27581256;11;38576753
27581316;27581448;26;39543250
27581318;27581368;9;37505681
27581318;27581616;110;39342055
27581319;27580721;186;37632084
27581319;27581197;48;37632089
27581319;27581426;43;37632086
27581335;27581604;90;38889257
27581341;27580910;200;38506499
27581341;27581568;38;37558764
27581342;27580403;149;37517211
27581342;27581459;107;37785331
27581344;27580949;70;37516358
27581344;27581544;35;38895998
27581352;27581242;16;39580439
27581352;27581784;79;39580442
27581356;27580966;177;39209996
27581356;27581198;24;39314669
27581356;27581489;23;39314668
27581358;27581431;15;38323928
27581365;27581024;54;37507559
27581367;27580633;110;37523555
27581368;27581486;20;37778318
27581368;27581880;188;37505680
27581371;27580990;57;38247581
27581371;27581399;4;37599785
27581372;27580956;74;39539769
27581372;27581662;88;37504996
27581373;27580892;77;38697708
27581373;27581876;190;38895711
27581375;27580932;71;37517297
27581375;27581540;28;37517296
27581375;27581543;76;38378154
27581377;27580484;194;39295080
27581380;27580772;98;37517293
27581380;27581052;131;37517278
27581382;27580480;142;39539763
27581382;27581773;117;39539771
27581382;27582296;159;39539762
27581383;27581217;62;37517306
27581383;27581243;22;37710967
27581383;27581589;36;37710964
27581385;27581302;30;39585318
27581388;27581243;54;37710966
27581389;27580557;197;38740463
27581389;27581301;21;39314912
27581389;27581874;116;39314909
27581393;27581011;132;37505051
27581394;27580964;82;39210002
27581394;27581489;139;38110520
27581394;27581625;123;39209999
27581396;27581282;90;37692202
27581396;27581282;16;37592579
27581396;27582418;181;37592576
27581398;27581602;36;38895682
27581399;27581371;4;37599784
27581399;27581473;65;39213324
27581399;27581642;42;37599783
27581407;27580451;152;38223072
27581407;27581576;135;37516349
27581407;27581730;58;38223071
27581409;27581468;28;39528733
27581411;27581708;82;38740712
27581414;27581341;76;37558765
27581415;27581597;79;39528724
27581421;27581913;91;39315106
27581423;27581314;83;37785278
27581426;27581218;51;39209990
27581426;27581319;43;37632087
27581426;27581780;153;38509395
27581427;27581300;24;39667152
27581427;27581490;12;39527561
27581431;27581075;179;37572333
27581431;27581452;10;37572332
27581431;27582977;308;38323927
27581434;27581631;125;37516662
27581434;27581896;137;37516665
27581436;27581219;108;37632082
27581438;27581250;28;38578770
27581438;27581444;11;39680745
27581439;27581207;35;38767010
27581439;27581303;203;38220329
27581443;27581439;9;38220328
27581443;27583891;466;38767009
27581444;27581724;85;39680075
27581445;27581342;17;39529003
27581445;27581423;21;37785277
27581445;27581564;22;37522548
27581448;27581521;16;39543132
27581450;27581636;56;39201066
27581452;27580526;171;38508081
27581452;27581431;10;37572331
27581455;27580923;79;37877795
27581455;27581514;99;37779759
27581459;27580536;150;39527067
27581459;27581480;15;37785330
27581468;27581515;31;39528739
27581468;27581584;32;37505795
27581470;27581234;59;38212577
27581472;27581316;29;39543249
27581473;27581528;35;39213323
27581473;27581643;30;37561993
27581480;27581588;95;37785329
27581482;27580742;123;37572339
27581482;27581583;91;38508104
27581486;27581512;5;38281533
27581489;27581356;23;39314667
27581489;27581394;139;38110521
27581489;27581619;172;39314635
27581489;27581625;24;39314666
27581490;27581561;12;39529047
27581491;27581233;93;39531019
27581491;27581552;10;39266902
27581494;27581210;95;39580419
27581494;27581385;48;39585317
27581498;27580841;175;38578812
27581498;27581438;52;37504992
27581499;27581052;146;38378131
27581508;27581486;16;38281534
27581508;27581595;37;37789514
27581512;27581529;2;38281532
27581513;27581240;66;39315035
27581513;27581305;38;39314955
27581513;27581708;40;39314952
27581513;27581725;85;38740440
27581514;27581367;25;37523554
27581514;27581620;91;37779758
27581515;27580961;92;37517261
27581515;27581565;18;39528744
27581515;27581584;11;39528772
27581518;27581230;54;39441129
27581519;27581073;84;37537416
27581519;27581664;29;39231652
27581520;27581009;88;37516434
27581520;27581491;11;39531018
27581521;27581943;243;37557422
27581523;27581236;56;39315059
27581525;27581847;101;38740859
27581528;27581570;30;39213322
27581528;27581755;42;38223081
27581529;27581508;12;38281531
27581529;27581734;68;38450719
27581532;27581455;13;37877794
27581532;27581624;39;39298380
27581536;27581219;50;39314651
27581536;27581804;217;37640413
27581536;27581887;63;39314650
27581536;27582561;612;37631975
27581540;27581375;28;37517295
27581540;27581380;65;37517277
27581543;27581375;76;38378153
27581544;27581793;45;39213326
27581545;27581455;35;37527595
27581545;27581624;15;39313749
27581552;27581580;12;37527583
27581552;27581988;87;39266901
27581555;27581623;18;39541943
27581561;27581861;52;39529046
27581564;27581423;26;39450998
27581564;27581445;22;37522547
27581564;27581691;27;37522546
27581565;27581661;49;39528743
27581568;27581709;50;37558761
27581570;27581126;70;39213320
27581570;27581544;43;39213321
27581572;27581237;56;37527599
27581572;27581545;10;37527594
27581574;27581445;118;39528999
27581574;27581459;19;37517210
27581576;27580405;183;37592613
27581576;27581682;108;37516348
27581579;27581209;117;37750090
27581579;27581335;220;38889258
27581580;27581520;9;37516433
27581580;27581797;91;37527582
27581583;27581075;84;37631704
27581583;27581482;91;38508103
27581583;27582199;115;37631703
27581584;27581565;21;37517309
27581584;27581670;17;37505794
27581587;27581427;33;39667151
27581587;27581561;29;37623942
27581588;27580672;152;38459836
27581588;27581677;85;37785328
27581589;27581383;36;37710963
27581589;27581598;6;37710970
27581595;27581508;37;37789515
27581595;27582666;232;37789517
27581596;27581514;14;37523553
27581596;27581532;99;38131109
27581597;27581584;28;37517308
27581597;27581670;35;39528725
27581598;27581781;50;37517275
27581599;27580984;190;38740585
27581599;27581305;113;38740828
27581599;27581725;49;38740582
27581602;27581398;36;38895681
27581602;27581633;29;38895680
27581602;27582032;120;38895677
27581604;27582278;211;37510277
27581605;27581264;126;39203508
27581608;27581414;35;37558763
27581608;27581443;337;38506451
27581616;27584026;454;37750091
27581619;27580831;184;38110519
27581619;27581489;172;39314636
27581619;27581798;48;38110516
27581620;27581693;14;39545829
27581620;27581739;111;39531007
27581623;27581518;19;39541942
27581623;27581750;28;39541835
27581623;27582193;185;37504994
27581624;27581572;12;37527598
27581624;27581811;77;39298379
27581625;27581394;123;39209998
27581625;27581489;24;39314665
27581625;27581804;33;39314664
27581630;27580417;191;39634346
27581631;27581519;59;37516663
27581631;27581741;22;37775248
27581633;27581244;62;38212142
27581633;27581602;29;38895679
27581636;27581498;34;37504991
27581636;27581729;37;39201067
27581642;27581399;42;37599782
27581642;27581712;14;37516242
27581643;27581836;55;38247632
27581643;27581877;41;37561992
27581652;27581587;22;39667150
27581657;27581703;9;38223067
27581659;27581574;98;37785276
27581659;27582460;211;37535671
27581661;27581721;29;39528742
27581661;27581818;95;37517311
27581662;27581955;92;37504995
27581662;27582045;82;37510476
27581664;27581519;29;39231653
27581664;27581817;59;37516605
27581664;27581949;54;39231650
27581670;27581886;92;37496817
27581671;27581097;166;39225186
27581671;27581636;9;39441132
27581677;27581759;14;37498190
27581677;27581806;123;37785280
27581682;27582129;78;37515843
27581686;27581791;91;38228304
27581688;27581596;17;37523552
27581688;27582093;107;37546198
27581691;27581564;27;37522545
27581691;27581802;20;39529002
27581693;27581596;90;38131108
27581693;27582093;72;39545828
27581694;27581808;84;38904412
27581695;27581834;35;39314925
27581700;27581608;27;37558762
27581703;27581657;9;38223066
27581703;27581704;2;38223057
27581703;27581765;10;38223065
27581704;27581703;2;38223056
27581704;27581711;6;38223063
27581708;27581411;82;38740713
27581708;27581513;40;39314953
27581708;27581874;30;39314950
27581709;27581700;9;37558760
27581709;27582774;189;38253959
27581711;27581704;6;38223062
27581711;27581717;7;38223059
27581712;27581893;29;37516241
27581712;27582007;135;37616863
27581713;27581735;10;39314646
27581713;27582252;101;38508092
27581714;27580803;142;39315103
27581716;27581275;155;39203502
27581716;27581605;58;39203509
27581717;27581711;7;38223058
27581717;27581723;7;38223055
27581721;27581888;64;39528736
27581723;27581717;7;38223054
27581723;27581730;3;38223061
27581724;27581716;5;39225185
27581724;27581799;13;39225188
27581725;27581513;85;38740439
27581725;27581599;49;38740583
27581725;27581842;33;38740438
27581729;27581686;12;38228305
27581730;27581407;58;38223070
27581730;27581723;3;38223060
27581730;27582228;88;38223069
27581734;27581529;68;38450718
27581734;27581987;170;38552973
27581734;27582294;170;38450717
27581735;27581713;10;39314645
27581735;27581780;18;39314648
27581738;27581659;70;37785275
27581739;27580872;137;39531015
27581739;27581751;10;39531006
27581741;27581779;53;37775249
27581741;27581779;59;37775247
27581742;27581896;62;38212139
27581742;27582315;154;38212145
27581743;27581572;77;37527593
27581743;27581811;12;37775225
27581745;27581520;91;39531017
27581750;27581623;28;39541834
27581750;27581955;45;39541840
27581751;27581830;13;37782685
27581751;27581881;104;39531005
27581755;27581528;42;38223080
27581755;27581827;12;38223079
27581755;27581877;33;38247602
27581759;27581738;16;39529039
27581759;27582848;201;37498189
27581765;27581703;10;38223064
27581773;27581372;82;37498518
27581773;27581382;117;39539770
27581776;27581296;88;37516423
27581776;27581743;11;37527592
27581779;27581817;8;37775250
27581780;27581426;153;38509396
27581780;27581735;18;39314647
27581781;27581540;111;37517276
27581781;27581589;45;37710969
27581784;27581352;79;39580443
27581784;27581598;82;39580494
27581784;27582163;75;39580440
27581790;27580861;167;38736500
27581790;27581301;115;38736393
27581790;27581834;19;38736392
27581791;27581724;33;37606691
27581791;27581903;19;38228302
27581793;27581827;62;37516887
27581793;27582472;120;39213325
27581797;27581805;12;39531024
27581798;27580224;257;39314932
27581798;27581619;48;38110517
27581798;27581952;103;37636883
27581798;27581980;53;38644402
27581799;27581880;13;39667135
27581799;27581903;33;39224264
27581802;27581691;20;39529001
27581802;27581910;22;37782770
27581804;27581536;217;37640414
27581804;27581625;33;39314663
27581804;27581952;121;37640411
27581805;27581289;94;39298371
27581805;27581745;12;39531025
27581806;27581901;15;37659690
27581806;27582046;239;37785279
27581808;27581694;84;38904411
27581810;27581825;7;37558791
27581810;27582696;161;38508078
27581811;27581846;11;39298378
27581811;27582180;74;37775224
27581814;27581671;37;37498512
27581814;27581729;16;38228303
27581815;27581693;111;38131107
27581815;27581739;13;39531013
27581817;27581889;26;37516604
27581818;27581888;12;39528773
27581818;27582266;180;37517310
27581821;27581472;68;39543251
27581821;27581521;101;39543138
27581825;27580821;164;38772716
27581825;27581810;7;37558790
27581825;27582003;107;37558789
27581827;27581755;12;38223078
27581827;27581793;62;37516886
27581829;27581802;15;37782772
27581830;27581815;10;39531012
27581830;27582442;111;37782684
27581834;27581695;35;39314926
27581834;27581790;19;38736391
27581834;27583067;249;39314919
27581836;27581642;39;38247577
27581836;27581643;55;38247631
27581842;27581725;33;38740437
27581842;27581868;34;39315023
27581842;27582171;71;39315020
27581844;27581836;2;38247576
27581846;27581776;12;37516422
27581846;27582056;93;39298377
27581847;27581525;101;38740860
27581847;27581868;6;38740857
27581847;27581958;370;39314983
27581860;27581671;34;39680074
27581861;27581885;29;38901771
27581861;27582080;41;39529045
27581864;27581633;40;38212141
27581865;27581973;44;39531194
27581865;27582126;55;39298334
27581868;27581842;34;39315022
27581868;27581847;6;38740858
27581868;27582171;74;38740855
27581873;27581829;7;37782771
27581873;27581973;80;37535672
27581874;27581389;116;39314910
27581874;27581708;30;39314951
27581874;27582016;81;39314907
27581876;27581373;162;38697707
27581877;27581755;33;38247601
27581877;27582004;39;38247600
27581880;27582186;59;39224263
27581881;27581037;139;37517228
27581881;27581894;13;39531004
27581885;27581861;29;38901772
27581886;27582077;94;39528731
27581887;27581536;63;39314649
27581887;27582203;125;37632080
27581887;27582208;225;38578886
27581888;27581818;12;39528774
27581888;27582138;115;39528735
27581889;27582012;55;37516602
27581889;27582070;38;37516649
27581890;27581935;10;37516885
27581893;27582072;34;38247620
27581894;27581948;13;39530999
27581894;27581986;104;39531003
27581896;27581470;102;38212576
27581896;27581742;62;38212138
27581896;27581933;10;37775246
27581901;27581759;123;39529038
27581901;27581806;15;37659689
27581901;27582338;81;37558402
27581903;27582257;82;38228301
27581904;27581532;63;39551655
27581904;27581928;9;37516449
27581910;27581873;16;37782769
27581910;27582460;166;37535668
27581913;27582092;37;39315099
27581928;27581624;58;37527597
27581928;27582180;78;37516448
27581929;27581652;188;37623941
27581929;27581876;45;38697706
27581933;27581896;10;37775245
27581933;27582113;36;37618664
27581935;27581890;10;37516884
27581935;27582087;28;37516883
27581935;27582137;61;38247604
27581940;27581830;104;39531011
27581940;27581881;13;37517227
27581943;27581494;208;39585319
27581943;27582562;139;38479752
27581948;27581940;13;39531010
27581948;27582505;99;37782694
27581949;27581664;54;39231651
27581949;27582070;79;37537415
27581949;27582234;51;39231648
27581952;27581798;103;37636882
27581952;27581804;121;37640412
27581952;27582021;32;37636881
27581955;27581750;45;39541839
27581955;27582347;82;39541846
27581955;27582369;129;39213125
27581958;27581236;197;38740847
27581958;27581847;370;39314984
27581958;27582277;55;38740846
27581961;27581184;234;38883264
27581965;27581933;78;37516603
27581965;27582295;56;37516634
27581968;27582043;22;38740485
27581968;27582982;254;39315038
27581973;27581873;80;37535673
27581980;27581798;53;38644403
27581980;27582053;15;39607865
27581980;27582165;185;38644400
27581982;27581904;18;39551654
27581982;27581928;14;37527596
27581986;27581164;141;37518295
27581986;27581998;9;39531002
27581987;27581734;170;38552974
27581988;27581776;94;37527591
27581988;27582056;13;39266900
27581998;27582079;50;39531001
27582003;27581825;107;37558788
27582003;27582168;101;37558787
27582003;27582930;162;37558795
27582004;27581844;39;37642369
27582004;27581877;39;38247599
27582004;27582104;40;37516881
27582007;27582141;27;38247580
27582012;27581965;70;37516601
27582012;27582167;28;37750079
27582014;27581580;87;37516432
27582014;27581988;10;37527590
27582015;27582114;16;39607861
27582016;27581874;81;39314908
27582016;27582171;47;39314905
27582016;27582323;65;38740797
27582021;27581952;32;37636880
27582021;27582208;74;37636879
27582021;27582444;87;39496809
27582032;27581602;120;38895678
27582040;27581272;206;37823637
27582043;27581968;22;38740484
27582043;27582323;231;39315026
27582043;27582764;205;38740483
27582045;27581773;88;39550270
27582045;27582584;111;39550301
27582046;27582060;12;39529031
27582047;27581714;59;37739121
27582052;27581961;29;38883263
27582052;27582379;69;37554803
27582053;27581980;15;39607864
27582053;27582114;22;38767062
27582053;27582197;26;39607863
27582056;27582084;10;39298376
27582056;27582412;70;39266899
27582060;27581300;132;39529044
27582060;27582080;13;39529030
27582070;27581889;38;37516650
27582070;27582117;28;37537414
27582070;27582398;66;37516647
27582071;27581948;113;39531009
27582071;27581986;15;37518294
27582072;27582104;6;38247619
27582072;27582131;101;37516686
27582076;27581393;243;39544995
27582076;27581929;73;39545001
27582077;27582138;79;37750838
27582077;27582553;214;39528729
27582079;27581297;154;39531191
27582079;27582126;14;39531016
27582080;27582152;15;39529043
27582080;27582285;126;38856235
27582081;27579225;627;37739119
27582084;27582014;13;37516431
27582084;27582331;103;39298375
27582087;27581935;28;37516882
27582092;27582530;79;37739122
27582093;27582658;98;39545827
27582104;27582004;40;37516880
27582104;27582305;34;38247618
27582113;27581933;36;37618663
27582113;27582380;51;37618662
27582114;27582015;16;39607860
27582114;27582053;22;38767063
27582114;27582124;6;39607858
27582115;27582040;22;37823638
27582117;27582167;34;37537413
27582118;27581652;209;37750764
27582118;27583177;182;38843632
27582124;27582114;6;39607859
27582126;27583695;282;39545830
27582128;27582071;46;39531008
27582128;27582079;10;39551656
27582129;27582420;52;37515842
27582131;27582072;101;37516685
27582131;27582141;34;37516684
27582131;27582653;90;37516687
27582137;27581935;61;38247603
27582137;27582004;30;37642368
27582137;27582305;57;37516879
27582138;27582266;50;39528738
27582140;27581901;251;39529037
27582140;27582060;15;39398705
27582141;27582131;34;37516683
27582141;27582239;15;38247579
27582145;27582118;19;37750763
27582152;27582140;13;39529036
27582152;27582597;77;37510311
27582159;27582052;35;38883262
27582159;27582190;6;38856378
27582162;27581576;106;37592612
27582162;27582129;107;37516347
27582162;27582228;148;39542099
27582163;27581784;75;39580441
27582163;27582506;64;39585054
27582165;27581980;185;38644401
27582165;27582277;81;37572370
27582167;27582012;28;37750080
27582167;27582295;70;37537412
27582168;27582003;101;37558786
27582168;27582235;35;37558785
27582168;27583149;163;37558793
27582171;27581842;71;39315021
27582171;27581868;74;38740856
27582171;27582016;47;39314906
27582171;27582304;40;39314903
27582178;27582554;85;37545796
27582179;27581860;61;39680073
27582179;27582578;160;37775129
27582180;27582225;11;37516447
27582180;27582799;113;37775223
27582182;27582076;41;37750857
27582182;27582145;68;37750762
27582184;27582480;58;38861929
27582186;27582298;21;39224262
27582186;27582384;53;37515944
27582190;27582260;12;38889256
27582193;27581623;185;37504993
27582197;27582053;26;39607862
27582199;27581482;136;37572338
27582199;27581583;115;37631702
27582199;27582252;9;38508105
27582203;27581887;125;37632081
27582206;27582444;139;39496814
27582208;27581887;225;38578887
27582208;27582021;74;37636878
27582208;27582561;98;38508117
27582214;27582351;47;38247575
27582219;27582145;31;39403181
27582219;27582287;11;38840300
27582225;27581846;76;37516421
27582225;27582545;95;37516446
27582228;27581730;88;38223068
27582228;27582353;24;38223051
27582234;27581949;51;39231649
27582234;27582398;68;37516631
27582234;27582516;53;39231646
27582235;27582168;35;37558784
27582235;27582255;9;37558783
27582235;27583355;177;38767055
27582236;27582296;15;39541849
27582236;27582301;18;37510483
27582239;27582283;29;38247578
27582252;27583002;130;38508091
27582252;27583428;290;38578970
27582255;27581200;179;37609499
27582255;27582235;9;37558782
27582255;27582465;113;37609471
27582257;27582265;28;38228299
27582257;27582479;39;38578811
27582259;27581896;108;37625021
27582259;27582389;40;37516661
27582260;27582991;242;38889253
27582262;27582627;123;38578999
27582265;27581814;101;38228300
27582266;27582365;46;39528737
27582269;27581805;89;39298370
27582269;27582014;103;37527589
27582277;27581958;55;38740845
27582277;27582165;81;37572371
27582277;27582290;109;37572366
27582278;27582321;14;37510276
27582278;27582342;17;39531027
27582281;27582152;113;38856237
27582281;27582547;77;38856248
27582283;27582556;48;37643056
27582284;27581298;171;37933445
27582284;27582853;214;38479664
27582285;27582281;4;38856236
27582285;27582337;55;37631697
27582287;27582219;11;38840299
27582287;27582414;27;38840298
27582287;27582579;139;38840290
27582289;27582290;18;37572369
27582289;27582300;47;37572362
27582289;27582394;21;38578917
27582290;27582277;109;37572367
27582290;27582289;18;37572368
27582294;27581734;170;38450716
27582294;27581961;68;37778320
27582294;27582379;28;38450715
27582295;27581965;56;37516635
27582295;27582380;54;37537411
27582295;27582841;94;37516632
27582296;27582236;15;39541850
27582296;27582861;94;39539761
27582296;27583232;225;37510487
27582298;27582479;67;39224261
27582299;27582300;77;37572365
27582299;27582302;19;37572360
27582299;27582396;28;38740623
27582300;27582289;47;37572363
27582300;27582299;77;37572364
27582300;27582512;54;39315045
27582301;27581773;111;37498517
27582301;27582236;18;37510482
27582301;27582584;88;37510481
27582302;27582299;19;37572361
27582302;27582304;135;38644396
27582302;27582318;78;39314941
27582304;27582171;40;39314904
27582304;27582318;10;39314942
27582304;27582775;100;38740607
27582304;27583012;156;38110465
27582305;27582137;57;37516878
27582305;27582797;85;38247617
27582307;27582338;38;38897802
27582315;27581742;154;38212146
27582315;27581864;81;38212140
27582315;27582498;33;38212143
27582318;27582302;78;39314940
27582318;27582304;10;39314943
27582318;27582625;58;39314898
27582321;27581805;160;37775232
27582321;27582978;191;37510275
27582323;27582016;65;38740798
27582323;27582043;231;39315027
27582323;27582450;38;39315024
27582329;27582418;72;38734596
27582331;27582269;14;39298369
27582337;27582285;55;37631696
27582338;27581901;81;37558401
27582338;27582307;38;38897801
27582338;27582400;11;37558400
27582342;27582159;56;38883261
27582347;27581955;82;39541845
27582347;27582045;92;37505875
27582347;27582560;64;39550257
27582347;27582922;112;39541842
27582351;27582137;45;37642367
27582351;27582214;47;38247574
27582353;27582228;24;38223050
27582353;27582731;65;38223049
27582365;27582471;44;39528734
27582367;27583064;162;38735521
27582369;27581955;129;39213126
27582371;27582414;16;38840337
27582371;27582622;67;38840336
27582371;27582622;43;38840270
27582379;27582294;28;38450714
27582379;27582507;39;38450713
27582380;27582113;51;37618661
27582380;27582474;17;37618660
27582380;27582519;82;37537410
27582384;27582298;34;37515943
27582384;27584271;339;37698014
27582389;27582113;90;37750088
27582389;27582519;29;37516660
27582393;27583111;191;38449931
27582394;27582290;26;38578929
27582394;27583179;156;38110475
27582396;27582299;28;38740624
27582396;27582512;28;38740621
27582396;27582819;91;38740376
27582398;27582070;66;37516648
27582398;27582234;68;37516630
27582398;27582552;55;37516629
27582398;27582685;53;37516645
27582399;27582321;16;39531028
27582399;27582342;18;38883260
27582400;27582338;11;37558399
27582400;27582663;232;38162103
27582400;27582848;103;37558398
27582412;27582448;11;39750327
27582412;27582545;24;39266898
27582413;27581815;109;39531014
27582414;27582287;27;38840297
27582414;27582371;16;38840338
27582414;27582650;41;38840333
27582414;27583033;157;38840261
27582418;27581396;181;37592577
27582418;27582329;72;38734595
27582418;27583146;111;37592574
27582420;27582570;110;39542096
27582420;27582970;86;37515841
27582423;27582704;87;38861931
27582437;27582265;32;38974028
27582438;27582648;59;38901776
27582442;27582413;15;37518293
27582442;27582665;38;37785348
27582444;27582021;87;39496810
27582444;27582206;139;39496813
27582444;27582614;32;39496815
27582444;27583833;348;39496812
27582448;27582084;70;37516430
27582448;27582412;11;39750326
27582450;27582171;70;39314939
27582450;27582323;38;39315025
27582460;27581659;211;37535670
27582460;27581910;166;37535669
27582460;27582508;11;39628763
27582461;27582182;103;39544996
27582465;27582255;113;37609470
27582465;27582667;35;37558774
27582465;27582774;158;37609469
27582469;27582480;18;38861939
27582471;27582506;17;39580496
27582472;27582353;59;37627610
27582474;27582380;17;37618659
27582474;27582805;57;37619402
27582474;27582840;67;38890037
27582476;27582179;88;39225190
27582476;27582437;8;38974027
27582479;27582483;20;39224260
27582479;27583048;88;38974026
27582480;27582184;58;38861928
27582480;27582469;18;38861938
27582480;27582532;15;38861937
27582481;27581365;210;37507558
27582481;27581821;116;39543137
27582483;27582437;7;39532597
27582483;27582476;7;39225189
27582492;27583059;96;37933375
27582494;27582047;79;37739123
27582496;27581940;98;37517226
27582496;27582505;12;37535667
27582498;27582315;33;38212144
27582498;27582556;79;37516346
27582502;27582081;77;37739124
27582503;27582413;15;37785349
27582505;27582582;12;37782693
27582505;27582659;127;37535666
27582506;27582163;64;39585055
27582506;27582557;20;39580495
27582506;27583014;84;39585290
27582507;27582379;39;38450712
27582507;27582754;45;37778319
27582507;27583187;180;38450711
27582508;27582460;11;39628764
27582508;27582645;253;39628771
27582508;27583191;331;39628759
27582511;27582627;26;38578957
27582511;27582676;29;38578966
27582511;27582746;908;38578905
27582512;27582300;54;39315044
27582512;27582396;28;38740622
27582512;27582929;86;38740747
27582514;27582461;21;39545000
27582514;27582738;75;38902354
27582516;27582234;53;39231647
27582516;27582685;62;37516644
27582516;27582689;29;39231644
27582519;27582604;43;37537409
27582519;27582846;69;37516659
27582530;27582864;56;37739120
27582532;27582480;15;38861936
27582533;27582796;40;37791232
27582545;27582593;11;37516445
27582546;27582798;39;37791224
27582547;27582281;77;38856247
27582552;27582117;76;37516639
27582552;27582398;55;37516628
27582552;27582585;9;37516627
27582553;27582652;40;37505052
27582554;27582503;16;37785351
27582554;27582665;24;37545795
27582556;27582605;29;37516345
27582556;27582892;52;37643055
27582557;27582879;128;39580433
27582560;27582347;64;39550256
27582560;27582712;45;39541848
27582561;27581536;612;37631976
27582561;27582208;98;38508116
27582561;27583278;158;38508115
27582562;27581943;139;38479751
27582565;27582621;8;38456948
27582569;27582802;37;37791220
27582570;27582162;69;37592611
27582572;27582496;12;37517225
27582574;27582700;43;39628777
27582577;27582733;33;38839752
27582578;27582179;160;37775128
27582578;27582630;18;39543401
27582579;27582219;140;39403180
27582579;27582287;139;38840289
27582579;27582661;15;38902351
27582582;27582572;13;37782689
27582582;27583145;87;37782692
27582584;27582301;88;37510480
27582584;27582922;92;37510479
27582585;27582552;9;37516626
27582585;27582841;85;37516625
27582590;27582806;34;37791228
27582593;27582448;27;37516429
27582593;27582887;53;37516444
27582597;27582648;46;38856244
27582597;27582664;11;37510310
27582604;27582259;60;37625020
27582604;27582498;98;37537408
27582605;27582239;63;37516676
27582605;27582653;28;37516344
27582613;27582115;149;37783386
27582613;27582331;55;39298368
27582614;27582444;32;39496816
27582615;27583064;156;38735517
27582621;27582565;8;38456947
27582622;27582371;43;38840269
27582622;27582371;67;38840335
27582622;27582650;16;38840332
27582623;27582776;25;38856238
27582625;27582318;58;39314897
27582625;27582819;43;39314896
27582625;27583096;80;38740456
27582627;27582262;123;38579000
27582627;27582511;26;38578958
27582627;27582676;14;38579001
27582630;27582578;18;39543400
27582630;27582712;33;39543403
27582630;27582836;32;37789516
27582634;27582351;56;37642366
27582634;27582472;67;37627609
27582645;27582508;253;39628772
27582645;27582700;10;39628769
27582645;27582777;39;39628780
27582648;27582438;59;38901775
27582648;27582729;13;38856243
27582650;27582414;41;38840334
27582650;27582622;16;38840331
27582650;27583004;93;38840311
27582652;27583147;181;37505053
27582653;27582131;90;37516688
27582653;27582787;69;37516343
27582653;27582928;43;38247629
27582657;27582745;202;37557414
27582657;27582749;19;37557411
27582657;27582771;16;37557416
27582658;27583178;78;39531175
27582659;27582128;105;38828896
27582660;27582570;74;39542095
27582660;27582731;49;37516350
27582661;27582579;15;38902352
27582661;27582773;18;38840323
27582661;27583033;58;38840310
27582663;27582680;16;38162102
27582663;27583030;63;38859858
27582664;27583603;139;37510309
27582665;27582178;301;37545794
27582666;27581595;232;37789518
27582666;27584237;277;37789512
27582667;27582465;35;37558775
27582667;27582820;79;37609492
27582667;27583183;80;37609495
27582676;27582511;29;38578965
27582676;27582627;14;38579002
27582676;27582779;16;38578925
27582680;27582140;93;39398704
27582682;27582692;14;37791234
27582685;27582398;53;37516646
27582685;27582876;62;37516643
27582689;27582516;29;39231645
27582689;27583232;107;39231642
27582692;27582570;20;37592610
27582692;27582682;14;37791233
27582696;27582710;8;37622674
27582696;27583641;200;38508077
27582700;27582574;43;39628778
27582700;27582645;10;39628770
27582700;27583191;86;39628767
27582704;27582423;87;38861930
27582710;27581825;161;38772715
27582710;27582696;8;37622675
27582710;27582930;105;37622672
27582712;27582560;45;39541847
27582712;27582630;33;39543402
27582712;27582836;31;37510229
27582712;27583009;101;39543405
27582723;27582613;32;37783385
27582723;27582906;80;37516443
27582724;27582783;14;38861935
27582726;27582634;43;38247608
27582726;27583324;94;38247597
27582729;27582664;51;38856242
27582729;27582758;14;39533828
27582729;27583121;81;38840249
27582731;27582353;65;38223048
27582731;27582882;25;38223047
27582732;27582887;76;39641552
27582733;27582507;44;38449972
27582733;27582577;33;38839751
27582733;27583111;70;38449933
27582738;27582514;70;39544999
27582738;27582514;75;38902353
27582740;27582582;122;37782688
27582740;27582659;13;38828895
27582745;27582657;202;37557413
27582746;27582511;908;38578906
27582749;27582657;19;37557412
27582749;27583000;97;38479641
27582754;27583111;78;38449928
27582758;27582729;14;39533827
27582758;27582776;6;38840280
27582760;27582788;34;38220350
27582760;27583560;119;38712884
27582763;27582874;20;38856241
27582764;27582043;205;38740482
27582764;27582450;66;39314938
27582771;27582657;16;37557415
27582771;27582749;17;38479643
27582773;27582661;18;38840324
27582773;27582833;13;38840321
27582773;27583066;49;38840265
27582774;27582465;158;37609468
27582774;27582919;24;37558773
27582774;27582932;26;38253958
27582775;27582304;100;38740608
27582776;27582623;25;38856239
27582776;27582758;6;38840279
27582776;27582801;15;38840278
27582777;27582645;39;39628779
27582779;27582676;16;38578924
27582779;27583034;96;38578988
27582780;27582771;10;38479642
27582780;27583000;135;37559781
27582783;27582724;14;38861934
27582783;27582905;29;38861918
27582783;27583117;68;38861915
27582787;27582797;67;37516342
27582788;27582760;34;38220351
27582788;27582873;51;38220348
27582788;27583266;74;38479657
27582790;27582853;55;39315582
27582793;27582796;15;37791216
27582796;27582533;40;37791231
27582796;27582793;15;37791215
27582796;27582798;15;37791214
27582796;27583093;45;37791230
27582797;27582824;4;38247616
27582798;27582546;39;37791223
27582798;27582796;15;37791213
27582798;27582802;16;37791212
27582798;27583102;46;37791222
27582799;27582225;106;37516420
27582801;27582776;15;38840277
27582801;27582839;49;38856245
27582801;27582839;15;38840276
27582802;27582569;37;37791219
27582802;27582798;16;37791211
27582802;27582806;16;37791210
27582802;27583112;46;37791218
27582804;27583121;121;38840248
27582805;27583044;72;37516638
27582806;27582590;34;37791227
27582806;27582802;16;37791209
27582806;27583118;47;37791226
27582819;27582396;91;38740377
27582819;27582625;43;39314895
27582819;27583052;49;39314894
27582820;27582667;79;37609491
27582820;27582844;8;37609490
27582820;27583327;79;37622681
27582824;27582726;49;38247607
27582824;27583043;35;38247615
27582829;27582572;41;37517224
27582833;27582773;13;38840322
27582833;27583090;42;38840267
27582833;27583142;51;38840319
27582836;27582712;31;37510230
27582836;27583339;130;39550250
27582838;27583067;96;38740667
27582839;27582801;49;38856246
27582839;27582801;15;38840275
27582839;27582874;16;38840274
27582840;27582474;67;38890036
27582840;27582846;2;37516658
27582841;27582295;94;37516633
27582841;27582585;85;37516624
27582844;27582820;8;37609489
27582844;27582997;73;37609488
27582846;27582840;2;37516657
27582846;27583025;30;37516656
27582848;27582400;103;37558397
27582848;27582900;8;37498188
27582853;27582284;214;38479665
27582853;27582790;55;39315581
27582853;27583385;83;38479662
27582861;27583239;152;37510486
27582864;27584062;305;39315096
27582873;27582788;51;38220349
27582873;27583330;74;38479667
27582874;27582763;20;38856240
27582874;27582839;16;38840273
27582874;27582907;15;38840272
27582876;27582585;51;37643252
27582876;27583128;73;37516642
27582879;27583147;59;39528780
27582879;27583316;131;39528746
27582880;27582399;139;38883259
27582882;27582731;25;38223046
27582882;27583035;22;38223045
27582884;27581738;210;37975207
27582884;27582848;19;37782790
27582887;27582732;76;39641553
27582887;27582965;44;39641548
27582892;27582928;45;37516681
27582892;27583080;29;37643054
27582900;27582937;18;37782766
27582900;27583435;82;37498187
27582904;27582738;54;39544998
27582905;27582783;29;38861919
27582906;27582887;16;39641549
27582906;27583148;66;37783384
27582907;27582874;15;38840271
27582909;27582880;5;38889255
27582914;27583295;89;37631177
27582919;27582774;24;37558772
27582919;27582932;17;38738642
27582919;27582997;11;37558771
27582922;27582347;112;39541841
27582922;27582584;92;37510478
27582922;27583239;58;39541844
27582928;27582653;43;38247630
27582928;27582892;45;37516682
27582928;27582999;77;37516679
27582929;27582512;86;38740748
27582930;27582003;162;37558794
27582930;27582710;105;37622673
27582930;27583097;26;37630976
27582930;27583149;102;37622670
27582932;27583924;150;38253957
27582935;27583208;49;39550304
27582935;27583229;72;39550311
27582937;27582884;9;37975206
27582937;27583042;43;37782765
27582965;27583148;26;39298341
27582968;27582483;76;37750081
27582970;27583264;45;39634345
27582971;27582199;136;37572337
27582971;27583002;10;37572327
27582975;27582660;47;37516351
27582975;27583311;52;38210962
27582976;27583207;36;38900298
27582977;27582971;16;37572329
27582978;27582723;50;38883268
27582978;27583545;143;37510274
27582982;27581968;254;39315039
27582982;27582764;39;39314937
27582982;27583013;70;39314921
27582982;27583110;67;39314916
27582990;27583127;27;37623768
27582991;27582909;13;38889254
27582997;27582844;73;37609487
27582997;27582919;11;37558770
27582997;27583537;81;37558769
27582998;27582977;6;37572328
27582999;27582787;31;38247571
27582999;27582928;77;37516680
27582999;27583043;52;37516677
27583000;27582780;135;37559782
27583000;27583034;7;38479640
27583002;27583228;40;37572325
27583004;27582650;93;38840312
27583009;27582712;101;39543404
27583009;27583084;30;39543399
27583009;27583211;32;37505874
27583012;27582304;156;38110464
27583012;27583013;17;38110463
27583012;27583362;66;38740516
27583013;27582982;70;39314922
27583013;27583012;17;38110462
27583013;27583247;37;38110514
27583014;27582506;84;39585289
27583014;27583498;75;39528723
27583018;27581452;309;37572330
27583018;27582998;6;37572326
27583025;27582604;97;37618665
27583025;27582846;30;37516655
27583025;27583271;46;37516654
27583030;27582663;63;38859857
27583030;27582680;51;39398703
27583031;27583105;16;38861917
27583031;27583117;97;38861912
27583031;27583176;34;38861922
27583033;27582414;157;38840262
27583033;27582661;58;38840309
27583033;27583066;15;38840259
27583034;27583617;95;38479638
27583035;27582882;22;38223044
27583035;27582975;43;37555068
27583035;27583204;28;37565559
27583035;27583238;69;37516869
27583037;27582880;39;38883266
27583037;27582978;16;38883267
27583038;27582689;72;37516623
27583038;27583343;63;37643390
27583042;27583248;57;37782764
27583042;27583254;48;38901778
27583043;27582999;52;37516678
27583043;27583159;27;38247614
27583044;27583128;30;37516637
27583044;27583373;54;37516675
27583046;27582481;95;39543129
27583048;27583633;87;37750085
27583048;27583710;99;39225191
27583048;27583793;112;39225192
27583052;27582819;49;39314893
27583052;27583179;35;38740529
27583052;27583249;40;39315046
27583056;27583037;7;38883265
27583056;27583525;84;37789578
27583059;27583869;128;39543130
27583059;27584223;179;39315595
27583062;27582799;43;37516419
27583062;27582965;136;37616942
27583064;27582367;162;38735522
27583064;27582615;156;38735518
27583064;27583568;78;38735515
27583065;27582884;91;37782789
27583065;27583248;31;37782782
27583066;27582773;49;38840266
27583066;27583033;15;38840260
27583066;27583090;10;38840257
27583067;27581834;249;39314920
27583067;27582838;96;38740666
27583067;27583110;27;39314917
27583070;27583156;16;38861933
27583071;27581982;177;39551653
27583071;27583062;9;37616941
27583071;27583104;76;38130655
27583071;27583722;101;39292407
27583078;27582579;165;39403179
27583078;27584131;166;37636867
27583080;27583186;157;37616934
27583084;27583009;30;39543398
27583084;27583319;83;39441128
27583090;27582833;42;38840268
27583090;27583066;10;38840258
27583090;27583142;16;38840255
27583093;27582796;45;37791229
27583095;27583056;13;39292405
27583095;27583274;32;37789577
27583096;27582625;80;38740457
27583096;27583362;45;38740454
27583096;27583445;72;38740839
27583097;27582930;26;37630977
27583097;27583158;27;37630984
27583097;27583295;52;37630974
27583102;27582798;46;37791221
27583104;27581688;236;37523551
27583104;27583071;76;38130656
27583105;27583031;16;38861916
27583105;27583316;39;38861920
27583105;27583696;136;38861911
27583106;27582829;42;37782776
27583109;27582882;71;37516871
27583109;27583115;68;37516877
27583109;27583238;22;37516874
27583110;27582982;67;39314915
27583110;27583067;27;39314918
27583110;27583326;34;38740791
27583111;27582393;191;38449930
27583111;27582733;70;38449932
27583111;27582754;78;38449929
27583112;27582802;46;37791217
27583115;27582634;79;37642365
27583115;27583109;68;37516876
27583117;27582783;68;38861914
27583117;27583031;97;38861913
27583117;27583156;8;38861926
27583118;27582806;47;37791225
27583120;27582829;44;37517223
27583121;27582729;81;38840250
27583121;27582804;121;38840247
27583121;27583312;43;38840288
27583124;27583242;98;39435031
27583124;27583738;90;39435028
27583127;27582990;27;37623769
27583127;27583025;37;37516668
27583128;27583394;87;37516636
27583138;27583065;44;37782783
27583142;27582833;51;38840320
27583142;27583090;16;38840256
27583142;27583644;78;38840253
27583144;27583177;12;38843634
27583144;27583692;103;38843635
27583145;27583120;15;37782775
27583145;27583279;22;37782691
27583146;27582418;111;37592575
27583146;27583215;71;38892343
27583146;27583215;11;37592572
27583147;27583377;64;38853345
27583148;27583482;56;37527604
27583148;27583722;138;37527605
27583149;27582168;163;37558792
27583149;27582930;102;37622671
27583149;27583355;104;37622668
27583156;27583070;16;38861932
27583156;27583117;8;38861927
27583156;27583272;29;38861924
27583158;27583097;27;37630985
27583158;27583200;17;37630983
27583158;27583469;94;37630978
27583159;27583203;88;38247572
27583159;27583375;37;38247613
27583173;27583463;57;38220334
27583176;27583031;34;38861923
27583177;27582118;182;38843631
27583177;27583144;12;38843633
27583177;27583227;10;38843630
27583178;27583104;71;39531183
27583178;27583284;166;38130653
27583179;27582394;156;38110474
27583179;27583052;35;38740528
27583179;27583491;65;38110503
27583179;27583555;75;38110473
27583183;27582667;80;37609496
27583183;27583327;79;37558781
27583183;27583476;44;37609493
27583186;27582604;90;38890038
27583186;27583271;69;37616933
27583187;27582507;180;38450710
27583187;27583332;39;39641547
27583191;27582508;331;39628760
27583191;27582700;86;39628768
27583191;27583325;75;39628761
27583200;27583158;17;37630982
27583200;27583250;23;37630981
27583200;27583619;74;37631179
27583203;27583159;88;38247573
27583204;27583035;28;37565558
27583204;27583552;50;37565557
27583207;27582976;36;38900297
27583207;27583540;46;38840342
27583207;27583603;149;38840339
27583208;27582935;79;39550313
27583211;27583084;31;39543408
27583211;27583529;79;39543406
27583215;27583146;11;37592573
27583215;27583146;71;38892342
27583215;27583920;100;39634207
27583217;27583120;15;37517222
27583227;27583177;10;38843629
27583228;27583309;14;37572324
27583228;27583616;262;37631971
27583229;27583208;5;39550312
27583229;27583365;23;39550306
27583232;27582296;225;37510488
27583232;27582689;107;39231643
27583232;27583423;32;39231640
27583232;27583610;68;38865566
27583237;27583109;47;37516870
27583237;27583115;21;37642364
27583237;27583398;24;37822465
27583238;27583109;22;37516875
27583238;27583398;46;37516868
27583239;27582922;58;39541843
27583239;27583319;14;39545003
27583242;27583124;98;39435030
27583242;27583381;100;39435036
27583242;27583855;89;39435025
27583244;27581579;337;39660233
27583244;27582968;42;37750082
27583247;27583013;37;38110515
27583247;27583457;28;38110512
27583248;27583367;31;37782780
27583249;27583052;40;39315047
27583250;27583200;23;37630980
27583250;27583295;30;37631174
27583250;27584056;152;37630973
27583254;27583042;48;38901777
27583262;27583204;30;39761537
27583263;27582876;68;37643251
27583263;27583038;50;37516622
27583263;27583691;82;38865626
27583264;27583277;20;37779977
27583264;27583417;20;38853359
27583265;27583509;72;37516873
27583266;27582788;74;38479656
27583266;27583330;34;38479652
27583266;27583591;44;38479655
27583271;27583025;46;37516653
27583271;27583680;129;37516670
27583271;27583822;92;37516652
27583272;27583156;29;38861925
27583277;27583306;23;37779976
27583278;27582561;158;38508114
27583278;27583496;66;38508113
27583278;27584957;257;38578903
27583279;27583371;11;37782690
27583281;27581630;274;39634328
27583282;27583217;18;37782798
27583282;27583314;12;38130651
27583284;27583178;166;38130654
27583284;27583282;48;38130652
27583285;27583312;10;38840295
27583292;27583078;66;39403178
27583292;27583718;65;38902356
27583295;27582914;89;37631176
27583295;27583097;52;37630975
27583295;27583250;30;37631175
27583295;27583640;87;37630997
27583295;27584056;149;37630991
27583301;27583489;86;37791081
27583306;27583301;25;37779997
27583306;27583410;52;37779975
27583309;27583380;18;37572323
27583309;27584707;246;37631970
27583311;27583426;14;37791077
27583312;27583121;43;38840287
27583312;27583285;10;38840296
27583312;27583493;25;38840293
27583314;27583217;15;37517221
27583314;27583371;13;38130650
27583316;27583105;39;38861921
27583316;27583471;31;39528745
27583319;27583084;83;39441127
27583319;27583239;14;39545002
27583319;27583650;56;37775133
27583324;27582726;94;38247598
27583324;27583237;55;37555070
27583325;27583191;75;39628762
27583325;27583390;22;39628776
27583325;27583788;66;39628757
27583326;27583110;34;38740792
27583327;27583183;79;37558780
27583327;27583344;7;37558779
27583330;27582873;74;38479666
27583330;27583266;34;38479653
27583330;27583463;31;38479650
27583332;27583187;39;39641546
27583332;27583453;23;39641545
27583333;27583187;32;37789586
27583334;27583106;45;37813793
27583336;27583138;35;37782781
27583336;27584114;162;37782784
27583339;27582836;130;39550251
27583339;27583208;23;39550305
27583339;27583365;5;39550279
27583340;27583343;36;38871906
27583343;27583340;36;38871905
27583343;27583420;13;37643389
27583344;27582844;78;37632135
27583344;27583327;7;37558778
27583344;27583537;75;37558777
27583355;27583149;104;37622669
27583355;27583383;11;37622666
27583355;27584882;222;38767054
27583356;27583284;43;39531182
27583359;27583264;20;37692195
27583359;27583281;10;39265972
27583362;27583012;66;38740517
27583362;27583096;45;38740455
27583362;27583684;62;38740514
27583365;27583339;5;39550280
27583365;27583799;109;39550277
27583367;27583336;10;37782779
27583367;27583519;22;37535716
27583370;27582904;147;37505055
27583371;27583514;46;39531185
27583373;27583044;54;37516674
27583373;27583127;85;37516667
27583373;27583680;50;37516673
27583374;27582780;228;38479639
27583374;27583385;66;38479647
27583375;27583324;126;37555069
27583375;27583950;96;37515997
27583377;27583810;100;39528726
27583380;27583018;80;37572322
27583381;27583242;100;39435037
27583381;27584005;91;39435026
27583383;27582255;177;37609498
27583383;27583355;11;37622667
27583383;27583476;43;37622664
27583384;27582494;160;37636210
27583384;27582502;162;39315088
27583385;27582853;83;38479663
27583385;27583548;111;38479646
27583390;27583325;22;39628775
27583390;27583424;19;39628774
27583390;27583688;44;39628784
27583394;27583263;25;37516621
27583398;27583237;24;37822464
27583398;27583509;23;37822463
27583399;27583247;29;38578927
27583399;27583807;89;38110460
27583410;27583416;51;37779989
27583410;27583440;17;39663380
27583416;27583418;22;37779988
27583417;27583737;47;38853358
27583418;27583277;19;37779978
27583418;27583417;20;37779987
27583420;27583610;37;37643388
27583420;27583691;51;38865617
27583423;27583232;32;39231641
27583423;27583847;86;39231638
27583423;27584013;116;37643387
27583424;27583390;19;39628773
27583426;27583311;14;37791078
27583426;27583503;11;37791079
27583428;27582252;290;38578969
27583428;27583496;71;38578968
27583428;27583616;29;38578973
27583434;27583279;69;37782774
27583434;27583334;45;37782763
27583435;27583574;33;38897789
27583435;27583659;36;37498186
27583438;27583314;16;37782791
27583438;27583356;25;39531181
27583440;27582692;109;37592609
27583440;27583410;17;39663379
27583440;27583503;46;37779996
27583440;27583647;31;37515852
27583445;27583096;72;38740840
27583445;27583684;51;39315054
27583446;27583375;102;38889977
27583446;27583506;30;37516003
27583446;27583608;25;38889978
27583448;27583499;21;38999671
27583453;27583037;81;37531328
27583453;27583332;23;39641544
27583453;27583525;12;39641542
27583457;27583247;28;38110513
27583457;27583399;22;38578949
27583457;27584564;163;38110510
27583462;27583416;24;37780001
27583463;27583173;57;38220333
27583463;27583330;31;38479651
27583463;27584388;144;38479648
27583469;27583158;94;37630979
27583469;27583593;33;38506591
27583471;27583725;59;39528727
27583472;27583568;44;39528765
27583472;27583611;108;38512317
27583472;27583719;40;38512439
27583474;27584187;122;39325368
27583476;27583183;44;37609494
27583476;27583383;43;37622665
27583476;27583637;78;37609485
27583482;27583545;17;39641551
27583482;27583606;18;39641550
27583489;27583462;68;37791076
27583491;27583179;65;38110502
27583491;27583856;77;38110499
27583493;27583312;25;38840294
27583496;27583278;66;38508112
27583496;27583428;71;38578967
27583496;27583616;75;37631974
27583498;27582904;166;37505793
27583498;27583014;75;39528722
27583498;27583582;18;39580498
27583498;27583634;21;39580501
27583499;27583448;21;38999670
27583499;27583802;49;38999661
27583503;27583426;11;37791080
27583503;27583440;46;37779995
27583503;27583517;11;37779994
27583506;27583446;30;37516002
27583506;27583521;6;37505147
27583506;27583608;36;37516000
27583507;27583370;37;37505054
27583509;27583265;72;37516872
27583509;27583398;23;37822462
27583509;27583657;29;37822461
27583510;27583292;49;39403177
27583514;27583563;33;37782768
27583514;27583642;32;39531184
27583517;27583503;11;37779993
27583517;27583552;22;37610533
27583519;27583367;22;37535715
27583519;27584187;114;37535714
27583520;27584002;88;38901779
27583521;27583506;6;37505148
27583521;27583608;42;38889980
27583521;27583822;180;37505145
27583525;27583453;12;39641541
27583525;27583618;31;39641538
27583529;27583211;79;39543407
27583529;27584220;419;37775120
27583531;27583332;26;38839750
27583531;27583453;18;38812482
27583536;27583644;45;38840292
27583537;27582997;81;37558768
27583537;27583344;75;37558776
27583537;27583811;44;37558767
27583540;27583207;46;38840341
27583545;27583588;16;39298383
27583545;27583606;18;37510273
27583548;27582284;200;37933444
27583548;27583560;10;39315583
27583552;27583204;50;37565556
27583552;27583517;22;37610532
27583552;27583581;24;38853370
27583554;27583438;38;39531180
27583555;27583179;75;38110472
27583555;27583856;64;39315030
27583555;27583903;73;38110471
27583557;27583498;15;39580502
27583560;27583548;10;39315584
27583560;27583591;35;38479636
27583560;27584343;119;38712883
27583563;27582740;138;39531193
27583563;27583434;22;37782773
27583568;27583064;78;38735516
27583568;27583472;44;39528764
27583568;27583602;11;38512434
27583574;27583435;33;38897790
27583581;27583552;24;38853369
27583581;27583630;47;38853368
27583581;27583798;55;37516860
27583582;27583498;18;39580497
27583582;27583510;19;39403176
27583588;27583095;123;39292404
27583591;27583266;44;38479654
27583591;27583560;35;38479635
27583591;27584241;135;38479634
27583593;27583469;33;38506592
27583602;27583627;22;38512315
27583602;27584051;71;38512433
27583603;27583207;149;38840340
27583603;27583751;23;37510308
27583606;27583974;95;37510272
27583608;27583446;25;38889979
27583608;27583506;36;37516001
27583608;27583521;42;38889981
27583608;27583950;69;37515998
27583610;27583880;51;38865565
27583611;27583698;20;39528775
27583611;27583925;66;38512316
27583616;27583228;262;37631972
27583616;27583428;29;38578974
27583616;27583496;75;37631973
27583617;27583764;44;38479637
27583618;27583531;15;38812481
27583618;27583966;63;37789557
27583619;27583200;74;37631178
27583625;27584306;170;39315029
27583627;27583046;103;38512437
27583630;27583581;47;38853367
27583630;27583657;22;38853366
27583630;27583798;30;37516865
27583633;27584026;58;37750078
27583634;27583582;19;37636876
27583634;27583778;21;39580500
27583635;27583744;84;39315065
27583637;27583476;78;37609486
27583637;27583811;83;37609483
27583637;27583947;45;37622662
27583640;27583295;87;37630996
27583640;27583717;94;37630993
27583640;27583921;40;37630995
27583641;27583685;8;37631001
27583641;27584608;156;38508076
27583642;27583563;15;39531192
27583642;27583695;11;39531186
27583644;27583142;78;38840254
27583644;27583536;45;38840291
27583644;27583827;86;38840251
27583647;27583440;31;37515851
27583647;27583927;43;37780000
27583647;27584128;71;37515850
27583650;27583319;56;37775132
27583650;27583987;57;39541837
27583657;27583509;29;37822460
27583657;27583630;22;38853365
27583657;27583882;165;37515996
27583657;27583968;45;37555072
27583659;27583901;50;38167396
27583659;27584020;52;37498185
27583667;27583525;40;39641543
27583673;27583510;26;38711901
27583673;27583582;19;38972096
27583675;27583244;61;39660230
27583680;27583373;50;37516672
27583680;27583933;74;37516669
27583684;27583362;62;38740515
27583684;27583445;51;39315055
27583684;27583807;21;39315052
27583685;27582710;205;38772714
27583685;27583641;8;37631000
27583685;27584576;166;37630999
27583688;27583390;44;39628783
27583691;27583263;82;38865625
27583691;27583420;51;38865618
27583691;27583880;36;38865624
27583691;27584029;61;38865615
27583692;27583144;103;38843636
27583695;27583813;35;37782796
27583695;27584532;140;39298340
27583696;27583105;136;38861910
27583698;27583611;20;39528776
27583701;27582779;185;38579018
27583701;27583617;13;39315560
27583704;27583673;5;38972095
27583704;27583778;32;37636620
27583706;27582476;185;39531172
27583708;27583373;94;37516666
27583708;27583394;68;37516620
27583710;27583793;13;37750110
27583710;27584046;52;37789519
27583717;27583640;94;37630992
27583717;27583921;101;37631757
27583718;27583292;65;38902355
27583719;27583472;40;38512438
27583722;27583071;101;39292406
27583722;27583957;36;39646171
27583725;27583471;59;39528728
27583725;27583925;43;37750865
27583734;27583634;29;37636875
27583734;27583778;28;39585313
27583737;27584197;68;39634361
27583738;27583124;90;39435029
27583738;27583855;96;38897803
27583741;27583359;54;39265971
27583744;27583635;84;39315064
27583744;27583754;6;39314892
27583744;27584632;364;39314889
27583751;27583797;38;38840304
27583751;27584766;150;37510307
27583754;27583744;6;39314891
27583754;27584384;129;39314977
27583764;27583802;28;37515473
27583764;27583969;54;37515466
27583766;27583947;81;37819842
27583778;27584158;61;39580499
27583784;27583788;143;39628765
27583788;27583325;66;39628758
27583788;27583784;143;39628766
27583788;27584219;67;39628755
27583789;27583557;70;39544994
27583793;27583936;20;39531170
27583797;27583751;38;38840303
27583797;27583853;9;38898801
27583797;27583873;33;38840302
27583798;27583581;55;37516859
27583798;27584071;47;37516864
27583799;27583365;109;39550278
27583799;27583706;24;37789511
27583799;27583887;22;39550275
27583802;27583499;49;38999660
27583802;27583764;28;37515474
27583802;27583820;18;37515471
27583807;27583399;89;38110461
27583807;27583684;21;39315053
27583807;27583903;23;38110458
27583810;27584028;62;37531811
27583810;27584035;49;38853344
27583811;27583537;44;37558766
27583811;27583637;83;37609484
27583811;27583930;55;37609481
27583813;27583695;35;37782797
27583813;27584219;100;37782794
27583813;27584685;142;37782767
27583820;27583802;18;37515472
27583820;27583876;46;37515469
27583820;27584428;89;38696695
27583822;27583271;92;37516651
27583822;27583521;180;37505146
27583822;27584301;153;37505143
27583823;27583046;125;39543128
27583827;27583644;86;38840252
27583831;27583384;126;39315097
27583833;27582444;348;39496811
27583847;27583423;86;39231639
27583847;27583961;18;39443797
27583847;27584300;129;39231636
27583853;27583797;9;38898802
27583853;27583935;11;38898803
27583855;27583242;89;39435024
27583855;27583738;96;38897804
27583855;27584000;20;39435034
27583855;27584005;101;39435033
27583856;27583491;77;38110498
27583856;27583555;64;39315031
27583856;27584203;73;38110497
27583862;27583706;22;39531171
27583863;27583554;54;37782787
27583863;27583642;37;39531190
27583869;27586302;365;37507553
27583870;27583961;22;39443795
27583873;27583797;33;38840301
27583875;27581700;361;38787903
27583875;27583924;16;37609479
27583876;27583820;46;37515470
27583876;27583915;32;37515467
27583876;27584224;53;38401582
27583878;27583667;54;37698012
27583878;27584169;82;37698016
27583880;27583691;36;38865623
27583880;27584013;25;38865622
27583880;27584828;161;38865564
27583882;27583657;165;37515995
27583882;27584014;98;37515994
27583882;27584549;100;37516867
27583887;27583799;22;39550276
27583887;27583862;3;39550289
27583887;27583959;19;39531167
27583891;27583875;11;37609480
27583901;27583659;50;38167395
27583901;27583989;66;38168413
27583901;27584020;30;38167394
27583903;27583555;73;38110470
27583903;27583807;23;38110459
27583903;27584203;63;39314989
27583903;27584265;79;38110469
27583911;27583374;118;38479645
27583911;27584017;16;38650007
27583915;27583876;32;37515468
27583915;27583986;55;37515463
27583915;27584520;91;37559711
27583920;27583215;100;39634208
27583920;27585749;275;38892350
27583921;27583640;40;37630994
27583921;27583717;101;37631756
27583921;27584562;194;37631755
27583924;27583962;9;37609478
27583925;27583725;43;37750866
27583925;27584028;20;37750863
27583926;27585225;340;38783040
27583927;27583489;99;37791075
27583930;27583811;55;37609482
27583930;27584038;29;38738634
27583933;27583708;46;37516619
27583935;27583853;11;38898804
27583936;27583959;4;39531169
27583947;27583637;45;37622663
27583947;27583766;81;37819841
27583947;27584163;106;37819840
27583947;27584293;57;37622660
27583950;27583608;69;37515999
27583950;27584014;17;37521180
27583950;27584045;18;39448694
27583957;27583722;36;39646170
27583957;27584112;28;37789593
27583959;27583887;19;39531168
27583959;27583988;4;39550290
27583959;27584046;25;39550260
27583961;27583870;22;39443794
27583961;27584153;33;39443796
27583962;27583930;33;38738635
27583962;27584038;15;37609476
27583966;27583618;63;37789558
27583966;27584235;51;39641536
27583968;27583657;45;37555071
27583969;27583701;38;39315559
27583969;27583764;54;37515465
27583969;27585133;192;37515462
27583974;27584076;32;39646169
27583981;27581439;476;37622676
27583981;27583891;14;37609477
27583986;27583911;42;38479644
27583986;27583915;55;37515464
27583987;27583650;57;39541836
27583987;27584137;29;39541833
27583988;27584130;24;38856975
27583989;27583901;66;38168414
27583989;27584000;9;38168411
27583989;27584095;18;38897787
27584000;27583855;20;39435035
27584000;27583989;9;38168412
27584000;27584129;115;38168409
27584002;27583520;88;38901780
27584002;27584598;102;38901774
27584004;27583831;81;37991433
27584005;27583381;91;39435027
27584005;27583855;101;39435032
27584013;27583880;25;38865621
27584013;27584123;25;38865620
27584014;27583882;98;37515993
27584014;27583950;17;37521179
27584014;27584045;24;39201572
27584017;27583911;16;38650006
27584017;27583986;41;37515451
27584020;27583901;30;38167393
27584020;27584697;105;37498184
27584026;27586076;292;39660232
27584028;27583925;20;37750864
27584028;27584231;49;39528732
27584029;27583691;61;38865616
27584035;27584601;132;39528730
27584038;27584088;8;37609475
27584039;27584316;129;37782778
27584045;27583950;18;39448693
27584045;27584225;31;37610549
27584046;27583959;25;39550261
27584046;27584116;20;39550252
27584046;27584130;26;37789520
27584051;27583568;76;38512432
27584051;27584077;12;39317372
27584056;27583250;152;37630972
27584056;27583295;149;37630990
27584056;27584562;85;37630989
27584062;27584171;62;39315090
27584067;27583704;58;38972094
27584071;27584257;56;39201461
27584071;27584787;121;37516863
27584076;27583957;27;37510231
27584076;27584112;9;39646167
27584077;27583627;74;38512436
27584077;27584051;12;39317373
27584077;27584223;52;39317357
27584082;27583863;39;39531189
27584083;27583507;168;38442849
27584083;27583789;101;39544997
27584088;27584152;15;37609473
27584088;27584525;122;38253962
27584093;27583138;170;37649770
27584095;27583989;18;38897788
27584095;27584149;22;38897795
27584095;27584194;15;38897785
27584112;27584170;10;39292394
27584112;27584530;108;39292397
27584114;27584385;269;37782788
27584116;27584046;20;39550253
27584116;27584318;52;39550254
27584117;27583981;31;37609474
27584117;27585413;195;37622680
27584118;27584177;83;38897781
27584118;27584177;50;38897800
27584123;27584013;25;38865619
27584123;27584378;82;37516641
27584128;27583647;71;37515849
27584128;27584173;10;39663383
27584129;27583030;165;39398702
27584129;27584000;115;38168410
27584130;27584804;97;38856974
27584131;27584366;44;38130297
27584131;27584693;90;37636866
27584137;27583987;29;39541832
27584137;27584244;17;37540645
27584140;27583588;153;39292403
27584140;27584076;10;38130637
27584146;27584014;32;39201571
27584146;27584191;26;39201574
27584149;27584095;22;38897796
27584149;27584188;101;38897792
27584149;27584194;30;38897793
27584152;27584117;20;37609472
27584153;27584292;56;38859753
27584153;27584292;25;38859754
27584154;27584017;149;37515450
27584154;27584695;79;38999627
27584155;27584004;97;39315089
27584158;27584067;37;37636619
27584158;27584481;49;38972101
27584163;27583947;106;37819839
27584166;27584155;33;38578839
27584169;27583878;82;37698015
27584170;27584140;10;39292402
27584170;27584284;20;39292401
27584171;27584304;72;37991430
27584173;27584128;10;39663384
27584173;27584197;103;37624309
27584173;27584961;137;39663381
27584177;27584194;12;38897799
27584180;27584293;51;37622659
27584187;27583474;122;39325367
27584187;27583519;114;37535713
27584187;27584226;6;37535712
27584188;27584149;101;38897791
27584190;27583741;68;38853356
27584191;27584014;29;39201573
27584191;27584549;127;39201569
27584193;27583734;110;37636874
27584193;27584833;108;38714370
27584194;27584095;15;38897786
27584194;27584149;30;38897794
27584194;27584266;37;38897797
27584197;27584190;13;38853381
27584197;27584735;78;38853357
27584203;27583856;73;38110496
27584203;27583903;63;39314990
27584203;27584306;22;38110495
27584213;27584155;31;37991432
27584215;27584137;20;37775122
27584219;27583788;67;39628756
27584219;27583813;100;37782795
27584219;27584363;32;37782792
27584220;27583529;176;37775121
27584220;27584466;45;37510235
27584222;27584118;16;38897780
27584223;27584077;52;39317358
27584223;27584676;72;39665694
27584224;27583876;53;38401583
27584225;27584045;31;37610548
27584225;27584146;17;39201570
27584225;27584592;61;37610547
27584226;27583519;144;39325366
27584226;27584187;6;37535711
27584226;27584333;18;37535710
27584231;27584591;91;39528741
27584235;27583966;51;39641537
27584235;27584907;116;39641534
27584237;27582666;277;37789513
27584237;27584288;19;37941669
27584239;27584169;18;38450720
27584240;27584166;63;39315101
27584241;27583591;135;38479633
27584241;27584331;33;38479632
27584241;27584388;60;38479661
27584244;27584296;8;37505113
27584244;27584365;21;37775127
27584247;27584077;26;38512435
27584257;27584623;71;39201460
27584257;27584644;66;37516858
27584265;27583903;79;38110468
27584265;27584564;65;38110467
27584265;27584577;64;38070925
27584266;27584222;34;38897798
27584266;27584375;16;38897778
27584271;27582384;339;37698013
27584271;27584237;6;37941670
27584272;27584170;26;39646168
27584272;27584284;34;39537704
27584280;27584378;20;38859751
27584284;27584522;68;39292400
27584288;27584307;3;37941668
27584291;27584240;41;38578841
27584292;27584153;56;38859752
27584292;27584153;25;38859755
27584293;27583947;57;37622661
27584293;27584180;51;37622658
27584293;27584525;87;37622657
27584296;27584409;15;37505112
27584300;27582861;212;37504997
27584300;27583847;129;39231637
27584300;27584320;12;39541933
27584301;27583822;153;37505144
27584301;27584462;42;37505141
27584304;27584468;56;37631962
27584304;27584506;123;37991431
27584306;27583625;170;39315028
27584306;27584203;22;38110494
27584306;27584577;56;38110493
27584307;27584330;4;37941667
27584307;27584856;137;37566820
27584316;27584039;129;37782777
27584316;27584323;5;37561871
27584318;27584116;52;39550255
27584318;27584422;16;39550302
27584318;27584703;99;39550258
27584320;27584215;18;39541816
27584320;27584365;11;37775118
27584323;27584326;86;37527690
27584323;27584483;26;37561869
27584325;27583548;119;37933443
27584325;27584154;133;37515449
27584326;27584093;249;37649769
27584330;27584271;20;37941666
27584330;27584531;28;37566821
27584331;27584241;33;38479631
27584331;27584343;25;38479630
27584331;27584420;14;38738640
27584333;27584226;18;37535709
27584333;27584556;72;37535708
27584333;27585108;127;39549802
27584335;27584428;68;37558391
27584337;27584222;17;38897779
27584337;27584375;27;38897782
27584343;27584325;11;37515475
27584343;27584331;25;38479629
27584343;27586055;244;38712882
27584359;27584272;25;39646166
27584363;27584219;32;37782793
27584363;27584316;18;37561870
27584365;27584409;6;37775117
27584365;27585025;100;37775126
27584366;27584131;44;38130298
27584366;27584418;32;38130295
27584366;27584899;99;38859844
27584367;27584296;182;37510236
27584367;27584370;93;38552054
27584368;27584370;13;38552051
27584368;27584466;75;38552050
27584369;27584628;39;38859850
27584370;27584367;93;38552053
27584370;27584368;13;38552052
27584375;27584337;81;38897777
27584378;27584123;82;37516640
27584378;27584280;20;38859750
27584378;27584433;7;38859760
27584384;27583754;130;39314978
27584384;27584741;61;38110479
27584385;27584483;79;37782786
27584388;27583463;144;38479649
27584388;27584241;60;38479660
27584388;27584435;40;38479659
27584389;27584291;54;39315100
27584397;27584584;92;37631180
27584409;27584773;55;38854173
27584409;27584923;133;37505120
27584418;27584366;32;38130296
27584419;27584213;104;38578834
27584420;27584331;14;38738641
27584420;27584475;10;38738638
27584420;27584655;48;38738637
27584422;27584318;16;39550303
27584423;27584367;7;37510239
27584428;27583820;89;38696694
27584428;27584335;68;37558392
27584428;27584444;11;38401578
27584433;27584378;7;38859761
27584433;27584541;28;38859757
27584433;27584541;29;38859758
27584434;27584169;76;39211104
27584434;27584239;50;37522550
27584435;27584388;40;38479658
27584437;27585008;215;38109337
27584437;27585049;100;38109340
27584441;27584606;27;39533709
27584441;27584742;90;37563240
27584443;27584193;59;37636873
27584443;27585000;109;38186702
27584444;27584428;11;38401579
27584444;27584460;13;38401574
27584447;27584300;19;37775123
27584447;27584320;19;38854175
27584460;27584444;13;38401575
27584460;27584487;24;38401581
27584462;27583933;95;37516618
27584462;27584301;42;37505142
27584462;27584828;173;37505139
27584466;27584368;75;38552049
27584466;27584723;58;37505126
27584466;27585102;131;38441429
27584468;27584614;68;39315102
27584475;27584420;10;38738639
27584475;27584554;16;39315555
27584481;27584502;39;38714372
27584481;27585850;212;38972100
27584483;27584546;18;37561867
27584485;27584140;91;38130636
27584485;27584434;16;37522549
27584486;27584389;58;38578837
27584487;27584460;24;38401580
27584487;27584505;16;38401577
27584488;27584559;114;38713560
27584490;27584753;44;39315019
27584491;27584653;30;39314988
27584493;27584082;67;39531179
27584498;27584519;42;39315593
27584502;27584481;39;38714373
27584504;27584363;21;37561868
27584505;27584487;16;38401576
27584505;27584520;13;39315563
27584506;27584686;111;38578838
27584519;27584498;42;39315592
27584519;27584520;20;39315591
27584519;27584573;30;39315585
27584520;27583915;91;37559712
27584520;27584505;13;39315562
27584520;27584519;20;39315590
27584522;27584485;12;39537705
27584522;27584761;131;39292399
27584525;27584293;87;37622656
27584525;27584721;68;38253961
27584530;27584617;15;39533560
27584530;27585013;127;39292396
27584531;27584330;28;37566822
27584531;27584843;53;37566823
27584532;27584493;12;37535662
27584532;27585048;87;39298339
27584538;27584443;24;37636872
27584538;27585000;73;38628142
27584541;27584433;29;38859759
27584541;27584433;28;38859756
27584546;27584504;17;37561866
27584546;27585205;112;37527685
27584548;27584635;14;39347480
27584548;27584654;85;38897806
27584549;27583882;100;37516866
27584549;27584191;127;39201568
27584553;27584721;65;39409904
27584554;27584475;16;39315556
27584554;27584597;8;39315557
27584556;27584333;72;37535707
27584556;27584598;24;37535706
27584556;27585282;131;37535718
27584558;27584247;49;39317349
27584559;27584488;114;38713559
27584559;27584919;66;38713569
27584559;27584949;63;38713568
27584560;27584768;37;39315056
27584562;27583921;194;37631754
27584562;27584056;85;37630988
27584562;27584733;24;37630987
27584564;27583457;163;38110511
27584564;27584265;65;38110466
27584564;27585039;76;38110508
27584573;27584519;30;39315586
27584576;27583685;166;37630998
27584576;27584584;56;37631192
27584576;27584744;113;37631183
27584577;27584265;64;38070926
27584577;27584306;56;38110492
27584577;27584768;36;39315061
27584577;27585039;95;38110491
27584584;27584397;92;37631181
27584584;27584576;56;37631193
27584584;27584605;77;37631190
27584587;27585768;212;38739698
27584591;27584558;27;37933376
27584591;27584673;24;38186699
27584592;27584225;61;37610546
27584592;27584958;88;39201463
27584592;27585017;67;37610545
27584593;27584419;111;38578836
27584597;27584554;8;39315558
27584597;27584664;68;39315553
27584598;27584002;102;38901773
27584598;27584556;24;37535705
27584598;27584869;138;37535704
27584601;27584806;49;38186700
27584601;27585323;135;37527628
27584605;27583685;148;38772713
27584605;27584584;77;37631191
27584605;27584608;8;37631188
27584606;27586728;298;39533710
27584607;27584447;26;39541813
27584608;27584605;8;37631189
27584608;27585212;234;38772718
27584613;27584239;69;38450134
27584613;27584485;70;38130635
27584614;27584840;111;38578835
27584617;27584359;68;38865375
27584617;27584796;26;38865372
27584623;27584549;113;37515992
27584623;27584876;42;39201459
27584628;27584369;39;38859849
27584628;27584769;54;38859846
27584628;27584770;24;38859848
27584629;27584067;89;38854147
27584632;27583744;364;39314890
27584632;27584811;33;38110500
27584632;27584864;83;38110480
27584635;27584548;14;39347481
27584635;27584714;57;38897783
27584635;27584870;34;39347478
27584644;27584956;59;37516857
27584653;27584491;30;39314987
27584653;27584753;33;39315049
27584653;27585134;99;39314986
27584654;27584129;78;39398701
27584654;27584548;85;38897805
27584655;27584420;48;38738636
27584664;27584597;68;39315554
27584672;27584493;32;39531178
27584672;27584716;111;38394520
27584673;27584558;18;39317348
27584673;27584861;50;39317354
27584676;27584861;27;39665695
27584676;27584874;29;39317389
27584678;27584819;106;38577691
27584685;27584532;46;37535661
27584686;27584965;148;38578840
27584691;27584736;98;38110486
27584691;27584811;182;38110483
27584691;27584967;118;39494858
27584693;27584629;46;37636865
27584693;27584899;34;38859862
27584695;27584154;79;38999626
27584695;27584755;42;37515453
27584695;27584819;18;38999625
27584697;27585258;102;39533815
27584703;27584318;99;39550259
27584703;27584772;14;39550287
27584704;27584761;58;38839749
27584706;27584856;79;38728316
27584707;27584734;21;37623105
27584711;27582937;270;37975205
27584711;27584697;17;39533823
27584714;27584635;57;38897784
27584716;27584672;111;38394519
27584716;27584960;68;38394518
27584716;27585130;68;38394522
27584721;27584553;65;39409903
27584721;27584901;81;38253960
27584723;27584466;58;37505125
27584723;27585253;100;37505124
27584724;27584617;25;37783383
27584724;27584796;15;38663954
27584725;27584423;66;37510238
27584725;27585061;66;37510245
27584726;27584563;66;38456389
27584726;27584613;67;38130634
27584730;27584733;16;37631186
27584730;27585027;65;39633525
27584733;27584562;24;37630986
27584733;27584730;16;37631187
27584733;27584744;93;37631184
27584734;27584775;10;37623104
27584735;27584844;16;39634360
27584735;27584913;29;38874075
27584736;27584691;98;38110487
27584736;27584741;167;38110484
27584736;27584967;34;39494861
27584741;27584384;61;38110478
27584741;27584736;167;38110485
27584741;27584908;51;38110488
27584742;27584441;90;37563239
27584742;27584880;82;37563238
27584744;27584576;113;37631182
27584744;27584733;93;37631185
27584744;27585192;65;38506602
27584748;27579106;900;39663378
27584748;27593209;1218;38587876
27584751;27584538;50;37636871
27584751;27584865;19;38628152
27584753;27584490;44;39315018
27584753;27584653;33;39315048
27584753;27584908;23;39315017
27584755;27584805;121;37515452
27584761;27584767;36;39292398
27584763;27584368;85;37623940
27584763;27584423;66;37510243
27584763;27585061;65;37510244
27584766;27585173;61;37510306
27584767;27584726;19;38130633
27584767;27585641;192;38130648
27584768;27584560;37;39315057
27584768;27584577;36;39315060
27584769;27584628;54;38859845
27584769;27584766;17;38748303
27584770;27584628;24;38859847
27584770;27584769;30;38748304
27584772;27584703;14;39550288
27584772;27584858;24;39550285
27584772;27584906;24;37789591
27584773;27584829;9;39541821
27584773;27585066;45;38854176
27584775;27584486;183;37631961
27584775;27585207;73;37623101
27584778;27584928;31;38525889
27584787;27585107;48;37516862
27584796;27584617;26;38865371
27584796;27585886;162;37556140
27584799;27584849;19;38711947
27584801;27584190;87;39219677
27584801;27584748;16;39219678
27584804;27584918;31;37750109
27584804;27585637;121;38856973
27584805;27584755;50;37903112
27584806;27584673;19;39315589
27584806;27584964;50;39528777
27584809;27584711;20;38950335
27584809;27584925;18;38950332
27584811;27584632;33;38110501
27584811;27584691;182;38110482
27584811;27585178;71;37636489
27584819;27584678;106;38577690
27584819;27584695;18;38999624
27584819;27585390;83;38999623
27584822;27583380;247;38323929
27584822;27584707;41;37623103
27584828;27584462;173;37505140
27584828;27584836;6;37505137
27584829;27584999;32;39541828
27584829;27585028;40;37775119
27584833;27584193;108;38714371
27584836;27584828;6;37505138
27584836;27585123;167;37505135
27584840;27585207;180;38578842
27584843;27584531;53;37566824
27584843;27585353;89;37789580
27584844;27584801;13;39219675
27584844;27584969;19;39634359
27584849;27584799;19;38711946
27584849;27584898;19;38711945
27584849;27585020;38;38840317
27584856;27584307;137;37566819
27584856;27584706;79;38728315
27584856;27585765;230;37566818
27584858;27584772;24;39550286
27584858;27584906;34;39074093
27584858;27585342;121;39550283
27584861;27584951;28;39403175
27584861;27584964;17;39315548
27584864;27584632;83;38110481
27584864;27585977;287;39314902
27584865;27584751;19;38628153
27584865;27585005;54;38628155
27584865;27585062;31;38628150
27584866;27585049;92;38109355
27584869;27584598;138;37535703
27584869;27584809;26;38950334
27584870;27584635;34;39347479
27584870;27584941;57;39347483
27584870;27585258;56;39347476
27584874;27584223;108;37933383
27584874;27584951;13;39317388
27584876;27584644;65;39212940
27584876;27585515;109;39201458
27584877;27583383;219;37609497
27584877;27584882;13;38507900
27584880;27584742;82;37563237
27584882;27584920;9;38507898
27584889;27584770;42;38748302
27584890;27584593;149;37991428
27584898;27584849;19;38711944
27584898;27584959;24;38711943
27584898;27585020;19;38840264
27584899;27584366;99;38859843
27584899;27584693;34;38859861
27584899;27584995;17;38859860
27584901;27584877;6;38507899
27584904;27584724;44;37783382
27584905;27585663;109;37924185
27584906;27585377;83;37789590
27584907;27584235;116;39641535
27584907;27585765;144;39641539
27584908;27584741;51;38110489
27584908;27584753;23;39315016
27584908;27585134;38;39315015
27584912;27583722;248;37616940
27584912;27584929;3;38747530
27584913;27584844;20;38877349
27584913;27584961;16;37521200
27584913;27584969;24;38874074
27584914;27585569;95;38734588
27584918;27585073;57;39550310
27584918;27585125;52;37750108
27584919;27584559;66;38713570
27584919;27584949;11;38713561
27584919;27584970;7;38713565
27584920;27584952;5;38507897
27584923;27584725;42;37510237
27584925;27584809;18;38950333
27584925;27584869;28;39533821
27584926;27584751;52;37636870
27584926;27585005;12;38628116
27584928;27584778;31;38525888
27584928;27585440;90;37924189
27584929;27584912;3;38747531
27584929;27585013;13;38747528
27584936;27584822;21;37623102
27584940;27584607;49;38854174
27584941;27584870;57;39347482
27584949;27584559;63;38713567
27584949;27584919;11;38713562
27584949;27585070;18;38713564
27584951;27584964;31;39528781
27584951;27585095;47;39528713
27584952;27585038;12;38507895
27584952;27585251;150;38507901
27584956;27584787;47;39213391
27584956;27585185;43;37516856
27584957;27583278;257;38578904
27584957;27585768;125;38578992
27584958;27584592;88;39201462
27584959;27584898;24;38711942
27584959;27585046;33;38711941
27584959;27585089;19;38840282
27584960;27584672;47;39531177
27584960;27584716;68;38394517
27584961;27584173;137;39663382
27584961;27584913;16;37521199
27584961;27586494;219;37624310
27584964;27585811;123;37933378
27584965;27585326;144;37991429
27584967;27584691;118;39494859
27584967;27584736;34;39494860
27584967;27585036;128;39494856
27584969;27585341;56;39634362
27584970;27584919;7;38713566
27584971;27584333;167;39549804
27584978;27584152;275;38507903
27584978;27584901;13;38507896
27584990;27585030;90;38632155
27584990;27585030;16;38632151
27584990;27585210;35;38632152
27584995;27584899;17;38859859
27584999;27585028;10;37505118
27585000;27584443;109;38186701
27585000;27584538;73;38628141
27585000;27585345;52;38628140
27585001;27584623;55;37516838
27585001;27584876;39;39212939
27585005;27584865;54;38628154
27585005;27584926;12;38628115
27585005;27585183;28;38628114
27585008;27584437;215;38109336
27585008;27585070;24;38109335
27585008;27585632;96;38109353
27585013;27584929;13;38747529
27585013;27585343;87;39292395
27585017;27584592;67;37610544
27585017;27585421;61;37610543
27585017;27585773;137;39214932
27585020;27584849;38;38840318
27585020;27584898;19;38840263
27585020;27585089;24;38840315
27585025;27584940;14;39541826
27585025;27585124;15;37775125
27585027;27584730;65;39633524
27585028;27585135;24;37505117
27585030;27584990;90;38632154
27585030;27584990;16;38632150
27585030;27585062;12;38632149
27585036;27584967;128;39494857
27585037;27584925;29;39533820
27585038;27585091;11;38507893
27585039;27584564;76;38110509
27585039;27584577;95;38110490
27585039;27585366;57;38110506
27585046;27584959;33;38711940
27585046;27585465;63;38711933
27585046;27585465;77;38711935
27585048;27585474;66;39298338
27585048;27585696;174;37535665
27585049;27584437;100;38109341
27585049;27584866;92;38109354
27585049;27585106;19;38109349
27585049;27586301;183;38109338
27585061;27585244;40;38552048
27585061;27585406;67;37511620
27585062;27584865;31;38628151
27585062;27585030;12;38632148
27585062;27585256;29;38628148
27585066;27584999;31;39541827
27585066;27585025;10;39541825
27585066;27585155;15;39541815
27585070;27584949;18;38713563
27585070;27585008;24;38109334
27585070;27585327;95;38109333
27585073;27585082;18;39550008
27585073;27585125;10;39550309
27585080;27584978;17;38507894
27585082;27585073;18;39550009
27585082;27585101;5;39550004
27585089;27584959;19;38840281
27585089;27585020;24;38840316
27585089;27585272;40;38840313
27585091;27585080;11;38507892
27585091;27585199;18;38507902
27585092;27584654;62;39398700
27585095;27584951;47;39528714
27585095;27585159;30;39528712
27585095;27585290;32;39528779
27585101;27585082;5;39550005
27585101;27585148;14;39550006
27585102;27584763;67;37510242
27585102;27585406;64;38441428
27585106;27585049;19;38109348
27585106;27585232;49;38109347
27585106;27585338;35;38840307
27585107;27585185;24;37516855
27585107;27585597;95;37516861
27585108;27584333;127;39549803
27585108;27584971;39;37535682
27585111;27585194;205;38220326
27585111;27586050;138;39315594
27585118;27585066;21;37750084
27585118;27585155;24;39046083
27585123;27584836;167;37505136
27585123;27585139;32;37505133
27585123;27585139;150;39541829
27585124;27585066;15;37775131
27585124;27585196;11;37775124
27585125;27585186;11;37789555
27585125;27585330;50;37750107
27585130;27584716;68;38394521
27585133;27583969;192;37515461
27585133;27585287;21;39528751
27585134;27584653;99;39314985
27585134;27584908;38;39315014
27585134;27585593;73;39315013
27585135;27585118;38;37505119
27585135;27585328;41;37511657
27585139;27585123;32;37505134
27585139;27585181;102;37505131
27585148;27585101;14;39550007
27585155;27585196;10;39541814
27585157;27584504;110;37527689
27585157;27584685;130;37535660
27585159;27585257;36;39528718
27585159;27585290;27;37515476
27585166;27584711;81;39535076
27585166;27585037;37;39533819
27585166;27585248;33;37535688
27585167;27585111;32;38220327
27585167;27585194;107;39318292
27585167;27585460;40;39318291
27585168;27586060;171;38597063
27585173;27585409;33;39735795
27585178;27584811;71;37636488
27585181;27584940;40;37505114
27585181;27585139;102;37505132
27585181;27585191;12;39541822
27585183;27585005;28;38628113
27585183;27585222;11;39735787
27585183;27585398;31;38628112
27585185;27585515;79;37516854
27585186;27584918;61;37789569
27585186;27585125;11;37789554
27585191;27585124;15;37775130
27585191;27585181;12;39541823
27585192;27584605;275;38772710
27585192;27584744;65;38506601
27585192;27585275;10;38772712
27585194;27585167;107;39318293
27585194;27585340;62;39318296
27585196;27585191;11;39541824
27585196;27585284;19;39541819
27585199;27585080;18;39597152
27585199;27585518;45;39597150
27585205;27585157;13;37535659
27585205;27585752;88;37527684
27585207;27585382;31;37623100
27585210;27584990;35;38632153
27585212;27585275;53;38772717
27585212;27586288;145;38506586
27585217;27584890;143;37991427
27585221;27585402;79;38871912
27585222;27585183;11;39735788
27585222;27585269;16;39735785
27585222;27585269;63;38628166
27585225;27583926;340;38783041
27585225;27584926;96;37636869
27585225;27585753;86;38186703
27585232;27585106;49;38109346
27585232;27585432;73;38109345
27585232;27585476;35;38840329
27585240;27585192;92;37622684
27585240;27585379;22;38508063
27585241;27585001;34;37516837
27585241;27586123;269;38048130
27585244;27584923;63;37623939
27585248;27585037;30;39533818
27585248;27585931;98;37535687
27585251;27585240;18;38508065
27585253;27584723;100;37505123
27585253;27585362;21;37505122
27585253;27585479;45;39314879
27585255;27584805;66;37903111
27585256;27585062;29;38628149
27585256;27585398;53;38632147
27585256;27585791;80;38628146
27585257;27585133;24;39528750
27585257;27585159;36;39528719
27585257;27585287;14;39528716
27585258;27584870;56;39347477
27585258;27585320;13;39533814
27585259;27586246;137;37546736
27585260;27584083;337;37502499
27585260;27585348;65;39543131
27585266;27585273;7;38628129
27585267;27585363;37;38840286
27585269;27585222;16;39735786
27585269;27585222;63;38628167
27585269;27585656;61;38628121
27585272;27585089;40;38840314
27585273;27585266;7;38628130
27585273;27585309;5;38628126
27585273;27585309;150;38628127
27585275;27585192;10;38772711
27585275;27585379;86;38508080
27585275;27585533;38;38506596
27585282;27585108;50;37535681
27585282;27585939;119;37535717
27585284;27585325;13;39541818
27585284;27585825;77;37505863
27585287;27585257;14;39528717
27585287;27585706;179;39528715
27585290;27585095;28;39528749
27585290;27585775;72;38284044
27585293;27585448;259;39494855
27585309;27585273;150;38628128
27585309;27585273;5;38628125
27585309;27585351;7;38628124
27585310;27585682;64;37789572
27585317;27583887;208;38478174
27585320;27585092;103;37527610
27585320;27585699;78;39533813
27585323;27585260;17;37502498
27585325;27585344;15;39682562
27585326;27585906;195;37991426
27585327;27585070;95;38109332
27585327;27585551;82;38109331
27585327;27585691;58;38840236
27585328;27585135;41;37511656
27585328;27586094;181;37505129
27585328;27587712;314;37511655
27585330;27584703;107;37505891
27585330;27585353;6;37750106
27585332;27585345;11;38628138
27585332;27585351;33;38628160
27585337;27584958;83;37516846
27585337;27585380;8;38871919
27585338;27585106;35;38840308
27585338;27585476;50;38840283
27585338;27585905;110;38840305
27585339;27584960;61;39531176
27585340;27585445;15;39318297
27585340;27585445;134;39318295
27585341;27586165;125;37515902
27585341;27588209;409;39219676
27585342;27584858;121;39550284
27585342;27585370;8;39550281
27585343;27584929;102;38628034
27585343;27585463;33;38828892
27585344;27585181;30;39541817
27585344;27585325;15;39682563
27585344;27586170;220;37505106
27585345;27585000;52;38628139
27585345;27585401;8;38628137
27585348;27585225;44;37636868
27585349;27584936;120;39315107
27585351;27585309;7;38628123
27585351;27585332;33;38628161
27585352;27585038;146;38507891
27585352;27585251;16;38508064
27585353;27584843;89;37789579
27585353;27585377;7;37750105
27585362;27585253;21;37505121
27585362;27585317;27;37789570
27585362;27585510;31;37789592
27585363;27585267;37;38840285
27585363;27585432;11;38711939
27585363;27585465;59;38711936
27585366;27585039;57;38110507
27585366;27585470;29;38110504
27585366;27585607;36;38597069
27585369;27584723;135;37616939
27585369;27585102;53;37510241
27585370;27585342;8;39550282
27585370;27585755;94;39550273
27585370;27586013;107;37789601
27585377;27585450;12;37789589
27585377;27585966;143;37750104
27585379;27585446;12;38508061
27585380;27585337;8;38871920
27585380;27585402;13;38871913
27585380;27585439;10;38871917
27585382;27585452;41;37623097
27585382;27585709;48;37631969
27585385;27585449;70;37785361
27585386;27585166;42;39535075
27585390;27584819;83;38999622
27585390;27585472;156;38577695
27585390;27585681;42;38999621
27585391;27585659;47;38678111
27585392;27585186;50;37789568
27585392;27585330;11;37505890
27585393;27584936;73;37623099
27585393;27585906;223;37631964
27585396;27584904;133;38828901
27585396;27585886;137;37590342
27585397;27585654;118;39528771
27585398;27585183;31;38628111
27585398;27585256;53;38632146
27585398;27585921;80;38628110
27585401;27585408;2;38628136
27585402;27585221;79;38871911
27585402;27585380;13;38871914
27585402;27585439;8;38871909
27585406;27585727;64;37511619
27585408;27585332;20;38628135
27585408;27585787;57;38628165
27585409;27585781;54;39533808
27585409;27585889;70;39398706
27585413;27584117;195;37622679
27585415;27585426;43;37785356
27585418;27585259;43;37924182
27585418;27585939;139;37924177
27585418;27585975;77;37925088
27585421;27585017;61;37610542
27585421;27585552;236;37515979
27585421;27585900;70;37610541
27585421;27586744;221;37691605
27585426;27584836;93;37785359
27585426;27585415;43;37785355
27585432;27585232;73;38109344
27585432;27585363;11;38711938
27585432;27585632;76;38109343
27585438;27585352;15;38508062
27585439;27585380;10;38871918
27585439;27585402;8;38871910
27585439;27585544;35;38871915
27585439;27585549;25;38871907
27585440;27585282;48;37535680
27585440;27585554;52;37924181
27585441;27585205;59;37535658
27585445;27585539;15;38220339
27585446;27585438;16;38508060
27585446;27585990;75;38506584
27585448;27585293;259;39494854
27585448;27585570;209;39494851
27585448;27585611;24;39494853
27585449;27585385;70;37785360
27585449;27585426;3;37785358
27585450;27585392;12;37789567
27585450;27586117;110;37789588
27585452;27585393;21;37623098
27585460;27585167;40;39318290
27585460;27585833;81;39318294
27585460;27585833;53;39318289
27585463;27585339;74;37780722
27585463;27585638;54;38392344
27585465;27585046;63;38711932
27585465;27585046;77;38711934
27585465;27585363;59;38711937
27585470;27585366;29;38110505
27585470;27585593;38;39314721
27585470;27585607;24;38597067
27585472;27585681;132;39315561
27585472;27585974;81;38400143
27585474;27585495;19;38628040
27585474;27585815;52;39298337
27585476;27585232;35;38840330
27585476;27585338;50;38840284
27585476;27585905;70;38840327
27585479;27585253;45;39314880
27585479;27586090;88;39314881
27585479;27586110;148;39314877
27585495;27585474;19;38628039
27585495;27585653;36;38628038
27585495;27585653;26;38628042
27585510;27585317;28;38478173
27585510;27585637;24;37505873
27585515;27585659;30;37516853
27585515;27586012;74;39201457
27585518;27585199;45;39597151
27585518;27585712;34;39597155
27585533;27585275;38;38506595
27585533;27586077;121;38508072
27585533;27586129;79;38506594
27585539;27585629;14;38220332
27585544;27585439;35;38871916
27585548;27585726;172;37634417
27585548;27585842;72;37634408
27585548;27586315;129;37634416
27585549;27585439;25;38871908
27585551;27584629;171;38854146
27585551;27585327;82;38109330
27585552;27584301;193;38373159
27585552;27586081;189;39312316
27585554;27584928;88;37924183
27585554;27585663;54;37924180
27585554;27586715;151;37535702
27585565;27585569;5;37859948
27585569;27584914;95;38734587
27585569;27585565;5;37859949
27585569;27585749;119;37859946
27585569;27589149;481;38734586
27585570;27585448;209;39494850
27585570;27585611;228;39494849
27585579;27585611;28;39494846
27585579;27585880;46;39494845
27585579;27586370;146;38739702
27585582;27585750;26;38859856
27585591;27585844;71;38357857
27585591;27585938;59;38357858
27585591;27586033;75;38357854
27585593;27585134;73;39315012
27585593;27585470;38;39314722
27585593;27586166;170;38110476
27585596;27584806;118;37518601
27585596;27585323;56;37502497
27585597;27583552;315;37565553
27585597;27585747;47;37515885
27585607;27585366;36;38597070
27585607;27585470;24;38597068
27585607;27585870;42;39314699
27585607;27586060;76;38597078
27585611;27585448;24;39494852
27585611;27585570;228;39494848
27585611;27585579;28;39494847
27585613;27585362;42;37789573
27585613;27585510;14;38816230
27585615;27585552;11;38373158
27585615;27585900;214;37650812
27585625;27585747;65;37565551
27585625;27585897;38;37515896
27585629;27585683;7;37933449
27585631;27585337;63;37516845
27585631;27585872;48;38048128
27585632;27585008;96;38109352
27585632;27585432;76;38109342
27585632;27586439;115;38109351
27585637;27585778;19;39531165
27585637;27586057;75;37505872
27585638;27585339;49;38828894
27585638;27585815;50;38828893
27585641;27584767;192;38130649
27585641;27585695;10;38130646
27585641;27585734;13;38357861
27585653;27585495;36;38628037
27585653;27585495;26;38628041
27585653;27585815;24;38628036
27585654;27585397;118;39528770
27585654;27585725;10;39528767
27585656;27585269;61;38628122
27585656;27586073;58;38628119
27585656;27586073;84;38628132
27585659;27585391;47;38678112
27585659;27585708;6;38678109
27585659;27585891;59;37516852
27585663;27584905;109;37924184
27585663;27585813;63;37924179
27585668;27585700;25;38859852
27585668;27585764;24;38859868
27585668;27585764;24;38859865
27585677;27585241;62;37516836
27585681;27585390;42;38999620
27585681;27585876;155;37933405
27585681;27586182;65;38999619
27585682;27585310;64;37789571
27585682;27585695;21;37789597
27585683;27585954;39;37933448
27585683;27586993;225;37933366
27585691;27585327;58;38840235
27585695;27585641;10;38130647
27585695;27585723;6;38130644
27585695;27585734;9;37789596
27585696;27585157;88;37527688
27585696;27585752;16;37535664
27585699;27585092;91;37515814
27585699;27585781;20;39533822
27585700;27585668;25;38859851
27585700;27585750;46;38859853
27585700;27585994;45;39347484
27585706;27585728;10;39528711
27585708;27585659;6;38678110
27585709;27585452;47;37640415
27585709;27586223;74;37631967
27585712;27585882;33;39597154
27585723;27585695;6;38130645
27585723;27586004;49;38130642
27585725;27585654;10;39528766
27585725;27585827;13;39528769
27585726;27585548;172;37634418
27585727;27585751;12;37511618
27585727;27586017;68;37789508
27585728;27585827;36;37515447
27585728;27585976;34;37933382
27585734;27585844;18;38357860
27585739;27585518;33;37523638
27585739;27585712;13;38507906
27585747;27585625;65;37565550
27585747;27585897;47;37515884
27585747;27586249;77;37515892
27585748;27585615;19;38373157
27585749;27583920;275;38892351
27585749;27585569;119;37859947
27585749;27586712;139;38892348
27585750;27585582;26;38859855
27585750;27585700;46;38859854
27585750;27585868;17;38859863
27585751;27585369;74;37510240
27585752;27586124;92;37535663
27585752;27586151;60;37527683
27585753;27585225;86;38186704
27585755;27585370;94;39550274
27585755;27585786;8;39550271
27585756;27585790;69;39315551
27585756;27585790;14;39318285
27585764;27585668;24;38859866
27585764;27585668;24;38859867
27585765;27584856;230;37566817
27585765;27584907;144;39641540
27585765;27585917;22;37563242
27585768;27584587;212;38739697
27585768;27584957;125;38578993
27585768;27586022;38;38739696
27585773;27585631;36;37516844
27585773;27586744;146;39214931
27585775;27585290;72;38284045
27585775;27585980;28;39528778
27585775;27585993;32;39528747
27585778;27585613;27;39531173
27585778;27586093;41;38478172
27585781;27585878;14;39533803
27585781;27585889;30;39533801
27585786;27585755;8;39550272
27585786;27586195;89;39550268
27585786;27586456;106;37789584
27585787;27585408;57;38628164
27585787;27585791;60;38628145
27585787;27586352;79;38628163
27585790;27585756;14;39318284
27585790;27585756;47;39315552
27585790;27585954;69;39315550
27585791;27585256;80;38628147
27585791;27585787;60;38628144
27585791;27585921;51;38628156
27585802;27585217;192;39315093
27585802;27585349;108;37631963
27585809;27585386;88;39535074
27585809;27585699;15;39533802
27585811;27585596;57;39528804
27585811;27585945;19;39528740
27585811;27585993;81;37933368
27585813;27585863;25;37924178
27585815;27585653;24;38628035
27585815;27586216;106;39531188
27585825;27587730;230;37515932
27585827;27585725;13;39528768
27585827;27585728;36;37515448
27585827;27585974;101;37515445
27585833;27585460;53;39318288
27585833;27585857;4;39318287
27585842;27585548;72;37634407
27585842;27586223;77;37634406
27585842;27586755;139;37634409
27585844;27585591;71;38357856
27585844;27585723;27;39681394
27585844;27585938;18;39619445
27585850;27586352;173;37630534
27585850;27586828;136;38972099
27585857;27585833;4;39318286
27585857;27585962;13;38220336
27585863;27585935;28;39549806
27585863;27585982;15;37659688
27585868;27585750;17;38859864
27585870;27585607;42;39314700
27585870;27585926;39;38597087
27585870;27588873;558;39314697
27585872;27585631;48;38048129
27585876;27584325;224;37933442
27585876;27585681;155;37933404
27585878;27585809;20;39533824
27585878;27586746;114;39533812
27585880;27585579;46;39494844
27585880;27586465;88;37636498
27585880;27586470;77;39494843
27585882;27585969;16;38507905
27585882;27586156;33;39597153
27585886;27584796;162;37556139
27585886;27586215;39;39533720
27585889;27586028;38;37975204
27585891;27585677;37;37516851
27585897;27585625;38;37515897
27585897;27586012;34;37515883
27585897;27586249;136;37515894
27585900;27585421;70;37610540
27585900;27586396;62;37610539
27585905;27585338;110;38840306
27585905;27585476;70;38840328
27585905;27586098;24;38840325
27585906;27587579;359;37991425
27585915;27586194;38;38839754
27585917;27585765;22;37563241
27585917;27586238;43;39641814
27585921;27585398;80;38628109
27585921;27585791;51;38628157
27585921;27586059;17;38628108
27585926;27585870;39;38597088
27585926;27588411;453;38597066
27585926;27588411;428;38597085
27585935;27585931;15;39549807
27585935;27585982;30;37535699
27585938;27585591;59;38357859
27585938;27585844;18;39619446
27585938;27586033;17;39619443
27585939;27586150;50;37924176
27585943;27585931;5;39686827
27585945;27586095;20;37939286
27585954;27585790;69;39315549
27585954;27586309;47;37933447
27585961;27585748;29;38373156
27585962;27585857;13;38220335
27585962;27586018;10;37933362
27585966;27585342;107;37505887
27585966;27586013;11;37750103
27585969;27585739;73;38507904
27585969;27585739;37;37523637
27585974;27585472;81;38400144
27585974;27585827;101;37515446
27585974;27586024;37;37515443
27585975;27585418;77;37925087
27585975;27586264;37;37925086
27585976;27585728;34;37933381
27585976;27586147;26;37933380
27585976;27586413;142;38499650
27585977;27584864;287;39314901
27585977;27586022;13;39314900
27585977;27586363;338;37510074
27585980;27586157;53;39528757
27585982;27585863;15;37659687
27585982;27586569;78;37535701
27585990;27586077;40;38508071
27585990;27587149;142;39409848
27585993;27585775;32;39528748
27585993;27585811;81;37933367
27585993;27585980;23;39528752
27585994;27585700;45;39347485
27585994;27586102;13;39347486
27586004;27585682;47;37789595
27586004;27585723;49;38130643
27586004;27586194;30;38130640
27586008;27586752;154;39619468
27586011;27585778;39;38858064
27586011;27586093;31;37789556
27586012;27586311;89;37515882
27586013;27586084;10;37789600
27586013;27586411;90;37750102
27586015;27585396;111;38828900
27586015;27585638;55;37510283
27586017;27586053;6;37789509
27586018;27585962;10;37933361
27586018;27586050;64;38220342
27586018;27586253;87;37933360
27586022;27585768;38;38739695
27586022;27585977;13;39314899
27586022;27586553;84;39314949
27586023;27585878;41;39398699
27586023;27586746;119;39398707
27586024;27585974;37;37515444
27586024;27586111;58;39528720
27586024;27586539;69;37515455
27586027;27586038;8;37785354
27586028;27585994;20;39347487
27586028;27586102;22;37975203
27586030;27585450;143;37789566
27586030;27585966;10;37505886
27586033;27585591;75;38357855
27586033;27585938;17;39619444
27586033;27586953;188;39619441
27586036;27585943;56;39549805
27586038;27585449;94;37785357
27586042;27587496;238;37933355
27586050;27586018;64;38220343
27586050;27586055;5;38220340
27586052;27586164;67;38734583
27586052;27586164;111;38734581
27586052;27586203;19;38734580
27586053;27586094;8;37789510
27586055;27586050;5;38220341
27586055;27586548;66;38712881
27586057;27585392;110;37505889
27586057;27586117;12;37505871
27586058;27585891;21;37516850
27586059;27585921;17;38628107
27586059;27586176;36;38628174
27586060;27585168;171;38597064
27586060;27585607;76;38597077
27586060;27587150;188;38597076
27586073;27585656;84;38628131
27586073;27585656;58;38628120
27586073;27586176;13;38628117
27586076;27586293;29;37750096
27586076;27587802;210;39660231
27586077;27585533;121;38508073
27586077;27585990;40;38508070
27586077;27586186;52;38508074
27586081;27586191;70;39312314
27586084;27586030;11;37789565
27586084;27586857;118;37789599
27586090;27585479;88;39314882
27586090;27586335;32;39314884
27586091;27585696;59;37527687
27586092;27585815;83;38828889
27586092;27586015;9;39551658
27586093;27587031;116;39531164
27586094;27585328;181;37505130
27586094;27586139;7;37505127
27586095;27586614;69;37939285
27586098;27585905;24;38840326
27586098;27586439;155;39735789
27586102;27586301;67;37975202
27586106;27585596;73;39528808
27586106;27586095;68;37544443
27586110;27585479;148;39314878
27586110;27585751;61;37511617
27586111;27586024;58;39528721
27586111;27586182;47;39529264
27586117;27586234;16;37789587
27586117;27586508;86;37505870
27586120;27585802;82;39315091
27586123;27585241;269;38048131
27586123;27585677;71;37516835
27586124;27585441;101;37785293
27586129;27585533;79;38506593
27586129;27586209;10;38508068
27586131;27586036;11;37535678
27586131;27586457;73;37535698
27586139;27586094;7;37505128
27586139;27586180;6;37785381
27586147;27585976;26;37933379
27586147;27586213;23;39528763
27586150;27585440;121;37924165
27586150;27586582;65;37924175
27586151;27586091;14;37780723
27586151;27586402;33;37527682
27586156;27585969;25;37523636
27586156;27588399;269;39409855
27586157;27586190;14;39528758
27586157;27586274;95;39528755
27586157;27586279;17;39340902
27586161;27585748;116;37516839
27586161;27586081;81;38712323
27586164;27586052;111;38734582
27586164;27586052;67;38734584
27586164;27586263;16;38734572
27586165;27586243;34;37565561
27586165;27586490;52;37515901
27586166;27585593;170;38110477
27586166;27586470;274;38420001
27586170;27585344;220;37505107
27586170;27586027;39;37623944
27586170;27586384;57;37505104
27586171;27586011;27;38858063
27586171;27586057;16;37505888
27586175;27586632;62;39533735
27586176;27586059;36;38628175
27586176;27586073;13;38628118
27586176;27586369;68;38628172
27586180;27586139;6;37785382
27586180;27586516;60;37785379
27586182;27585681;65;38999618
27586182;27586111;47;39529265
27586182;27586298;86;39529266
27586182;27586585;54;39630799
27586186;27586077;52;38508075
27586186;27586129;13;38508069
27586190;27585993;62;39528759
27586190;27586705;68;39315580
27586191;27586384;83;39312315
27586194;27585915;38;38839753
27586194;27586004;30;38130641
27586194;27586345;29;38130638
27586195;27585786;89;39550269
27586195;27585917;42;37505879
27586195;27586238;9;39550266
27586203;27586052;19;38734579
27586203;27586263;52;38734569
27586203;27586341;21;38734578
27586209;27586186;12;38508067
27586209;27586447;42;38506589
27586213;27586147;23;39528762
27586213;27586296;44;39528761
27586215;27585886;39;39533719
27586215;27586577;51;39533722
27586216;27586250;13;37510287
27586216;27586506;44;39531187
27586223;27585709;74;37631968
27586223;27585842;77;37634405
27586223;27587188;128;37631965
27586225;27586023;62;38812386
27586225;27586750;70;39412339
27586233;27586161;31;38712322
27586233;27586346;77;39192504
27586234;27586171;12;38858062
27586238;27586195;9;39550267
27586238;27586273;12;39550264
27586238;27586929;106;37789576
27586240;27586437;33;38713544
27586243;27586165;34;37565560
27586246;27586886;81;37546735
27586249;27585747;77;37515893
27586249;27585897;136;37515895
27586249;27586636;51;37515890
27586250;27586091;36;37527686
27586250;27586402;42;37510286
27586253;27586018;87;37933359
27586253;27586309;20;37933358
27586255;27585613;85;38816229
27586263;27586164;16;38734571
27586263;27586203;52;38734570
27586263;27586394;21;38734594
27586264;27585975;37;37925085
27586264;27586246;57;37546734
27586264;27587087;101;37925084
27586270;27583823;367;37510055
27586271;27586147;17;38499634
27586271;27586213;26;37933371
27586273;27586238;12;39550265
27586273;27586604;75;39550262
27586274;27586157;95;39528756
27586274;27586296;24;39528753
27586274;27586371;15;38856346
27586279;27586317;35;39340941
27586279;27586716;55;39340901
27586288;27585212;145;38506585
27586288;27586447;35;38506600
27586288;27586562;46;38506597
27586293;27587031;91;37750097
27586295;27585975;80;37535684
27586295;27587258;118;37546733
27586296;27586213;44;39528760
27586296;27586274;24;39528754
27586298;27586182;86;39529267
27586298;27586477;69;39529268
27586301;27585049;183;38109339
27586301;27586762;158;37975201
27586302;27587656;168;37510054
27586305;27586092;29;37510279
27586309;27586253;20;37933357
27586309;27586986;87;37933446
27586311;27586058;35;37516849
27586311;27587063;113;37515881
27586315;27585548;129;37634415
27586315;27586755;83;37634414
27586317;27586279;35;39340942
27586317;27586329;13;39340939
27586317;27586719;62;38856320
27586329;27586317;13;39340940
27586329;27586342;12;39340937
27586329;27586694;57;38856322
27586335;27586090;32;39314883
27586335;27586965;167;39314885
27586337;27586841;75;37515927
27586341;27586203;21;38734577
27586341;27586394;34;38734589
27586341;27586471;20;38734576
27586342;27586329;12;39340938
27586342;27586353;14;39340935
27586342;27586702;56;38856324
27586343;27585809;74;39533811
27586345;27586194;29;38130639
27586345;27586604;45;39550291
27586345;27586613;40;39550308
27586346;27585961;49;38373155
27586346;27586233;77;39192503
27586346;27586961;180;39192502
27586352;27585787;79;38628162
27586352;27585850;173;37630533
27586352;27586743;52;39735784
27586353;27586342;14;39340936
27586353;27586371;15;39340933
27586353;27586713;54;38856326
27586358;27586644;62;38713558
27586362;27586409;23;39630772
27586363;27585977;338;37510075
27586363;27586800;61;37636495
27586369;27586176;68;38628173
27586369;27586517;60;38628170
27586369;27586843;78;38628283
27586370;27585579;146;38739701
27586370;27586465;32;38739706
27586370;27586800;59;38739700
27586371;27586274;15;38856347
27586371;27586353;15;39340934
27586371;27586713;69;38856338
27586384;27586170;57;37505105
27586384;27586453;21;37505102
27586385;27586270;15;37510057
27586394;27586263;21;38734593
27586394;27586341;34;38734590
27586394;27586471;36;38734592
27586396;27585900;62;37610538
27586396;27585961;197;37516840
27586396;27586961;75;37610537
27586401;27586437;15;38713550
27586402;27586648;58;37510285
27586409;27586362;23;39630771
27586409;27586520;60;39630803
27586409;27586978;70;39630802
27586411;27585755;107;37505883
27586411;27586456;11;37750101
27586413;27585976;142;38499651
27586423;27586131;39;37535677
27586423;27586443;15;38680436
27586426;27586438;16;39630777
27586426;27586525;15;39630810
27586437;27586240;33;38713543
27586437;27586401;15;38713549
27586437;27586570;47;38713548
27586438;27586426;16;39630778
27586439;27585632;115;38109350
27586439;27586098;155;39735790
27586443;27586450;9;39549800
27586444;27585663;103;38680431
27586444;27585813;107;37924188
27586447;27586209;42;38506590
27586447;27586288;35;38506599
27586447;27587199;145;38506587
27586450;27586457;7;39549801
27586453;27586384;21;37505103
27586453;27586841;114;37515925
27586453;27587192;169;37505100
27586456;27586514;10;37789583
27586456;27586885;89;37750100
27586457;27586131;73;37535697
27586457;27586498;5;37535696
27586458;27585440;137;37924186
27586458;27586150;79;37924163
27586459;27586123;55;37516834
27586459;27586735;41;37515870
27586463;27586423;6;37535676
27586465;27585880;88;37636499
27586465;27586370;32;38739705
27586465;27586596;43;38739704
27586465;27587124;85;37636496
27586470;27585880;77;39494842
27586470;27586166;274;38420002
27586470;27586596;23;38419999
27586471;27586341;20;38734575
27586471;27586394;36;38734591
27586471;27586712;33;38734574
27586473;27586084;90;37789564
27586473;27586411;10;37505882
27586477;27586298;69;39529269
27586477;27586515;17;39538667
27586481;27586463;15;39549799
27586487;27586481;9;39549798
27586490;27586701;41;38892476
27586490;27587079;81;37515900
27586494;27584961;219;37624311
27586494;27586900;48;37779990
27586498;27586457;5;37535695
27586498;27586487;7;38680441
27586498;27587836;231;37535690
27586505;27586527;40;39489911
27586506;27586643;16;39545845
27586506;27586648;88;37507572
27586508;27586615;15;38855516
27586508;27586803;59;37505869
27586514;27586473;11;37789563
27586514;27587373;121;37789582
27586515;27585876;84;37933441
27586515;27586477;17;39538668
27586515;27586548;12;39538665
27586516;27586110;85;37511616
27586516;27586180;60;37785380
27586516;27586566;7;37785377
27586517;27586369;60;38628171
27586517;27586871;93;38628168
27586517;27586941;67;38628133
27586519;27584742;254;37563236
27586519;27586898;45;39533718
27586519;27586989;60;39533698
27586520;27586409;60;39630804
27586522;27585825;133;37511643
27586522;27586646;22;37511650
27586525;27586426;15;39630809
27586525;27586545;19;39630773
27586525;27586660;15;39630808
27586527;27586012;69;37515879
27586527;27586505;40;39489910
27586528;27586763;88;39201863
27586530;27586779;47;39412349
27586530;27586827;63;39412935
27586539;27586623;19;38999628
27586539;27586821;33;37515454
27586545;27586525;19;39630774
27586548;27586515;12;39538666
27586548;27586703;47;37933417
27586548;27587088;63;39403174
27586553;27586022;84;39314948
27586553;27586575;3;39314947
27586553;27586667;21;39314913
27586562;27586288;46;38506598
27586562;27587997;243;38738643
27586566;27586516;7;37785378
27586566;27586611;6;39622009
27586566;27587667;151;37785375
27586569;27586444;76;37924187
27586569;27586707;67;38680433
27586569;27587092;62;37535700
27586570;27586437;47;38713547
27586570;27586644;20;38713546
27586570;27586940;46;38713554
27586575;27586553;3;39314946
27586575;27587302;133;37510063
27586577;27586215;51;39533721
27586577;27586633;25;39620699
27586577;27587558;113;38216652
27586582;27586150;65;37924174
27586582;27586295;76;37535683
27586582;27586924;46;37924173
27586582;27587547;188;37924164
27586585;27586182;54;39630800
27586585;27586790;25;39630821
27586585;27586811;31;39630797
27586596;27586465;43;38739703
27586596;27586470;23;38420000
27586596;27587458;114;38419997
27586604;27586273;75;39550263
27586604;27586345;45;39550292
27586604;27586856;41;39550299
27586611;27586566;6;39622008
27586613;27586604;13;39550307
27586613;27586856;52;37789594
27586614;27587052;61;37510052
27586614;27587134;61;37939284
27586615;27586234;86;38858061
27586615;27586508;15;38855515
27586615;27586757;20;38855514
27586623;27586271;178;38499633
27586629;27585386;169;39398710
27586629;27586343;39;39533804
27586632;27586175;62;39533734
27586632;27586749;15;39533731
27586633;27586577;25;39620700
27586633;27586728;47;39533711
27586636;27586249;51;37515891
27586636;27586880;32;37515888
27586636;27586950;106;37515887
27586639;27587344;84;38743048
27586642;27586305;49;38812358
27586643;27586725;150;37507574
27586643;27586789;18;39545844
27586644;27586358;62;38713557
27586644;27586570;20;38713545
27586644;27586962;60;38713556
27586646;27586337;60;37515928
27586646;27586522;22;37511651
27586646;27586981;61;37511648
27586648;27586913;67;37507571
27586660;27586525;15;39630807
27586660;27586692;19;39630775
27586660;27586795;15;39630806
27586665;27586642;18;37624313
27586665;27587225;95;37556146
27586666;27586305;54;38828898
27586666;27586506;166;37507573
27586667;27586553;21;39314914
27586684;27585597;158;37565555
27586684;27586880;53;37515991
27586692;27586660;19;39630776
27586694;27586329;57;38856323
27586694;27586702;13;38856345
27586694;27586719;16;38856340
27586701;27586490;41;38892475
27586702;27586342;56;38856325
27586702;27586694;13;38856344
27586702;27586713;16;38856343
27586703;27586548;47;37933418
27586703;27586878;64;37933415
27586705;27586190;68;39315579
27586705;27586716;14;38856337
27586705;27587320;87;39315578
27586707;27585935;99;37659686
27586707;27586784;44;38680432
27586710;27586826;21;39314887
27586712;27585749;139;38892349
27586712;27586471;33;38734573
27586712;27589149;331;38892346
27586713;27586353;54;38856327
27586713;27586371;69;38856339
27586713;27586702;16;38856342
27586715;27586458;58;37924162
27586716;27586705;14;38856336
27586716;27586719;8;38856335
27586719;27586317;62;38856321
27586719;27586694;16;38856341
27586719;27586716;8;38856334
27586719;27587472;128;38856333
27586725;27586666;13;38828897
27586725;27586935;45;38828899
27586728;27586633;47;39533712
27586728;27586819;42;39533715
27586728;27587903;138;37603658
27586735;27586058;117;37516848
27586735;27587063;46;37515869
27586743;27586352;52;39735783
27586743;27586794;16;37630526
27586743;27586813;9;39735782
27586744;27585421;221;37691606
27586744;27587278;76;37691603
27586746;27588648;249;39533809
27586749;27586632;15;39533730
27586749;27586819;9;39533733
27586750;27586225;70;39412340
27586750;27586808;8;39412346
27586751;27586843;12;38628159
27586752;27586008;154;39619467
27586753;27586477;35;37933406
27586753;27586515;27;37933438
27586755;27585842;139;37634410
27586755;27586315;83;37634413
27586755;27587286;101;37634412
27586757;27586615;20;38855513
27586757;27587882;175;38855517
27586757;27587882;174;38855520
27586758;27586530;51;39412342
27586760;27586385;54;39528805
27586762;27586858;40;39534702
27586763;27586528;89;39201862
27586763;27587516;87;37616938
27586771;27587252;68;37636486
27586773;27586817;8;39495778
27586779;27586825;8;39412355
27586779;27587002;25;39412348
27586784;27586463;38;37535675
27586789;27587027;31;39545843
27586790;27586585;25;39630822
27586790;27586795;38;39630826
27586790;27587219;51;39630819
27586794;27586743;16;37630527
27586794;27586810;7;37630524
27586794;27586862;13;38628143
27586795;27586660;15;39630805
27586795;27586790;38;39630825
27586795;27587260;55;39630824
27586798;27586643;49;38812387
27586798;27586789;52;37510288
27586800;27586363;61;37636494
27586800;27586370;59;38739699
27586800;27587124;43;37636493
27586803;27586030;118;37505885
27586803;27586857;11;37505868
27586808;27586901;12;39412345
27586810;27586794;7;37630525
27586811;27586585;31;39630798
27586811;27586966;31;39630770
27586811;27587845;154;39630796
27586813;27586743;9;39735781
27586813;27586862;7;38444085
27586816;27586750;8;39412343
27586816;27586808;6;39412357
27586817;27586773;8;39495777
27586817;27586850;10;39489904
27586817;27587018;24;39489903
27586818;27586642;23;38812357
27586818;27586665;21;37556141
27586819;27586728;42;39533716
27586819;27586749;9;39533732
27586819;27586898;30;39533713
27586821;27586927;57;38499640
27586821;27586937;13;39300150
27586825;27586758;9;39412353
27586825;27587023;23;39412354
27586826;27586710;21;39314888
27586826;27586840;15;39314875
27586826;27586965;21;39314872
27586827;27586530;63;39412934
27586827;27586816;11;39412338
27586827;27586903;12;39412933
27586828;27587102;34;38972098
27586828;27587102;45;38711920
27586840;27586826;15;39314876
27586840;27586965;18;39314873
27586841;27586337;75;37515926
27586841;27586981;43;37515924
27586843;27586369;78;38628284
27586843;27586751;12;38628158
27586843;27586914;22;38628281
27586850;27586817;10;39489905
27586850;27586897;16;39536848
27586856;27586604;41;39550300
27586856;27587292;66;39550297
27586857;27586971;14;37789598
27586857;27587321;89;37505867
27586858;27586916;33;39534705
27586858;27587040;22;38685587
27586859;27586725;33;38828890
27586859;27586908;46;37510282
27586862;27588551;210;38444084
27586871;27586517;93;38628169
27586878;27586703;64;37933416
27586878;27586703;76;37933363
27586878;27586928;22;39622813
27586880;27586636;32;37515889
27586880;27586684;53;37515990
27586880;27587215;105;37515989
27586884;27586994;107;39412928
27586884;27587103;58;38579634
27586885;27586195;107;37505878
27586885;27586929;11;37750099
27586886;27587087;61;38680435
27586897;27586850;16;39536849
27586898;27586519;45;39533717
27586898;27586819;30;39533714
27586898;27586989;23;39533701
27586898;27587141;43;39533703
27586900;27586684;34;37565554
27586900;27588461;218;37616875
27586901;27586955;9;39412344
27586901;27586994;11;38579600
27586903;27586816;10;39412356
27586903;27586827;12;39412932
27586903;27586955;9;39412931
27586904;27586615;58;38858060
27586904;27586803;15;37505884
27586908;27586935;21;37510281
27586908;27587116;25;38357703
27586913;27587663;170;37561863
27586914;27586843;22;38628282
27586916;27586926;6;39534704
27586923;27586958;5;39619462
27586923;27586958;398;39619448
27586923;27587029;17;39619459
27586924;27586582;46;37924172
27586924;27587012;10;37924171
27586924;27587547;148;37535686
27586926;27587010;26;38812395
27586927;27586821;57;38499639
27586928;27586253;94;37933369
27586928;27586878;22;39622814
27586928;27586986;18;39622811
27586929;27587019;10;37789575
27586929;27587292;70;37750098
27586930;27586225;237;38812385
27586935;27588163;160;38812364
27586937;27587011;13;38499636
27586937;27587296;40;39300149
27586940;27586570;46;38713553
27586941;27586517;67;38628134
27586942;27587389;55;37636484
27586945;27587140;58;38711922
27586950;27586527;50;37515878
27586950;27586636;106;37515886
27586953;27586033;188;39619442
27586953;27587117;34;39619439
27586955;27586903;9;39412930
27586955;27586994;13;39412927
27586958;27586923;5;39619461
27586958;27586923;398;39619447
27586958;27587508;91;39619454
27586959;27586514;90;37789562
27586959;27586885;10;37505877
27586961;27586346;180;39192501
27586961;27586396;75;37610536
27586961;27587208;69;38526164
27586961;27587687;96;37610535
27586962;27586644;60;38713555
27586965;27586335;167;39314886
27586965;27586826;21;39314871
27586965;27586840;18;39314874
27586966;27586811;31;39630769
27586966;27586978;13;39630766
27586966;27587153;24;39630834
27586967;27587574;83;38859744
27586971;27586904;11;38858059
27586978;27586409;70;39630801
27586978;27586966;13;39630765
27586978;27586995;17;39630764
27586981;27586646;61;37511649
27586981;27587082;20;37511646
27586986;27586928;18;39622812
27586986;27587022;13;39622826
27586986;27587190;24;39538737
27586989;27586519;60;39533697
27586989;27586898;23;39533702
27586989;27587013;7;39533699
27586992;27586999;9;39592042
27586992;27587003;126;39592045
27586992;27587025;80;39592041
27586993;27585683;225;37933365
27586993;27587309;38;37559780
27586994;27586884;107;39412929
27586994;27586955;13;39412926
27586995;27586978;17;39630763
27586995;27587035;20;39630762
27586995;27587153;27;39630768
27586999;27586992;9;39592043
27586999;27587026;59;39591946
27586999;27587076;21;39591941
27587001;27586798;54;39646476
27587002;27587003;8;39592029
27587002;27587004;3;39591974
27587002;27587545;67;39412347
27587003;27586992;126;39592044
27587003;27587002;8;39592030
27587003;27587025;10;39592027
27587004;27586825;19;39412352
27587004;27587002;3;39591973
27587010;27587166;51;38812394
27587010;27587892;279;38713629
27587012;27586924;10;37924170
27587012;27587085;12;37924169
27587013;27586989;7;39533700
27587014;27586758;33;39412341
27587014;27587023;7;39412081
27587016;27588062;132;38357712
27587018;27586817;24;39489902
27587018;27587074;11;39489901
27587018;27587126;40;39489908
27587019;27586959;11;37789561
27587019;27587912;125;37789574
27587022;27586986;13;39622827
27587022;27587078;11;37558404
27587022;27587142;51;39622824
27587023;27587560;63;39412063
27587025;27586992;80;39592040
27587025;27587003;10;39592028
27587025;27587026;10;39592025
27587026;27586999;59;39591945
27587026;27587025;10;39592026
27587026;27587049;4;39591944
27587027;27587110;48;38828891
27587027;27587857;107;39533756
27587029;27586923;17;39619460
27587029;27587232;32;39619457
27587029;27587508;75;39619466
27587031;27587691;77;39531163
27587035;27586995;20;39630761
27587035;27587845;148;39630829
27587035;27589080;286;39630758
27587040;27586916;27;39411950
27587040;27586930;28;38812384
27587040;27587084;8;39534707
27587044;27587166;95;38713552
27587049;27587026;4;39591943
27587049;27587076;10;39591940
27587049;27587136;34;39591998
27587052;27587656;78;39398656
27587063;27587914;117;37515868
27587063;27588036;127;37515880
27587064;27587040;6;39534706
27587074;27587018;11;39489900
27587074;27587148;12;39489899
27587074;27587246;46;39489906
27587076;27586999;21;39591942
27587076;27587049;10;39591939
27587078;27587190;15;37558403
27587078;27588362;165;39622830
27587079;27587144;12;38892477
27587079;27587749;88;37515899
27587082;27586981;20;37511647
27587082;27587844;110;37511644
27587082;27587923;109;37515954
27587084;27587237;15;39735806
27587085;27587012;12;37924168
27587085;27587299;26;37924167
27587087;27586264;101;37925083
27587087;27588020;102;37925090
27587088;27586753;40;37933437
27587088;27587793;80;38215149
27587092;27586715;125;37924161
27587092;27587234;59;38680440
27587102;27587514;50;38972097
27587103;27586884;53;39412936
27587103;27587222;12;39591970
27587103;27587719;108;39412089
27587109;27586926;24;38999721
27587109;27587040;25;39534703
27587109;27587237;24;39411689
27587110;27586859;60;39551657
27587111;27587014;14;39412080
27587113;27586760;46;39528806
27587116;27588002;124;38812367
27587117;27586953;34;39619440
27587117;27587157;40;39619471
27587117;27587922;152;38698254
27587118;27587103;111;39412092
27587118;27587666;62;38579649
27587121;27587256;27;39325365
27587124;27586465;85;37636497
27587124;27586800;43;37636492
27587124;27587458;43;37636491
27587124;27587586;267;38419991
27587126;27587018;40;39489909
27587134;27587400;71;38527614
27587134;27589070;262;37939283
27587135;27586106;135;38499621
27587136;27587049;34;39591999
27587138;27587887;146;38644431
27587140;27586945;58;38711921
27587140;27587259;32;38711916
27587140;27587743;94;38711915
27587141;27586898;43;39533704
27587142;27586993;30;37933370
27587142;27587022;51;39622825
27587142;27587309;39;39622822
27587144;27587079;12;38892478
27587144;27587220;15;38892489
27587148;27587074;12;39489898
27587148;27587168;8;39489897
27587148;27587330;53;39625255
27587149;27587199;16;38578956
27587149;27587324;21;39409847
27587150;27586060;188;38597075
27587153;27586966;24;39630833
27587153;27586995;27;39630767
27587153;27587845;82;39630832
27587155;27586233;132;37544920
27587155;27587192;21;37505111
27587157;27586953;23;39619472
27587157;27587311;31;39619469
27587160;27587320;38;39056905
27587165;27587261;9;39591967
27587166;27587044;95;38713551
27587166;27587421;81;38812393
27587168;27587148;8;39489896
27587168;27587215;10;39625254
27587172;27587116;13;38812369
27587172;27587851;104;38357701
27587184;27587219;14;39630840
27587185;27586930;35;39411690
27587185;27587064;14;39534700
27587188;27586223;128;37631966
27587188;27587253;8;39594988
27587190;27588012;96;37933364
27587192;27586453;169;37505101
27587192;27587271;9;37505110
27587199;27586447;145;38506588
27587199;27587324;22;38578948
27587201;27586666;95;38812366
27587201;27586818;47;37510280
27587208;27586961;69;38526163
27587208;27587382;50;38526162
27587212;27587001;60;37561862
27587215;27586880;105;37515988
27587215;27586950;32;37515877
27587215;27587168;10;39625253
27587215;27587647;57;37515985
27587217;27587221;14;39591964
27587218;27583675;483;37750092
27587219;27586790;51;39630820
27587219;27587184;14;39630839
27587219;27587945;84;39630817
27587220;27587144;15;38892490
27587220;27587429;31;38892485
27587221;27587217;14;39591963
27587221;27587705;56;39591954
27587222;27587103;12;39591969
27587222;27587221;15;39591947
27587222;27587231;14;39592011
27587225;27586665;95;37556147
27587225;27587336;27;38747533
27587225;27587604;49;37556144
27587231;27587222;14;39592010
27587231;27587606;59;39592009
27587231;27587654;50;39591959
27587232;27587029;32;39619458
27587232;27587311;16;39619455
27587232;27587562;52;39619463
27587234;27586784;121;37535674
27587234;27587092;59;38680439
27587234;27587747;66;37924201
27587236;27587172;13;38812368
27587236;27587334;28;37554192
27587237;27588410;138;39536006
27587244;27587296;17;38499635
27587246;27587074;46;39489907
27587249;27585551;229;38854145
27587252;27586771;68;37636487
27587253;27587188;18;39594987
27587253;27587286;5;38767060
27587256;27587121;27;39325364
27587256;27587407;93;39325362
27587256;27587852;70;39325361
27587258;27587087;48;38680434
27587258;27587343;34;38680438
27587259;27587140;32;38711917
27587260;27586795;55;39630823
27587261;27587165;9;39591968
27587261;27587572;91;39592021
27587261;27587572;53;39592024
27587271;27587360;22;37505109
27587272;27587249;9;37527627
27587278;27586459;120;37516833
27587278;27586744;76;37691604
27587278;27587650;53;39441054
27587286;27586755;101;37634411
27587286;27587253;5;38767061
27587286;27587524;32;38767058
27587292;27586856;66;39550298
27587292;27587341;10;39550295
27587293;27587236;15;37554189
27587293;27587561;110;38357702
27587296;27587433;17;39300148
27587299;27587085;26;37924166
27587299;27588072;118;37535720
27587302;27586575;133;37510062
27587302;27587609;48;37510061
27587302;27587736;71;37510073
27587303;27586255;128;37750113
27587303;27587218;10;37505691
27587309;27587142;39;39622823
27587309;27587556;59;39622820
27587311;27587157;31;39619470
27587311;27587232;16;39619456
27587311;27587562;63;39619449
27587320;27586705;87;39315577
27587320;27587160;38;39056906
27587320;27587472;18;39315576
27587321;27586473;121;37505881
27587321;27587373;11;37505866
27587324;27588088;88;39409846
27587330;27587148;53;39625256
27587334;27587462;104;38592327
27587334;27587851;80;37554191
27587336;27587225;27;38747532
27587341;27587019;69;37789560
27587341;27587292;10;39550296
27587341;27588202;127;39550293
27587342;27586255;134;39531166
27587343;27587258;34;38680437
27587344;27586639;84;38743049
27587344;27587419;25;38743046
27587344;27587983;73;38743037
27587348;27587111;31;39412079
27587360;27587155;32;37505108
27587360;27588624;155;37505456
27587369;27587887;115;38644427
27587373;27587475;14;37789581
27587373;27587848;89;37505865
27587374;27587135;30;39528810
27587382;27587208;50;38526161
27587382;27587790;104;38526160
27587382;27588328;134;37516843
27587389;27586942;55;37636485
27587396;27587012;55;39346041
27587400;27587472;43;39543134
27587400;27587573;41;39542218
27587407;27587256;93;39325363
27587412;27587118;135;39412091
27587412;27587651;27;39412358
27587416;27587212;59;39646480
27587418;27586971;88;38858058
27587418;27587321;14;37505880
27587419;27587344;25;38743047
27587419;27587460;186;38743041
27587419;27588225;89;38743044
27587421;27587249;42;37527624
27587421;27587892;138;38812392
27587429;27587220;31;38892486
27587432;27587085;86;37924193
27587433;27587789;50;39300147
27587433;27590286;408;37520096
27587437;27587704;86;37932653
27587437;27587962;58;39622832
27587457;27587185;32;39534699
27587458;27586596;114;38419998
27587458;27587124;43;37636490
27587458;27589209;521;38419995
27587460;27587419;186;38743042
27587460;27587622;21;38743039
27587462;27587334;104;38592328
27587472;27586719;128;38856332
27587472;27587320;18;39315575
27587472;27587573;13;39315574
27587474;27587374;12;39528809
27587475;27587418;11;38858057
27587484;27586120;286;37991424
27587494;27587432;15;37924192
27587494;27588363;116;39346046
27587495;27587711;24;38713625
27587495;27588045;147;38713620
27587495;27588045;99;38713607
27587496;27586042;238;37933356
27587499;27587721;25;39591987
27587501;27586623;104;38499632
27587501;27587433;14;39316481
27587502;27587722;25;39591992
27587507;27586562;164;38743043
27587507;27587940;61;39409844
27587507;27587997;85;38690427
27587508;27586958;91;39619453
27587508;27587029;75;39619465
27587508;27587562;15;39619452
27587514;27587578;7;39735792
27587516;27586763;87;37616937
27587516;27587712;138;37516690
27587516;27587895;46;37616936
27587524;27587286;32;38767059
27587524;27587609;26;37510058
27587524;27587825;50;37523631
27587545;27587412;30;39412090
27587547;27587570;5;37535685
27587548;27587272;90;37527626
27587548;27587272;109;38711923
27587556;27587309;59;39622821
27587556;27587803;60;39622818
27587558;27586577;113;38216653
27587558;27587604;34;37556142
27587558;27587856;35;38216650
27587559;27587805;31;38591033
27587560;27587588;12;39412062
27587560;27588095;58;39412076
27587561;27587110;56;38812348
27587562;27587232;52;39619464
27587562;27587311;63;39619450
27587562;27587508;15;39619451
27587570;27587707;19;37924191
27587570;27587709;35;39646486
27587571;27587905;44;38892483
27587572;27587261;91;39592022
27587572;27587261;53;39592023
27587572;27588150;63;39591955
27587573;27587472;13;39315573
27587573;27587716;34;39542217
27587573;27588251;79;39315572
27587574;27586967;83;38859743
27587574;27587630;13;38859742
27587575;27587004;71;39412351
27587575;27587545;5;39412067
27587578;27587548;9;37527625
27587578;27587972;44;39735791
27587579;27592394;948;37991423
27587586;27587124;267;38419992
27587588;27587575;2;39412066
27587596;27587545;6;39412070
27587596;27587575;4;39412350
27587602;27587348;32;39412078
27587604;27587225;49;37556145
27587604;27587856;38;37556143
27587606;27587231;59;39592008
27587606;27587654;17;39592007
27587609;27587302;48;37510060
27587609;27587524;26;37510059
27587609;27587736;93;37510068
27587612;27587293;77;37554188
27587612;27587561;7;38812347
27587622;27587460;21;38743040
27587630;27587574;13;38859741
27587630;27587667;7;38859740
27587630;27587770;62;38859737
27587643;27587704;37;37932648
27587643;27587950;54;37932668
27587643;27588231;120;37932651
27587647;27587215;57;37515984
27587647;27588123;60;37515983
27587650;27586735;126;37516847
27587650;27587278;53;39441053
27587650;27588036;48;39441052
27587651;27587412;27;39412359
27587654;27587231;50;39591960
27587654;27587606;17;39592006
27587654;27587710;15;39592005
27587655;27587661;19;38579605
27587655;27587992;35;39591957
27587655;27588278;127;38579602
27587656;27587765;12;37510053
27587661;27587655;19;38579606
27587661;27587666;31;38579603
27587661;27587817;18;38579657
27587663;27587396;79;37535679
27587663;27588015;78;39646477
27587664;27586385;157;37510056
27587666;27587118;62;38579650
27587666;27587661;31;38579604
27587667;27586566;151;37785376
27587667;27587630;7;38859739
27587667;27587870;26;37785373
27587687;27586961;96;37610534
27587687;27587834;26;37515859
27587687;27587899;27;39671090
27587691;27588176;53;39441134
27587691;27588205;58;38816227
27587696;27588461;115;38892479
27587704;27587437;86;37932652
27587704;27587643;37;37932649
27587704;27588329;75;38578979
27587705;27587710;15;39592002
27587705;27587724;10;39592001
27587707;27587494;73;37924190
27587707;27587709;23;39646485
27587709;27587707;23;39646484
27587709;27587852;35;37924198
27587710;27587222;56;39591950
27587710;27587654;15;39592004
27587710;27587705;15;39592003
27587711;27587495;24;38713626
27587711;27587920;23;38713623
27587711;27588146;82;38713606
27587712;27585328;314;37511654
27587712;27587516;138;37516691
27587712;27588907;153;37511653
27587716;27587723;14;39542216
27587719;27587721;9;39592019
27587719;27588275;62;39412088
27587721;27587499;25;39591986
27587721;27587719;9;39592020
27587721;27587722;9;39592017
27587721;27587958;25;39591985
27587722;27587502;25;39591991
27587722;27587721;9;39592018
27587722;27587724;9;39592015
27587722;27587957;25;39591990
27587723;27588032;223;39315564
27587724;27587705;10;39592000
27587724;27587722;9;39592016
27587730;27587937;22;37515931
27587736;27587302;71;37510072
27587736;27587609;93;37510069
27587736;27587881;24;37510071
27587743;27587140;94;38711914
27587743;27587902;21;38711913
27587743;27587902;99;38711919
27587746;27588224;72;37519277
27587747;27587234;66;37924200
27587747;27587795;16;37535693
27587747;27588116;81;37924195
27587749;27587905;32;38892482
27587749;27588379;94;37515898
27587765;27588214;52;39543124
27587770;27587630;62;38859738
27587789;27588073;72;39300146
27587789;27589039;218;38499629
27587790;27587278;66;37515957
27587790;27587382;104;38526159
27587790;27588145;41;39441056
27587793;27587088;80;38215148
27587793;27588377;69;38215147
27587795;27587747;16;37535694
27587795;27587836;11;37535691
27587795;27588331;69;39549810
27587802;27588053;25;37750111
27587803;27587556;60;39622819
27587803;27587989;49;39622815
27587805;27587559;31;38591032
27587805;27587947;13;38591007
27587805;27588019;36;38591031
27587816;27586522;153;37515930
27587816;27587730;63;37515936
27587817;27587661;18;38579658
27587817;27587995;20;39591979
27587817;27588419;70;38579655
27587825;27588670;109;39594990
27587834;27587687;26;37515860
27587834;27587998;22;37515857
27587836;27586498;231;37535689
27587836;27587795;11;37535692
27587836;27588365;69;39306686
27587840;27587416;105;37561860
27587840;27588241;97;39346036
27587844;27587082;110;37511645
27587844;27589188;207;38423542
27587845;27586811;154;39630795
27587845;27587035;148;39630830
27587845;27587153;82;39630831
27587848;27586959;125;37505876
27587848;27587912;11;37505864
27587851;27588002;24;37554190
27587852;27587256;70;39325360
27587852;27587709;35;37924199
27587852;27588116;63;37924196
27587856;27587558;35;38216651
27587856;27588835;129;37554186
27587857;27588062;43;37563227
27587857;27589853;261;39533755
27587870;27587667;26;37785374
27587870;27588024;15;37511660
27587870;27588110;102;37511672
27587881;27587736;24;37510070
27587882;27586757;175;38855518
27587882;27586757;174;38855519
27587883;27587501;101;38499631
27587883;27588073;21;37544458
27587887;27587138;146;38644432
27587887;27587369;115;38644428
27587887;27588606;103;38644429
27587888;27587716;29;38499649
27587888;27587926;4;39315566
27587892;27587972;19;38812391
27587894;27587602;36;39412077
27587895;27587516;46;37616935
27587898;27587556;106;39622702
27587898;27587803;14;39622817
27587899;27587687;27;39671089
27587899;27587834;33;39592141
27587899;27587949;4;39671088
27587902;27587743;21;38711912
27587902;27587743;99;38711918
27587902;27588066;19;38711911
27587903;27586728;138;37603659
27587903;27588307;86;39200375
27587903;27588307;49;37603656
27587905;27587571;44;38892484
27587905;27587749;32;38892481
27587905;27588495;82;38892488
27587912;27588005;13;38812483
27587914;27587215;144;37515876
27587914;27588326;58;37515867
27587920;27587711;23;38713624
27587920;27588033;11;38713621
27587920;27588255;66;38713603
27587922;27587117;152;38698253
27587923;27587082;109;37515953
27587923;27587816;63;37515935
27587926;27588022;12;39315569
27587927;27587883;29;37544459
27587928;27587716;42;38499648
27587928;27588022;40;38499652
27587937;27589067;152;39541820
27587940;27587507;61;39409845
27587940;27588016;30;38767064
27587940;27588198;84;37933394
27587945;27587219;84;39630818
27587945;27588421;61;39630815
27587945;27589262;214;39630835
27587947;27587805;13;38591008
27587947;27588019;34;38590997
27587947;27588121;55;38591005
27587949;27587899;4;39671087
27587949;27588009;7;39671086
27587950;27587643;54;37932667
27587955;27587923;15;37515934
27587955;27589014;141;37515937
27587957;27587722;25;39591989
27587958;27587721;25;39591984
27587962;27587437;58;39622833
27587962;27588592;82;37932654
27587972;27588066;25;38812390
27587972;27588189;25;38854148
27587973;27588111;126;37523598
27587973;27588243;49;38578830
27587983;27587344;73;38743038
27587983;27587973;5;38578832
27587989;27588184;50;39622807
27587990;27588688;141;39234485
27587992;27587655;35;39591958
27587992;27587995;93;39592031
27587992;27587995;11;39592034
27587995;27587817;20;39591978
27587995;27587992;11;39592033
27587995;27587992;93;39592032
27587997;27587507;85;38690426
27587997;27588088;15;38690425
27587998;27587208;116;37516841
27587998;27587834;22;37515858
27587998;27588328;58;37515855
27588002;27588106;18;38812344
27588005;27588202;42;37789585
27588005;27588299;36;37775238
27588009;27587949;7;39671085
27588009;27588115;14;39671096
27588009;27588496;69;39671110
27588010;27587475;97;38858056
27588010;27587848;15;39619739
27588012;27587793;117;38220325
27588012;27588256;30;38215178
27588015;27588174;40;39646478
27588016;27587940;30;38767065
27588016;27588353;60;37598676
27588016;27589177;164;37563137
27588019;27587805;36;38591030
27588019;27587947;34;38590998
27588019;27588185;29;38591029
27588020;27587087;102;37925089
27588020;27588072;34;37535721
27588020;27589982;255;37561865
27588022;27588609;86;39315568
27588024;27587870;15;37511661
27588024;27588406;83;37511658
27588026;27587983;6;38578831
27588026;27588225;49;37933393
27588032;27587927;84;39315570
27588033;27587920;11;38713622
27588033;27588098;8;38713617
27588035;27587374;91;38644426
27588035;27587474;62;39543136
27588036;27587650;48;39441051
27588036;27588203;24;39441050
27588038;27587303;83;37505690
27588045;27587495;147;38713619
27588045;27587495;99;38713608
27588045;27588146;18;38713616
27588053;27588589;75;37505685
27588059;27588026;10;38743036
27588060;27588421;85;39630828
27588062;27587016;132;38357713
27588062;27587857;43;37563228
27588062;27589656;220;38357710
27588066;27587902;19;38711910
27588066;27588464;141;38812389
27588072;27587299;118;37535719
27588072;27588020;34;37535722
27588072;27588838;157;39473458
27588073;27588124;13;37544454
27588074;27587888;231;39315565
27588080;27587927;17;37544457
27588080;27588099;82;37933407
27588088;27587997;15;38690424
27588088;27588151;12;38690423
27588093;27588080;2;37544456
27588095;27588101;14;39412061
27588095;27588430;59;39412072
27588098;27588033;8;38713618
27588098;27588300;68;38713609
27588098;27588300;42;38713627
27588099;27588074;4;39315567
27588101;27587111;109;39412085
27588101;27588430;44;39412082
27588106;27588163;10;38812343
27588106;27588185;14;38591024
27588110;27587342;88;37504990
27588110;27587870;102;37511673
27588110;27588176;26;37511670
27588111;27587973;126;37523597
27588114;27588093;5;37544455
27588115;27588009;14;39671095
27588116;27587747;81;37924194
27588116;27587852;63;37924197
27588116;27588210;17;39549809
27588118;27587664;52;37507557
27588119;27588198;23;38791371
27588121;27587947;55;38591006
27588122;27587588;58;39412065
27588122;27588095;12;38579631
27588123;27587647;60;37515982
27588123;27588715;133;37515872
27588123;27589061;139;37515981
27588124;27588114;10;37544453
27588124;27589039;132;37544452
27588125;27589083;131;38486704
27588134;27587840;67;39646475
27588145;27588428;77;39441055
27588145;27589100;156;39400048
27588146;27587711;82;38713605
27588146;27588045;18;38713615
27588146;27588255;17;38713614
27588150;27587572;63;39591956
27588151;27585438;334;38508066
27588151;27588088;12;38690422
27588151;27588862;200;38690421
27588163;27588341;25;38812363
27588174;27587432;114;39346040
27588174;27588363;56;39646474
27588176;27588110;26;37511671
27588176;27588222;9;37511668
27588176;27588262;12;39441133
27588183;27588256;31;38220323
27588183;27588302;62;38220320
27588183;27588313;17;38220315
27588184;27588260;10;37933414
27588184;27588563;134;37933401
27588185;27588019;29;38591028
27588185;27588106;14;38591025
27588185;27588233;11;38591022
27588189;27587109;313;37527609
27588198;27587940;84;37933395
27588198;27588119;23;38791372
27588198;27588225;136;37933390
27588201;27588009;22;39671107
27588202;27587341;127;39550294
27588202;27588234;6;39619735
27588203;27588036;24;39441049
27588203;27589040;118;37515978
27588205;27588222;18;39201559
27588205;27588484;53;38816226
27588205;27588614;136;39201562
27588209;27584801;485;39634524
27588209;27588379;27;39634511
27588210;27588116;17;39549808
27588211;27588189;9;37527608
27588211;27588650;165;38840238
27588213;27588233;22;38591040
27588214;27588471;37;39543127
27588216;27587201;124;39618808
27588221;27587457;84;39534701
27588222;27588176;9;37511669
27588222;27588205;18;39201558
27588222;27588262;11;39201557
27588224;27587746;72;37519278
27588224;27588268;225;37523600
27588224;27588268;7;37519275
27588225;27587419;89;38743045
27588225;27588026;49;37933392
27588225;27588198;136;37933391
27588228;27587416;99;39346034
27588231;27587643;116;37932650
27588233;27588185;11;38591023
27588233;27588213;22;38591039
27588233;27588294;10;38591015
27588233;27588341;42;38591014
27588234;27588202;6;39619736
27588234;27588481;44;37691439
27588241;27588376;21;39549160
27588243;27588059;44;38578833
27588243;27588600;51;37523607
27588251;27587573;79;39315571
27588251;27588458;29;39315588
27588255;27587920;66;38713604
27588255;27588146;17;38713613
27588255;27588300;29;38713612
27588256;27588012;30;38215177
27588256;27588183;31;38220324
27588256;27589248;131;38215176
27588260;27587898;89;39622816
27588260;27588919;95;37639617
27588262;27588222;11;39201556
27588262;27588480;47;38949881
27588262;27588484;32;39441136
27588268;27588224;7;37519276
27588268;27588224;225;37523599
27588268;27588670;109;37519273
27588274;27587596;75;39412069
27588274;27588303;11;39591972
27588275;27588278;17;38579629
27588275;27588431;22;39412087
27588278;27587655;127;38579601
27588278;27588275;17;38579630
27588278;27588433;22;38579627
27588294;27588233;10;38591016
27588294;27588335;27;38591017
27588294;27588439;34;38591011
27588295;27588298;10;39592014
27588298;27588301;13;39592013
27588299;27588234;31;38812479
27588299;27588481;25;39619741
27588300;27588098;68;38713610
27588300;27588098;42;38713628
27588300;27588255;29;38713611
27588301;27588303;14;39592012
27588302;27588183;62;38220319
27588302;27588308;28;38220318
27588302;27588380;12;38220347
27588303;27588274;11;39591971
27588303;27589267;127;39591976
27588307;27587903;86;39200376
27588307;27587903;49;37603657
27588307;27588437;53;39200377
27588308;27588302;28;38220317
27588308;27588313;230;38220314
27588308;27588313;15;38220322
27588310;27586629;209;39533807
27588312;27588551;148;38479713
27588313;27588183;17;38220316
27588313;27588308;15;38220321
27588313;27588308;230;38220313
27588314;27587949;234;38875237
27588314;27588201;16;39671109
27588317;27588035;35;39543135
27588326;27587647;138;37565552
27588326;27588655;80;37515874
27588326;27588715;63;37515866
27588328;27587382;134;37516842
27588328;27587998;58;37515856
27588328;27588544;50;37515853
27588329;27587704;75;38578980
27588329;27588423;14;38690416
27588329;27588562;82;39409861
27588331;27588210;36;39306687
27588334;27588010;46;37789553
27588334;27588299;10;39619734
27588335;27588294;27;38591018
27588341;27588233;42;38591013
27588341;27589076;108;38812362
27588353;27588016;60;37598675
27588353;27588512;21;37933431
27588353;27588808;88;37598674
27588362;27587078;165;39622831
27588362;27589068;95;39622828
27588363;27588832;126;37561861
27588365;27588331;11;39306685
27588365;27588882;79;39549811
27588374;27588134;67;39646483
27588376;27588228;21;39549157
27588376;27589600;157;39549163
27588377;27587793;69;38215146
27588377;27588380;26;38220338
27588377;27588825;57;38215145
27588379;27588209;27;39634512
27588379;27593157;690;37498851
27588380;27588302;12;38220346
27588380;27588377;26;38220337
27588380;27588825;69;38220345
27588389;27588010;50;37789559
27588389;27588334;17;39619737
27588399;27586156;269;39409854
27588399;27588820;54;39409853
27588406;27588024;83;37511659
27588406;27588665;140;37515914
27588406;27588963;77;37511663
27588410;27588811;52;39536001
27588411;27585926;453;38597065
27588411;27585926;428;38597086
27588411;27588873;76;38597083
27588412;27588221;26;39536002
27588412;27588410;9;39536026
27588413;27587914;118;37515875
27588413;27588203;35;37515864
27588416;27588122;38;39412064
27588416;27588274;20;39412068
27588419;27587817;70;38579656
27588419;27588445;79;38579599
27588419;27588741;42;38579633
27588421;27587945;61;39630816
27588421;27588060;85;39630827
27588421;27589029;157;39630759
27588422;27587113;174;37933460
27588422;27587474;135;39528801
27588423;27588329;14;38690415
27588423;27588608;49;37932659
27588426;27587894;64;39412093
27588426;27587894;82;39412073
27588427;27587602;97;39412084
27588427;27588426;14;39412074
27588428;27588538;31;37515962
27588428;27588544;54;37775607
27588429;27587348;125;39412083
27588429;27588427;14;39412071
27588430;27588429;14;39412075
27588431;27588432;18;39411949
27588431;27588801;48;39412086
27588432;27588221;33;39536032
27588432;27588412;9;39411691
27588433;27588278;22;38579628
27588433;27588431;16;39411948
27588433;27588804;48;38579625
27588437;27588307;53;39200378
27588439;27588294;34;38591012
27588445;27588419;79;38579598
27588445;27588433;40;39411947
27588458;27587928;68;38499647
27588458;27588609;23;39315587
27588459;27588093;53;37933436
27588459;27588099;80;38185376
27588461;27586900;218;37616874
27588461;27587696;115;38892480
27588461;27588913;68;37616873
27588464;27588474;20;37630532
27588471;27588472;154;37558796
27588471;27589079;84;39543126
27588472;27588422;8;39528803
27588474;27586813;209;38444086
27588474;27588551;12;37630531
27588479;27588334;20;39619738
27588479;27588481;9;39619740
27588480;27588110;50;37504989
27588480;27588262;47;38949880
27588480;27588894;85;37505861
27588481;27588545;12;38812480
27588481;27589202;391;38812477
27588484;27588971;68;39441135
27588494;27588374;35;39646482
27588495;27587905;82;38892487
27588496;27588314;31;39671108
27588496;27588601;15;39671082
27588507;27588389;18;38854184
27588507;27588479;26;37775242
27588512;27588353;21;37933432
27588512;27588827;58;37933410
27588512;27588827;79;37933429
27588522;27588024;103;39317599
27588525;27588374;26;39346045
27588538;27588428;31;37515963
27588538;27589298;143;37515960
27588538;27589669;196;37517315
27588539;27587844;96;37515942
27588539;27587955;108;37515933
27588544;27588328;50;37515854
27588544;27588428;54;37775608
27588545;27588479;9;38854172
27588545;27589295;108;38854185
27588548;27588399;48;37933440
27588551;27588312;148;38479714
27588551;27588626;12;37630530
27588562;27588548;26;37933439
27588562;27588668;14;39409860
27588563;27587962;81;37932655
27588563;27588592;8;37933400
27588565;27588494;25;37510302
27588565;27588575;24;39346032
27588567;27588038;74;37505689
27588575;27588525;18;39346033
27588575;27588642;17;39346031
27588589;27588915;43;37505684
27588591;27588688;31;37779986
27588592;27588706;35;37933399
27588600;27588243;51;37523608
27588600;27588709;14;37523605
27588600;27588709;114;37523632
27588601;27588496;15;39671081
27588601;27588782;31;38423549
27588601;27588828;27;39671084
27588606;27587887;103;38644430
27588608;27588423;49;37932660
27588608;27588747;17;37932657
27588609;27589520;128;39315596
27588614;27588205;136;39201563
27588614;27589197;106;39201560
27588614;27589412;146;37510247
27588624;27587360;155;37505455
27588624;27588657;7;37505454
27588626;27588646;36;37630528
27588626;27588867;75;37630535
27588642;27588525;17;39346044
27588642;27589274;80;39346043
27588646;27588464;29;37630529
27588646;27588650;5;37527607
27588648;27588859;26;39533806
27588650;27588211;157;37527606
27588650;27588211;165;38840237
27588655;27588326;80;37515873
27588657;27588624;7;37505453
27588657;27588675;11;37505452
27588665;27587895;111;37516689
27588665;27588907;99;37515913
27588668;27588423;81;37544442
27588668;27588824;76;38690417
27588670;27588268;109;37519274
27588670;27590013;329;39594989
27588675;27588657;11;37505451
27588675;27588761;142;37505450
27588688;27587990;141;39234484
27588688;27588591;31;37779985
27588688;27588810;45;37779984
27588688;27589106;61;37791252
27588689;27588608;16;37932656
27588689;27588747;13;39409865
27588690;27589137;100;38579611
27588706;27588689;24;39409862
27588706;27588792;25;37933398
27588709;27588600;114;37523633
27588709;27588600;14;37523606
27588709;27589125;56;37523603
27588715;27589229;117;37515871
27588715;27589316;90;37515865
27588732;27588310;69;39626893
27588741;27588419;42;38579632
27588741;27588880;16;39591961
27588742;27588260;162;38999617
27588742;27588826;16;37933413
27588747;27588846;29;39409864
27588761;27588675;142;37505449
27588761;27589047;48;37775135
27588765;27588548;28;38690414
27588765;27588668;34;39409851
27588782;27588761;16;39680752
27588792;27588689;12;38829860
27588792;27588879;12;37933397
27588795;27589110;225;38347686
27588800;27589029;32;39630782
27588801;27588804;16;38579644
27588804;27588433;48;38579626
27588804;27588815;44;38579642
27588804;27588972;24;38579623
27588805;27588432;48;39536031
27588805;27588801;17;38579643
27588806;27588624;21;37775136
27588806;27588675;24;37775138
27588808;27588353;88;37598673
27588808;27588827;22;37933409
27588808;27589123;103;37598672
27588810;27588688;45;37779983
27588810;27588952;43;37779982
27588811;27588816;8;39536033
27588811;27588983;24;39411699
27588815;27588445;172;39411955
27588815;27588877;66;38579646
27588816;27588412;52;38812397
27588816;27588805;8;39735793
27588820;27588399;54;39409852
27588820;27588862;5;39409857
27588824;27588765;17;39409850
27588825;27588377;57;38215144
27588825;27588380;69;38220344
27588825;27589323;64;38215143
27588826;27589276;66;37639622
27588827;27588512;58;37933411
27588827;27588512;79;37933430
27588827;27588808;22;37933408
27588828;27588601;27;39671083
27588828;27588965;21;37515848
27588829;27588251;77;38499627
27588829;27588458;47;38499646
27588832;27589097;81;39646481
27588835;27587856;129;37554187
27588835;27589433;84;39533707
27588838;27588072;157;39473459
27588846;27588936;40;39409863
27588858;27588806;8;37775137
27588859;27588985;23;39533805
27588859;27589876;154;37510320
27588862;27588151;200;38690420
27588862;27588820;5;39409856
27588862;27588824;13;39409849
27588862;27588908;8;37932664
27588867;27588626;75;37630536
27588873;27585870;558;39314698
27588873;27588411;76;38597084
27588873;27589528;116;39314695
27588877;27588815;66;38579645
27588877;27588880;11;38579648
27588877;27589303;62;38579637
27588879;27588887;9;38999616
27588879;27589055;66;39622805
27588880;27588741;16;39591962
27588880;27588877;11;38579647
27588882;27588365;79;39549812
27588887;27588742;41;38999615
27588887;27588792;10;38829859
27588894;27588480;85;37505860
27588894;27589066;57;37505711
27588905;27588858;14;37515956
27588905;27589215;118;38857470
27588907;27587712;153;37511652
27588907;27589067;75;37515912
27588907;27589390;64;37505116
27588908;27588862;8;37932663
27588908;27589017;16;37566216
27588909;27588567;44;37750089
27588913;27588461;68;37616872
27588913;27589106;57;37498678
27588913;27589117;33;37616871
27588915;27589024;15;37750095
27588919;27588260;95;37639618
27588919;27589529;187;39403166
27588919;27589705;126;37639613
27588925;27588565;98;37510301
27588936;27588998;21;37933403
27588936;27589113;27;39622834
27588952;27588810;43;37779981
27588952;27589061;46;37779980
27588952;27589589;85;37496753
27588956;27588507;67;38858055
27588963;27588406;77;37511662
27588963;27588894;58;38854180
27588965;27588782;33;39680751
27588965;27588828;21;37515847
27588965;27589047;12;39671092
27588971;27589890;120;39530925
27588972;27588804;24;38579624
27588972;27589194;38;38579621
27588972;27589811;125;38579653
27588976;27588829;22;38499645
27588982;27588805;28;39411697
27588982;27588816;24;38812396
27588983;27588982;8;39411696
27588983;27589041;8;39411698
27588985;27590065;160;37568029
27588985;27590202;265;37510316
27588998;27588846;79;37933412
27588998;27589148;67;37933402
27589008;27588909;14;37750083
27589013;27587612;183;39545822
27589013;27589083;43;37556151
27589014;27587955;141;37515938
27589014;27588539;129;37515941
27589017;27588908;16;37566217
27589017;27589069;7;39409858
27589017;27589123;84;38301303
27589019;27589125;38;38234845
27589024;27589713;88;37750086
27589029;27588421;157;39630760
27589029;27588800;32;39630781
27589029;27589080;28;39630755
27589031;27588472;97;39528800
27589031;27589401;175;37518602
27589039;27587789;218;38499630
27589039;27589486;60;37544451
27589040;27589100;14;38590689
27589040;27589164;23;37515977
27589041;27589271;28;39535999
27589047;27588965;12;39671091
27589047;27589165;21;39671094
27589047;27589199;22;37775134
27589054;27588118;129;39543121
27589054;27588317;99;37558797
27589055;27588879;66;39622806
27589055;27589113;22;38576735
27589061;27588123;139;37515980
27589061;27588952;46;37779979
27589061;27589316;129;37515971
27589065;27589014;32;37515940
27589065;27589618;69;39597315
27589066;27588963;15;39530930
27589066;27589136;103;39201555
27589067;27589205;53;37515911
27589067;27589616;73;37515952
27589068;27588362;95;39622829
27589069;27589017;7;39409859
27589069;27589254;25;37932666
27589070;27589252;36;38499622
27589075;27589393;52;38882980
27589076;27589326;32;38812361
27589076;27589327;31;37554183
27589079;27589401;40;39543123
27589080;27587035;286;39630757
27589080;27589029;28;39630756
27589080;27589678;103;39630838
27589083;27588125;131;38486703
27589083;27589013;43;37556150
27589083;27589090;5;37556149
27589090;27589083;5;37556148
27589097;27588732;130;37510323
27589097;27589330;53;39646479
27589100;27588145;156;39400047
27589100;27589298;34;38590688
27589106;27588688;61;37791251
27589106;27589362;31;37791250
27589110;27588795;225;38347687
27589113;27589055;22;38576736
27589113;27589290;45;38576733
27589117;27588913;33;37616870
27589117;27589367;32;37616869
27589123;27588808;103;37598671
27589123;27589634;63;38301304
27589125;27588709;56;37523604
27589125;27589019;38;38234846
27589125;27590013;125;37523601
27589127;27588976;21;38499644
27589136;27589236;19;39201554
27589137;27588690;100;38579612
27589137;27589138;17;39591983
27589137;27589543;49;38579609
27589138;27589137;17;39591982
27589138;27589140;18;39591981
27589138;27589588;54;39591966
27589140;27589138;18;39591980
27589140;27589627;60;39591953
27589148;27589069;24;39622808
27589148;27589254;17;37566215
27589149;27585569;481;38734585
27589149;27586712;331;38892347
27589149;27589542;56;38892344
27589156;27589667;71;39442502
27589164;27589531;68;38875236
27589164;27589572;52;37515976
27589165;27589047;21;39671093
27589165;27589199;24;38423569
27589165;27590391;214;37511632
27589166;27587609;213;37510067
27589166;27590382;415;38578994
27589177;27588016;164;37563136
27589177;27589227;24;37563135
27589177;27589357;20;38690419
27589188;27589308;17;38950329
27589193;27588828;51;39671116
27589193;27588965;32;39671112
27589194;27588972;38;38579622
27589194;27589581;67;38579619
27589197;27588614;106;39201561
27589197;27589382;43;37511676
27589199;27589369;23;39671113
27589202;27589264;7;38823092
27589202;27589277;118;38823087
27589202;27589277;30;38812478
27589205;27587816;184;37515929
27589205;27589065;82;37515939
27589205;27589406;33;37515910
27589206;27589188;8;38950331
27589209;27587458;521;38419996
27589209;27589632;61;39496805
27589209;27589916;176;38419993
27589210;27588963;130;38854179
27589215;27588905;118;38857471
27589223;27588956;38;37505862
27589223;27589295;29;38812475
27589227;27589177;24;37563134
27589227;27589258;18;37563133
27589227;27589357;27;37933458
27589229;27588413;128;37515863
27589231;27588545;317;37510233
27589231;27589264;103;38823089
27589236;27589283;11;39201553
27589236;27590702;270;37505760
27589239;27589031;39;39528799
27589248;27588256;131;38215175
27589248;27589661;50;37558406
27589249;27589667;107;38347684
27589252;27589520;52;39630851
27589254;27589426;23;37932665
27589258;27589227;18;37563132
27589258;27589491;33;37563131
27589261;27588295;136;39592039
27589261;27588298;127;39591997
27589262;27587945;214;39630836
27589262;27589442;23;39630780
27589264;27589202;7;38823091
27589264;27589231;103;38823090
27589264;27589231;79;37510234
27589265;27588301;127;39591977
27589265;27589261;14;39592038
27589267;27588303;127;39591975
27589267;27589265;14;39592037
27589268;27588416;111;39351615
27589268;27589267;11;39592036
27589271;27588982;36;39536005
27589271;27590648;184;39536003
27589274;27588642;80;39346042
27589276;27588826;66;37639621
27589276;27589475;36;37639623
27589276;27589705;82;37639620
27589277;27589202;118;38823088
27589277;27589744;86;38812476
27589283;27589210;8;37750076
27589283;27589704;80;39201552
27589284;27588905;87;37515955
27589284;27589206;12;38950330
27589284;27590564;189;39673535
27589286;27589289;105;39411951
27589286;27589307;14;39411952
27589288;27589193;13;39671111
27589289;27589286;14;39411954
27589290;27589113;45;38576734
27589290;27589338;10;38576731
27589290;27589388;13;37639616
27589295;27588956;42;37775239
27589295;27589814;67;37775240
27589298;27588538;143;37515961
27589298;27589572;51;37515958
27589303;27589289;19;39411953
27589303;27589307;51;38579635
27589307;27589194;51;38579636
27589308;27589370;13;38950328
27589308;27589413;14;38950326
27589316;27589061;129;37515970
27589316;27589457;79;37515969
27589323;27588825;64;38215142
27589323;27589248;82;37558407
27589323;27589717;49;38215141
27589324;27589127;20;38499643
27589326;27590502;215;38812360
27589327;27589326;26;37554792
27589327;27589419;14;37554797
27589330;27589598;76;37510305
27589338;27589290;10;38576732
27589338;27589426;28;39622809
27589347;27589223;53;38859749
27589347;27589420;12;39734450
27589357;27589177;20;38690418
27589357;27589227;27;37933459
27589357;27589707;57;37933456
27589359;27588480;116;38816228
27589360;27589400;28;39597323
27589362;27589106;31;37791249
27589362;27589117;59;37496759
27589367;27589117;32;37616868
27589367;27589587;59;38892821
27589367;27589687;45;37616867
27589369;27589288;9;37516773
27589369;27589468;20;37791268
27589369;27589511;19;39441141
27589370;27589284;17;38950327
27589372;27589909;90;37639603
27589380;27589288;15;39671097
27589382;27589347;16;38859748
27589388;27588887;145;38999614
27589388;27589290;13;37639615
27589388;27589909;91;37639612
27589390;27588907;64;37505115
27589390;27589476;15;37505755
27589393;27589075;52;38882979
27589393;27589412;4;38882978
27589393;27589551;30;38817875
27589400;27589360;28;39597324
27589400;27589590;25;39597319
27589401;27590119;102;39543122
27589402;27589239;30;38499623
27589404;27589512;195;38499628
27589406;27589454;7;39641160
27589406;27589618;74;37515907
27589409;27589197;29;39530918
27589409;27589768;67;39734447
27589412;27589393;4;38882977
27589412;27590037;111;38882976
27589413;27589370;11;37515909
27589413;27589729;40;38950325
27589416;27589362;25;37496758
27589416;27590042;106;37498511
27589418;27588925;132;37510300
27589419;27589327;14;37554798
27589419;27589509;12;39620702
27589419;27589970;78;37554793
27589420;27589347;12;39734451
27589420;27589563;19;39734448
27589426;27589338;28;39622810
27589426;27589450;6;37933386
27589433;27588835;84;39533708
27589433;27589848;56;39533705
27589442;27589262;23;39630779
27589442;27589621;91;39630794
27589442;27589784;128;39630789
27589443;27589324;17;38499642
27589450;27589426;6;37933387
27589450;27589719;68;39409866
27589454;27589406;7;39641161
27589454;27589536;11;39641162
27589457;27589316;79;37515968
27589457;27589568;44;37515967
27589457;27591188;289;37516828
27589468;27589518;16;37791267
27589469;27589567;18;39351621
27589475;27589276;36;37639624
27589475;27589544;126;39409869
27589476;27589605;47;37505756
27589476;27589779;39;38854183
27589479;27589402;17;39528798
27589479;27589483;17;39528807
27589483;27589404;21;38499638
27589485;27589413;17;37515908
27589485;27589729;34;38423541
27589486;27589655;22;37544450
27589486;27589806;92;39316482
27589488;27589569;118;38347688
27589491;27589258;33;37563130
27589491;27589785;40;37563129
27589492;27589382;20;39200374
27589492;27589409;16;39530917
27589501;27589883;83;38216744
27589508;27589390;16;38854181
27589509;27589419;12;39620703
27589511;27589369;19;39441142
27589511;27589468;17;39590728
27589511;27589595;10;39671114
27589512;27589443;8;38499641
27589515;27588810;93;37496754
27589515;27589416;38;37496757
27589518;27589380;24;39680084
27589518;27590637;228;39441144
27589520;27589734;48;38499625
27589528;27588873;116;39314696
27589528;27590271;136;39314719
27589528;27590372;174;38597072
27589529;27588919;187;39403165
27589529;27590109;80;37639608
27589531;27589164;68;38875235
27589536;27589454;11;39641163
27589536;27589802;37;39641164
27589542;27589149;56;38892345
27589542;27589883;49;39634203
27589543;27589137;49;38579610
27589543;27589588;17;39591995
27589543;27589745;87;38579607
27589544;27589475;126;39409868
27589546;27589590;24;39597317
27589551;27589393;30;38817876
27589563;27589420;19;39734449
27589567;27589469;17;39351620
27589567;27589608;5;39411694
27589568;27589229;50;37515862
27589568;27589457;44;37515966
27589568;27589995;92;37515965
27589569;27589488;118;38347689
27589572;27589298;51;37515959
27589572;27589995;83;39441057
27589572;27590120;88;39441154
27589581;27589194;67;38579620
27589581;27589586;35;38579594
27589581;27589773;29;38579617
27589586;27589581;35;38579595
27589587;27589362;34;37516814
27589587;27589367;59;38892822
27589588;27589138;54;39591965
27589588;27589543;17;39591996
27589588;27589627;13;39591993
27589589;27589515;29;37496756
27589590;27589400;25;39597320
27589590;27589546;24;39597318
27589590;27589856;42;39597321
27589595;27589511;10;39671115
27589595;27590538;181;39214933
27589598;27589876;76;39536009
27589600;27588376;157;39549164
27589600;27589831;31;39549161
27589602;27589669;62;39596841
27589605;27589210;75;38854178
27589608;27589567;5;39411695
27589608;27589772;98;38579613
27589608;27589948;50;39411692
27589616;27589674;14;39641173
27589616;27589733;16;37515951
27589618;27589065;69;39597316
27589618;27589828;90;37515906
27589618;27589975;52;37516769
27589621;27589442;91;39630793
27589621;27589678;35;39630792
27589621;27590348;118;39630814
27589622;27589492;15;39200373
27589627;27589140;60;39591952
27589627;27589588;13;39591994
27589632;27589209;61;39496806
27589634;27589785;122;37523613
27589644;27589529;109;38215166
27589655;27589875;34;37544449
27589655;27589878;35;38499626
27589656;27588062;220;38357711
27589656;27589901;89;39533758
27589656;27590482;125;38357708
27589657;27590333;113;39496808
27589658;27589644;17;38215161
27589661;27589658;10;37639606
27589661;27589717;83;37558405
27589667;27589156;71;39442501
27589667;27589249;107;38347685
27589667;27589744;17;38347682
27589669;27589602;62;39596842
27589669;27590250;124;37517314
27589674;27589616;14;39641172
27589674;27589726;13;39641166
27589674;27589802;75;39641171
27589678;27589080;103;39630837
27589678;27589621;35;39630791
27589678;27590348;180;39630784
27589679;27590286;110;37520097
27589687;27589367;45;37616866
27589687;27589765;12;37616865
27589687;27589892;63;37516826
27589690;27590892;177;38185386
27589702;27589008;88;37505693
27589703;27588310;208;39346109
27589704;27589779;32;37505753
27589704;27589930;47;38854177
27589705;27588919;126;37639614
27589705;27589276;82;37639619
27589705;27589909;254;37639609
27589707;27589357;57;37933457
27589707;27589708;38;39409910
27589707;27589891;26;37933454
27589708;27589491;52;37523635
27589708;27589707;38;39409911
27589710;27589418;76;37510303
27589713;27590281;84;37505683
27589717;27589323;49;38215140
27589717;27590123;60;38215139
27589719;27589450;68;39409867
27589719;27589634;26;37523614
27589719;27590321;99;37932658
27589726;27589674;13;39641167
27589729;27590287;80;38844269
27589733;27589805;23;39641158
27589733;27589865;19;37515950
27589734;27590049;148;37520079
27589734;27590211;123;38499624
27589737;27589061;85;37516822
27589737;27589589;65;37496755
27589744;27589667;17;38347683
27589744;27589781;8;39530928
27589744;27590185;164;38987105
27589745;27589268;58;39351614
27589745;27589543;87;38579608
27589745;27589772;28;39412368
27589756;27589479;54;39528802
27589757;27589963;49;39496804
27589765;27589687;12;37616864
27589765;27590327;83;38875245
27589768;27589409;67;39734446
27589772;27589608;98;38579614
27589772;27589745;28;39412369
27589772;27590028;140;39412370
27589773;27589581;29;38579618
27589773;27589976;39;38579615
27589773;27590150;71;39592035
27589779;27589508;39;37505754
27589779;27589605;38;37505709
27589779;27589930;24;38854182
27589781;27589264;109;37510232
27589784;27589442;128;39630790
27589784;27590006;47;39630787
27589784;27590006;50;39630812
27589785;27589491;40;37563128
27589785;27589971;57;37523612
27589798;27589710;26;37505826
27589802;27589536;37;39641165
27589802;27589674;75;39641170
27589805;27589733;23;39641159
27589806;27589486;92;39316483
27589807;27589622;27;39200372
27589807;27589821;40;39530927
27589811;27588972;125;38579654
27589811;27589813;6;38579596
27589811;27590451;161;38579651
27589813;27589811;6;38579597
27589814;27589295;67;37775241
27589814;27589807;75;37775243
27589814;27589854;93;38172601
27589814;27590464;99;38620431
27589821;27589622;37;39530931
27589821;27590037;111;37511675
27589825;27589756;10;37933374
27589828;27589856;19;37515905
27589828;27590312;75;37516692
27589829;27588925;162;37510321
27589831;27589600;31;39549162
27589831;27589982;37;39346038
27589832;27589781;11;39530926
27589833;27589013;105;39545821
27589837;27589861;116;38172596
27589837;27589929;258;38172595
27589837;27590167;50;38620455
27589846;27589359;65;39201564
27589846;27589890;39;37750112
27589848;27589433;56;39533706
27589848;27589970;53;37554796
27589848;27590474;97;37535728
27589853;27589833;10;39533773
27589853;27590029;27;37527581
27589854;27589814;93;38172600
27589854;27589861;7;38172599
27589854;27590404;123;38817121
27589856;27589590;42;39597322
27589856;27589870;58;37515903
27589861;27589837;116;38172597
27589861;27589854;7;38172598
27589861;27590284;65;37561109
27589865;27590078;76;39641154
27589865;27590893;156;37515949
27589870;27589485;100;37515904
27589875;27590495;98;37544448
27589876;27590414;168;37510304
27589878;27589875;30;37606632
27589878;27590587;140;37606633
27589880;27589832;14;37510490
27589883;27589501;83;38216745
27589883;27589542;49;39634204
27589883;27590949;155;39634201
27589890;27590124;35;39201566
27589891;27589707;26;37933455
27589892;27589587;44;37516813
27589892;27589687;63;37516825
27589901;27589853;19;38587940
27589901;27590029;22;37563229
27589909;27589372;90;37639604
27589909;27589388;91;37639611
27589909;27589705;254;37639610
27589916;27589166;98;37510066
27589916;27589209;176;38419994
27589916;27590257;154;39665729
27589926;27590436;76;37520106
27589929;27589837;258;38172594
27589929;27589880;15;37510489
27589930;27590225;45;39201551
27589941;27589967;52;39533833
27589946;27590015;25;38301308
27589946;27590033;15;39597148
27589946;27590196;70;39597147
27589948;27589608;50;39411693
27589948;27589956;4;39351623
27589951;27589798;27;37510319
27589951;27590575;99;39625763
27589955;27589980;45;38215158
27589956;27590019;18;39351622
27589958;27589880;15;38823095
27589958;27589929;20;38172604
27589963;27589757;49;39496803
27589963;27590116;23;37523630
27589967;27589941;52;39533832
27589967;27590066;35;39533831
27589967;27590072;17;39533825
27589970;27589419;78;37554794
27589970;27589848;53;37554795
27589970;27590954;204;37554185
27589971;27589708;43;37523634
27589971;27590228;178;37523611
27589975;27589618;52;37516770
27589975;27590218;62;39641169
27589976;27589773;39;38579616
27589976;27590052;17;39351613
27589980;27589955;45;38215157
27589980;27590169;51;38215156
27589980;27590677;111;38215174
27589982;27588020;255;37561864
27589982;27589831;37;39346039
27589982;27590825;138;38135132
27589990;27589508;64;37505710
27589990;27589779;38;37505708
27589993;27589832;41;37511679
27589993;27590005;20;38172603
27589995;27589568;92;37515964
27589995;27589572;83;39441058
27589995;27590105;32;37515987
27590005;27589958;18;38172602
27590005;27590703;96;38357617
27590006;27589784;47;39630788
27590006;27589784;50;39630811
27590006;27590348;108;39630785
27590008;27589703;56;39398709
27590008;27589829;29;39534708
27590009;27589976;13;39412373
27590013;27589125;125;37523602
27590013;27590148;207;37523617
27590015;27589719;49;39409873
27590015;27589946;25;38301307
27590019;27590009;18;39412372
27590028;27589956;10;39351619
27590028;27590019;14;39412371
27590029;27590700;94;37527580
27590033;27589946;15;39597149
27590033;27590196;70;38301305
27590034;27589951;13;37510318
27590037;27589412;111;38882975
27590037;27589821;111;37511674
27590037;27591903;343;38504662
27590042;27590194;68;37498510
27590042;27591751;253;37516829
27590047;27589798;82;37505825
27590047;27590633;109;38764539
27590049;27588459;229;37933435
27590052;27590009;7;39351617
27590052;27590121;31;39351612
27590058;27590985;165;38135160
27590062;27590064;72;38713630
27590064;27590062;72;38713631
27590065;27590390;59;37568028
27590065;27591215;220;37510312
27590066;27589967;35;39533830
27590066;27590034;25;39346035
27590069;27589054;138;39543125
27590072;27589967;17;39533826
27590072;27590293;65;39533835
27590073;27590167;60;37561111
27590078;27589865;76;39641155
27590078;27590354;45;39641156
27590085;27589846;36;39201565
27590095;27589993;58;37511678
27590105;27590120;93;37515986
27590105;27590429;58;37517321
27590109;27589529;80;37639607
27590116;27590325;35;37523629
27590116;27590376;40;37523620
27590118;27589756;103;37933372
27590119;27592005;274;37507556
27590120;27589572;88;39441153
27590120;27590250;22;39441152
27590121;27589745;171;39351611
27590121;27590028;14;39351618
27590123;27589717;60;38215138
27590123;27590169;57;38215152
27590123;27590607;64;38215137
27590124;27590184;17;37750094
27590124;27591396;191;39201567
27590144;27590095;27;37511677
27590148;27590013;207;37523616
27590148;27590265;23;37523609
27590150;27590157;4;39591951
27590150;27590256;16;38579641
27590157;27590052;15;39351616
27590157;27590217;31;39591948
27590158;27589825;79;39528811
27590167;27589837;50;38620454
27590167;27590073;60;37561110
27590167;27590601;61;38620453
27590169;27589980;51;38215155
27590169;27590488;44;38215151
27590171;27590257;82;39665728
27590171;27590924;266;38591863
27590184;27590085;20;37750093
27590184;27590240;20;37750087
27590185;27590198;40;38987107
27590185;27590311;27;38987104
27590194;27589737;78;37516821
27590196;27589946;70;39597146
27590196;27590033;70;38301306
27590198;27590289;70;37510251
27590198;27590311;26;37510249
27590198;27590424;34;38823093
27590202;27590034;24;37510317
27590202;27590066;29;39346037
27590211;27590357;36;37575729
27590217;27590157;31;39591949
27590217;27590221;19;39351605
27590218;27589975;62;39641168
27590218;27589975;62;39597314
27590219;27588216;316;37507347
27590221;27590217;19;39351606
27590221;27590227;25;39351603
27590225;27589990;37;37505707
27590225;27590732;86;37505706
27590227;27590221;25;39351604
27590227;27590232;11;39351601
27590227;27590544;82;39351610
27590228;27590148;48;37523615
27590228;27590265;42;37523610
27590232;27590227;11;39351602
27590232;27590236;16;39351599
27590236;27590232;16;39351600
27590240;27590085;24;39530921
27590240;27590702;63;39530924
27590243;27589719;163;38853355
27590250;27590120;22;39441151
27590250;27590442;34;39441150
27590256;27590313;30;39351609
27590256;27590421;24;38579640
27590257;27589916;154;39665730
27590257;27590551;129;37523628
27590257;27590908;227;37933319
27590265;27590477;51;39665726
27590271;27589528;136;39314720
27590271;27590372;25;39314717
27590271;27590435;65;39496801
27590273;27589702;85;37505692
27590281;27591541;191;37505682
27590284;27590761;70;37561108
27590286;27587433;408;37520095
27590286;27589679;110;37520098
27590286;27590915;94;37520094
27590287;27590299;103;37516772
27590287;27590812;73;38844268
27590289;27590198;70;37510252
27590289;27590417;37;39618829
27590293;27590072;63;39533834
27590299;27589870;63;37515923
27590299;27590312;92;37516771
27590311;27590198;26;37510250
27590311;27590337;8;39618825
27590311;27590424;21;38987103
27590312;27589828;75;37516693
27590312;27590552;31;39202822
27590313;27590221;25;39351608
27590321;27590364;86;39409909
27590322;27589995;57;39121854
27590325;27591563;221;37523625
27590327;27589765;83;38875244
27590327;27590367;38;37516824
27590327;27591004;97;38875243
27590330;27590436;36;39544930
27590331;27590158;56;38499637
27590333;27589657;113;39496807
27590333;27589916;60;37510065
27590337;27590144;53;39618818
27590337;27590311;8;39618826
27590343;27590666;52;38135156
27590348;27589621;118;39630813
27590348;27589678;180;39630783
27590348;27590006;108;39630786
27590354;27590078;45;39641157
27590357;27590375;23;37575728
27590357;27591027;187;37510050
27590364;27590485;35;37933385
27590364;27590511;17;37510032
27590367;27589892;77;37516812
27590367;27590327;38;37516823
27590369;27590243;35;38853354
27590369;27590590;30;39667138
27590370;27590118;60;37575730
27590370;27590331;20;37933373
27590372;27589528;174;38597071
27590372;27590271;25;39314718
27590372;27590435;11;39314715
27590375;27590478;71;38999710
27590375;27590736;95;37575727
27590376;27590325;31;38578987
27590376;27590439;8;38578880
27590380;27590665;58;39201578
27590382;27589166;415;38578995
27590382;27590171;158;39665727
27590387;27589595;118;39441140
27590387;27590538;48;37516779
27590390;27591135;117;39533810
27590391;27589165;214;37511631
27590391;27590473;13;37511630
27590391;27590629;65;38220352
27590392;27590015;57;39409872
27590392;27590321;31;39409908
27590392;27590511;122;39409871
27590404;27590513;18;38817120
27590404;27590530;62;39201409
27590406;27588310;325;37510315
27590407;27590896;87;39544976
27590414;27590749;92;37516526
27590417;27590219;45;39618810
27590421;27590313;30;39351607
27590421;27590544;13;38579639
27590424;27590745;53;38987102
27590425;27590015;72;37510037
27590425;27590392;36;37510040
27590429;27590105;58;37517320
27590429;27590322;28;37517319
27590435;27590271;65;39496802
27590435;27590372;11;39314716
27590435;27590491;9;39314713
27590436;27589926;76;37520105
27590436;27590330;36;39544929
27590436;27590881;62;39544928
27590439;27590376;8;38578881
27590439;27591222;139;38578878
27590439;27592365;359;37523618
27590442;27590250;34;39441149
27590442;27590576;21;39441148
27590442;27590805;87;37517317
27590444;27590997;127;39602063
27590446;27590369;18;38853353
27590446;27590672;32;39667140
27590451;27589811;161;38579652
27590457;27590243;34;37933389
27590457;27590590;30;39667149
27590460;27590095;101;38357619
27590460;27590337;21;39618814
27590464;27589814;99;38620430
27590464;27590655;25;38620429
27590470;27590477;80;37598670
27590470;27590668;65;39409907
27590473;27590391;13;37511629
27590473;27590531;7;37511628
27590473;27590564;44;38423540
27590474;27589848;97;37535729
27590474;27590571;12;37535726
27590477;27590382;121;39665725
27590477;27590470;80;37598669
27590478;27590612;18;38999712
27590478;27590612;98;38999709
27590482;27589656;125;38357709
27590482;27590577;48;37563230
27590482;27591294;130;38357706
27590485;27590457;13;37933388
27590485;27590566;12;37933384
27590488;27590581;12;38215164
27590488;27590607;56;38215150
27590491;27590435;9;39314714
27590491;27590819;129;38597081
27590491;27591287;187;39314707
27590495;27590540;11;37518604
27590495;27590967;69;37544447
27590496;27590666;43;39495776
27590502;27590747;72;38812359
27590502;27590835;53;37510248
27590511;27590566;33;39409870
27590511;27590621;15;37510031
27590513;27590464;14;38817118
27590513;27590655;29;38817119
27590530;27590404;62;39201410
27590531;27590473;7;37511627
27590531;27590688;29;37511626
27590531;27590728;67;38220354
27590532;27590392;15;38999637
27590532;27590554;35;37510030
27590538;27590715;45;37516778
27590540;27590049;71;37933434
27590540;27590561;17;37518603
27590544;27590632;13;38579638
27590547;27590897;118;39630848
27590551;27590558;11;37523627
27590551;27590662;143;38302852
27590552;27590218;77;39597313
27590552;27590842;43;39202821
27590553;27590370;38;37510051
27590554;27590582;50;37510029
27590558;27589963;187;37523626
27590558;27590333;28;37510064
27590561;27589825;157;37933377
27590563;27590194;59;37516820
27590564;27589284;189;39673536
27590564;27590473;44;38423539
27590564;27590760;31;39673533
27590566;27591049;171;39607848
27590571;27590474;12;37535727
27590571;27590616;31;39533739
27590571;27590926;57;37535724
27590575;27589951;99;39625762
27590575;27590602;7;39625758
27590575;27590837;66;39625755
27590576;27590442;21;39441147
27590576;27590832;57;39441146
27590577;27590675;53;38592325
27590577;27591407;130;37563233
27590581;27590488;12;38215165
27590581;27590660;12;38215162
27590582;27590826;269;37510024
27590582;27591029;151;37510046
27590586;27590289;39;39618828
27590586;27590417;40;39618809
27590587;27589878;140;37606634
27590587;27590846;39;37606631
27590590;27590369;30;39667139
27590590;27590457;30;39667148
27590590;27590672;19;39667147
27590601;27590167;61;38620452
27590601;27590665;9;38620451
27590601;27590821;100;38620433
27590602;27590575;7;39625759
27590602;27590633;10;39625756
27590602;27590837;40;39625761
27590607;27590123;64;38215136
27590607;27591214;96;37566219
27590612;27590736;21;38999711
27590613;27590460;21;39618813
27590614;27590532;116;37510028
27590614;27590679;29;37510034
27590616;27590474;32;39533738
27590616;27590642;13;39533736
27590621;27590614;8;37510027
27590621;27590787;26;37933396
27590629;27590391;65;38220353
27590632;27590232;99;39591988
27590633;27590602;10;39625757
27590633;27590873;40;38764538
27590637;27589518;228;39441143
27590637;27590832;44;39680086
27590638;27590907;41;38695671
27590640;27590446;38;38853352
27590640;27590785;31;39667136
27590642;27590616;13;39533737
27590648;27589271;184;39536004
27590648;27590868;33;39536000
27590655;27590464;25;38620428
27590655;27591259;144;39202816
27590660;27590581;12;38215163
27590660;27590677;5;38215171
27590662;27590551;143;38302853
27590663;27590621;23;37510026
27590663;27590787;28;37510033
27590665;27590380;58;39201577
27590665;27590601;9;38620450
27590665;27591047;64;38620449
27590666;27590343;52;38135155
27590666;27590496;43;39495775
27590666;27590755;19;38135154
27590667;27590532;19;38999636
27590667;27590554;43;37510035
27590668;27590470;84;38695676
27590668;27590783;54;39409905
27590672;27590446;32;39667141
27590672;27590590;19;39667146
27590672;27590785;32;39667145
27590675;27590577;53;38592326
27590677;27589980;111;38215173
27590677;27590660;5;38215172
27590677;27590870;30;38215169
27590678;27590586;32;38823094
27590679;27590667;82;38999635
27590688;27590531;29;37511625
27590688;27590760;13;37511624
27590688;27591036;133;37516776
27590700;27591503;127;37527579
27590702;27590240;63;39530923
27590702;27590753;24;37750075
27590703;27590005;96;38357618
27590712;27589833;127;39545820
27590712;27590700;10;38591004
27590715;27591036;62;37516777
27590728;27590531;67;38220355
27590731;27590425;315;37510039
27590732;27590225;86;37505705
27590732;27590800;13;37505704
27590732;27590894;48;37505757
27590736;27590587;41;37520092
27590736;27590778;17;37575726
27590737;27590540;30;37933433
27590737;27590561;30;37591941
27590744;27590678;27;37507348
27590745;27590999;44;39618815
27590747;27590817;26;37507339
27590749;27590861;17;39536028
27590749;27591281;168;39536011
27590753;27589283;252;37750074
27590754;27590047;203;37505824
27590755;27590666;19;38135153
27590755;27590825;16;38135142
27590755;27590985;46;38135152
27590758;27590663;30;37510025
27590760;27590564;31;39673534
27590760;27590688;13;37511623
27590760;27590812;109;38907292
27590760;27591456;112;37555064
27590761;27590821;10;37561107
27590761;27591103;80;39201575
27590762;27591222;110;38600372
27590769;27590702;12;37505696
27590770;27591191;95;39234463
27590774;27590712;44;37563235
27590774;27590884;15;38587919
27590778;27590846;21;37575725
27590778;27591027;57;38999702
27590779;27590754;9;37505823
27590783;27590640;48;38853351
27590783;27590668;54;39409906
27590785;27590640;31;39667137
27590785;27590672;32;39667144
27590787;27590876;12;39594991
27590800;27590732;13;37505703
27590800;27591143;73;37505686
27590805;27590429;89;37517318
27590805;27591960;243;37517316
27590812;27590760;109;38907291
27590812;27590824;103;38907290
27590812;27591262;71;38844267
27590817;27590933;50;39618976
27590818;27590008;118;37510322
27590819;27590491;129;38597082
27590819;27590971;110;38597073
27590819;27591168;75;38597079
27590821;27590601;100;38620432
27590821;27591257;72;37561106
27590824;27590299;73;37515922
27590824;27590812;103;38907289
27590824;27590842;102;38907288
27590825;27589982;138;38135131
27590825;27590755;16;38135141
27590825;27591028;45;38135130
27590826;27590731;15;39630863
27590826;27590938;57;39630855
27590832;27590576;57;39441145
27590832;27590637;44;39680085
27590832;27591032;48;39441156
27590832;27591043;52;37515975
27590835;27590999;41;39618827
27590837;27590575;66;39625754
27590837;27590602;40;39625760
27590837;27590873;10;39625753
27590839;27590715;29;37775610
27590839;27590953;25;37775605
27590842;27590824;102;38907287
27590842;27590859;102;38907286
27590842;27591291;71;38844052
27590846;27590915;21;37575724
27590849;27590783;24;38853350
27590850;27590753;24;38974032
27590850;27590769;12;39530929
27590854;27590849;154;38591861
27590859;27590842;102;38907285
27590859;27590879;101;38907284
27590861;27590749;17;39536027
27590861;27590779;23;38812383
27590861;27591197;54;39536025
27590868;27591517;100;39412707
27590868;27591615;129;37527612
27590870;27590677;30;38215170
27590870;27590895;37;38215159
27590870;27591149;47;38215167
27590873;27590837;10;39625752
27590873;27591773;268;38764537
27590876;27590679;49;37510036
27590876;27590941;11;38999648
27590879;27590859;101;38907283
27590879;27590893;99;38907282
27590879;27591318;71;38620474
27590881;27590436;62;39544927
27590881;27590892;49;37520104
27590881;27590896;78;37520113
27590881;27591658;120;39544926
27590884;27590774;15;38587918
27590884;27590980;17;38587921
27590892;27589690;177;38185385
27590892;27590881;49;37520103
27590892;27591223;107;37520102
27590893;27590879;99;38907281
27590893;27590894;9;38907280
27590893;27591292;64;37515948
27590894;27590732;48;37505758
27590894;27590893;9;38907279
27590895;27590870;37;38215160
27590896;27590407;87;39544975
27590896;27590881;78;37520114
27590896;27591609;111;37520111
27590897;27590547;118;39630847
27590897;27590911;65;39602061
27590897;27591280;95;39602054
27590900;27590947;23;37523622
27590900;27590971;18;39314712
27590902;27590854;17;38591860
27590902;27590907;6;38695684
27590907;27590638;41;38695672
27590907;27590902;6;38695683
27590907;27590924;48;38695680
27590908;27590257;227;37933320
27590908;27590924;95;38695681
27590908;27590992;232;38695688
27590911;27590897;65;39602060
27590911;27590995;64;39630843
27590911;27591275;61;39602059
27590913;27590849;23;37558408
27590914;27592489;249;38875238
27590915;27590286;94;37520093
27590915;27591085;77;37575723
27590918;27591142;37;37519986
27590924;27590171;266;38591862
27590924;27590907;48;38695679
27590924;27590908;95;38695682
27590926;27590571;57;37535725
27590926;27590774;94;37563234
27590926;27592071;178;38812353
27590933;27590944;105;39200360
27590933;27591086;67;39618975
27590936;27590731;114;37510038
27590938;27591138;117;39630854
27590940;27590322;104;39121853
27590940;27591960;147;37517322
27590941;27590876;11;38999649
27590941;27590982;6;38999646
27590941;27591052;43;38999650
27590944;27590613;61;39618817
27590947;27591287;114;38597089
27590947;27591458;258;37523621
27590949;27589883;155;39634202
27590949;27591150;34;39634210
27590949;27592444;245;37859913
27590952;27590800;25;39201550
27590952;27590894;60;37505759
27590953;27590839;25;37775606
27590954;27589970;204;37554184
27590955;27590854;16;38695674
27590955;27590902;16;38302855
27590960;27590913;23;38695675
27590960;27591000;89;39607855
27590961;27591047;43;38620464
27590967;27591266;55;39569663
27590967;27591266;47;37544446
27590971;27590819;110;38597074
27590971;27590900;18;39314711
27590971;27591168;43;39314710
27590980;27590884;17;38587920
27590980;27591886;136;38486702
27590981;27590406;97;39346108
27590982;27590941;6;38999647
27590982;27591163;35;39594992
27590985;27590058;165;38135159
27590985;27590755;46;38135151
27590985;27591028;14;38135158
27590989;27590737;38;37933453
27590989;27590967;9;39569662
27590992;27590908;232;38695687
27590992;27591039;64;38597062
27590995;27590911;64;39630844
27590997;27590444;127;39602062
27590997;27591093;57;39499566
27590999;27590944;16;39618816
27590999;27591011;6;39618821
27590999;27591086;150;38987106
27591000;27590955;14;38302854
27591000;27590960;89;39607856
27591000;27591735;572;38695677
27591001;27590913;15;37510021
27591001;27590960;25;38695685
27591004;27590327;97;38875242
27591004;27591023;41;38892817
27591004;27591614;93;38875241
27591011;27590999;6;39618822
27591011;27591078;15;39618819
27591011;27591128;27;37836782
27591013;27591101;16;38591853
27591013;27591258;384;37510023
27591015;27591282;145;38215154
27591023;27590367;95;37516811
27591023;27591004;41;38892816
27591027;27591411;183;37510049
27591028;27590825;45;38135129
27591028;27590985;14;38135157
27591028;27591329;59;39549159
27591029;27591769;135;39403153
27591029;27592997;381;37510045
27591032;27590832;48;39441155
27591032;27591191;36;37791266
27591036;27591132;38;37516775
27591039;27591110;13;38597061
27591039;27591479;131;38597093
27591042;27591013;60;39607843
27591043;27590832;52;37515974
27591043;27591519;115;37515973
27591047;27590665;64;38620448
27591047;27590961;43;38620463
27591047;27591257;99;38620462
27591047;27591825;174;38620447
27591049;27591001;25;37510020
27591049;27591042;148;39607850
27591052;27590941;43;38999651
27591074;27590861;72;38812382
27591074;27591197;79;37623943
27591075;27591101;68;39607847
27591077;27590648;68;39536008
27591078;27591011;15;39618820
27591078;27591213;36;39618987
27591080;27590754;55;38660838
27591080;27590861;38;39315526
27591085;27590997;21;39499567
27591085;27591311;94;37575722
27591086;27592730;434;39618974
27591093;27591140;28;39499565
27591093;27591311;38;39499568
27591101;27590758;362;37510022
27591101;27591601;74;38591851
27591103;27590761;80;39201576
27591110;27590992;53;39607845
27591111;27590576;133;37517327
27591111;27591324;42;39234464
27591118;27591138;75;37520217
27591118;27591312;86;37520215
27591118;27591766;151;37520214
27591128;27591011;27;37836783
27591128;27591293;48;38823096
27591128;27591607;104;37836780
27591132;27590839;52;37775609
27591132;27591328;146;37516774
27591135;27591720;97;37510289
27591135;27592000;181;39533800
27591138;27591283;72;39630850
27591140;27591311;27;39602051
27591142;27590918;37;37519987
27591142;27591148;31;37519982
27591142;27592012;120;37519984
27591143;27591442;50;38857885
27591143;27591657;191;37505694
27591148;27591142;31;37519983
27591148;27591151;34;37520073
27591148;27591151;35;37520074
27591149;27590870;47;38215168
27591149;27591282;27;37557428
27591150;27590949;34;39634211
27591150;27593192;303;37518316
27591151;27591148;35;37520075
27591151;27591148;34;37520072
27591163;27590982;35;39594993
27591163;27591272;18;38999644
27591168;27590819;75;38597080
27591168;27590971;43;39314709
27591168;27591287;20;39314706
27591183;27590069;169;39398686
27591184;27590607;93;38215135
27591188;27590563;171;39121856
27591188;27591920;122;37516827
27591191;27590770;95;39234462
27591191;27591032;36;37791265
27591191;27592901;558;37791264
27591197;27591310;17;39536024
27591205;27590952;51;39201549
27591208;27591211;26;37510299
27591211;27591239;90;39533836
27591213;27591078;36;39618988
27591213;27591284;12;39201866
27591213;27591448;61;39618985
27591214;27591221;20;39630841
27591214;27591253;6;37566218
27591215;27591239;7;39533838
27591221;27591149;46;37557429
27591221;27591214;20;39630842
27591222;27590439;139;38578879
27591222;27590762;110;38600373
27591222;27591458;38;38578876
27591223;27590892;107;37520101
27591223;27591240;95;37520099
27591232;27591235;42;37598747
27591232;27591235;129;39405044
27591232;27591272;18;37598746
27591235;27591232;42;37598748
27591235;27591232;129;39405043
27591235;27591388;280;39403162
27591238;27591080;23;39315525
27591239;27591427;96;39533837
27591240;27590989;47;39569665
27591240;27591223;95;37520100
27591253;27591454;47;38215179
27591253;27591484;35;39630857
27591257;27591047;99;38620461
27591257;27591825;81;37561105
27591258;27591840;119;37510019
27591259;27590037;194;37510246
27591259;27590655;144;39202815
27591259;27591370;30;39202814
27591259;27591514;49;37561057
27591262;27591277;103;37516757
27591262;27591747;71;38844266
27591266;27591288;9;39038000
27591266;27592019;103;37544445
27591267;27590284;220;38620458
27591267;27591514;80;38817117
27591272;27591163;18;38999645
27591272;27591232;18;37598745
27591272;27593962;439;38999642
27591274;27590826;75;38999634
27591274;27590938;69;37558759
27591275;27590911;61;39602058
27591275;27591279;17;39602057
27591277;27590824;71;37515921
27591277;27591291;102;37516756
27591279;27591275;17;39602056
27591279;27591280;23;39602053
27591279;27591280;96;39630845
27591280;27590897;95;39602055
27591280;27591279;23;39602052
27591280;27591279;96;39630846
27591281;27591077;85;37527611
27591281;27591482;67;38812388
27591282;27591015;145;38215153
27591282;27591221;59;37557427
27591283;27591449;86;39630849
27591284;27591213;12;39201867
27591284;27591422;24;39201864
27591284;27591687;68;37840963
27591287;27590491;187;39314708
27591287;27590947;114;38597090
27591287;27591168;20;39314705
27591288;27590989;47;37933452
27591288;27591240;10;39569664
27591290;27591651;53;37616879
27591291;27591304;102;37516755
27591291;27591784;71;38844051
27591292;27591296;79;39201548
27591292;27591336;7;37515947
27591293;27591128;48;38823097
27591294;27590482;130;38357707
27591294;27591819;79;38357704
27591296;27591292;79;39201547
27591304;27590859;71;37516729
27591304;27591318;102;37516754
27591307;27591342;49;38311389
27591310;27591434;22;38871973
27591310;27591908;85;39536023
27591311;27591411;22;37575721
27591312;27591118;86;37520216
27591312;27591406;15;37542239
27591318;27590879;71;38620473
27591318;27591336;99;37516753
27591318;27591827;71;38620472
27591319;27591400;12;38817072
27591324;27591111;42;39234465
27591325;27591075;301;39607851
27591328;27590387;150;39441139
27591328;27591519;30;39093813
27591329;27591028;59;39549158
27591329;27591878;95;39549166
27591330;27591312;18;37542240
27591330;27591401;50;39630866
27591336;27591841;71;37515946
27591340;27591433;117;39434345
27591340;27591453;35;39434349
27591340;27591453;35;39434346
27591342;27591307;49;38311390
27591342;27591468;19;39670968
27591345;27591537;207;37510294
27591354;27591509;48;38871963
27591369;27591111;55;37517326
27591369;27591561;41;39234466
27591370;27591259;30;39202813
27591370;27591493;143;37561056
27591386;27590940;148;39121852
27591386;27591188;50;39121855
27591388;27591235;280;39403163
27591388;27591769;80;39403149
27591396;27591475;13;38856979
27591400;27591319;12;38817071
27591400;27591463;104;38817068
27591400;27591760;52;38817070
27591401;27591330;50;39630867
27591401;27591528;36;39630873
27591405;27591607;33;37836788
27591406;27591330;21;37542238
27591406;27591766;104;37520212
27591407;27591294;66;37563232
27591407;27592299;129;39621647
27591411;27591504;198;37510047
27591414;27591508;48;38591855
27591414;27591508;46;38591856
27591418;27591043;74;39441045
27591418;27591830;72;37516792
27591422;27591284;24;39201865
27591422;27591553;23;39201868
27591427;27591537;32;39533829
27591433;27591340;117;39434344
27591433;27591737;60;39434343
27591433;27591737;81;38577368
27591434;27591310;22;38871972
27591434;27591559;22;38871971
27591434;27591559;31;38871986
27591436;27591386;8;37516832
27591439;27591074;110;38812381
27591439;27591509;12;38871958
27591442;27591670;190;37750077
27591444;27592091;191;37510296
27591448;27591213;61;39618986
27591448;27591748;68;39200358
27591449;27591562;84;39630853
27591453;27591340;35;39434347
27591453;27591340;35;39434348
27591454;27590936;301;39630856
27591456;27590760;112;37555065
27591456;27591974;72;37555062
27591458;27591222;38;38578877
27591458;27591565;23;38578874
27591463;27591267;52;37561096
27591463;27591400;104;38817067
27591463;27591848;64;38817066
27591468;27591342;19;39670969
27591468;27591554;51;39670970
27591475;27591541;12;38856978
27591478;27591728;51;37836779
27591479;27591110;79;38302851
27591482;27591077;61;39536007
27591482;27591517;11;39536010
27591484;27591184;46;38215134
27591484;27591454;38;39403173
27591484;27591596;16;39403168
27591489;27591567;25;38871979
27591493;27591370;143;37561055
27591493;27591903;133;37561054
27591493;27592134;88;38620457
27591501;27590553;353;39403172
27591503;27591407;70;37563231
27591503;27592231;108;37527578
27591504;27591184;59;37557426
27591504;27591484;44;37510048
27591508;27591414;46;38591857
27591508;27591414;48;38591854
27591508;27591874;155;39434336
27591509;27591354;48;38871962
27591509;27591439;12;38871959
27591509;27591584;14;38871956
27591512;27591439;24;38812380
27591514;27591259;49;37561058
27591514;27591775;75;38817064
27591514;27592081;83;37561059
27591517;27591615;47;38999723
27591517;27591629;16;39536030
27591519;27591043;115;37515972
27591519;27591328;30;39093814
27591519;27591830;68;37516787
27591519;27592270;108;37623823
27591521;27591444;148;39398713
27591521;27592000;265;37510297
27591524;27591580;36;39244111
27591528;27591401;39;39630874
27591529;27591524;27;39244112
27591529;27591568;23;39536022
27591531;27591512;8;39412957
27591537;27591705;55;39533817
27591541;27591924;51;38812474
27591551;27591208;102;37510298
27591552;27590273;195;38974036
27591552;27590850;112;37505695
27591553;27591422;23;39201869
27591554;27591468;51;39670971
27591554;27591659;25;38591858
27591558;27591479;18;38302850
27591559;27591434;31;38871987
27591559;27591434;22;38871970
27591559;27591696;18;38871969
27591561;27591369;41;39234467
27591562;27591596;35;39630852
27591562;27591910;56;37520038
27591563;27591558;10;38302856
27591563;27591964;55;37523624
27591565;27591458;23;38578875
27591565;27591626;9;38578872
27591565;27591925;194;38597091
27591567;27591489;25;38871978
27591567;27591584;5;38871977
27591567;27591667;15;38871994
27591568;27591529;23;39536021
27591568;27591928;79;39536017
27591570;27591554;21;39670966
27591574;27591667;26;38871945
27591578;27591570;17;39670967
27591580;27592159;385;39244108
27591581;27592005;181;37520080
27591584;27591509;14;38871957
27591584;27591567;5;38871976
27591584;27591637;12;38871975
27591587;27591482;16;39536029
27591587;27591531;22;39412956
27591596;27591484;16;39403167
27591596;27591606;38;39403171
27591596;27591910;40;37520028
27591601;27591101;74;38591852
27591601;27591578;21;38591859
27591601;27591683;11;38591849
27591606;27591621;51;39403170
27591607;27591128;104;37836781
27591607;27591405;33;37836789
27591607;27591608;127;38620412
27591607;27591728;36;37836786
27591608;27591607;127;38620413
27591608;27591931;52;38620442
27591609;27590896;111;37520112
27591609;27591581;20;37520083
27591612;27591609;5;37520082
27591612;27592192;80;37520108
27591614;27591004;93;38875240
27591614;27592474;127;38875122
27591615;27591643;21;38999722
27591618;27591023;88;37516810
27591618;27591630;23;37516818
27591621;27591501;160;39403169
27591621;27591501;178;37932669
27591626;27591565;9;38578873
27591626;27591697;14;39670976
27591629;27591587;11;39412955
27591629;27592310;95;37659692
27591630;27591651;16;37516817
27591635;27591369;56;37517325
27591635;27591845;39;39234468
27591637;27591584;12;38871974
27591637;27591839;54;38871931
27591643;27591648;30;39536015
27591643;27591725;22;39536012
27591648;27591524;121;39750210
27591648;27591568;59;39536016
27591651;27591290;53;37616878
27591651;27591751;46;37516816
27591653;27591689;8;39533784
27591653;27591762;305;39533799
27591657;27591552;13;37505701
27591658;27590881;120;39544925
27591658;27591612;83;37520081
27591659;27591671;17;39670965
27591667;27591567;15;38871995
27591667;27591574;26;38871944
27591667;27591733;17;38871954
27591667;27591811;22;38871992
27591668;27591529;60;39536013
27591668;27591580;14;39412715
27591669;27591679;78;39592596
27591669;27591679;47;39592584
27591669;27591800;18;39592595
27591670;27591475;90;37505687
27591671;27591683;20;39670964
27591679;27591669;47;39592585
27591679;27591669;78;39592597
27591679;27591806;18;39592592
27591682;27591974;105;39204040
27591683;27591601;11;38591850
27591683;27591874;24;38591847
27591686;27590818;164;37510314
27591687;27591284;68;37840962
27591687;27592028;87;39618831
27591687;27592220;77;37840961
27591689;27591653;8;39533783
27591689;27591714;15;39533782
27591689;27591789;15;39533779
27591696;27591559;18;38871968
27591696;27592076;55;38871926
27591697;27591626;14;39670977
27591697;27591919;38;39670974
27591702;27591803;317;37519971
27591705;27593470;528;39533890
27591714;27591551;30;39200762
27591714;27591689;15;39533781
27591720;27592091;131;38823098
27591722;27591463;65;37561095
27591725;27591928;34;39412717
27591725;27592038;41;39536014
27591728;27591478;51;37836778
27591728;27591607;36;37836787
27591728;27592028;73;37836784
27591733;27591667;17;38871955
27591735;27591000;572;38695678
27591735;27591964;37;38695673
27591737;27591433;81;38577367
27591737;27591433;60;39434342
27591737;27591837;151;39434341
27591747;27591456;144;37516752
27591747;27592251;70;38844265
27591748;27591448;68;39200359
27591748;27592220;83;39618989
27591748;27592563;229;39200356
27591749;27591811;51;38871983
27591749;27591905;38;38871942
27591749;27592018;53;38871980
27591750;27591944;45;38390650
27591750;27592033;60;39630872
27591751;27591894;42;37516815
27591755;27591839;26;38871940
27591760;27591400;52;38817069
27591760;27591722;31;38620445
27591762;27591789;8;39533794
27591766;27591118;151;37520213
27591766;27591406;104;37520211
27591766;27592224;74;37520210
27591769;27593279;270;39403152
27591770;27591277;71;37515920
27591770;27591747;103;37516751
27591773;27591238;135;38764534
27591773;27592054;67;38764541
27591774;27592054;38;38764533
27591775;27591848;17;38817063
27591775;27591915;20;37691442
27591784;27591770;102;37516750
27591784;27592291;70;38844050
27591788;27592270;202;37516781
27591789;27592049;36;39533793
27591800;27591669;18;39592594
27591800;27591806;51;39592586
27591800;27591844;6;39592591
27591803;27591702;317;37519970
27591803;27591880;155;37933427
27591803;27592004;36;37933426
27591804;27591304;71;37516728
27591804;27591784;102;37516749
27591806;27591679;18;39592593
27591806;27591800;51;39592587
27591806;27591844;87;39592588
27591811;27591667;22;38871993
27591811;27591749;51;38871982
27591811;27591905;13;38871990
27591815;27591521;106;39533885
27591815;27591686;150;37510313
27591816;27591531;42;37518742
27591816;27591587;30;38444083
27591819;27591294;79;38357705
27591819;27591835;3;39681359
27591825;27591047;174;38620446
27591825;27591873;6;37561104
27591827;27591318;71;38620471
27591827;27591804;102;37516748
27591827;27592262;62;38620470
27591829;27592265;116;37636633
27591830;27592356;138;37516786
27591835;27591843;60;39200758
27591837;27591737;151;39434340
27591837;27591874;43;39434339
27591837;27592569;145;37598763
27591839;27591637;54;38871932
27591839;27591755;26;38871941
27591839;27591992;17;38871929
27591840;27591735;14;39607854
27591840;27592175;65;39607844
27591841;27591827;100;37516747
27591841;27592425;90;37515945
27591843;27591819;4;39548989
27591844;27591800;6;39592590
27591844;27591806;87;39592589
27591845;27591635;39;39234469
27591848;27591463;64;38817065
27591848;27592407;151;38817062
27591849;27591992;32;38871953
27591862;27590981;158;37510293
27591862;27591345;167;37510292
27591873;27591760;97;38620444
27591873;27591996;15;37561103
27591874;27591508;155;39434337
27591874;27591683;24;38591848
27591874;27591837;43;39434338
27591874;27592288;133;37588392
27591878;27590406;273;39533759
27591878;27591329;95;39549165
27591878;27591888;2;39533761
27591880;27591803;155;37933428
27591880;27592004;252;37519963
27591880;27592208;125;37933419
27591886;27590980;136;38486701
27591886;27592100;50;38486700
27591888;27591878;2;39533760
27591888;27592022;21;38135128
27591894;27591898;49;39121850
27591894;27592345;67;37568113
27591898;27590563;196;37516819
27591898;27591894;49;39121851
27591898;27591920;62;39121846
27591903;27590037;343;38504661
27591903;27591493;133;37561053
27591903;27591980;10;38620476
27591903;27592034;30;38504660
27591905;27591749;38;38871943
27591905;27591811;13;38871991
27591905;27592018;16;38871988
27591908;27591238;94;39315524
27591908;27592630;131;37557234
27591910;27591596;40;37520027
27591910;27591606;56;37520039
27591910;27592735;195;37515480
27591913;27591436;79;37516831
27591913;27591920;61;39121849
27591913;27592128;127;37616876
27591915;27591775;20;37691443
27591915;27592006;14;38211671
27591919;27591697;38;39670975
27591919;27592007;15;39670972
27591920;27591898;62;39121847
27591920;27591913;61;39121848
27591924;27592449;84;37505698
27591925;27591565;194;38597092
27591925;27592023;18;39670983
27591925;27592137;41;39670978
27591928;27592763;207;39412716
27591931;27591608;52;38620443
27591931;27591939;115;37836790
27591931;27592149;33;38620440
27591939;27591931;115;37836791
27591943;27590744;426;38812356
27591944;27591750;45;38390649
27591944;27592033;15;39630860
27591944;27592085;42;38390648
27591952;27592202;88;38857905
27591956;27591635;58;37517324
27591956;27592138;37;39744081
27591960;27591386;132;37516830
27591960;27591956;47;37517323
27591964;27592175;39;37523623
27591971;27591943;111;37561080
27591971;27592657;112;38620437
27591974;27591456;72;37555063
27591974;27591682;105;39204041
27591974;27592057;13;37555060
27591975;27591325;126;39607849
27591975;27591840;15;39607853
27591980;27592742;151;38620475
27591988;27592271;46;39544972
27591990;27592082;16;39038005
27591992;27591839;17;38871930
27591992;27591849;32;38871952
27591992;27592765;136;38871927
27591994;27591436;120;38892818
27591996;27591971;27;37561081
27592000;27592049;19;39533792
27592004;27591803;36;37933425
27592004;27591880;252;37519962
27592004;27592012;42;37933424
27592005;27592300;45;37507555
27592006;27591915;14;38211672
27592006;27592593;116;38211670
27592007;27591919;15;39670973
27592007;27592023;3;39670980
27592011;27591886;40;39533741
27592012;27591142;120;37519985
27592012;27592004;42;37933423
27592012;27592019;45;37933422
27592018;27591749;53;38871981
27592018;27591905;16;38871989
27592019;27592012;45;37933421
27592019;27592035;9;37519944
27592019;27592471;73;37544444
27592022;27591714;50;39200761
27592022;27592185;28;39533764
27592023;27591925;18;39670982
27592023;27592007;3;39670981
27592023;27592137;25;39724987
27592028;27591687;87;39618830
27592028;27591728;73;37836785
27592033;27591750;60;39630871
27592033;27591944;15;39630859
27592033;27592085;58;39630870
27592034;27591903;30;38504659
27592034;27592323;72;38858072
27592035;27591288;103;37933451
27592035;27592019;9;37519943
27592038;27591629;120;39536020
27592038;27592190;23;39750208
27592049;27592185;33;39533791
27592054;27591773;67;38764540
27592054;27591774;38;38764532
27592057;27591974;13;37555061
27592057;27592191;22;37555058
27592057;27592245;106;38844277
27592062;27591888;23;39200760
27592062;27592022;9;39200759
27592071;27590926;178;38812354
27592071;27592011;29;39533740
27592071;27592171;16;38812351
27592072;27592454;70;38871985
27592076;27591696;55;38871925
27592076;27592276;60;38871960
27592076;27592454;107;38871924
27592081;27591514;83;37561060
27592081;27592183;15;38856842
27592081;27592264;41;38857901
27592082;27591990;16;39038006
27592082;27592151;41;39038002
27592082;27592218;22;39038003
27592085;27591944;42;38390647
27592085;27592033;58;39630869
27592085;27592224;37;38390646
27592091;27594180;406;37510295
27592100;27592011;17;38486705
27592100;27592171;29;38486699
27592109;27591205;189;37505697
27592109;27591657;62;37505700
27592113;27591274;127;39630868
27592120;27592285;56;39199723
27592125;27592204;22;38857903
27592128;27591913;127;37616877
27592128;27591994;25;38892820
27592133;27591183;218;39244110
27592133;27592619;123;37523646
27592134;27591370;164;38817073
27592134;27592333;53;39200980
27592137;27591925;41;39670979
27592137;27592023;25;39724986
27592138;27591956;37;39744082
27592149;27591931;33;38620441
27592151;27591581;77;37520110
27592151;27592082;41;39038001
27592159;27592133;34;39244109
27592159;27592296;21;37521023
27592166;27591722;110;37561094
27592166;27591996;44;37561079
27592166;27593137;190;38620399
27592171;27592071;16;38812352
27592171;27592369;34;38812349
27592174;27591816;49;39535998
27592175;27592576;94;38853347
27592181;27592266;67;38131326
27592183;27592081;15;38856843
27592183;27592368;38;38856844
27592183;27592368;38;38856847
27592185;27592221;10;37501381
27592185;27592494;60;39533765
27592190;27592038;23;39750209
27592190;27592640;76;39750206
27592191;27592057;22;37555059
27592191;27592285;40;37516785
27592191;27592859;112;37555056
27592192;27592271;45;39544963
27592192;27592695;87;37520107
27592199;27592062;25;39533763
27592199;27592185;10;39533771
27592202;27591952;88;38857904
27592202;27592204;58;39200982
27592202;27592264;15;37561077
27592202;27592333;93;37561074
27592203;27592607;83;37523644
27592204;27592125;22;38857902
27592204;27592202;58;39200981
27592204;27592333;31;38857907
27592208;27591880;125;37933420
27592208;27592406;35;37519988
27592218;27592082;22;39038004
27592220;27591687;77;37840960
27592220;27591748;83;39618990
27592220;27592314;27;39618823
27592221;27592199;4;39533762
27592221;27592464;51;37501380
27592224;27591766;74;37520209
27592224;27592085;37;38390645
27592224;27592846;142;37520208
27592226;27591668;92;38660829
27592226;27592265;23;37636636
27592228;27591630;85;37568110
27592228;27592295;27;37568111
27592231;27592412;54;38591009
27592231;27592412;43;37527577
27592234;27591878;65;39533768
27592234;27592062;54;37566213
27592245;27592251;61;38844276
27592245;27592577;57;37785286
27592245;27592642;69;37540038
27592251;27592274;103;38844275
27592251;27592667;68;38844264
27592252;27591980;44;38211682
27592252;27592422;47;38687061
27592262;27591827;62;38620469
27592262;27592318;8;37516740
27592262;27592540;131;37516741
27592264;27592202;15;37561076
27592264;27592748;81;38857900
27592265;27591829;116;37636634
27592265;27592226;23;37636635
27592265;27592450;32;37636638
27592266;27592181;67;38131325
27592266;27592766;161;38131313
27592270;27591519;108;37623822
27592270;27591788;202;37516780
27592270;27592880;103;37623821
27592271;27591988;46;39544971
27592271;27592192;45;39544964
27592271;27592384;22;39544967
27592271;27592418;27;39544970
27592274;27591770;70;37515919
27592274;27592291;102;38844274
27592276;27592076;60;38871961
27592280;27592503;40;38871967
27592285;27592120;56;39199722
27592285;27592191;40;37516784
27592285;27592461;51;37516783
27592288;27591874;133;37588391
27592291;27592306;102;38844273
27592291;27592699;68;38844049
27592295;27591618;96;37516809
27592295;27592228;27;37568112
27592296;27592159;21;37521022
27592296;27592773;78;37521021
27592299;27591407;129;39621648
27592300;27592645;133;37520115
27592300;27593631;213;37507554
27592306;27591804;70;37516727
27592306;27592315;72;38844272
27592310;27592347;38;38871964
27592310;27592731;69;37659691
27592314;27592220;27;39618824
27592315;27592316;14;38844271
27592315;27592533;36;37516717
27592316;27592318;15;38844270
27592316;27592538;36;38857899
27592318;27592262;8;37516739
27592318;27592540;36;37516738
27592323;27592034;72;38858071
27592323;27592649;144;39198346
27592323;27593327;171;38161801
27592323;27594436;452;38504672
27592333;27592134;53;39200979
27592333;27592202;93;37561075
27592333;27592204;31;38857906
27592335;27592199;64;39533789
27592335;27592464;37;39533772
27592345;27592427;70;37568115
27592347;27592310;38;38871965
27592347;27592436;48;38871938
27592356;27591418;189;37537407
27592356;27593056;114;37516791
27592358;27592504;54;38764531
27592362;27587484;952;37510041
27592365;27590439;359;37523619
27592368;27592183;38;38856846
27592368;27592183;38;38856845
27592369;27592171;34;38812350
27592369;27592670;79;38591010
27592369;27592792;75;39744601
27592372;27592234;26;39200726
27592372;27592335;13;39533788
27592377;27592252;21;38211681
27592377;27592530;40;39201414
27592380;27592873;112;38660831
27592384;27592271;22;39544968
27592386;27592208;40;37519945
27592386;27592406;34;37515485
27592386;27592566;100;37515484
27592394;27592997;109;38578844
27592395;27592372;7;39200725
27592395;27592466;22;39533786
27592406;27592386;34;37515486
27592406;27592735;120;37515477
27592407;27592166;69;37561078
27592407;27592693;63;37561100
27592412;27592438;5;37527576
27592418;27592271;27;39544969
27592419;27592423;70;39676207
27592419;27592587;27;39676206
27592420;27593257;239;37691441
27592422;27592252;47;38687062
27592422;27592530;19;38687059
27592422;27592916;106;39201412
27592423;27592470;33;39676610
27592425;27592535;92;37516765
27592425;27592547;18;37516762
27592427;27592228;37;37568109
27592427;27592694;46;39121822
27592428;27591975;96;38695686
27592433;27592347;24;38871939
27592433;27592436;44;38871949
27592434;27592557;18;38591845
27592436;27592433;44;38871948
27592436;27592536;14;38871936
27592438;27592556;25;39533757
27592440;27592555;22;39630864
27592441;27592109;56;37505702
27592444;27590949;245;37859912
27592444;27592496;30;37859804
27592444;27593926;241;37859911
27592449;27592552;14;37505699
27592450;27592265;32;37636637
27592454;27592072;70;38871984
27592454;27592076;107;38871923
27592454;27592579;37;38871922
27592455;27592581;22;39495774
27592461;27592285;51;37516782
27592464;27592487;5;37501379
27592466;27593150;138;39533797
27592470;27592035;70;37933450
27592470;27592471;8;39676608
27592470;27592476;61;37518607
27592471;27592470;8;39676609
27592471;27592508;45;39676611
27592474;27591614;127;38875121
27592474;27592489;9;38875125
27592474;27593079;95;37505169
27592476;27592483;36;37518608
27592476;27592634;27;39462787
27592480;27592481;32;38135150
27592480;27592487;17;38135147
27592480;27593007;96;38591027
27592481;27592480;32;38135149
27592481;27592499;13;38135146
27592483;27592587;21;37518605
27592487;27592480;17;38135148
27592487;27593195;130;37501378
27592489;27590914;249;38875239
27592489;27592474;9;38875126
27592489;27593042;97;38875123
27592490;27592557;33;38591841
27592494;27592592;18;39546147
27592494;27592599;17;39533774
27592495;27591862;125;39533887
27592496;27592444;30;37859803
27592496;27593084;91;37859957
27592499;27592221;52;39533767
27592499;27592481;13;38135145
27592503;27592280;40;38871966
27592503;27592765;81;38872000
27592503;27592869;118;38871997
27592504;27592358;54;38764530
27592506;27592555;10;39630862
27592508;27592471;45;39676612
27592508;27592529;102;39676210
27592511;27592377;23;38211680
27592511;27592624;32;38687053
27592513;27593051;99;39017825
27592517;27591183;195;39398685
27592518;27592519;4;37520173
27592518;27592850;62;37520178
27592519;27593072;192;37520170
27592529;27592508;102;39676211
27592529;27592546;44;39676208
27592530;27592377;40;39201413
27592530;27592422;19;38687060
27592530;27592624;23;38687057
27592531;27592738;53;37636627
27592532;27591975;123;38853349
27592532;27592428;34;39607852
27592533;27592315;36;37516716
27592533;27592538;14;37516746
27592533;27592728;32;37516715
27592534;27592433;14;38871937
27592534;27592536;44;38871951
27592535;27592425;92;37516766
27592535;27592547;65;37516768
27592535;27592649;21;37516763
27592536;27592534;44;38871950
27592536;27592613;15;38871934
27592538;27592316;36;38857898
27592538;27592533;14;37516745
27592538;27592540;15;37516744
27592540;27592262;131;37516742
27592540;27592318;36;37516737
27592540;27592538;15;37516743
27592542;27592128;213;38892819
27592542;27592345;133;37568114
27592546;27592529;44;39676209
27592546;27592566;45;37515481
27592546;27592831;47;38578870
27592547;27592425;18;37516761
27592547;27592535;65;37516767
27592547;27592678;27;37516760
27592548;27591658;128;39676202
27592548;27592671;62;39110510
27592548;27592671;28;39110511
27592552;27592633;20;38857892
27592552;27592835;48;39234251
27592555;27592440;22;39630865
27592555;27592506;10;39630861
27592555;27592846;99;37520199
27592555;27593107;99;37520198
27592556;27592610;28;38854171
27592557;27592434;18;38591846
27592557;27592490;33;38591842
27592557;27592569;107;38591843
27592563;27591748;229;39200357
27592563;27593032;75;39200355
27592566;27592386;100;37515483
27592566;27592546;45;37515482
27592566;27592831;64;37591943
27592567;27592266;82;38131316
27592567;27592766;40;38131317
27592569;27591837;145;37598764
27592569;27592557;107;38591844
27592569;27594769;648;37598761
27592576;27592879;73;39607846
27592579;27592454;37;38871921
27592581;27592455;22;39495773
27592581;27592697;25;38131324
27592584;27592556;35;37554193
27592587;27592419;27;39676205
27592587;27592483;21;37518606
27592587;27593201;93;39676204
27592592;27592706;25;39200764
27592593;27592890;70;38211669
27592599;27592499;19;39533766
27592599;27592592;12;39533776
27592599;27592680;17;39547006
27592607;27592203;83;37523645
27592607;27592619;27;37523652
27592607;27593961;231;37523649
27592608;27592534;14;38871935
27592608;27592613;44;38871947
27592610;27592656;20;39548987
27592613;27592608;44;38871946
27592613;27592608;73;38871933
27592614;27592712;57;37554195
27592619;27592133;123;37523647
27592619;27592607;27;37523653
27592619;27593421;157;37523650
27592620;27592717;83;38576968
27592620;27592717;63;38570197
27592620;27592907;64;38570194
27592622;27592567;18;38131315
27592622;27592828;41;38131327
27592624;27592511;32;38687054
27592624;27592530;23;38687058
27592624;27592736;20;38687055
27592625;27592511;21;38211679
27592625;27592736;25;39201416
27592630;27591908;131;37557235
27592630;27592912;50;37557232
27592633;27592776;21;38857888
27592633;27592903;54;38857891
27592634;27592476;27;39462786
27592640;27592190;76;39750207
27592640;27592878;40;39412714
27592642;27592667;77;38166715
27592642;27593121;74;37540037
27592645;27592151;86;37520109
27592645;27592695;23;37520120
27592649;27592323;144;39198345
27592649;27592535;21;37516764
27592649;27592678;53;39198344
27592656;27592714;17;39208993
27592657;27591971;112;38620436
27592657;27593485;185;37561097
27592657;27594156;328;37561085
27592660;27592584;51;37554194
27592666;27592645;88;39544924
27592667;27592642;77;38166716
27592667;27592683;103;39202820
27592667;27593135;69;38844263
27592669;27592671;21;37520122
27592669;27592721;13;37520119
27592670;27592868;36;38590992
27592671;27592548;62;39110509
27592671;27592548;28;39110512
27592671;27592669;21;37520123
27592678;27592547;27;37516759
27592678;27592649;53;39198343
27592678;27593284;113;39198342
27592680;27592599;17;39547005
27592680;27592701;4;38854200
27592683;27592274;68;37515918
27592683;27592699;102;39202819
27592688;27591815;269;39398712
27592693;27592407;63;37561101
27592693;27592593;109;37561102
27592693;27592890;44;37561098
27592694;27592542;167;37568116
27592695;27592645;23;37520121
27592695;27592721;72;37520116
27592697;27592581;25;38131323
27592697;27592809;22;38134822
27592697;27592912;62;37979409
27592699;27592715;102;39202818
27592699;27593162;69;38844048
27592701;27592680;4;38854199
27592701;27592771;12;38854198
27592701;27592856;59;38900202
27592706;27592622;21;38131314
27592706;27592749;6;39200763
27592712;27592863;67;39533723
27592714;27592778;23;39548988
27592715;27592306;68;37516726
27592715;27592728;72;39202817
27592717;27592620;83;38576967
27592717;27592620;63;38570198
27592717;27592826;81;38570195
27592721;27592669;13;37520118
27592721;27592695;72;37520117
27592721;27593295;87;37520135
27592722;27590712;315;37527575
27592727;27592809;24;38134808
27592728;27592533;32;37516714
27592728;27593187;69;37516713
27592730;27593450;123;38211668
27592730;27593497;126;39618973
27592731;27592876;105;38660836
27592731;27592987;38;39398698
27592735;27591910;195;37515479
27592735;27592406;120;37515478
27592735;27593128;59;37518653
27592736;27592624;20;38687056
27592736;27592625;25;39201415
27592738;27592531;53;37636628
27592738;27593024;54;38603857
27592738;27593033;75;37636625
27592742;27592748;158;37561087
27592742;27592780;7;37649434
27592745;27592599;32;38131333
27592745;27592680;34;38900196
27592748;27592742;158;37561086
27592748;27592961;33;37561067
27592748;27593058;74;37561092
27592749;27592745;6;39547004
27592749;27592927;39;37557228
27592758;27593385;105;39544973
27592763;27592940;33;37566814
27592765;27591992;136;38871928
27592765;27592503;81;38872001
27592765;27592869;25;38871998
27592766;27592567;40;38131318
27592766;27592828;16;38131312
27592771;27592701;12;38854197
27592771;27592808;9;38854196
27592771;27592856;47;38900195
27592773;27592296;110;38660827
27592773;27592296;78;37521020
27592773;27592983;31;37521019
27592776;27592903;46;38857886
27592776;27593302;84;38857889
27592778;27592980;54;39533780
27592778;27593040;42;38216504
27592780;27592742;7;37649435
27592780;27592961;180;37649432
27592780;27592972;50;38211687
27592783;27592190;224;38999724
27592783;27592763;21;37566816
27592792;27592369;75;39744602
27592792;27592660;67;39621649
27592792;27592863;11;39620704
27592806;27592441;60;39530920
27592808;27592771;9;38854195
27592808;27592892;48;38900193
27592808;27592902;17;38854194
27592809;27592697;22;38134821
27592809;27592727;24;38134807
27592809;27592900;18;38134820
27592809;27592965;34;38134806
27592814;27592625;31;38211678
27592814;27592916;39;38669029
27592826;27592717;81;38570196
27592828;27592622;41;38131328
27592828;27592927;21;38131311
27592831;27593559;114;37515488
27592832;27592529;66;37591942
27592832;27592546;47;38999630
27592835;27593496;105;39234250
27592846;27592224;142;37520207
27592846;27592555;99;37520200
27592846;27593420;101;37520206
27592850;27592518;62;37520179
27592850;27593223;96;37518648
27592850;27594563;351;37518646
27592856;27592701;59;38900201
27592856;27592771;47;38900194
27592856;27592892;10;38900200
27592859;27592191;112;37555057
27592859;27593616;125;37555054
27592862;27592783;13;37566815
27592863;27592792;11;39620705
27592863;27593054;75;39620701
27592868;27592920;8;38590990
27592869;27592503;118;38871996
27592869;27592765;25;38871999
27592873;27592380;112;38660830
27592873;27592862;61;38660837
27592876;27592640;36;39536019
27592876;27592878;17;38660834
27592878;27592873;76;38660835
27592879;27593552;207;37510004
27592880;27592270;103;37623820
27592880;27593342;86;37623819
27592880;27593570;162;37606780
27592887;27592905;99;39038008
27592887;27593215;47;39676607
27592890;27592693;44;37561099
27592890;27593137;49;38620414
27592892;27592808;48;38900192
27592892;27592856;10;38900199
27592892;27592998;16;38900198
27592893;27592113;135;37523639
27592893;27592362;104;39630858
27592900;27592809;18;38134819
27592900;27593009;17;38134818
27592900;27593061;34;38044887
27592901;27591191;558;37791263
27592901;27592950;37;39680088
27592901;27593853;163;38787488
27592902;27592808;17;38854193
27592902;27592998;47;38856331
27592902;27593261;62;38854192
27592903;27592776;46;38857887
27592903;27592952;8;38211683
27592904;27592859;21;37516736
27592905;27592887;64;39038007
27592907;27592620;64;38570193
27592907;27593107;57;37559423
27592907;27593128;166;37559420
27592908;27593295;97;37520150
27592910;27592876;9;39536018
27592910;27592987;106;39203129
27592911;27592614;62;39208994
27592911;27592722;47;38854186
27592911;27593219;313;38590996
27592912;27592630;50;37557233
27592912;27592697;62;37979408
27592912;27592999;13;37557230
27592916;27592422;106;39201411
27592916;27592814;39;38669030
27592920;27592868;8;38590991
27592920;27593080;79;38590988
27592920;27593335;153;38591001
27592923;27592911;3;39548990
27592927;27592749;39;37557229
27592927;27593486;127;37557226
27592937;27593034;25;37836926
27592940;27593004;22;37566811
27592940;27593416;117;37523666
27592942;27592904;35;37785292
27592949;27592862;14;37566813
27592949;27592910;151;39203130
27592950;27592901;37;39680087
27592950;27592966;11;39680061
27592950;27593110;74;37516794
27592952;27592903;8;38211684
27592952;27593027;46;38211676
27592952;27593125;30;38211673
27592958;27592532;102;37510000
27592961;27592748;33;37561068
27592961;27592780;180;37649433
27592961;27593699;116;37561065
27592965;27592809;34;38134805
27592965;27592981;3;38134796
27592966;27592950;11;39680060
27592966;27593197;207;39680059
27592972;27592780;50;38211688
27592972;27592814;24;38211677
27592972;27593027;23;38211685
27592980;27593232;62;39534555
27592981;27592965;3;38134795
27592981;27593061;14;38134801
27592981;27593098;22;38134800
27592982;27592174;128;37518741
27592983;27592773;31;37521018
27592983;27593033;108;37636632
27592983;27593426;69;37521017
27592986;27593159;41;37836898
27592987;27593028;7;39535997
27592997;27595258;463;38578843
27592998;27592892;16;38900197
27592998;27592902;47;38856330
27592998;27593141;26;38856329
27592999;27592912;13;37557231
27592999;27593051;80;38134783
27592999;27593098;34;38044883
27592999;27594084;198;37732027
27593004;27592949;15;37566812
27593004;27593636;101;37523680
27593007;27592481;139;38591026
27593007;27593359;65;38591002
27593009;27592900;17;38134817
27593009;27593124;20;38134816
27593009;27593147;36;38134804
27593019;27593124;16;38044886
27593022;27592923;37;39533770
27593022;27593307;45;39592329
27593024;27592226;187;38660828
27593024;27592738;54;38603858
27593024;27593416;79;38603855
27593027;27592972;23;38211686
27593027;27593125;30;38211696
27593028;27593433;62;37518719
27593032;27593167;29;37535723
27593032;27593218;27;37511680
27593033;27592738;75;37636626
27593033;27592983;108;37636631
27593033;27593706;135;37636630
27593034;27592937;25;37836925
27593034;27593131;24;39199941
27593034;27593159;30;37836901
27593040;27593022;39;37555074
27593042;27592489;97;38875124
27593050;27592295;124;37516808
27593050;27592966;154;37659537
27593051;27592999;80;38134784
27593051;27593097;20;38134781
27593054;27593165;43;39533724
27593056;27593134;30;39754526
27593056;27593179;19;37516790
27593058;27592748;74;37561093
27593058;27593448;121;37561088
27593061;27592900;34;38044888
27593061;27592981;14;38134802
27593061;27593140;15;38134797
27593072;27592519;192;37520171
27593079;27592474;95;37505168
27593079;27593050;23;37516807
27593079;27593112;5;37505167
27593080;27592920;79;38590989
27593080;27593285;35;38590999
27593084;27592496;91;37859956
27593084;27593133;44;37859929
27593084;27593974;148;37859955
27593089;27593040;39;37555073
27593097;27592513;155;39017824
27593097;27593051;20;38134782
27593097;27593486;198;38134779
27593098;27592981;22;38134799
27593098;27592999;34;38044884
27593098;27593140;15;38044881
27593105;27593089;7;39200739
27593105;27593226;33;39541957
27593107;27592555;99;37520197
27593107;27592907;57;37559422
27593107;27593420;98;37559419
27593107;27593653;102;37520196
27593110;27593254;119;37516793
27593110;27593411;50;38446320
27593112;27593079;5;37505166
27593112;27593254;21;37505171
27593121;27592904;87;37516735
27593121;27593438;52;38423547
27593124;27593009;20;38134815
27593124;27593019;16;38044885
27593124;27593351;43;38134814
27593125;27593027;30;38211697
27593125;27593155;10;38211694
27593128;27592735;59;37518654
27593128;27592907;166;37559421
27593128;27593223;61;37518651
27593131;27593034;24;39199942
27593131;27593188;79;39199946
27593131;27593214;22;39199939
27593133;27591150;295;37518314
27593133;27593084;44;37859928
27593134;27593056;30;39754527
27593135;27593121;99;37516734
27593135;27593978;137;38844262
27593137;27592166;190;38620398
27593137;27592890;49;38620415
27593137;27593257;25;38620397
27593140;27593061;15;38134798
27593140;27593098;15;38044882
27593140;27593147;16;38044879
27593141;27592998;26;38856328
27593141;27593564;99;38591019
27593146;27592683;69;37515917
27593146;27593135;103;37516733
27593147;27593009;36;38134803
27593147;27593140;16;38044880
27593147;27593415;68;38044875
27593150;27592466;137;39533798
27593150;27593222;21;39533785
27593155;27592952;30;37649436
27593155;27593125;10;38211695
27593155;27593228;23;38211692
27593157;27588379;690;37498850
27593157;27593197;95;37505161
27593157;27593205;8;39634516
27593159;27592986;41;37836897
27593159;27593166;125;37836929
27593159;27593290;23;37836900
27593162;27593146;102;37516732
27593162;27593593;70;38844047
27593165;27593219;21;39533728
27593165;27593443;78;38591035
27593166;27593159;125;37836930
27593167;27592792;153;39533725
27593173;27594121;286;39600631
27593177;27592715;69;37516725
27593177;27593162;102;37516731
27593178;27592395;144;39200724
27593179;27593245;25;39754524
27593179;27593362;29;37516789
27593187;27592728;69;37516712
27593187;27593177;72;37516730
27593187;27593624;70;37516711
27593188;27593131;79;39199945
27593188;27593214;35;37836896
27593188;27593405;49;39199944
27593191;27593133;9;37518313
27593191;27593192;22;37518317
27593192;27594080;143;37518315
27593195;27593325;25;39200744
27593197;27592966;207;39680058
27593197;27593199;13;37505163
27593197;27593259;95;37505160
27593199;27593197;13;37505162
27593199;27593869;227;37505165
27593201;27592587;93;39676203
27593201;27593215;75;37518615
27593201;27593836;106;37518632
27593205;27593157;8;39634515
27593205;27593259;7;39634514
27593209;27584748;1218;38587877
27593209;27594748;253;38587874
27593214;27593131;22;39199940
27593214;27593188;35;37836895
27593214;27593405;38;39199937
27593215;27592887;47;39676606
27593215;27593201;75;37518616
27593215;27593524;95;37518613
27593218;27593167;24;39200363
27593218;27593278;10;39533729
27593219;27593265;20;39533727
27593222;27593178;11;39533796
27593223;27592850;96;37518647
27593223;27593128;61;37518652
27593223;27594707;594;37518649
27593226;27593105;33;39541958
27593228;27592952;44;39201417
27593228;27593155;23;38211693
27593228;27593390;59;38211690
27593232;27593256;34;39533790
27593232;27593329;30;39533769
27593233;27592517;109;39398690
27593237;27593381;70;38211674
27593245;27593179;25;39754525
27593248;27592563;106;38216501
27593248;27593218;10;38216505
27593250;27593290;23;37836921
27593250;27593761;137;37836924
27593254;27593112;21;37505170
27593254;27593299;70;37791262
27593254;27593688;72;37900319
27593256;27593178;13;39200723
27593257;27592420;239;37691440
27593257;27593137;25;38620396
27593257;27593448;67;37561091
27593259;27593205;7;39634513
27593259;27593446;30;39634518
27593261;27592902;62;38854191
27593261;27593141;31;38591020
27593261;27593321;14;38854190
27593265;27593278;23;39533726
27593265;27593384;31;38216498
27593273;27593321;16;37557223
27593278;27593248;10;39200365
27593278;27593384;17;39200366
27593279;27593399;36;39403148
27593279;27593655;81;39403150
27593280;27593105;49;39200738
27593284;27592425;145;37516758
27593284;27592678;113;39198341
27593284;27594047;147;39198340
27593285;27592722;98;38591036
27593285;27593080;35;38591000
27593290;27593250;23;37836922
27593290;27593476;67;37836919
27593295;27592721;87;37520134
27593295;27592908;97;37520151
27593295;27593526;46;37520133
27593299;27594123;182;37791269
27593302;27592776;84;38857890
27593302;27593390;14;38857893
27593307;27593022;45;39592330
27593307;27593606;94;38590994
27593307;27593606;49;39592327
27593309;27593191;20;37518312
27593321;27593261;14;38854189
27593321;27593273;16;37557222
27593321;27593683;72;38854188
27593325;27593222;32;39533795
27593325;27593477;28;39200743
27593327;27592323;171;38161800
27593327;27593844;100;39201513
27593327;27594330;180;38161799
27593328;27593643;54;38135144
27593329;27593256;16;39200722
27593329;27593477;44;39533787
27593330;27592688;149;39533902
27593331;27594367;206;38979209
27593335;27593443;26;38590995
27593342;27592880;86;37623818
27593342;27593432;67;37516804
27593342;27593538;42;37623817
27593351;27593124;43;38134813
27593351;27593415;15;38044878
27593351;27593743;73;38134812
27593359;27593007;65;38591003
27593362;27593454;40;39199803
27593362;27595050;301;37516788
27593381;27593237;70;38211675
27593381;27593390;111;38211698
27593381;27593640;147;37649440
27593384;27593583;36;39200364
27593385;27592758;105;39544974
27593388;27592982;62;37518740
27593390;27593228;59;38211691
27593390;27593381;98;38211689
27593390;27593496;29;39234253
27593399;27593279;36;39403147
27593399;27593654;89;38392111
27593399;27593941;103;39403161
27593404;27593280;40;39200737
27593404;27593329;14;39533777
27593405;27593188;49;39199943
27593405;27593214;38;39199938
27593405;27593657;79;39199935
27593405;27593657;92;37836927
27593411;27593110;50;38446319
27593411;27593883;91;38446318
27593411;27593883;103;37516798
27593415;27593147;68;38044876
27593415;27593351;15;38044877
27593415;27593442;37;38134827
27593416;27592940;117;37523667
27593416;27593024;79;38603856
27593416;27593706;77;37523664
27593420;27592846;101;37520205
27593420;27593107;98;37559418
27593420;27593561;49;37559417
27593420;27593957;101;37520204
27593421;27592619;157;37523651
27593421;27593426;20;37523657
27593421;27593961;145;37523654
27593426;27592983;69;37521016
27593426;27593421;20;37523656
27593426;27593913;82;37521015
27593432;27593342;67;37516805
27593433;27593491;9;37769947
27593438;27593121;52;38423548
27593438;27593571;74;39199715
27593438;27593571;25;38423545
27593442;27593415;37;38134828
27593443;27593285;123;38591034
27593445;27593330;29;39533901
27593445;27593388;9;37518739
27593446;27593259;30;39634517
27593446;27594123;111;39634522
27593448;27593058;152;38216507
27593448;27593058;121;37561089
27593448;27593257;67;37561090
27593450;27593476;30;38211667
27593450;27593532;17;37836899
27593454;27593362;40;39199802
27593463;27593404;13;39533778
27593470;27593701;76;39533880
27593476;27593290;67;37836920
27593476;27593532;25;37836917
27593477;27593534;14;39200742
27593477;27593564;30;39200741
27593485;27593058;295;38620456
27593486;27592927;127;37557227
27593486;27593097;198;38134780
27593486;27594084;215;37557224
27593491;27593445;14;39398708
27593491;27593691;35;37769946
27593496;27593753;46;39530922
27593497;27593967;107;39618972
27593520;27593248;45;39200361
27593524;27593215;95;37518614
27593524;27593558;147;37518609
27593524;27593863;60;37518620
27593526;27593295;46;37520132
27593526;27593630;22;37520131
27593526;27593820;85;37520149
27593532;27593476;25;37836918
27593532;27593551;9;37836915
27593533;27594454;159;37598744
27593534;27593404;44;39535607
27593534;27593632;19;39535596
27593534;27594101;107;38135135
27593536;27593846;52;39462709
27593538;27593342;42;37623816
27593538;27593744;71;39199805
27593538;27594394;179;37623815
27593540;27594138;192;39618812
27593543;27594021;88;38131322
27593543;27594024;88;38131332
27593551;27593497;97;37836906
27593551;27593532;9;37836916
27593551;27593668;42;37836913
27593554;27593330;44;39201423
27593554;27593445;21;37518738
27593558;27592832;114;38999629
27593558;27593524;147;37518610
27593558;27593559;6;37518611
27593559;27593558;6;37518612
27593559;27594623;177;37515487
27593561;27593420;49;37559416
27593561;27593770;68;37559415
27593564;27593683;37;39200740
27593570;27592880;162;37606779
27593570;27593745;101;37515861
27593571;27593438;25;38423546
27593571;27593960;66;38423543
27593577;27593146;70;37515916
27593577;27593593;102;37516720
27593583;27593520;12;39200362
27593583;27593627;6;37510495
27593593;27593611;102;37516719
27593593;27594004;67;38844046
27593596;27592666;149;38526522
27593596;27593630;124;37520136
27593596;27594140;88;37520146
27593604;27593491;38;39398711
27593604;27593691;36;39201422
27593606;27593307;94;38590993
27593606;27593307;49;39592328
27593606;27594169;96;39592325
27593611;27593177;70;37516724
27593611;27593624;72;37516718
27593615;27593710;31;39315533
27593615;27593710;98;37659300
27593615;27593799;39;39315532
27593616;27592859;125;37555055
27593616;27593746;25;38588382
27593622;27593771;28;39199716
27593624;27593187;70;37516710
27593624;27594028;67;37516709
27593625;27595014;575;37531816
27593627;27593583;6;37510496
27593627;27594035;67;39200369
27593630;27593526;22;37520130
27593630;27593596;124;37520137
27593630;27594171;88;39544954
27593631;27593871;42;39398693
27593632;27594230;122;39533870
27593636;27593004;101;37523681
27593636;27593968;53;37658982
27593636;27594581;214;37523691
27593637;27593233;67;39544992
27593640;27593381;147;37649439
27593640;27593862;48;37649449
27593640;27594283;159;37649438
27593643;27593280;62;38135138
27593643;27593328;54;38135143
27593649;27593797;43;39233915
27593653;27593107;102;37520195
27593653;27593957;99;37520218
27593653;27594426;134;37520194
27593654;27593399;89;38392112
27593654;27593886;45;37518662
27593654;27593929;92;38392109
27593655;27593279;81;39403151
27593656;27593761;145;37836905
27593656;27594007;58;39199948
27593656;27594495;214;37836902
27593657;27593405;79;39199936
27593657;27593405;92;37836928
27593657;27593924;125;39199929
27593668;27593551;42;37836914
27593668;27593741;27;37836911
27593668;27593851;34;38844552
27593683;27593321;72;38854187
27593683;27593752;15;39548936
27593688;27593254;72;37900318
27593688;27593903;85;37516803
27593688;27594211;87;37900317
27593691;27593798;20;37769945
27593699;27592961;116;37561066
27593699;27594088;99;37579796
27593699;27594283;98;37561063
27593701;27593839;89;37566810
27593701;27594107;130;39533816
27593703;27593604;32;39412938
27593706;27593033;135;37636629
27593706;27593416;77;37523665
27593706;27594002;79;37523662
27593710;27593615;31;39315534
27593710;27594271;130;39315529
27593735;27592806;151;37505688
27593741;27593668;27;37836912
27593741;27593851;23;39199934
27593741;27593909;47;37836909
27593743;27593351;73;38134811
27593743;27593799;14;38134810
27593743;27593928;30;38134823
27593744;27593538;71;39199804
27593745;27593746;9;39671106
27593746;27593616;25;38588383
27593746;27593779;8;39671105
27593752;27593683;15;39548935
27593752;27593796;9;39545840
27593753;27593858;19;39530919
27593761;27593250;137;37836923
27593761;27593656;145;37836904
27593770;27593561;68;37559414
27593770;27593941;57;37518656
27593771;27593622;28;39199717
27593771;27593832;12;39199718
27593772;27593777;14;39462720
27593772;27593918;38;39462719
27593777;27593772;14;39462721
27593777;27593918;24;39462723
27593777;27593918;53;39462716
27593779;27593885;72;37785297
27593779;27593921;38;39671103
27593794;27592958;192;37510003
27593794;27593760;77;37521598
27593796;27593752;9;39545839
27593796;27594334;101;39545838
27593797;27593649;43;39233914
27593797;27593862;36;38620404
27593797;27593925;134;38620403
27593798;27594565;136;39536249
27593798;27594565;129;37769944
27593799;27593615;39;39315531
27593799;27593743;14;38134809
27593799;27594094;75;37659299
27593808;27593643;37;38135137
27593808;27593878;17;39200736
27593820;27593526;85;37520148
27593832;27593771;12;39199719
27593832;27593885;9;39199720
27593836;27593201;106;37518631
27593836;27593846;40;37518625
27593836;27594221;59;37518630
27593839;27593636;57;39533900
27593839;27593968;41;37658983
27593844;27593327;100;39201514
27593846;27593536;52;39462708
27593846;27593836;40;37518626
27593846;27593855;73;37518623
27593851;27593741;23;39199933
27593851;27593924;14;39199932
27593852;27592356;531;38787484
27593852;27593940;17;39441048
27593853;27592901;163;38787487
27593853;27593852;26;38787489
27593853;27593940;17;38787490
27593855;27593846;73;37518624
27593855;27593863;37;37518621
27593855;27594114;38;39462714
27593858;27594371;82;37497453
27593858;27595686;290;39234252
27593862;27593640;48;37649450
27593862;27593797;36;38620405
27593862;27594152;66;37649447
27593863;27593524;60;37518619
27593863;27593855;37;37518622
27593863;27594553;115;37518618
27593869;27593199;227;37505164
27593869;27594080;29;39634216
27593871;27594127;38;39398688
27593875;27592688;373;37575696
27593875;27593703;119;39412937
27593878;27593404;96;39200728
27593878;27593922;8;39200735
27593883;27593411;91;38446317
27593883;27593411;103;37516797
27593883;27593959;9;38446316
27593885;27593832;9;39199721
27593885;27593960;30;37785296
27593886;27593654;45;37518661
27593886;27594514;120;37518660
27593886;27594635;160;39600550
27593888;27593808;16;38135136
27593895;27593926;19;37608112
27593896;27594059;23;39233913
27593903;27593983;25;37516802
27593903;27594488;133;38787541
27593908;27591943;361;38812355
27593909;27593741;47;37836910
27593909;27594131;68;37836907
27593913;27593426;82;37521014
27593913;27593943;14;37521040
27593918;27593772;38;39462718
27593918;27593777;53;39462717
27593918;27593777;24;39462722
27593921;27593745;38;39671104
27593921;27594118;32;37540053
27593922;27594012;20;39200734
27593922;27594012;202;39536034
27593924;27593657;125;39199930
27593924;27593851;14;39199931
27593924;27593909;60;38844551
27593925;27593797;134;38620402
27593925;27594059;81;37649429
27593925;27594703;150;38620401
27593926;27592444;241;37859910
27593926;27593895;19;37608113
27593926;27593974;29;37608110
27593926;27595635;276;37859909
27593928;27593743;30;38134824
27593928;27594094;74;38131343
27593928;27594451;94;38131340
27593929;27593654;92;38392110
27593929;27594121;61;38392107
27593929;27595274;240;38392099
27593940;27593853;17;38787491
27593940;27594125;45;39441047
27593941;27593399;103;39403160
27593941;27593770;57;37518655
27593941;27594651;136;39403159
27593943;27594069;21;37521038
27593945;27594169;143;38591038
27593947;27593411;94;37516801
27593947;27593956;46;38720511
27593956;27593959;29;38720510
27593956;27594065;19;39642814
27593957;27593420;101;37520203
27593957;27593653;99;37520219
27593957;27594365;81;37520202
27593959;27593883;9;38446315
27593959;27593964;14;38787486
27593960;27593571;66;38423544
27593960;27593966;44;37516707
27593960;27594175;36;37785284
27593961;27592607;231;37523648
27593961;27593421;145;37523655
27593962;27591272;439;38999643
27593962;27594214;41;38999640
27593962;27594453;164;39600500
27593964;27593985;27;37516799
27593966;27593960;44;37516706
27593966;27593978;96;37516705
27593966;27594009;9;39199711
27593967;27594129;38;39618978
27593968;27594396;73;37658981
27593974;27593084;148;37859954
27593974;27593926;29;37608111
27593974;27594037;46;37608108
27593974;27594870;149;37859953
27593978;27593966;96;37516704
27593978;27593992;103;37516703
27593982;27592958;368;37510005
27593983;27593947;7;38446294
27593983;27594411;95;38720508
27593984;27593878;17;39200727
27593984;27593888;17;38135134
27593985;27593853;26;37516800
27593992;27593577;67;37515915
27593992;27593978;103;37516702
27593992;27594004;102;37516701
27593992;27594142;34;37540051
27594002;27593706;79;37523663
27594002;27594045;120;37523660
27594002;27594462;80;37523674
27594004;27593992;102;37516700
27594004;27594017;102;37516699
27594007;27593656;58;39199947
27594008;27594944;356;39201518
27594009;27593966;9;39199712
27594009;27594098;84;39199709
27594009;27594146;22;39199714
27594012;27594101;22;39200733
27594013;27593637;61;39544991
27594016;27593703;101;37523690
27594016;27595213;204;37523687
27594017;27593611;67;37516723
27594017;27594004;102;37516698
27594017;27594028;72;37516697
27594021;27593543;88;38131321
27594021;27594024;61;38131338
27594021;27594190;26;38131320
27594024;27593543;88;38131331
27594024;27594021;61;38131339
27594024;27594459;87;38131336
27594028;27593624;67;37516708
27594028;27594017;72;37516696
27594028;27594047;20;37516695
27594035;27593627;67;39200370
27594035;27594178;23;39618981
27594037;27593309;120;37659529
27594037;27593974;46;37608109
27594037;27594106;47;37608107
27594037;27594940;149;37659528
27594045;27593913;31;37521039
27594045;27594002;120;37523661
27594047;27593284;147;39198339
27594047;27594028;20;37516694
27594047;27594826;161;39198338
27594059;27593896;23;39233912
27594059;27593925;81;37649428
27594059;27594152;22;37649427
27594065;27593956;19;39642815
27594067;27593964;22;37516796
27594067;27593985;17;38787485
27594069;27594116;111;37523659
27594069;27594185;32;37521037
27594074;27593463;121;39533869
27594080;27593309;126;37518311
27594080;27593869;29;39634215
27594080;27594106;6;37791258
27594084;27593486;215;37557225
27594084;27594367;69;38134793
27594085;27593908;37;39618977
27594088;27593699;99;37579795
27594090;27594179;15;39233911
27594091;27593794;54;37510002
27594094;27593799;75;37659298
27594094;27593928;74;38131342
27594094;27594271;62;37659297
27594098;27594009;84;39199710
27594101;27594285;31;39533775
27594106;27594037;47;37608106
27594106;27594080;6;37791257
27594106;27595044;150;37791256
27594107;27594177;23;37575697
27594114;27593855;38;39462715
27594114;27594332;138;39463245
27594114;27594332;101;39462710
27594116;27594069;111;37523658
27594116;27594784;180;37521035
27594118;27593570;148;37785285
27594118;27593921;32;37540054
27594118;27594197;14;38856992
27594119;27594131;80;39618983
27594119;27594196;19;39199927
27594119;27594634;120;37561070
27594121;27593173;286;39600630
27594121;27593929;61;38392108
27594121;27594260;54;38392103
27594123;27593446;111;39634521
27594123;27594405;50;39634520
27594125;27594067;14;37516795
27594125;27594181;10;39441046
27594127;27595229;204;37507563
27594127;27595335;189;39398691
27594129;27594219;20;37507346
27594130;27592495;313;37510291
27594131;27593909;68;37836908
27594131;27594119;80;39618984
27594131;27594374;43;37561071
27594138;27594310;49;38993291
27594140;27593596;88;37520147
27594140;27594171;123;37520129
27594140;27594228;15;37520144
27594142;27593992;34;37540052
27594142;27594250;24;37540049
27594142;27594253;31;37785294
27594146;27594009;22;39199713
27594152;27593862;66;37649448
27594152;27594059;22;37649426
27594152;27594316;42;37649445
27594156;27592657;328;37561084
27594156;27594244;56;38856848
27594156;27594634;116;37561083
27594169;27593606;96;39592326
27594169;27593945;143;38591037
27594169;27596604;397;37497106
27594171;27593630;88;39544953
27594171;27594140;123;37520128
27594171;27594192;63;37520127
27594175;27594118;124;37785283
27594175;27594398;43;37606778
27594176;27593875;90;39533877
27594177;27594581;144;37575699
27594178;27594035;23;39618982
27594178;27594215;6;37510493
27594179;27594090;15;39233910
27594179;27594316;27;39233918
27594179;27594678;148;39233917
27594180;27594559;105;37510290
27594181;27594411;68;38787483
27594183;27594462;97;38660833
27594185;27594045;35;37521036
27594185;27594784;101;37521032
27594190;27594021;26;38131319
27594192;27594171;63;37520126
27594192;27594221;126;37520125
27594192;27594534;62;37520141
27594193;27593625;187;39618811
27594196;27594085;25;39618980
27594196;27594119;19;39199928
27594197;27594118;14;38856993
27594207;27592893;243;37510043
27594211;27593688;87;37900316
27594211;27594336;25;37900314
27594211;27594842;105;38855016
27594214;27593962;41;38999641
27594214;27594260;124;38392106
27594214;27594785;97;38999638
27594215;27594178;6;37510494
27594215;27594424;83;39200371
27594215;27594858;106;37510491
27594219;27594374;46;37561073
27594219;27594507;59;37507345
27594221;27593836;59;37518629
27594221;27594192;126;37520124
27594221;27594509;53;37518628
27594225;27594332;17;39462713
27594228;27594140;15;37520145
27594228;27594498;59;37520142
27594228;27594523;178;39544962
27594230;27594559;111;39315671
27594240;27594336;22;38917115
27594244;27594156;56;38856849
27594250;27594142;24;37540050
27594250;27594398;194;37563244
27594250;27594519;64;37540047
27594253;27594142;31;37785295
27594260;27594121;54;38392104
27594260;27594214;124;38392105
27594260;27595098;162;39600504
27594265;27594176;30;37575695
27594271;27593710;130;39315530
27594271;27594094;62;37659296
27594271;27594571;54;39315527
27594276;27594016;88;37523689
27594276;27594755;170;39152630
27594277;27593540;451;38844549
27594283;27593640;159;37649437
27594283;27593699;98;37561064
27594283;27594634;222;37561061
27594283;27594641;162;38620467
27594285;27593984;71;38135133
27594285;27594740;90;38135139
27594310;27594584;89;37510497
27594316;27594152;42;37649446
27594316;27594179;27;39233919
27594316;27594678;92;37649443
27594330;27593327;180;38161798
27594330;27594600;50;39201515
27594330;27595286;159;38161797
27594332;27594114;101;39462711
27594332;27594114;138;39463246
27594332;27594225;17;39462712
27594334;27593796;101;39545837
27594334;27593796;179;38591021
27594334;27594644;64;39535598
27594336;27594211;25;37900315
27594336;27594240;22;38917116
27594336;27594697;75;37900312
27594345;27594475;33;39199811
27594365;27593957;81;37520201
27594365;27594426;47;37520190
27594367;27593331;206;38979210
27594367;27594084;69;38134794
27594367;27594520;46;38134791
27594371;27595707;216;39234254
27594374;27594131;43;37561072
27594374;27594507;59;38211666
27594385;27594537;35;38787547
27594394;27593538;179;37623814
27594394;27594475;26;39199806
27594394;27595050;157;37623813
27594396;27594276;48;37523688
27594396;27595200;121;39152616
27594398;27594555;31;37606777
27594405;27594123;50;39634519
27594405;27594630;39;39680744
27594411;27593983;95;38720509
27594411;27595033;133;38720506
27594424;27594585;64;39533897
27594426;27593653;134;37520193
27594426;27594365;47;37520189
27594426;27594707;75;37520188
27594436;27592323;452;38504671
27594436;27594944;80;38504670
27594436;27595008;126;38641509
27594437;27594818;61;37579722
27594437;27594933;272;37558757
27594444;27594017;74;37516722
27594444;27594690;120;39462336
27594451;27593928;94;38131341
27594454;27593533;159;37598743
27594454;27594769;130;37598742
27594454;27595669;590;38314675
27594456;27594074;88;37501377
27594456;27594130;89;37510502
27594459;27594024;87;38131337
27594459;27594520;12;38131334
27594459;27594765;88;37659302
27594462;27594002;80;37523675
27594462;27594183;97;38660832
27594462;27595254;117;37523672
27594466;27594488;7;38787538
27594473;27594628;32;39202449
27594475;27594345;33;39199810
27594475;27594394;26;39199807
27594475;27594632;31;39199809
27594488;27593903;133;38787540
27594488;27594466;7;38787539
27594488;27594537;18;38787544
27594491;27594755;44;39152628
27594495;27593656;214;37836903
27594495;27594582;14;39200351
27594495;27595296;247;39200350
27594498;27594228;59;37520143
27594498;27594522;94;39544935
27594499;27594193;92;39533878
27594507;27595262;129;37507344
27594509;27594221;53;37518627
27594509;27594538;95;37518642
27594509;27595159;105;39544952
27594510;27594207;90;37932684
27594514;27593886;120;37518659
27594514;27594980;74;37518658
27594519;27594250;64;37540048
27594519;27594556;81;37785291
27594519;27594556;9;37540045
27594520;27594367;46;38134792
27594520;27594459;12;38131335
27594520;27594765;72;38134789
27594522;27594498;94;39544936
27594522;27594523;7;39544933
27594522;27595070;78;39544960
27594523;27594228;178;39544961
27594523;27594522;7;39544934
27594523;27594534;55;39544931
27594525;27595369;195;37598756
27594534;27594192;62;37520140
27594534;27594523;55;39544932
27594534;27595059;74;37520139
27594537;27594385;35;38787546
27594537;27594488;18;38787545
27594537;27594598;24;38787542
27594538;27594509;95;37518641
27594538;27594553;57;37518640
27594538;27594838;44;37520169
27594553;27593863;115;37518617
27594553;27594538;57;37518639
27594553;27594588;106;37518638
27594555;27594519;140;37563243
27594555;27595303;116;37606776
27594556;27594519;9;37540046
27594556;27595256;133;37540043
27594559;27594844;85;39533888
27594563;27592518;448;37520172
27594563;27594671;18;37520176
27594565;27594673;15;37769943
27594571;27594271;54;39315528
27594571;27594723;31;37659320
27594571;27594777;55;37659317
27594581;27594854;85;37575698
27594582;27594495;14;39200352
27594582;27595029;63;39200348
27594584;27594633;81;37497879
27594584;27594771;66;39443422
27594585;27594887;136;37510516
27594588;27594553;106;37518637
27594588;27594613;44;37523643
27594588;27595250;286;37518645
27594596;27593735;151;39540377
27594598;27594537;24;38787543
27594598;27594628;22;38787552
27594598;27595060;77;38787548
27594600;27594330;50;39201516
27594607;27594819;36;38134826
27594613;27593558;176;38578871
27594613;27594588;44;37523642
27594613;27594623;8;37523641
27594623;27594613;8;37523640
27594623;27594660;35;37520180
27594623;27594830;31;37570076
27594625;27594510;82;37932682
27594625;27594745;71;37932683
27594628;27594473;32;39202448
27594628;27594598;22;38787553
27594628;27594697;17;38787550
27594630;27594882;36;39633998
27594630;27595047;59;37521285
27594632;27594475;31;39199808
27594633;27595767;241;37510500
27594634;27594119;120;37561069
27594634;27594156;116;37561082
27594634;27594283;222;37561062
27594635;27594514;43;39600549
27594635;27594851;32;39600609
27594641;27594283;162;38620468
27594644;27594334;64;39535597
27594644;27594740;32;37658496
27594644;27595334;106;39535606
27594651;27593941;136;39403158
27594651;27594980;92;37559392
27594651;27595520;133;39403157
27594653;27594777;37;38131330
27594660;27594671;47;38999632
27594660;27594830;39;38999631
27594663;27594405;45;39634523
27594671;27594563;18;37520177
27594671;27594660;47;38999633
27594671;27595250;113;37520174
27594673;27596956;329;37518720
27594675;27593554;185;39536184
27594678;27594179;148;39233916
27594678;27594316;92;37649444
27594678;27594703;17;37649441
27594690;27594444;120;39462337
27594690;27594754;10;39462334
27594690;27594754;117;39463767
27594691;27594437;183;37558758
27594691;27594906;46;37558755
27594691;27595031;122;37579745
27594694;27595033;64;38844279
27594697;27594336;75;37900313
27594697;27594628;17;38787551
27594697;27594725;6;37900310
27594703;27593925;150;38620400
27594703;27594678;17;37649442
27594703;27595231;174;37649430
27594707;27593223;594;37518650
27594707;27594426;75;37520187
27594707;27594896;46;37520186
27594711;27594456;80;39592314
27594722;27595592;173;39199965
27594723;27594571;31;37659319
27594723;27594731;31;39536225
27594725;27594697;6;37900311
27594725;27594805;34;38855013
27594725;27595199;74;39198299
27594731;27595537;119;37659314
27594740;27594285;90;38135140
27594740;27596294;235;39200731
27594745;27594625;23;37932681
27594748;27593209;253;38587875
27594748;27594663;12;39680064
27594748;27594882;20;39645127
27594754;27594690;10;39462335
27594754;27595163;94;39462332
27594755;27594276;170;39152631
27594755;27594491;44;39152629
27594755;27595208;72;39152626
27594765;27594459;88;37659301
27594765;27594520;72;38134790
27594765;27594819;15;38134787
27594769;27592569;648;37598762
27594769;27594454;130;37598741
27594769;27595485;194;37598759
27594771;27594874;42;37510498
27594776;27594499;85;37510499
27594777;27594571;55;37659318
27594777;27594653;37;38131329
27594777;27595257;78;37659315
27594784;27594116;180;37521034
27594784;27594185;101;37521033
27594784;27595754;145;37521030
27594785;27594214;97;38999639
27594785;27595167;54;38392115
27594785;27595384;108;37518709
27594797;27595050;118;39198351
27594797;27595124;52;38857468
27594797;27595737;161;39198350
27594803;27594196;110;39618979
27594805;27594725;34;38855014
27594818;27594437;61;37579723
27594818;27594832;53;39199955
27594818;27594972;98;37579737
27594818;27595110;40;39199959
27594819;27594607;36;38134825
27594819;27594765;15;38134788
27594819;27594872;18;38134785
27594826;27594047;161;39198337
27594826;27594444;59;37516721
27594826;27594847;7;39198336
27594830;27594950;16;37570075
27594832;27594818;53;39199956
27594836;27595409;84;39462815
27594838;27594538;44;37520168
27594838;27594846;25;37520160
27594838;27595325;176;37520155
27594842;27594211;105;38855015
27594842;27594909;8;37659536
27594844;27594904;20;39533875
27594846;27594838;25;37520161
27594846;27594883;102;37520158
27594846;27595339;71;37520167
27594847;27594826;7;39198335
27594847;27595034;75;39198334
27594847;27595430;112;39199708
27594850;27594972;17;37579793
27594850;27595125;91;39199950
27594851;27594635;32;39600610
27594854;27595007;52;37575704
27594858;27594215;106;37510492
27594858;27595032;24;37531812
27594862;27594930;24;37575715
27594862;27595145;65;39596955
27594865;27594613;36;39562813
27594870;27593974;149;37859952
27594870;27594940;45;37608114
27594870;27595826;148;37859951
27594872;27594819;18;38134786
27594872;27595257;125;37566223
27594874;27594887;180;37510501
27594876;27594277;166;38844546
27594882;27594748;20;39645128
27594882;27595047;28;37829115
27594882;27595102;32;39633997
27594883;27594846;102;37520159
27594883;27594899;42;37520156
27594883;27595482;88;39462812
27594886;27594722;34;37579766
27594886;27595558;134;39199964
27594887;27594711;75;39533884
27594896;27594707;46;37520185
27594896;27595236;369;37520192
27594896;27595236;210;37520184
27594899;27594883;42;37520157
27594904;27594977;226;37510503
27594904;27595767;182;37510505
27594906;27594582;49;39200347
27594906;27594691;46;37558756
27594906;27595029;25;37558753
27594909;27595364;69;39266852
27594909;27595419;98;37659535
27594916;27594924;35;37659285
27594916;27594924;175;39545463
27594916;27595254;130;37659284
27594923;27594277;140;37499773
27594924;27594916;35;37659286
27594930;27595335;66;37575716
27594932;27595256;192;37785288
27594933;27595125;98;39199954
27594938;27594510;98;37932679
27594938;27594745;26;37932680
27594940;27594037;149;37659527
27594940;27594870;45;37608115
27594940;27595044;63;37608117
27594942;27594013;148;39398694
27594942;27595366;210;37507549
27594944;27594008;356;39201517
27594944;27594436;80;38504669
27594944;27596678;358;38504668
27594947;27594265;222;37575701
27594950;27595314;56;39562814
27594955;27594872;20;37659310
27594955;27596080;214;37659306
27594961;27595150;43;39600541
27594961;27595167;45;39600499
27594972;27594818;98;37579736
27594972;27594850;17;37579794
27594972;27595157;66;37579735
27594977;27594776;76;37510504
27594980;27594514;74;37518657
27594980;27594651;92;37559393
27594980;27595131;44;37559390
27594983;27595039;74;37623829
27594983;27595050;167;37623824
27594983;27595232;125;39198292
27594993;27596000;173;37641775
27594997;27595031;32;37579742
27595007;27595074;30;37575703
27595008;27594436;126;38641510
27595008;27595430;211;38620394
27595008;27596667;598;38620393
27595014;27595218;47;37507565
27595029;27594906;25;37558754
27595029;27595392;102;37558751
27595031;27594691;122;37579744
27595031;27594997;32;37579743
27595031;27595110;55;37579740
27595032;27594858;24;37531813
27595032;27595081;5;37531814
27595033;27594411;133;38720507
27595033;27594694;64;38844278
27595033;27595064;11;38720504
27595034;27594847;75;39198333
27595034;27595163;52;39198332
27595038;27594876;39;38844545
27595039;27594983;74;37623828
27595039;27595064;89;37623827
27595039;27595183;23;39198297
27595044;27594106;150;37791255
27595044;27594940;63;37608116
27595044;27595513;76;37791254
27595045;27594886;33;37579765
27595045;27595657;118;39199962
27595047;27594882;28;37829116
27595047;27595108;9;38858049
27595050;27594394;157;37623812
27595050;27594797;118;39198352
27595050;27594983;167;37623825
27595059;27594534;74;37520138
27595060;27594598;77;38787549
27595064;27595033;11;38720505
27595064;27595039;89;37623826
27595064;27595199;196;37623811
27595070;27594522;78;39544959
27595074;27593637;396;37575712
27595074;27595147;41;37575702
27595081;27595032;5;37531815
27595081;27595132;9;39200368
27595098;27594260;162;39600503
27595098;27595496;87;39600502
27595098;27595584;149;39600496
27595102;27595234;23;39633996
27595105;27594947;54;37575700
27595107;27594923;36;38844548
27595108;27595047;9;38858048
27595108;27595102;28;39645135
27595108;27595517;66;38858047
27595109;27595045;35;37579764
27595109;27595756;125;39199968
27595110;27594818;40;39199960
27595110;27595031;55;37579741
27595110;27595315;84;37579738
27595110;27595436;54;39199957
27595124;27594797;52;38857469
27595125;27594850;91;39199949
27595125;27595157;29;39199953
27595125;27595195;17;37579770
27595131;27594980;44;37559391
27595131;27595274;47;37559388
27595131;27596320;179;37570046
27595132;27595308;28;39200367
27595132;27595413;62;38216506
27595145;27594862;65;39596956
27595145;27595229;12;39596962
27595147;27595214;36;39398657
27595150;27594961;43;39600542
27595156;27595109;31;37579763
27595156;27596024;139;39199970
27595157;27594972;66;37579734
27595157;27595225;20;37579733
27595157;27595315;98;39199952
27595159;27594509;105;39544951
27595159;27595585;65;39544948
27595163;27594754;94;39462333
27595163;27595034;52;39198331
27595163;27595217;20;39198330
27595164;27595341;52;37616126
27595164;27595369;552;37598749
27595164;27595485;51;37598752
27595167;27594785;54;38392116
27595167;27594961;45;39600498
27595167;27595556;65;38392113
27595183;27595039;23;39198296
27595183;27595232;11;39198295
27595183;27595884;172;38049613
27595186;27594207;220;37510042
27595191;27594865;48;39218661
27595195;27595125;17;37579769
27595195;27595156;21;37579762
27595195;27596106;145;37579768
27595199;27594725;74;39198298
27595199;27595540;56;38048228
27595200;27595437;36;39152615
27595208;27594755;72;39152627
27595208;27595200;136;39459375
27595211;27595107;27;38844547
27595213;27594016;204;37523686
27595213;27595208;47;39152625
27595213;27595487;42;37523685
27595214;27595282;45;37575711
27595217;27595163;20;39198329
27595217;27595531;174;39199707
27595217;27595531;132;39198324
27595218;27595302;26;38844550
27595222;27594776;130;39533895
27595224;27595105;63;37575708
27595225;27595157;20;37579732
27595225;27595195;22;37579761
27595229;27595145;12;39596961
27595229;27595292;11;39596960
27595229;27595535;127;37507562
27595231;27594703;174;37649431
27595232;27594983;125;39198293
27595232;27595183;11;39198294
27595232;27595363;147;37516806
27595234;27594748;71;39645133
27595234;27596437;188;39634004
27595236;27594896;210;37520183
27595236;27594896;369;37520191
27595236;27595250;10;37520182
27595238;27595350;68;39198328
27595238;27595921;185;37518350
27595238;27596487;456;39198313
27595249;27595081;32;38216500
27595249;27595308;14;37510523
27595250;27594588;286;37518644
27595250;27594671;113;37520175
27595250;27595236;10;37520181
27595252;27595038;71;37505851
27595254;27594462;117;37523673
27595254;27594916;130;37659283
27595254;27595754;172;37523677
27595254;27596299;156;37523670
27595256;27594556;133;37540044
27595256;27594932;192;37785287
27595256;27595285;6;37540041
27595257;27594777;78;37659316
27595257;27595559;91;37566222
27595258;27595512;79;39562819
27595262;27595817;128;37507343
27595269;27595225;28;37579760
27595269;27595728;89;37579751
27595274;27593929;240;38392100
27595274;27595131;47;37559389
27595274;27595496;73;37559386
27595282;27595366;102;37575710
27595284;27595252;97;37505850
27595285;27595256;6;37540042
27595285;27595303;4;37540039
27595285;27595406;113;39199704
27595286;27594330;159;38161796
27595292;27595229;11;39596959
27595292;27595418;65;39596957
27595296;27594495;247;39200349
27595297;27595224;45;37575707
27595301;27595249;30;37510524
27595302;27595395;42;39533876
27595303;27595285;4;37540040
27595303;27595712;80;37785289
27595307;27595269;20;37579759
27595307;27595728;99;37579753
27595308;27595346;6;37510522
27595314;27595467;24;38578829
27595315;27595110;84;37579739
27595315;27595407;15;39200002
27595315;27595436;72;39199951
27595320;27594938;72;37932678
27595320;27595186;39;39562821
27595325;27594838;176;37520154
27595325;27595339;42;39462790
27595325;27595435;16;37520153
27595330;27595564;49;39227518
27595330;27595564;47;39462803
27595334;27594644;106;39535605
27595334;27595420;14;39535604
27595334;27595420;46;37498546
27595335;27595870;81;39398689
27595339;27594846;71;37520166
27595339;27595325;42;39462791
27595339;27595449;17;37520165
27595339;27595460;54;39462788
27595341;27595164;52;37616125
27595345;27595307;22;37579758
27595345;27595676;68;37579783
27595346;27595413;47;37510515
27595346;27595472;21;37510520
27595350;27595238;68;39198327
27595350;27595363;7;39198326
27595350;27596066;210;39199695
27595359;27595297;46;37575709
27595362;27595284;71;37505831
27595362;27595379;82;39533898
27595363;27595350;7;39198325
27595363;27595980;281;39198320
27595364;27594909;69;39266853
27595364;27595517;115;37659533
27595364;27595607;39;39266855
27595366;27595381;17;39398696
27595369;27594525;195;37598755
27595369;27595164;552;37598750
27595369;27595518;399;37598754
27595376;27595798;106;37659282
27595377;27595224;50;37575706
27595379;27594803;135;39642290
27595381;27595418;63;37507450
27595384;27594785;108;37518710
27595384;27595402;6;39600535
27595384;27595584;40;37518707
27595386;27595301;13;37510521
27595390;27594803;275;37505832
27595390;27595284;146;37505830
27595392;27595029;102;37558752
27595392;27595301;53;39200354
27595395;27595675;154;37507566
27595395;27596032;209;37505828
27595398;27596325;280;37867770
27595402;27595384;6;39600536
27595402;27595543;40;39600533
27595402;27595543;80;39600530
27595402;27595546;56;39600527
27595406;27595285;113;39199705
27595407;27595315;15;39200001
27595407;27595345;41;37579757
27595407;27595615;36;39200000
27595409;27594836;84;39462814
27595409;27595421;28;39462800
27595410;27595191;34;39218664
27595413;27597416;460;37510514
27595418;27595292;65;39596958
27595418;27595431;15;37507449
27595419;27595540;52;37659534
27595419;27595572;38;39266858
27595420;27595334;46;37498545
27595420;27595334;14;39535603
27595420;27596382;156;39535602
27595421;27595409;28;39462801
27595421;27595435;41;39462798
27595421;27595532;97;39462808
27595430;27595008;211;38620395
27595430;27595034;63;37518344
27595431;27595473;74;39562822
27595435;27595325;16;37520152
27595435;27595421;41;39462799
27595435;27595449;42;39462796
27595436;27595110;54;39199958
27595437;27595483;12;39152613
27595439;27595786;56;38917134
27595448;27595320;39;39562820
27595449;27595339;17;37520164
27595449;27595435;42;39462797
27595449;27595460;37;39462794
27595449;27595532;13;37520163
27595450;27595359;104;39398697
27595450;27595614;231;37507550
27595460;27595339;54;39462789
27595460;27595449;37;39462795
27595460;27595482;65;39462792
27595462;27595450;17;37507548
27595467;27595700;38;38578828
27595467;27595771;213;37557433
27595472;27595489;32;37510518
27595473;27595535;97;37507448
27595475;27595407;41;37579756
27595475;27595615;62;37579792
27595479;27595437;10;39152614
27595479;27595487;177;39152623
27595482;27594883;88;39462813
27595482;27595460;65;39462793
27595482;27595557;12;39462810
27595483;27595526;12;39152612
27595483;27595798;142;39163019
27595485;27594769;194;37598760
27595485;27595164;51;37598751
27595485;27595518;111;37598757
27595486;27594424;265;37510517
27595486;27595222;64;37510507
27595487;27595213;42;37523684
27595487;27595479;177;39152624
27595487;27595947;72;37523683
27595489;27595386;19;37510519
27595489;27595392;58;39200353
27595489;27595586;22;38405549
27595493;27595980;90;39198348
27595496;27595098;87;39600501
27595496;27595274;73;37559387
27595496;27596396;131;38313371
27595504;27595475;19;37579755
27595504;27595772;101;37579790
27595506;27595462;77;37507552
27595510;27595364;32;37659532
27595510;27595607;30;39266856
27595512;27595691;74;39562818
27595513;27595044;76;37791253
27595513;27595968;75;37791281
27595517;27595108;66;38858046
27595517;27596271;117;38858045
27595518;27595369;399;37598753
27595518;27595485;111;37598758
27595518;27595669;29;37522773
27595520;27594651;133;39403156
27595520;27595533;154;39538663
27595520;27596194;101;39403155
27595524;27594723;118;39536196
27595524;27595537;31;39536217
27595526;27595479;11;39152611
27595526;27595948;61;39152622
27595528;27595504;16;37579754
27595528;27595695;29;39200016
27595531;27595217;132;39198323
27595531;27595217;174;39199706
27595531;27595712;76;39198322
27595532;27595421;97;39462809
27595532;27595449;13;37520162
27595532;27595557;102;39462806
27595533;27595520;154;39538662
27595533;27595752;77;39538661
27595534;27595506;34;39398695
27595535;27595581;64;39562817
27595537;27595741;32;37659313
27595540;27595199;56;38048227
27595540;27595674;24;38048226
27595543;27595402;40;39600534
27595543;27595402;80;39600529
27595543;27595546;18;39600526
27595543;27595556;4;39600531
27595546;27595402;56;39600528
27595546;27595543;18;39600525
27595556;27595167;65;38392114
27595556;27595543;4;39600532
27595556;27595820;50;39600562
27595557;27595482;12;39462811
27595557;27595532;102;39462807
27595557;27595564;50;39462804
27595558;27594886;134;39199963
27595558;27595592;20;39200045
27595558;27595608;21;39200044
27595559;27595524;19;37659294
27595559;27595621;20;37566221
27595564;27595330;47;39462802
27595564;27595330;49;39227519
27595564;27595557;50;39462805
27595572;27595419;38;39266859
27595572;27595510;20;37659531
27595581;27595591;24;37507547
27595584;27595098;149;39600495
27595584;27595384;40;37518708
27595584;27595905;58;37518705
27595585;27595159;65;39544947
27595585;27595650;11;39544946
27595586;27595489;22;38405550
27595586;27595782;64;38405547
27595586;27595782;73;38405546
27595591;27595666;136;39562827
27595592;27594722;173;39199966
27595592;27595558;20;39200046
27595592;27596128;88;39200342
27595599;27595472;58;37877633
27595600;27595410;37;39562834
27595600;27595651;30;37623361
27595600;27595666;205;39596964
27595601;27595821;156;38917113
27595602;27595377;62;37575705
27595607;27595510;30;39266857
27595607;27596248;95;39266854
27595608;27595558;21;39200043
27595608;27595657;24;39200042
27595608;27596774;215;39200339
27595614;27594942;103;39398692
27595615;27595407;36;39199999
27595615;27595475;62;37579791
27595615;27595772;27;39199998
27595621;27595524;15;39536195
27595621;27595741;37;37566220
27595632;27595534;190;39562824
27595635;27593926;276;37859908
27595646;27595632;10;37507546
27595646;27596875;333;37507561
27595650;27595585;11;39544945
27595650;27596192;80;39544944
27595651;27595410;39;39218663
27595651;27595700;15;37623360
27595652;27595379;134;37505849
27595653;27595646;25;37507545
27595657;27595045;118;39199961
27595657;27595608;24;39200041
27595657;27595756;37;39200040
27595666;27595600;205;39596963
27595666;27595710;52;39562826
27595669;27594454;590;38314674
27595669;27595518;29;37522772
27595669;27598815;748;37522771
27595674;27595540;24;38048225
27595674;27595915;76;39198300
27595674;27595972;46;38048224
27595675;27595814;64;39533874
27595676;27595345;68;37579784
27595676;27595787;17;37579781
27595676;27596013;82;37579772
27595678;27595486;35;37510506
27595679;27594955;219;37659309
27595679;27595621;9;37658477
27595684;27596040;142;37505149
27595686;27596887;174;37505079
27595691;27595892;116;39562815
27595691;27596533;303;37557430
27595695;27595528;29;39200015
27595695;27595911;32;39200014
27595695;27595985;116;37579730
27595697;27593735;314;37505081
27595700;27595997;44;38578827
27595707;27596171;73;37505767
27595710;27595808;178;39562823
27595712;27595303;80;37785290
27595712;27595531;76;39198321
27595712;27596046;112;39198316
27595728;27595269;89;37579750
27595728;27595307;99;37579752
27595728;27596013;45;37579749
27595737;27594797;161;39198349
27595741;27595788;7;37659312
27595741;27595816;23;39536209
27595745;27595653;134;39562816
27595752;27595533;77;39538660
27595752;27595847;16;39538655
27595752;27596017;77;39538658
27595754;27594784;145;37521031
27595754;27595254;172;37523676
27595754;27596916;161;37521028
27595756;27595109;125;39199967
27595756;27595657;37;39200039
27595756;27595963;50;39200038
27595760;27595362;123;37505829
27595760;27595684;43;39533872
27595761;27596095;56;39424437
27595763;27595786;14;38917111
27595767;27596390;97;37510509
27595771;27595448;162;39562829
27595772;27595504;101;37579789
27595772;27595615;27;39199997
27595772;27595985;35;39199996
27595782;27595586;64;38405548
27595782;27595586;73;38405545
27595784;27595211;284;37505854
27595785;27595792;47;39545469
27595786;27595439;56;38917133
27595786;27595763;14;38917112
27595786;27596166;90;38917109
27595786;27596343;81;38917132
27595787;27595676;17;37579782
27595787;27595941;21;37579779
27595787;27596372;102;37579786
27595788;27595679;35;39536210
27595788;27595990;29;37659311
27595792;27595785;47;39545468
27595792;27595797;12;39545467
27595792;27596295;78;39545465
27595793;27596225;97;39199701
27595797;27595792;12;39545466
27595798;27595376;106;37659281
27595798;27595483;142;39163018
27595798;27596299;121;39163017
27595808;27595828;29;37575720
27595814;27595922;43;37505852
27595815;27596524;343;38301319
27595816;27595788;22;39536211
27595816;27595824;4;39398677
27595817;27595986;63;37507342
27595817;27596176;60;37505844
27595819;27595745;97;39562825
27595820;27595556;50;39600561
27595820;27595953;30;39600552
27595821;27595601;156;38917114
27595824;27595816;4;39398676
27595824;27595947;37;39398675
27595824;27595990;34;39459358
27595826;27594870;148;37859950
27595826;27595821;5;37659526
27595826;27596444;88;37859935
27595828;27595852;94;37575719
27595832;27595652;51;37505848
27595847;27596161;124;39538654
27595852;27595771;87;39562828
27595870;27595534;200;37507551
27595870;27596875;141;39398687
27595872;27595893;29;38576921
27595879;27595784;39;37505855
27595884;27596037;25;39198307
27595892;27595926;156;37510044
27595893;27595872;29;38576920
27595893;27595896;11;38576935
27595896;27595930;5;38576934
27595902;27596219;104;39572005
27595905;27595584;58;37518706
27595905;27596078;33;37518703
27595905;27596079;34;38392101
27595911;27595695;32;39200013
27595911;27596074;27;39200012
27595911;27596167;96;37579776
27595912;27594940;149;37581232
27595912;27595826;47;37659525
27595914;27595819;138;37575718
27595915;27595674;76;39198301
27595921;27595238;185;37518349
27595922;27596124;92;37505853
27595926;27595914;29;37575717
27595930;27595964;5;38576932
27595930;27596003;147;38576923
27595933;27596207;48;39592331
27595941;27595787;21;37579780
27595941;27596112;35;37579777
27595941;27596531;100;37579788
27595947;27595487;72;37523682
27595947;27595824;37;39398674
27595947;27596295;136;39398673
27595948;27595526;61;39152621
27595948;27596311;56;39152620
27595950;27596020;84;37869509
27595950;27596020;83;37869508
27595950;27596382;82;39679543
27595953;27595820;30;39600551
27595953;27596019;18;39600556
27595960;27595893;10;38576933
27595963;27595756;50;39200037
27595963;27596024;19;39200036
27595963;27596739;151;38423567
27595964;27595960;10;38576931
27595964;27596093;20;38576922
27595965;27596128;77;39531448
27595965;27597199;193;39200344
27595968;27595513;75;37791280
27595968;27595912;37;37659524
27595968;27596305;57;39634206
27595972;27595572;115;37659530
27595972;27595674;46;38048223
27595972;27596049;13;38048222
27595980;27595363;281;39198319
27595980;27595493;90;39198347
27595980;27596029;14;39198318
27595983;27595390;194;39443386
27595983;27596040;15;39213267
27595985;27595695;116;37579731
27595985;27595772;35;39199995
27595985;27596112;20;39199994
27595986;27596087;35;37507341
27595990;27596236;36;37658470
27595997;27596081;15;37557431
27595997;27596533;74;38578826
27596000;27594993;173;37641776
27596000;27596095;22;39424435
27596000;27596332;147;37641771
27596003;27595930;147;38576924
27596013;27595676;82;37579771
27596013;27595728;45;37579748
27596013;27596189;28;37579747
27596017;27595533;170;39538664
27596017;27595752;77;39538657
27596017;27596059;11;39538644
27596019;27595953;18;39600555
27596019;27596073;9;39600516
27596019;27596079;16;39600513
27596020;27595950;84;37869510
27596020;27595950;83;37869507
27596024;27595156;139;39199969
27596024;27595963;19;39200035
27596024;27596106;20;39200034
27596029;27595980;14;39198317
27596029;27596037;16;39198306
27596029;27596279;65;37505152
27596032;27595760;105;39533871
27596037;27595884;25;39198308
27596037;27596029;16;39198305
27596040;27595983;15;39213266
27596040;27596692;112;39213257
27596046;27595712;112;39198315
27596046;27596614;102;39198312
27596046;27596667;250;37518348
27596049;27595972;13;38048221
27596049;27596146;44;38048229
27596049;27596252;34;38048220
27596059;27596017;11;39538643
27596059;27596234;52;37518666
27596066;27595350;210;39199694
27596069;27595847;69;39538659
27596069;27596017;17;39538656
27596073;27596019;9;39600515
27596073;27596142;20;39600510
27596073;27597289;200;39297142
27596074;27595911;27;39200011
27596074;27596240;26;39200010
27596074;27596752;147;37579727
27596078;27595905;33;37518704
27596078;27596109;6;39600589
27596078;27596253;37;37518701
27596079;27595905;34;38392102
27596079;27596019;16;39600514
27596079;27596088;2;39600511
27596080;27594955;214;37659305
27596080;27596100;5;37659304
27596080;27596219;24;39572000
27596081;27595651;64;39218662
27596081;27596136;28;39218689
27596087;27596032;59;37507340
27596087;27596124;217;37505827
27596088;27596079;2;39600512
27596088;27596142;10;39600507
27596091;27596524;120;37604967
27596091;27596696;188;38882352
27596093;27595960;20;38576919
27596093;27596378;39;38576918
27596095;27595761;56;39424438
27596095;27596000;22;39424436
27596095;27596140;12;39424433
27596100;27596080;5;37659303
27596100;27596398;77;37659292
27596106;27595195;145;37579767
27596106;27596024;20;39200033
27596106;27596189;25;39200032
27596106;27596506;70;39200345
27596109;27596078;6;39600590
27596109;27596221;43;39600522
27596109;27596254;30;39600517
27596112;27595941;35;37579778
27596112;27595985;20;39199993
27596112;27596167;22;37579773
27596112;27596676;92;39199992
27596121;27595832;69;37505769
27596121;27595879;95;39533889
27596124;27597252;233;39642289
27596128;27595592;88;39200341
27596128;27595965;77;39531449
27596136;27595819;133;39562835
27596140;27596095;12;39424434
27596140;27596207;15;39424431
27596140;27596407;72;39424440
27596142;27596073;20;39600509
27596142;27596088;10;39600508
27596142;27596241;27;39600559
27596146;27596037;27;39198304
27596146;27596049;44;38048230
27596146;27596252;23;39198303
27596147;27594596;287;37505078
27596161;27596069;110;39538653
27596161;27596245;109;39602049
27596166;27595786;90;38917110
27596166;27596277;16;38917107
27596166;27596364;55;38917122
27596167;27595911;96;37579775
27596167;27596112;22;37579774
27596167;27596734;92;37579725
27596171;27596617;322;37505768
27596172;27595678;82;37510508
27596176;27595986;50;37505842
27596176;27596312;237;37505840
27596189;27596013;28;37579746
27596189;27596106;25;39200031
27596189;27596372;26;39199988
27596192;27595650;80;39544943
27596192;27596669;64;39544942
27596192;27597221;164;39265951
27596194;27595520;101;39403154
27596194;27596226;39;37570044
27596194;27596263;9;39492829
27596207;27595933;48;39592332
27596207;27596140;15;39424432
27596207;27597347;220;39424429
27596219;27595902;104;39572004
27596219;27596080;24;39572001
27596219;27596537;87;39572003
27596221;27596109;43;39600521
27596221;27596241;2;39600598
27596221;27596254;8;39600520
27596225;27595793;97;39199700
27596225;27596275;44;39199702
27596225;27596614;53;39199699
27596226;27596194;39;37570043
27596226;27596250;28;37570042
27596226;27596300;107;39600623
27596233;27595679;81;37658476
27596234;27596059;52;37518665
27596234;27598214;338;37518664
27596236;27596233;34;37659295
27596236;27597533;199;37658469
27596240;27596074;26;39200009
27596240;27596536;42;39200008
27596240;27596686;90;37579729
27596241;27596142;27;39600560
27596241;27596221;2;39600597
27596241;27596303;16;39600557
27596245;27596161;109;39602048
27596245;27596263;53;39188360
27596248;27596049;164;37564238
27596250;27596226;28;37570041
27596250;27596288;50;37570040
27596250;27596288;162;39072648
27596252;27596049;34;38048219
27596252;27596146;23;39198302
27596252;27596279;5;38048218
27596253;27596078;37;37518702
27596253;27596337;13;39600554
27596253;27596348;17;37518699
27596254;27596109;30;39600518
27596254;27596221;8;39600519
27596263;27596194;9;39492830
27596263;27596245;53;39188361
27596263;27596345;10;39538651
27596271;27595517;117;38858044
27596271;27596248;63;37564237
27596271;27596298;16;38917140
27596271;27596846;81;39398583
27596274;27596700;63;39212812
27596275;27596225;44;39199703
27596277;27596166;16;38917108
27596277;27596364;48;38917119
27596277;27596429;18;38917105
27596279;27596029;65;37505151
27596279;27596252;5;38048217
27596279;27596460;26;38049611
27596288;27596250;50;37570039
27596288;27596250;162;39072649
27596288;27596300;11;37570038
27596289;27596234;150;39602050
27596294;27594740;235;39200732
27596294;27596325;35;37869496
27596294;27596716;59;39200729
27596295;27595792;78;39545464
27596295;27595947;136;39398672
27596295;27596480;63;39398671
27596298;27596271;16;38917139
27596298;27596343;18;38917138
27596298;27596343;20;38917129
27596299;27595254;156;37523671
27596299;27595798;121;39163016
27596299;27596554;51;39163015
27596299;27596698;60;37523668
27596300;27596288;11;37570037
27596300;27596320;20;37570036
27596301;27596702;229;39212797
27596303;27596241;16;39600558
27596305;27595968;57;39634205
27596305;27597095;132;39634212
27596309;27596233;11;37658475
27596309;27596398;31;39459360
27596311;27595948;56;39152619
27596311;27596480;22;39152618
27596311;27596824;149;37659291
27596312;27596176;237;37505839
27596312;27596432;32;37505838
27596312;27596508;27;38607874
27596316;27595983;58;39443387
27596320;27595131;179;37570047
27596320;27596300;20;37570035
27596320;27596396;114;37570034
27596325;27595398;280;37867771
27596325;27596294;35;37869495
27596325;27596332;16;37641774
27596330;27596368;47;39594308
27596331;27596301;77;38812365
27596331;27596412;9;38812346
27596332;27596000;147;37641772
27596332;27596325;16;37641773
27596332;27596988;95;39424442
27596335;27596487;90;39199697
27596336;27596650;86;39545461
27596337;27596253;13;39600553
27596343;27595786;81;38917131
27596343;27596298;18;38917137
27596343;27596298;20;38917130
27596343;27596429;44;38917136
27596344;27596331;10;39212795
27596345;27596059;295;38696807
27596345;27596263;10;39538652
27596345;27596866;72;39538649
27596348;27596253;17;37518700
27596348;27596640;49;39600523
27596356;27596880;194;39492802
27596358;27596931;79;39562832
27596364;27596166;55;38917121
27596364;27596277;48;38917120
27596364;27596507;19;38917117
27596368;27596403;49;39594307
27596368;27596847;66;38696782
27596372;27595787;102;37579785
27596372;27596189;26;39199987
27596372;27596531;24;39199986
27596376;27596384;47;38576915
27596376;27596458;44;38576930
27596378;27596093;39;38576917
27596378;27596384;149;38576913
27596378;27597032;93;37979417
27596382;27595420;156;39535601
27596382;27595950;82;39679542
27596382;27596457;11;39535600
27596384;27596376;47;38576916
27596384;27596378;149;38576914
27596384;27596924;75;38576927
27596389;27596406;63;39213252
27596390;27597416;203;37510512
27596394;27596081;44;38578824
27596394;27596136;50;37557432
27596396;27595496;131;38313370
27596396;27596320;114;37570033
27596396;27596505;62;39600497
27596398;27596100;77;37659293
27596398;27596309;31;39459359
27596398;27596534;33;39459357
27596403;27596470;36;39492827
27596403;27596856;63;39594306
27596406;27596412;8;39213259
27596407;27596140;72;39424439
27596408;27596331;137;37540055
27596408;27596344;117;39212794
27596412;27596418;10;39219669
27596412;27596491;11;39219670
27596418;27596344;9;39219672
27596418;27596483;99;39219671
27596429;27596277;18;38917106
27596429;27596343;44;38917135
27596429;27596507;55;38917126
27596429;27596751;91;38917103
27596432;27596312;32;37505837
27596432;27596508;22;38607885
27596432;27596519;28;37505836
27596437;27595234;188;39634003
27596437;27596587;20;39645130
27596444;27595826;88;37859934
27596444;27596518;46;37800104
27596444;27596826;56;37859933
27596445;27595599;229;37510513
27596445;27596172;38;37586536
27596457;27596382;11;39535599
27596457;27596716;98;37498522
27596457;27596782;50;39679551
27596458;27596376;44;38576929
27596460;27596279;26;38049612
27596460;27596408;36;38812373
27596470;27596403;36;39492828
27596472;27596609;22;39200022
27596480;27596295;63;39398670
27596480;27596311;22;39152617
27596480;27596824;127;39398669
27596483;27596541;48;39213258
27596483;27596754;49;37505150
27596486;27596418;9;39219674
27596486;27596509;73;39219673
27596487;27595238;456;39198314
27596487;27596335;90;39199696
27596487;27596614;166;39198309
27596491;27596486;10;39212815
27596491;27596560;16;39212816
27596497;27596356;29;39492806
27596500;27596356;18;39492821
27596500;27596497;22;39493093
27596505;27596348;41;39600524
27596506;27596106;70;39200346
27596507;27596364;19;38917118
27596507;27596429;55;38917125
27596507;27596751;37;38917124
27596508;27596520;46;38607884
27596508;27596654;22;38607873
27596509;27598626;952;37504229
27596510;27596835;49;38875996
27596518;27595912;87;37581231
27596518;27596444;46;37800103
27596519;27596432;28;37505835
27596519;27598518;435;37505834
27596520;27596654;56;38607876
27596520;27597339;243;38607881
27596524;27595815;343;38301320
27596524;27596091;120;37604966
27596524;27597402;146;37604965
27596527;27596568;43;37658507
27596527;27596782;130;37658504
27596527;27597130;94;37658494
27596531;27595941;100;37579787
27596531;27596372;24;39199985
27596531;27596676;37;39199984
27596533;27598210;277;38578825
27596534;27596309;28;37658474
27596534;27596398;33;39459356
27596536;27596240;42;39200007
27596536;27596609;20;39200026
27596536;27596636;17;39200006
27596537;27596219;87;39572002
27596541;27596460;12;38855046
27596541;27596599;41;39212801
27596553;27596437;20;39645129
27596554;27596299;51;39163014
27596554;27596867;75;39163013
27596554;27597205;130;38684355
27596560;27596486;10;39212819
27596560;27596638;46;38620466
27596568;27596527;43;37658506
27596568;27597163;96;37658492
27596568;27597459;176;37658503
27596587;27596883;43;39645131
27596599;27596722;94;39212800
27596600;27596519;13;39531447
27596603;27596389;145;39212798
27596603;27596491;213;39212820
27596604;27594169;397;37497107
27596604;27597626;200;37497104
27596609;27596472;22;39200021
27596609;27596536;20;39200025
27596609;27596688;16;39200020
27596614;27596046;102;39198311
27596614;27596225;53;39199698
27596614;27596487;166;39198310
27596616;27596638;50;37561302
27596616;27596757;127;37561297
27596616;27597191;144;37561310
27596617;27597401;170;37505076
27596618;27596497;20;39492805
27596625;27596500;17;39492820
27596625;27596618;31;39493092
27596636;27596536;17;39200005
27596636;27596679;27;39199981
27596636;27596688;20;39200024
27596636;27596991;62;39200004
27596638;27596560;46;38620465
27596638;27596616;50;37561301
27596638;27596646;28;37561300
27596640;27596505;20;37570045
27596640;27598098;290;37518717
27596646;27596638;28;37561299
27596646;27596816;52;37561296
27596646;27597225;124;37561325
27596647;27596316;52;39443405
27596647;27596692;13;39213262
27596650;27595948;239;37659289
27596650;27596336;86;39545462
27596650;27596698;17;37659287
27596654;27596682;11;38607875
27596667;27595008;598;38620392
27596667;27596046;250;37518347
27596667;27597172;238;38620460
27596669;27596192;64;39544941
27596669;27597031;53;39544940
27596673;27596541;24;38855045
27596674;27597113;75;38875990
27596674;27597435;179;38347893
27596674;27597515;138;38347890
27596676;27596112;92;39199991
27596676;27596531;37;39199983
27596676;27596734;24;39199976
27596676;27597229;104;39199990
27596678;27594944;358;38504667
27596678;27596971;124;37518342
27596678;27597015;49;38504666
27596679;27596636;27;39199982
27596679;27596686;8;39199979
27596679;27596944;44;39200028
27596682;27596600;24;38607883
27596682;27597664;208;37505679
27596686;27596240;90;37579728
27596686;27596679;8;39199980
27596686;27596729;20;39199977
27596688;27596609;16;39200019
27596688;27596636;20;39200023
27596688;27597055;63;39200018
27596692;27596647;13;39213261
27596692;27597102;632;39213255
27596696;27596091;188;38882353
27596696;27597436;126;38301419
27596696;27598202;291;38882350
27596698;27596299;60;37523669
27596698;27596650;17;37659288
27596698;27597004;49;39179529
27596700;27596274;63;39212811
27596700;27596702;31;39212809
27596700;27596778;29;39212806
27596701;27597462;255;37518357
27596702;27596700;31;39212808
27596702;27596939;90;39212791
27596704;27596736;21;37658485
27596716;27596294;59;39200730
27596716;27596457;98;37498521
27596716;27597732;179;39477621
27596719;27596618;18;39492804
27596722;27596923;106;39212799
27596727;27596625;18;39492819
27596727;27596719;32;39493091
27596729;27596686;20;39199978
27596729;27596752;15;39199973
27596729;27596888;22;39200030
27596731;27597122;133;39711329
27596734;27596167;92;37579724
27596734;27596676;24;39199975
27596734;27596752;20;39199972
27596736;27596787;27;39634010
27596736;27596898;22;37658484
27596739;27595963;151;38423568
27596739;27596774;43;39200049
27596747;27596988;70;39424444
27596751;27596429;91;38917104
27596751;27596507;37;38917123
27596751;27596777;12;38917101
27596752;27596074;147;37579726
27596752;27596729;15;39199974
27596752;27596734;20;39199971
27596754;27596673;15;37505070
27596754;27596993;41;37659349
27596757;27596616;127;37561298
27596757;27596976;56;37561291
27596757;27597191;81;37561312
27596765;27596901;49;38904817
27596774;27595608;215;39200340
27596774;27596739;43;39200050
27596774;27597199;92;39200047
27596777;27596751;12;38917102
27596778;27596700;29;39212807
27596778;27596844;46;39212817
27596778;27596844;26;39212804
27596782;27596457;50;39679550
27596782;27596527;130;37658505
27596782;27597268;87;39679549
27596787;27596813;15;37518323
27596787;27596898;21;39634007
27596802;27596966;46;39413005
27596813;27596787;15;37518322
27596813;27596927;130;38917128
27596813;27596927;63;37518321
27596816;27596646;52;37561295
27596816;27596836;3;37561294
27596816;27597225;129;37561324
27596824;27596311;149;37659290
27596824;27596480;127;39398668
27596824;27597081;82;39398667
27596826;27596444;56;37859932
27596832;27595602;238;37507560
27596832;27595614;174;39265518
27596835;27596510;49;38875997
27596835;27597061;234;38875994
27596835;27597515;167;38875993
27596836;27596816;3;37561293
27596836;27597247;70;37561337
27596844;27596778;26;39212805
27596844;27596778;46;39212818
27596844;27597060;156;39212802
27596846;27596271;81;39398582
27596846;27596460;237;38858052
27596846;27596923;10;38858043
27596847;27596856;47;38696781
27596847;27596917;9;39492772
27596853;27596719;17;39492803
27596856;27596866;69;38696780
27596856;27596921;8;39492775
27596859;27596727;17;39492818
27596859;27596853;32;39594315
27596859;27596978;18;39492789
27596865;27596330;73;38696798
27596865;27596847;48;39594311
27596866;27596345;72;39538650
27596866;27596947;12;39538647
27596867;27596554;75;39163012
27596867;27597097;68;37523679
27596875;27598061;201;39398683
27596880;27596859;80;39594314
27596880;27596903;84;39594313
27596880;27597193;55;38696789
27596883;27597045;28;39645132
27596883;27597066;38;37531817
27596886;27596865;11;39594310
27596887;27597805;166;39213260
27596888;27596729;22;39200029
27596889;27596722;20;38691887
27596898;27597046;26;37658483
27596901;27596765;49;38904818
27596901;27596916;67;37603669
27596901;27597722;280;37603666
27596903;27596880;84;39594312
27596903;27596886;6;39594309
27596904;27596886;2;39492777
27596904;27596903;6;39492826
27596916;27595754;161;37521029
27596916;27596901;67;37603668
27596916;27597097;32;37521026
27596917;27596904;59;39492825
27596921;27596917;48;39492824
27596923;27596846;10;38858042
27596923;27596981;11;39680083
27596923;27597080;110;38858051
27596924;27596384;75;38576928
27596924;27596931;142;38576925
27596924;27597151;40;37979420
27596927;27596813;130;38917127
27596927;27596813;63;37518320
27596927;27596954;19;37518319
27596930;27596921;34;39492823
27596931;27596358;79;39562833
27596931;27596924;142;38576926
27596931;27597367;77;39562830
27596939;27597021;41;39212796
27596939;27597060;94;37504231
27596944;27596679;44;39200027
27596947;27596866;12;39538648
27596947;27596930;35;39492822
27596947;27597983;177;39538645
27596952;27594675;328;37518737
27596954;27596927;19;37518318
27596954;27596996;15;39634014
27596955;27596305;107;39634214
27596956;27597173;39;39315673
27596966;27596802;46;39413004
27596966;27597004;14;39413003
27596966;27597081;23;39413001
27596971;27596678;124;37518343
27596971;27597284;299;37518346
27596971;27597284;214;37518340
27596973;27596853;18;39492801
27596976;27596757;56;37561292
27596976;27597202;63;37561289
27596976;27597351;81;37561318
27596978;27596973;32;39492817
27596978;27597078;17;39492788
27596981;27596923;11;39680082
27596981;27597080;113;37659343
27596981;27597815;146;39680081
27596984;27596889;17;38691886
27596988;27596747;70;39424443
27596988;27597347;82;39424441
27596991;27596636;62;39200003
27596993;27596673;50;37823989
27596993;27597280;53;39577261
27596995;27596553;73;38858075
27596995;27597045;43;37505159
27596996;27596954;15;39634013
27596996;27596955;28;37792616
27596996;27597063;18;39634012
27597004;27596698;49;39179530
27597004;27596966;14;39413002
27597004;27597128;25;39179527
27597015;27596647;623;39219665
27597015;27596678;49;38504665
27597015;27597102;16;38504664
27597019;27596995;6;37505158
27597021;27597116;55;39443385
27597031;27596669;53;39544939
27597031;27597032;76;37979414
27597031;27597277;45;39544938
27597032;27596378;93;37979416
27597032;27597031;76;37979415
27597032;27597077;10;37979412
27597045;27597054;9;39645134
27597045;27597073;5;39633999
27597046;27597043;33;37658482
27597046;27597090;8;37505157
27597054;27597066;16;38858073
27597055;27596688;63;39200017
27597060;27596844;156;39212803
27597060;27597116;10;37504230
27597061;27596835;234;38875995
27597063;27596955;23;39634213
27597063;27596996;18;39634011
27597063;27597095;9;39634016
27597064;27596930;43;38696797
27597064;27598035;267;38696806
27597066;27596846;164;38858074
27597070;27596973;17;39492800
27597073;27597126;11;37507592
27597074;27597077;72;38576899
27597077;27597032;10;37979413
27597077;27597074;72;38576900
27597077;27597161;16;37979410
27597078;27597070;32;39492816
27597078;27597175;18;39492787
27597080;27597124;42;38858050
27597081;27596824;82;39398666
27597081;27596966;23;39413000
27597081;27597128;15;39398665
27597090;27597166;22;37792640
27597090;27597211;29;37505156
27597093;27597045;36;39645136
27597095;27597063;9;39634015
27597095;27597259;39;39634209
27597097;27596867;68;37523678
27597097;27596916;32;37521027
27597097;27597739;110;37521024
27597102;27597015;16;38504663
27597102;27597343;210;39213256
27597113;27596674;75;38875991
27597113;27597240;24;38876000
27597116;27597179;32;39219667
27597116;27597210;18;39219668
27597122;27596731;133;39711330
27597122;27597402;235;37604956
27597122;27597436;82;37604960
27597124;27597127;4;38858054
27597126;27597180;28;37505154
27597126;27597195;14;37507591
27597127;27597126;39;38858053
27597127;27597195;48;39634019
27597128;27597004;25;39179528
27597128;27597081;15;39398664
27597128;27597205;24;39398663
27597130;27596527;94;37658493
27597150;27597151;15;38576911
27597150;27597469;56;38576907
27597150;27597469;91;38576910
27597151;27596924;40;37979421
27597151;27597150;15;38576912
27597151;27597469;70;37979418
27597157;27596603;247;38812372
27597157;27597462;57;37518351
27597161;27597077;16;37979411
27597161;27597354;54;38576901
27597163;27596568;96;37658491
27597166;27597051;26;39634018
27597166;27597165;19;37518324
27597168;27597070;18;39492799
27597169;27596952;39;37518736
27597172;27596667;238;38620459
27597172;27597359;189;37518337
27597173;27597383;38;37658472
27597173;27597385;37;39315672
27597175;27597168;32;39492815
27597175;27597271;17;39492786
27597179;27597550;210;39219663
27597180;27597324;128;37505155
27597187;27596534;103;37658473
27597191;27596616;144;37561309
27597191;27596757;81;37561311
27597191;27597351;48;37561308
27597192;27596996;36;37792629
27597192;27597063;29;37791276
27597193;27597215;90;38696796
27597193;27597294;17;38696788
27597195;27597443;77;37507590
27597199;27595965;193;39200343
27597199;27596774;92;39200048
27597199;27597229;348;38469791
27597202;27596976;63;37561290
27597202;27597508;90;37561287
27597202;27597559;75;37561314
27597205;27597128;24;39398662
27597205;27597456;74;39398661
27597210;27597157;24;38812371
27597211;27597166;34;39634017
27597211;27597234;20;39634009
27597215;27596904;57;39492776
27597215;27597064;116;38696795
27597221;27596192;164;39265952
27597225;27596646;124;37561326
27597225;27596816;129;37561323
27597225;27597639;119;37561322
27597229;27596676;104;39199989
27597229;27597199;348;38469792
27597229;27598372;247;37565210
27597234;27597211;20;39634008
27597234;27597324;75;39634006
27597240;27597113;24;38876001
27597247;27596836;70;37561338
27597247;27597267;35;39200585
27597247;27597590;85;37561335
27597252;27597645;149;39533891
27597255;27597210;23;39212790
27597257;27597015;213;39219666
27597257;27597343;15;39212814
27597259;27597192;12;37791275
27597259;27599618;465;37518326
27597264;27597168;17;39492798
27597267;27597247;35;39200586
27597268;27596782;87;39679548
27597268;27597502;44;39679567
27597269;27596121;230;39533886
27597271;27597264;32;39492814
27597271;27597372;18;39492785
27597273;27597274;102;39265954
27597273;27598057;155;39265965
27597274;27597273;102;39265955
27597274;27597277;49;39265956
27597274;27598058;130;39544958
27597277;27597031;45;39544937
27597277;27597274;49;39265957
27597277;27598562;209;38185375
27597280;27596993;53;39577262
27597280;27597690;102;39577263
27597280;27597826;99;37659348
27597281;27597179;18;39212810
27597281;27597255;9;39212793
27597284;27596971;214;37518341
27597284;27596971;299;37518345
27597284;27597359;68;37518338
27597289;27596073;200;39297141
27597289;27597381;21;39600651
27597289;27597408;23;39297140
27597289;27597408;26;39600646
27597294;27597699;75;38696801
27597294;27597865;97;38696787
27597324;27597019;127;37792614
27597324;27597234;75;39634005
27597339;27596520;243;38607882
27597339;27598188;286;38301334
27597339;27598753;327;38607879
27597343;27597257;15;39212813
27597343;27597628;283;39213253
27597347;27596207;220;39424430
27597347;27597732;90;39424427
27597351;27596976;81;37561317
27597351;27597191;48;37561307
27597351;27597559;64;37561306
27597351;27597639;64;37561316
27597354;27597161;54;38576902
27597359;27597172;189;37518336
27597359;27597284;68;37518339
27597359;27597521;28;37518334
27597362;27596553;161;37791261
27597362;27597093;81;37531818
27597366;27597264;18;39492797
27597367;27596931;77;39562831
27597367;27597437;12;38982410
27597367;27597806;83;38576906
27597372;27597366;32;39492813
27597372;27597479;18;39492784
27597375;27597169;37;37658479
27597377;27597362;3;39634001
27597378;27597169;36;37518735
27597381;27597289;21;39600650
27597381;27597408;8;39600649
27597381;27597957;156;39600633
27597383;27597533;25;39536226
27597385;27598298;152;37518722
27597395;27598576;205;38635482
27597400;27596147;260;37505077
27597401;27597802;280;37505075
27597402;27596524;146;37604964
27597402;27597122;235;37604957
27597402;27597488;27;37604954
27597408;27597289;26;39600647
27597408;27597289;23;39297139
27597408;27597381;8;39600648
27597408;27598123;140;39297138
27597416;27600401;625;37510511
27597426;27597124;71;37659342
27597426;27597913;97;38635255
27597429;27597377;11;39634000
27597435;27596674;179;38347892
27597435;27597452;18;37659683
27597436;27596696;126;38301418
27597436;27597122;82;37604961
27597436;27598307;169;37604958
27597437;27597367;12;38982409
27597437;27597440;60;38862899
27597440;27597437;60;38862900
27597443;27597377;27;37505153
27597443;27597807;95;37507589
27597452;27597435;18;37659682
27597452;27597459;18;37659681
27597452;27597510;11;38347888
27597453;27597281;83;39212792
27597453;27597671;40;37518356
27597456;27596867;128;38684354
27597456;27597205;74;39398660
27597456;27597830;105;39398659
27597459;27596568;176;37658502
27597459;27597452;18;37659680
27597459;27597502;173;37658499
27597459;27597974;86;37658498
27597462;27596701;255;37518358
27597462;27597157;57;37518352
27597462;27597671;148;37518353
27597464;27598462;270;37658441
27597467;27597491;131;37659081
27597467;27599006;255;37659080
27597467;27599085;336;38875998
27597469;27597150;56;38576908
27597469;27597150;91;38576909
27597469;27597151;70;37979419
27597470;27597366;18;39492796
27597478;27597269;70;39596953
27597479;27597470;31;39492812
27597479;27597569;17;39492783
27597486;27597624;24;39200576
27597488;27597402;27;37604955
27597488;27598307;242;38472140
27597491;27597187;52;39536191
27597491;27597467;131;37659082
27597495;27597478;8;39596954
27597502;27597268;44;39679566
27597502;27598014;87;39679565
27597508;27597202;90;37561288
27597508;27597559;142;37561303
27597510;27597452;11;38347889
27597515;27596674;138;38347891
27597515;27596835;167;38875992
27597515;27597240;61;38875989
27597521;27597257;183;39219664
27597521;27597359;28;37518335
27597524;27598481;161;39201418
27597531;27596599;189;37518297
27597531;27596984;98;38691885
27597533;27598066;88;37658468
27597548;27597375;30;39536222
27597548;27597491;9;39536190
27597550;27597521;95;39219662
27597550;27597628;14;37518361
27597559;27597202;75;37561313
27597559;27597351;64;37561305
27597559;27597508;142;37561304
27597567;27597470;17;39492795
27597569;27597567;31;39492811
27597569;27597677;18;39492782
27597590;27597247;85;37561336
27597590;27597624;27;37561333
27597590;27597797;33;39200578
27597609;27597635;28;37505843
27597624;27597486;24;39200575
27597624;27597590;27;37561334
27597624;27597631;6;37561331
27597626;27596604;200;37497105
27597626;27596604;210;39477605
27597626;27597992;71;37497102
27597628;27597453;130;39213254
27597628;27597550;14;37518362
27597628;27597671;146;37518359
27597631;27597624;6;37561332
27597631;27597790;68;37561329
27597631;27597892;44;39200574
27597635;27598043;92;37505845
27597636;27598481;150;38876006
27597638;27597400;122;38682924
27597638;27597680;71;39533892
27597639;27597225;119;37561321
27597639;27597351;64;37561315
27597639;27597934;63;37561320
27597644;27597429;46;39634002
27597645;27597991;212;39533893
27597650;27598450;145;37604962
27597656;27596754;152;37505069
27597658;27599458;345;37624317
27597664;27597990;54;39213263
27597667;27597567;17;39492794
27597671;27597453;40;37518355
27597671;27597462;148;37518354
27597671;27597628;146;37518360
27597674;27596832;143;39398682
27597677;27597667;31;39492810
27597677;27597789;17;39492781
27597680;27597703;15;39533879
27597685;27597426;71;37659341
27597685;27598116;88;38635251
27597687;27598003;108;39679547
27597690;27598272;128;37823990
27597698;27597785;124;37505762
27597699;27597294;75;38696802
27597699;27597710;40;38696790
27597699;27598072;61;38696799
27597703;27597698;30;37505761
27597703;27597750;26;37505763
27597710;27597699;40;38696791
27597722;27596901;280;37603667
27597722;27597724;5;37603664
27597722;27597766;54;38904816
27597724;27597722;5;37603665
27597724;27597731;24;37603662
27597724;27597762;72;38904822
27597726;27597738;23;37505847
27597731;27597724;24;37603663
27597731;27597739;50;37603660
27597731;27597775;53;38904820
27597732;27596716;179;39477620
27597732;27597347;90;39424428
27597732;27598228;82;37658495
27597733;27598308;153;39265975
27597738;27598572;237;37505846
27597739;27597097;110;37521025
27597739;27597731;50;37603661
27597739;27597952;35;38903989
27597750;27597495;470;37505764
27597757;27597802;158;37505766
27597762;27597724;72;38904821
27597764;27597690;40;37659347
27597764;27598432;111;37518309
27597766;27597722;54;38904815
27597767;27599863;363;37658486
27597775;27597731;53;38904819
27597785;27598097;109;37505074
27597786;27597667;18;39492793
27597789;27597786;31;39492809
27597789;27597882;17;39492780
27597790;27597631;68;37561330
27597790;27597933;24;37800113
27597790;27598244;79;37561327
27597797;27597590;33;39200577
27597797;27597823;26;39200580
27597797;27598147;58;39200584
27597801;27597803;13;39265979
27597802;27597947;72;39533881
27597803;27597801;13;39265980
27597803;27597806;116;38862902
27597805;27598247;77;37505675
27597805;27598256;77;37505669
27597806;27597437;70;38862901
27597806;27597803;116;38862903
27597806;27598203;64;38576903
27597807;27597644;30;39659155
27597807;27598424;119;37507594
27597815;27596981;146;39680080
27597815;27597944;27;39559747
27597815;27598018;32;37505448
27597818;27597609;109;37505073
27597823;27597797;26;39200579
27597823;27598197;91;39200582
27597826;27597656;42;37518302
27597826;27597764;66;37659346
27597826;27598571;118;38856935
27597830;27597456;105;39398658
27597830;27597885;46;39546150
27597830;27598080;65;39546146
27597835;27598231;103;39265982
27597839;27597815;12;39680071
27597847;27597757;77;37505765
27597858;27597979;33;38650811
27597865;27597886;92;38696793
27597865;27598079;34;38696784
27597868;27597638;171;39533894
27597874;27598289;68;38949316
27597879;27597786;17;39492792
27597881;27597268;110;38648801
27597881;27597979;26;38648798
27597882;27597879;31;39492808
27597882;27597996;16;39492779
27597885;27597739;29;38903987
27597885;27597952;19;38903988
27597886;27597215;114;38696794
27597886;27598035;22;38696803
27597892;27597631;44;39200573
27597892;27597933;64;39200566
27597892;27598106;35;39200572
27597893;27598023;23;39600618
27597896;27598003;16;39679553
27597907;27597685;59;37659340
27597907;27597917;8;39559748
27597907;27598446;117;38635253
27597913;27597426;97;38635254
27597917;27597839;15;37518308
27597917;27597907;8;39559749
27597931;27598188;87;38640379
27597931;27598427;145;38640376
27597931;27598427;377;38469789
27597933;27597790;24;37800114
27597933;27597892;64;39200565
27597933;27598153;36;37800111
27597934;27597639;63;37561319
27597944;27597531;117;37518296
27597944;27598018;17;39669031
27597947;27598626;785;37499771
27597949;27598552;130;37658439
27597952;27597978;5;39546149
27597957;27597381;156;39600632
27597957;27597965;2;39600637
27597957;27597965;139;39600634
27597965;27597957;139;39600635
27597965;27597957;2;39600636
27597968;27598202;73;37715372
27597974;27597459;86;37658497
27597974;27598276;130;37658510
27597978;27598080;21;38906031
27597978;27598201;39;39546148
27597979;27597858;33;38650810
27597979;27597881;26;38648799
27597983;27596947;177;39538646
27597983;27598098;173;38862895
27597983;27598214;391;38862890
27597984;27597879;16;39492791
27597990;27598438;78;39213268
27597991;27597847;178;39533873
27597991;27598511;117;39533896
27597992;27597626;71;37497103
27597992;27597732;49;39477622
27597992;27598183;44;39592319
27597996;27597984;31;39492807
27597996;27598046;9;39492778
27598003;27597687;108;39679546
27598003;27597896;16;39679552
27598003;27598051;36;39679545
27598014;27597502;87;39679564
27598014;27597881;21;38648800
27598014;27598051;7;39679561
27598018;27597815;32;37505447
27598018;27598022;13;39680072
27598018;27598171;29;38856957
27598018;27598336;69;37518301
27598022;27597917;21;37518307
27598023;27597893;23;39600617
27598023;27598123;22;39600616
27598023;27598299;75;39600491
27598035;27597064;267;38696805
27598035;27597886;22;38696804
27598035;27598079;91;39492774
27598041;27597674;74;37624856
27598041;27598509;76;37624857
27598043;27598438;66;39213271
27598046;27597984;41;39492790
27598048;27597710;55;38696792
27598048;27598046;7;38696786
27598051;27598003;36;39679544
27598051;27598014;7;39679560
27598051;27598276;40;39679559
27598055;27597548;83;39536185
27598057;27597273;155;39265964
27598057;27598058;21;39265969
27598057;27598291;45;39265963
27598058;27597274;130;39544957
27598058;27598057;21;39265968
27598058;27598291;40;39544956
27598061;27598732;103;39398684
27598061;27599302;208;37559717
27598066;27598298;42;37658471
27598066;27599663;275;37658467
27598072;27597699;61;38696800
27598072;27598048;44;38696785
27598079;27598035;91;39492773
27598079;27598072;27;38696783
27598080;27597830;65;39546145
27598080;27598201;32;39546144
27598080;27598382;58;37537107
27598086;27597674;66;39398655
27598086;27598041;51;37739118
27598097;27597818;185;37505072
27598098;27596640;290;37518718
27598098;27597983;173;38862896
27598098;27599344;263;37518715
27598106;27597892;35;39200571
27598106;27598153;64;39200568
27598106;27598320;35;39200570
27598107;27597803;50;38576905
27598107;27598203;114;38773756
27598107;27598524;127;38773755
27598116;27597685;88;38635250
27598123;27597408;140;39297137
27598123;27598023;22;39600615
27598123;27599694;287;39297136
27598135;27598261;77;38635486
27598135;27598261;57;38787850
27598147;27597797;58;39200583
27598148;27598231;13;39636721
27598153;27597933;36;37800112
27598153;27598106;64;39200567
27598153;27599181;289;37800109
27598171;27598018;29;38856956
27598171;27598215;8;39668065
27598171;27598272;27;37659345
27598177;27598778;126;38759316
27598183;27597992;44;39592320
27598183;27598228;10;39592317
27598188;27597339;286;38301335
27598188;27597931;87;38640378
27598188;27598735;141;38640375
27598197;27597823;91;39200581
27598201;27598080;32;39546143
27598201;27598583;85;39546142
27598202;27596696;291;38882351
27598202;27597968;73;37715371
27598202;27598454;53;37641777
27598203;27597806;64;38576904
27598203;27598107;114;38773757
27598203;27598213;52;38862891
27598203;27598868;103;38862897
27598210;27598213;11;38862894
27598210;27598216;86;38862885
27598210;27600147;337;37518643
27598213;27596394;296;38578823
27598213;27598203;52;38862892
27598213;27598210;11;38862893
27598214;27596234;338;37518663
27598214;27597983;391;38862889
27598214;27598216;45;38862888
27598215;27598171;8;39668064
27598215;27598485;51;39189219
27598215;27598585;58;38855020
27598216;27598210;86;38862886
27598216;27598214;45;38862887
27598216;27598933;114;37518697
27598226;27598231;28;39265983
27598226;27598305;14;39636716
27598228;27598183;10;39592318
27598228;27598943;135;39592323
27598231;27597835;103;39265981
27598231;27598148;13;39636722
27598231;27598226;28;39265984
27598231;27598311;14;39636719
27598244;27597790;79;37561328
27598246;27598055;32;39536175
27598247;27597726;228;39340439
27598256;27599738;268;39340438
27598261;27598135;77;38635487
27598261;27598135;57;38787851
27598261;27598576;72;38635484
27598272;27597690;128;37823991
27598272;27598171;27;37659344
27598272;27598432;100;37518306
27598272;27598585;55;39668066
27598276;27598051;40;39679558
27598276;27598404;20;39679557
27598289;27597874;68;38949315
27598289;27599875;323;39305544
27598290;27597378;152;39536452
27598290;27598055;42;37658478
27598291;27598057;45;39265962
27598291;27598058;40;39544955
27598291;27598512;36;39265961
27598298;27598995;111;37518721
27598299;27598023;75;39600492
27598299;27598456;34;39600489
27598299;27598487;36;39600593
27598305;27598226;14;39636715
27598305;27598308;18;39265978
27598305;27598311;28;39636718
27598307;27597436;169;37604959
27598307;27597488;242;38472141
27598307;27598522;91;37715363
27598307;27599803;323;37604974
27598307;27600273;404;37604973
27598308;27597733;153;39265976
27598308;27598305;18;39265977
27598308;27598458;21;39265974
27598311;27598231;14;39636720
27598311;27598305;28;39636717
27598320;27598106;35;39200569
27598332;27595697;428;39340437
27598336;27598446;19;37518300
27598336;27598485;40;39189221
27598344;27598630;43;39531446
27598344;27599803;959;38423563
27598347;27598763;89;37518667
27598356;27598557;30;38773750
27598372;27597229;247;37565209
27598372;27598344;31;37565211
27598372;27598630;52;37565208
27598382;27598080;58;37537108
27598382;27598462;12;37537105
27598382;27598569;50;37658446
27598384;27598717;62;37505067
27598404;27598276;20;39679556
27598404;27598872;75;39679555
27598424;27597807;119;37507593
27598424;27599834;287;37498849
27598427;27597931;145;38640377
27598427;27597931;377;38469790
27598427;27599579;206;38640372
27598432;27597764;111;37518310
27598432;27598571;86;37518305
27598432;27599124;117;37659321
27598438;27599738;240;39213287
27598446;27597907;117;38635252
27598446;27599065;123;37518299
27598450;27597650;145;37604963
27598450;27598454;59;37715348
27598450;27598527;14;37715345
27598454;27598202;53;37641778
27598454;27598450;59;37715347
27598454;27598521;37;37641790
27598454;27598676;104;37641781
27598454;27598939;93;37715354
27598456;27598299;34;39600490
27598456;27598591;25;39600599
27598456;27598815;112;39600487
27598458;27598308;21;39265973
27598462;27597464;270;37658442
27598462;27598382;12;37537106
27598462;27598846;70;37537103
27598477;27598676;29;39538676
27598481;27597524;161;39201419
27598481;27597636;150;38876007
27598481;27599162;116;38876004
27598484;27598869;86;37979423
27598485;27598215;51;39189218
27598485;27598336;40;39189220
27598485;27598585;23;39189217
27598487;27598299;36;39600594
27598508;27598730;35;38767274
27598509;27598041;76;37624858
27598509;27598801;42;38908167
27598510;27597868;688;38993296
27598511;27598564;41;39533899
27598512;27598291;36;39265960
27598512;27598517;19;39265967
27598512;27598789;44;39265959
27598517;27598512;19;39265966
27598518;27596519;435;37505833
27598518;27598722;28;39213264
27598521;27598454;37;37641789
27598521;27598527;3;37641788
27598521;27598939;68;37715370
27598522;27598307;91;37715364
27598522;27598530;44;37641783
27598522;27599038;129;37715349
27598524;27598107;127;38773754
27598527;27598450;14;37715346
27598527;27598521;3;37641787
27598527;27598530;14;37641786
27598530;27598522;44;37641784
27598530;27598527;14;37641785
27598530;27599038;83;37715336
27598546;27598572;35;39213270
27598552;27598846;204;37658440
27598557;27598356;30;38773751
27598557;27598562;53;38773748
27598557;27598779;30;39544965
27598562;27597277;209;38185374
27598562;27598557;53;38773749
27598562;27599003;73;38185373
27598564;27597818;205;37505071
27598564;27598546;87;37505676
27598568;27598709;20;38578860
27598568;27598709;26;38578859
27598569;27598382;50;37658445
27598569;27599051;120;37658444
27598569;27599149;121;38903990
27598570;27598384;179;37505066
27598570;27598510;165;38812370
27598571;27597826;118;38856934
27598571;27598991;70;37610556
27598572;27598605;44;39213269
27598576;27597395;205;38635483
27598576;27598261;72;38635485
27598576;27599647;219;38635480
27598583;27598201;85;39546141
27598583;27598509;38;38908169
27598583;27598801;43;39398681
27598585;27598215;58;38855019
27598585;27598272;55;39668067
27598585;27598485;23;39189216
27598585;27598855;51;37610552
27598589;27599225;118;38876003
27598591;27598456;25;39600600
27598605;27598518;27;39213286
27598605;27598722;25;37505678
27598620;27598570;87;38993295
27598626;27598637;25;39533883
27598630;27598344;43;39531445
27598630;27598372;52;37565207
27598630;27599211;104;39531444
27598637;27598671;70;39533882
27598637;27598760;47;37800108
27598659;27599353;131;39646948
27598671;27598702;64;38812345
27598676;27598454;104;37641782
27598676;27598477;29;39538675
27598676;27598905;44;39538674
27598695;27599195;315;39580647
27598702;27599301;1009;37499775
27598708;27598404;84;38650809
27598708;27598854;48;37497293
27598709;27598568;20;38578861
27598709;27598568;26;38578858
27598709;27598894;47;38578856
27598715;27598086;97;37507451
27598717;27597656;741;37505068
27598722;27598518;28;39213265
27598722;27599316;109;39213284
27598723;27598246;70;39536176
27598730;27598508;35;38767275
27598732;27599185;83;37507452
27598735;27598188;141;38640374
27598735;27599799;478;38423566
27598753;27597339;327;38607880
27598753;27598847;139;38784368
27598753;27599735;303;38607877
27598758;27597974;123;37658509
27598758;27598870;32;37537120
27598760;27598671;42;37800107
27598760;27599181;124;37800106
27598763;27598347;89;37518668
27598763;27599003;144;38773752
27598763;27599513;147;37518670
27598778;27598177;126;38759317
27598778;27598819;8;38759314
27598779;27598557;30;39544966
27598789;27598512;44;39265958
27598797;27598290;73;39536187
27598801;27598509;42;38908168
27598801;27598583;43;39398680
27598801;27598966;48;39398679
27598811;27598332;72;37505080
27598812;27598912;91;39293126
27598815;27595669;748;37522770
27598815;27598456;112;39600488
27598815;27599433;125;37522769
27598819;27598778;8;38759315
27598819;27598847;7;38784369
27598829;27598758;17;37537121
27598846;27598462;70;37537104
27598846;27599096;52;37537101
27598847;27598753;139;38784367
27598847;27598819;7;38784370
27598854;27598708;96;38648802
27598854;27598708;211;37497292
27598854;27599032;66;37507737
27598855;27598585;51;37610551
27598855;27599046;45;39668061
27598855;27599124;135;37561364
27598868;27598203;103;38862898
27598868;27598869;56;37623963
27598868;27599409;107;38576969
27598869;27598484;86;37979422
27598869;27598868;56;37623964
27598869;27598894;51;37623961
27598870;27598829;19;37537119
27598870;27599161;57;38876010
27598872;27598404;75;39679554
27598872;27598829;64;37658508
27598872;27599363;101;39679563
27598894;27598709;47;38578857
27598894;27598869;51;37623962
27598894;27599118;55;38578854
27598905;27598676;44;39538673
27598905;27598912;14;39293127
27598905;27599111;48;39538672
27598912;27598812;91;39293125
27598912;27598905;14;39293128
27598912;27598918;2;39608079
27598918;27598912;2;39608078
27598918;27599183;49;39608089
27598933;27598216;114;37518698
27598933;27598937;47;37559429
27598933;27600079;252;37518695
27598937;27598933;47;37559430
27598937;27599257;134;39600638
27598937;27599359;208;37559427
27598939;27598454;93;37715353
27598939;27598521;68;37715369
27598939;27599038;26;37715352
27598943;27598183;153;39592334
27598943;27598228;135;39592324
27598943;27599032;18;39592321
27598962;27599111;26;37641779
27598966;27598801;48;39398678
27598966;27599207;56;37659308
27598976;27599065;25;39189214
27598991;27598571;70;37610555
27598991;27599094;34;39200564
27598991;27599294;57;37610554
27598994;27598797;39;39536189
27598995;27599911;166;37518723
27599000;27599006;69;37659084
27599003;27598562;73;38185372
27599003;27598763;144;38773753
27599003;27599515;99;39544950
27599006;27597467;255;37659079
27599006;27599000;69;37659083
27599006;27599218;38;37659078
27599032;27598854;66;37507736
27599032;27598943;18;39592322
27599032;27599282;53;39592315
27599038;27598522;129;37715350
27599038;27598530;83;37715335
27599038;27598939;26;37715351
27599046;27598855;45;39668060
27599046;27599221;47;39624831
27599051;27598569;120;37658443
27599064;27599414;77;39608083
27599065;27598976;25;39189215
27599065;27599127;52;38766977
27599065;27599221;51;37518298
27599085;27597467;336;38875999
27599085;27599162;21;39305562
27599085;27599900;189;39305551
27599090;27599403;98;39275606
27599094;27598991;34;39200563
27599094;27599422;287;39200562
27599094;27599544;117;38227700
27599096;27598552;153;37658447
27599096;27598846;52;37537102
27599096;27599664;127;37537099
27599111;27598905;48;39538671
27599111;27598962;26;37641780
27599111;27599782;130;39538670
27599118;27598894;55;38578855
27599118;27599150;6;38578864
27599118;27599150;42;38578863
27599124;27598855;135;37561363
27599124;27599216;46;37561362
27599124;27599945;151;37659338
27599127;27599065;52;38766976
27599149;27598569;121;38903991
27599149;27599612;148;37649812
27599150;27599118;6;38578865
27599150;27599118;42;38578862
27599161;27598870;57;38876011
27599161;27599439;79;39305564
27599162;27598481;116;38876005
27599162;27599085;21;39305561
27599162;27599863;150;39305556
27599169;27598715;82;37750771
27599181;27598153;289;37800110
27599181;27598760;124;37800105
27599183;27598918;49;39608088
27599183;27599189;2;39608087
27599183;27599226;29;39608080
27599185;27599451;59;39586258
27599189;27599183;2;39608086
27599189;27599240;130;39608090
27599189;27599372;44;39608085
27599195;27598695;315;39580648
27599195;27599584;335;39580643
27599195;27599712;132;39580645
27599207;27598966;56;37659307
27599207;27599302;24;39091792
27599207;27599337;29;39091791
27599211;27598630;104;39531443
27599211;27599269;18;38471046
27599211;27599313;22;39531442
27599216;27599124;46;37561361
27599216;27599294;43;37561360
27599216;27600022;151;37561372
27599218;27599006;38;37659077
27599218;27599225;38;37659069
27599218;27599788;107;37659076
27599221;27599046;47;39624830
27599221;27600000;229;39624829
27599224;27598723;90;39536198
27599224;27599225;38;37659072
27599225;27598589;118;38876002
27599225;27599218;38;37659070
27599225;27599224;38;37659071
27599226;27599183;29;39608081
27599240;27599189;130;39608091
27599251;27598620;1006;37507595
27599257;27598937;134;39600639
27599269;27599211;18;38471047
27599269;27599292;88;38472143
27599269;27599313;27;38471044
27599277;27599584;63;38709059
27599282;27599032;53;39592316
27599282;27599032;60;39592333
27599282;27599445;42;39477612
27599292;27599269;88;38472142
27599294;27598991;57;37610553
27599294;27599216;43;37561359
27599294;27600097;152;37518304
27599302;27599207;24;39091793
27599302;27599337;28;39091798
27599302;27599720;102;39546996
27599313;27599211;22;39531441
27599313;27599269;27;38471045
27599313;27599598;63;39531440
27599316;27598722;109;39213285
27599316;27599403;98;39275602
27599316;27600339;234;39213282
27599329;27599553;62;39600629
27599337;27599207;29;39091790
27599337;27600122;147;39058044
27599341;27599374;12;39600570
27599344;27598098;263;37518716
27599344;27599398;25;37623352
27599344;27599524;40;37518713
27599353;27598659;131;39646949
27599353;27599360;28;37658451
27599353;27599840;363;37658448
27599356;27599553;42;39600604
27599359;27598937;208;37559428
27599359;27599494;35;37518690
27599359;27599669;76;37518684
27599360;27599353;28;37658450
27599361;27599443;92;39600625
27599363;27598872;101;39679562
27599363;27599452;29;39300794
27599363;27599811;89;39543908
27599368;27599612;85;37658137
27599372;27599189;44;39608084
27599374;27599341;12;39600569
27599374;27599395;7;39600606
27599374;27599494;32;39600568
27599382;27599877;331;38470750
27599386;27599470;111;39300782
27599395;27599374;7;39600605
27599395;27599450;13;39600586
27599398;27599344;25;37623353
27599398;27599458;177;37624314
27599398;27599524;47;37623354
27599398;27599619;82;37623350
27599403;27599090;98;39275607
27599403;27599316;98;39275603
27599403;27599613;44;39275600
27599409;27598868;107;38576970
27599409;27599541;33;38578866
27599409;27599832;120;38578868
27599414;27599064;77;39608082
27599422;27599094;287;39200561
27599422;27599667;488;39033361
27599422;27600190;140;38709052
27599423;27599169;58;39398654
27599433;27598815;125;37522768
27599433;27599624;32;37522767
27599433;27599694;178;39600571
27599439;27599161;79;39305563
27599439;27599673;42;39305559
27599443;27599361;92;39600624
27599443;27599487;102;39600539
27599445;27599282;42;39477613
27599445;27599786;66;39477610
27599445;27599786;118;37507738
27599450;27599395;13;39600585
27599450;27599908;106;39600592
27599451;27600009;99;39586257
27599452;27599551;37;39300795
27599452;27599688;48;39300793
27599455;27599459;19;39633717
27599455;27599461;19;39633714
27599455;27599931;86;39200404
27599458;27597658;345;37624316
27599458;27599398;177;37624315
27599458;27599784;119;38635477
27599459;27599455;19;39633716
27599459;27599464;15;39633713
27599459;27599968;91;39200436
27599461;27599455;19;39633715
27599461;27599484;19;39633708
27599461;27599894;77;39200400
27599464;27599459;15;39633712
27599464;27599468;7;39633711
27599464;27599593;24;39200444
27599468;27599464;7;39633710
27599468;27601004;573;37659049
27599470;27599386;111;39300781
27599470;27599512;56;39300783
27599470;27599551;17;39300780
27599484;27599461;19;39633709
27599484;27599496;19;39633706
27599484;27599862;67;39200396
27599487;27599443;12;39600540
27599487;27599669;41;39600538
27599494;27599359;35;37518689
27599494;27599374;32;39600567
27599494;27599633;34;39600566
27599494;27600102;145;37518688
27599496;27599484;19;39633707
27599496;27599522;21;39633704
27599496;27599805;55;39200392
27599512;27599470;56;39300784
27599513;27598763;147;37518669
27599513;27599515;140;38185378
27599513;27599832;213;37606620
27599514;27599515;74;39058051
27599514;27599650;23;39544978
27599515;27599003;99;39544949
27599515;27599513;140;38185377
27599515;27599514;74;39058052
27599522;27599496;21;39633705
27599522;27599543;22;39633702
27599522;27599752;41;39200388
27599524;27599344;40;37518714
27599524;27599972;119;37518711
27599536;27599801;85;37658133
27599541;27599409;33;38578867
27599543;27599522;22;39633703
27599543;27599587;42;39633700
27599543;27599690;24;38695960
27599544;27599094;117;38227701
27599544;27599655;25;38227698
27599544;27600431;155;38227729
27599551;27599470;17;39300779
27599551;27599577;5;39300778
27599553;27599329;62;39600628
27599553;27599356;42;39600603
27599553;27599671;37;39600627
27599577;27599551;5;39300777
27599577;27599688;17;39300791
27599578;27599997;97;39234476
27599579;27598427;206;38640373
27599579;27601345;372;38641119
27599579;27606104;1441;38640370
27599584;27599195;335;39580644
27599584;27599277;63;38709060
27599584;27601020;263;38709057
27599587;27599543;42;39633701
27599587;27599667;66;39633698
27599587;27599690;36;38695937
27599593;27599464;24;39200443
27599593;27600095;91;39200442
27599593;27600133;98;39200448
27599598;27599313;63;39531439
27599598;27599735;38;37565205
27599598;27599829;39;37565206
27599612;27599149;148;37649813
27599612;27599368;85;37658138
27599612;27599801;32;37649810
27599613;27599403;44;39275601
27599618;27597259;465;37518327
27599619;27599398;82;37623351
27599619;27599760;34;37570031
27599619;27600990;478;37623348
27599620;27599628;16;37658155
27599620;27599836;260;37658146
27599624;27599433;32;37522766
27599624;27600388;226;38380944
27599624;27602514;738;37522765
27599628;27599620;16;37658156
27599628;27599635;51;37658153
27599628;27599977;59;37537118
27599633;27599494;34;39600565
27599633;27599670;8;39600578
27599633;27600090;105;39600564
27599635;27599628;51;37658154
27599635;27599663;35;37658151
27599635;27599868;49;37658466
27599640;27599515;21;37518636
27599640;27599691;78;39265953
27599644;27599514;34;37659057
27599644;27599650;25;37659056
27599647;27598576;219;38635481
27599647;27599671;4;38635478
27599647;27599916;88;39600644
27599650;27599691;6;37659055
27599655;27599544;25;38227699
27599655;27600421;136;38227707
27599655;27600736;227;38227696
27599663;27599635;35;37658152
27599663;27599710;42;37658149
27599663;27599868;35;37658481
27599664;27599096;127;37537100
27599664;27599840;41;37658143
27599664;27600178;173;37649805
27599667;27599422;488;39033360
27599667;27599587;66;39633699
27599667;27599964;66;39033359
27599669;27599359;76;37518683
27599669;27599487;41;39600537
27599669;27599972;72;37518682
27599670;27599633;8;39600577
27599670;27599732;13;39600576
27599671;27599553;37;39600626
27599671;27599647;4;38635479
27599671;27599913;46;38635474
27599673;27599439;42;39305560
27599673;27599763;18;39305546
27599673;27599768;25;39305557
27599688;27599577;17;39300792
27599688;27599733;7;39300789
27599690;27599543;24;38695959
27599690;27599587;36;38695938
27599690;27599752;19;38695935
27599691;27599855;35;37659054
27599694;27598123;287;39297135
27599694;27599433;178;39600572
27599694;27599865;33;39297134
27599709;27599962;87;37658135
27599710;27599224;91;39536197
27599710;27599663;42;37658150
27599710;27599788;94;37658147
27599712;27599195;132;39580646
27599720;27599302;102;39546997
27599720;27599779;16;39091796
27599726;27600190;88;38767256
27599732;27599670;13;39600575
27599732;27600169;105;39600580
27599733;27599688;7;39300790
27599733;27599807;149;37507735
27599733;27599807;26;39300787
27599735;27598753;303;38607878
27599735;27599598;38;37565204
27599735;27599829;28;38423550
27599738;27603503;680;37540208
27599752;27599522;41;39200387
27599752;27599690;19;38695936
27599752;27599805;18;38695933
27599760;27599619;34;37570032
27599760;27601128;355;37570029
27599760;27601132;473;37518678
27599763;27599673;18;39305545
27599764;27599780;3;38640893
27599767;27599997;59;39234479
27599768;27599673;25;39305558
27599768;27599793;11;39300796
27599768;27599875;108;39305553
27599779;27599720;16;39091797
27599779;27599910;26;39091794
27599779;27599934;37;39497527
27599780;27599764;3;38640892
27599780;27600360;157;37565200
27599780;27600543;142;38640889
27599782;27599111;130;39538669
27599782;27600033;44;38471757
27599782;27600366;173;39241561
27599784;27599458;119;38635476
27599784;27599913;63;38635473
27599784;27599982;38;39600607
27599786;27599445;66;39477611
27599786;27599999;40;39477608
27599788;27599218;107;37659075
27599788;27599710;94;37658148
27599788;27599900;78;37658141
27599793;27599811;7;39704501
27599797;27597847;413;38857884
27599797;27598546;303;37505677
27599799;27598735;478;38423565
27599801;27599536;85;37658134
27599801;27599612;32;37649811
27599801;27599962;28;37649808
27599803;27598307;323;37604975
27599803;27598344;959;38423564
27599803;27599823;3;38423561
27599805;27599496;55;39200391
27599805;27599752;18;38695934
27599805;27599839;8;38695931
27599807;27599733;26;39300788
27599807;27599999;65;39300785
27599811;27599363;89;39543907
27599811;27600080;51;39543906
27599823;27599803;3;38423562
27599823;27599860;5;38423559
27599823;27599877;11;38470747
27599829;27600132;89;37565202
27599832;27599409;120;38578869
27599832;27599513;213;37606619
27599832;27600052;52;37606618
27599834;27598424;287;37498848
27599834;27600048;41;39659154
27599836;27599620;279;37658519
27599836;27599620;260;37658145
27599836;27599840;107;37658140
27599839;27599805;8;38695932
27599839;27599862;9;39200431
27599839;27600070;42;38695954
27599840;27599353;363;37658449
27599840;27599664;41;37658144
27599840;27599836;107;37658139
27599841;27600079;145;38012567
27599852;27600110;86;37658131
27599855;27600011;33;38185383
27599855;27600159;85;39544977
27599860;27599823;5;38423560
27599860;27599890;6;38423557
27599860;27600273;176;37604971
27599862;27599484;67;39200395
27599862;27599839;9;39200432
27599862;27599894;16;39200429
27599863;27597767;363;37658487
27599863;27599162;150;39305555
27599863;27599940;92;39305548
27599865;27599694;33;39297133
27599865;27600388;105;39600494
27599868;27600140;48;37658480
27599875;27599768;108;39305554
27599875;27599940;60;39305549
27599877;27599382;331;38470749
27599877;27599823;11;38470748
27599890;27599860;6;38423558
27599890;27599877;10;38470746
27599890;27600267;74;38423555
27599894;27599461;77;39200399
27599894;27599862;16;39200430
27599894;27599931;17;39200427
27599900;27599085;189;39305552
27599900;27599788;78;37658142
27599900;27600209;141;37658129
27599900;27601786;375;38980773
27599906;27598801;204;37559718
27599906;27599423;85;39592062
27599908;27599450;106;39600591
27599908;27599960;13;39600602
27599910;27599644;69;39058057
27599910;27599779;26;39091795
27599910;27600078;40;37598770
27599911;27600037;23;39536180
27599913;27599671;46;38635475
27599913;27599784;63;38635472
27599913;27600149;85;39600621
27599916;27599647;88;39600645
27599916;27600149;50;39600614
27599916;27600197;66;39600642
27599931;27599455;86;39200403
27599931;27599894;17;39200428
27599931;27599968;18;39200425
27599934;27599779;37;39497528
27599934;27599965;7;39495762
27599934;27599971;16;39497531
27599940;27598289;299;37658500
27599940;27599863;92;39305547
27599940;27599875;60;39305550
27599940;27600209;84;37658501
27599945;27599124;151;37659339
27599945;27600022;40;37496729
27599945;27600311;89;37659336
27599960;27599908;13;39600601
27599960;27599981;6;39600588
27599962;27599709;87;37658136
27599962;27599801;28;37649809
27599962;27600110;31;37649806
27599964;27599667;66;39033358
27599964;27600034;37;39200424
27599964;27600156;43;39033357
27599965;27599934;7;39495761
27599965;27600218;57;39495758
27599968;27599459;91;39200435
27599968;27599931;18;39200426
27599968;27600071;19;39200415
27599971;27599934;16;39497532
27599971;27600254;80;39265905
27599971;27600952;351;39265904
27599972;27599524;119;37518712
27599972;27599669;72;37518681
27599972;27600740;216;39546967
27599977;27599628;59;37537117
27599977;27600130;64;37537115
27599981;27599960;6;39600587
27599981;27600102;31;39600548
27599982;27599784;38;39600608
27599997;27599578;97;39234477
27599997;27599767;59;39234478
27599997;27600491;116;39234474
27599999;27599786;40;39477609
27599999;27599807;65;39300786
27599999;27600335;71;39477606
27600000;27599221;229;39624828
27600000;27600188;56;39624827
27600000;27600461;127;37496708
27600009;27600122;47;37624855
27600009;27600342;69;39592051
27600011;27599855;33;38185384
27600011;27600165;47;38185381
27600011;27600757;178;38185380
27600014;27600117;24;38921826
27600022;27599216;151;37561371
27600022;27599945;40;37496728
27600022;27600097;40;37496727
27600022;27600616;108;37561370
27600033;27599782;44;38471756
27600033;27600161;22;38471755
27600033;27600521;160;38739370
27600034;27599964;37;39200423
27600034;27600050;19;39200422
27600034;27600156;22;38695958
27600037;27600359;62;39536186
27600048;27599834;41;39659153
27600050;27600034;19;39200421
27600050;27600065;18;39200420
27600050;27600241;38;39200386
27600051;27598994;191;37518734
27600052;27599832;52;37606617
27600052;27600234;76;37606616
27600057;27600644;187;37658511
27600065;27600050;18;39200419
27600065;27600070;8;39200418
27600065;27600327;53;39200390
27600068;27599977;17;37537116
27600068;27600140;71;37658464
27600070;27599839;42;38695953
27600070;27600065;8;39200417
27600070;27600086;8;39200412
27600071;27599968;19;39200416
27600071;27600095;15;38695968
27600071;27600186;22;39200413
27600078;27599910;40;37598771
27600078;27600159;18;37598768
27600078;27600218;39;39495759
27600079;27598933;252;37518696
27600079;27599841;145;38012568
27600079;27600239;44;37518693
27600080;27599811;51;39543905
27600080;27600212;27;39543904
27600086;27600070;8;39200411
27600086;27600113;17;39200410
27600086;27600413;65;39200394
27600090;27599633;105;39600563
27600095;27599593;91;39200441
27600095;27600071;15;38695969
27600095;27600133;18;38695966
27600095;27600594;96;39200440
27600097;27599294;152;37518303
27600097;27600022;40;37496726
27600097;27600160;9;37610566
27600102;27599494;145;37518687
27600102;27599981;31;39600547
27600102;27600236;34;39600546
27600102;27600239;35;37518686
27600104;27600175;26;37496686
27600110;27599852;86;37658132
27600110;27599962;31;37649807
27600110;27600178;66;37649802
27600113;27600086;17;39200409
27600113;27600154;17;39200408
27600113;27600516;76;39200398
27600116;27600132;4;38640890
27600117;27600014;24;38921825
27600117;27600160;58;38164644
27600117;27600876;138;38164643
27600121;27600332;67;38641121
27600122;27599337;147;39058045
27600122;27600342;74;39058053
27600128;27599710;74;39536235
27600130;27600068;94;37537114
27600130;27600307;179;37658515
27600132;27599780;136;37565203
27600132;27600116;4;38640891
27600132;27600543;304;38640886
27600133;27599593;98;39200447
27600133;27600095;18;38695967
27600133;27600594;101;39200446
27600135;27600254;27;39495764
27600140;27600068;71;37658465
27600140;27600743;108;37518782
27600147;27600271;33;37606628
27600149;27599913;85;39600622
27600149;27599916;50;39600613
27600149;27600197;16;39600619
27600149;27600337;43;39600612
27600151;27598213;335;38578822
27600151;27600147;37;37606630
27600154;27600113;17;39200407
27600154;27600186;18;39200406
27600154;27600600;87;39200402
27600156;27599964;43;39033356
27600156;27600034;22;38695957
27600156;27600241;22;39033355
27600159;27600078;18;37598769
27600159;27600871;167;39546994
27600160;27600097;9;37610565
27600160;27600117;58;38164645
27600160;27600872;130;37610564
27600161;27600033;22;38471754
27600161;27600544;137;38471745
27600161;27600992;159;37715337
27600165;27599640;88;37518635
27600165;27600011;47;38185382
27600169;27599732;105;39600579
27600169;27600216;12;39600582
27600175;27600104;26;37496685
27600175;27600285;185;37496696
27600175;27600288;54;37496684
27600178;27599664;173;37649804
27600178;27600110;66;37649803
27600178;27600644;190;37658463
27600186;27600071;22;39200414
27600186;27600154;18;39200405
27600186;27600696;98;39200434
27600188;27600000;56;39624826
27600188;27600463;90;39624825
27600190;27599422;140;38709051
27600190;27599726;88;38767257
27600190;27600278;385;38709050
27600197;27599916;66;39600643
27600197;27600149;16;39600620
27600197;27600337;59;39600640
27600209;27599900;141;37658130
27600209;27600479;96;37658127
27600212;27600080;27;39543903
27600212;27600256;11;39543902
27600216;27600169;12;39600581
27600216;27600236;7;39600574
27600218;27599965;57;39495757
27600218;27600078;39;39495760
27600218;27600812;119;39495756
27600230;27600051;33;37518733
27600234;27600151;20;37606629
27600236;27600102;34;39600545
27600236;27600216;7;39600573
27600236;27600299;95;39600544
27600239;27600079;44;37518694
27600239;27600102;35;37518685
27600239;27600740;123;37518691
27600241;27600050;38;39200385
27600241;27600156;22;39033354
27600241;27600327;20;39033353
27600253;27600491;63;39234471
27600254;27599971;80;39265906
27600254;27600135;27;39495763
27600254;27600979;170;39265901
27600256;27600212;93;39301470
27600256;27600212;11;39543901
27600256;27600685;92;39543900
27600267;27599890;74;38423556
27600267;27600410;28;38423553
27600267;27600489;57;37565212
27600271;27600469;37;37606626
27600271;27600764;129;39546958
27600273;27598307;404;37604972
27600273;27599860;176;37604970
27600273;27600389;45;37604969
27600278;27600190;385;38709049
27600285;27600175;185;37496695
27600285;27600477;41;37496742
27600285;27600485;46;37496694
27600288;27600175;54;37496683
27600288;27600477;84;37496682
27600288;27600575;54;37496748
27600299;27600236;95;39600543
27600307;27600130;179;37658516
27600307;27600536;39;37658517
27600307;27600886;195;37658513
27600311;27599945;89;37659337
27600311;27600635;73;37659334
27600311;27600655;85;37496724
27600315;27600323;3;38640870
27600315;27600332;3;37565201
27600315;27601096;306;38640867
27600323;27600315;3;38640869
27600327;27600065;53;39200389
27600327;27600241;20;39033352
27600327;27600413;19;39033351
27600332;27600121;67;38641122
27600332;27602258;426;37565198
27600333;27600080;75;37497318
27600335;27599999;71;39477607
27600335;27600663;63;38216502
27600337;27600149;43;39600611
27600337;27600197;59;39600641
27600339;27598811;286;37505841
27600339;27599316;234;39213283
27600339;27600440;26;38830921
27600339;27600633;216;39213278
27600340;27600433;16;37877954
27600340;27600536;102;37658455
27600342;27600853;101;39592053
27600344;27600360;3;38644204
27600357;27600340;66;37877955
27600359;27600934;108;39536246
27600359;27602068;331;37518725
27600360;27600315;396;37565199
27600360;27600344;3;38644203
27600360;27600502;21;38644202
27600366;27599782;173;39241562
27600366;27600601;97;39241559
27600366;27600651;78;39538677
27600377;27600052;95;37518671
27600377;27600234;30;37606627
27600388;27599624;226;38380943
27600388;27599865;105;39600493
27600388;27600990;141;38380942
27600389;27600273;45;37604968
27600389;27600489;124;38471753
27600389;27600544;169;38471742
27600396;27600601;51;38420171
27600401;27601461;207;37510510
27600401;27601592;242;37586537
27600410;27600267;28;38423554
27600410;27600511;17;38423551
27600410;27600517;20;38440775
27600413;27600086;65;39200393
27600413;27600327;19;39033350
27600413;27600516;21;39033349
27600421;27599655;136;38227706
27600421;27600431;16;38227657
27600421;27600755;86;38227654
27600431;27599544;155;38227728
27600431;27600421;16;38227656
27600431;27600821;88;38227653
27600433;27600464;6;37877952
27600440;27600339;26;38830922
27600447;27600357;15;37877953
27600456;27600230;42;37518786
27600461;27600000;127;37496707
27600461;27600687;58;37496706
27600461;27600771;69;37561409
27600463;27600188;90;39624824
27600463;27600503;9;39669220
27600463;27600520;10;39669310
27600464;27600497;20;37877949
27600464;27600877;76;39209989
27600465;27600479;91;37659685
27600469;27600527;12;37606625
27600474;27600611;42;39536227
27600475;27600521;12;38927104
27600477;27600285;41;37496743
27600477;27600288;84;37496681
27600477;27600526;20;37496680
27600479;27600209;96;37658128
27600479;27600465;91;37659684
27600479;27600685;65;37658125
27600480;27600447;7;37877951
27600480;27600474;9;37518785
27600485;27600285;46;37496693
27600485;27600463;9;39669314
27600485;27600503;4;39669321
27600489;27600389;124;38471752
27600489;27600511;23;38471751
27600489;27600618;30;38440773
27600491;27599997;116;39234475
27600491;27600253;63;39234470
27600491;27600687;45;39234472
27600497;27600480;7;37877950
27600502;27600360;21;38644201
27600502;27600543;72;38640885
27600502;27601096;124;38644200
27600503;27600463;9;39669221
27600503;27600485;4;39669320
27600503;27600520;3;39669319
27600503;27600893;91;39669218
27600508;27600357;35;37518776
27600511;27600410;17;38423552
27600511;27600489;23;38471750
27600511;27600517;15;38471749
27600511;27600618;21;37572456
27600516;27600113;76;39200397
27600516;27600413;21;39033348
27600516;27600600;21;39033347
27600517;27600410;20;38440776
27600517;27600511;15;38471748
27600517;27600519;5;38471747
27600519;27600517;5;38471746
27600519;27604389;971;38471741
27600520;27600463;10;39669311
27600520;27600503;3;39669318
27600520;27600529;2;39669308
27600521;27600033;160;38739369
27600521;27600475;12;38927105
27600521;27600544;7;38739368
27600526;27600477;20;37496679
27600527;27600531;37;37606623
27600527;27600756;53;37606621
27600529;27600520;2;39669309
27600529;27600913;88;38856920
27600531;27600377;33;37606624
27600536;27600307;39;37658518
27600536;27601041;175;37658454
27600543;27599780;142;38640888
27600543;27600132;304;38640887
27600543;27600502;72;38640884
27600544;27600161;137;38471744
27600544;27600389;169;38471743
27600544;27600521;7;38739367
27600575;27600288;54;37496749
27600575;27600860;101;37496692
27600575;27600864;54;37496746
27600588;27600613;4;39033381
27600588;27600633;36;39213281
27600588;27601134;293;39213276
27600594;27600095;96;39200439
27600594;27600133;101;39200445
27600594;27600789;34;39200438
27600600;27600154;87;39200401
27600600;27600516;21;39033346
27600600;27600696;21;39033345
27600601;27600366;97;39241560
27600601;27600396;51;38420172
27600601;27600626;9;39241557
27600611;27600841;72;37877956
27600611;27601497;195;37518787
27600611;27602074;301;39209987
27600613;27600588;4;39033380
27600613;27601769;339;39033379
27600613;27602781;799;39580591
27600616;27600022;108;37561369
27600616;27601108;93;37561368
27600618;27600511;21;37572457
27600618;27600519;34;38440774
27600618;27601048;86;37572454
27600626;27600601;9;39241558
27600626;27600662;13;39241555
27600626;27602144;306;37644167
27600633;27600339;216;39213279
27600633;27600588;36;39213280
27600633;27605007;865;39050648
27600635;27600311;73;37659335
27600635;27600918;69;37659332
27600635;27600924;87;37496722
27600643;27599797;284;37507564
27600644;27600057;187;37658512
27600644;27600178;190;37658462
27600644;27600886;58;37658461
27600645;27596445;866;37586535
27600651;27600366;78;39538678
27600655;27600311;85;37496723
27600655;27600616;12;37496731
27600662;27600626;13;39241556
27600662;27600995;76;39592273
27600663;27600333;92;37497317
27600663;27600335;63;38216503
27600663;27600941;59;39424405
27600685;27600256;92;39543899
27600685;27600479;65;37658126
27600685;27601056;86;39594336
27600687;27600461;58;37496705
27600687;27600491;45;39234473
27600687;27600918;68;37496704
27600689;27601465;193;39424571
27600696;27600186;98;39200433
27600696;27600600;21;39033344
27600696;27600789;18;39033343
27600705;27600736;110;38695963
27600736;27599655;227;38227697
27600736;27600705;110;38695962
27600736;27600755;45;38227705
27600736;27601164;81;38227694
27600740;27599972;216;39546968
27600740;27600239;123;37518692
27600740;27600940;68;39546965
27600743;27600508;147;37518783
27600743;27600934;39;37518781
27600755;27600421;86;38227655
27600755;27600736;45;38227704
27600755;27600803;8;39275612
27600756;27600531;41;37606622
27600756;27601213;259;37598790
27600757;27600011;178;38185379
27600757;27600165;109;37518634
27600759;27600643;32;37519369
27600760;27600836;37;38749988
27600764;27600921;44;39546953
27600771;27600461;69;37561410
27600771;27601008;58;37561407
27600771;27601190;126;37496721
27600772;27601358;119;39495772
27600789;27600594;34;39200437
27600789;27600696;18;39033342
27600789;27602081;583;39033341
27600803;27600755;8;39275613
27600803;27600821;168;39275610
27600803;27601160;81;38227738
27600812;27600218;119;39495755
27600812;27600979;71;39496197
27600812;27601192;81;39495754
27600821;27600431;88;38227652
27600821;27600803;168;39275611
27600821;27600876;54;38164648
27600826;27600935;130;39546949
27600826;27601014;40;38185302
27600829;27599906;183;39317342
27600836;27600845;3;38749987
27600836;27600870;25;38749993
27600837;27600834;5;38749995
27600837;27600986;32;38750013
27600838;27601155;93;39265938
27600841;27600456;181;37518784
27600842;27601127;88;38789073
27600845;27600861;10;38749986
27600853;27601325;91;37527677
27600853;27601727;194;37750835
27600860;27600485;93;39636309
27600860;27600575;101;37496691
27600860;27600893;9;37496690
27600861;27600864;13;37498519
27600861;27600936;19;38749992
27600864;27600575;54;37496747
27600864;27600946;18;37496744
27600870;27600837;16;38749994
27600870;27601201;66;38750012
27600871;27600159;167;39546995
27600871;27601091;56;39546999
27600872;27600160;130;37610563
27600872;27600933;14;37610562
27600872;27601509;154;37561349
27600874;27600497;69;39209986
27600876;27600117;138;38164642
27600876;27600821;54;38164649
27600876;27600933;76;38164646
27600886;27600307;195;37658514
27600886;27600644;58;37658460
27600886;27601041;42;37658459
27600893;27600503;91;39669219
27600893;27600860;9;37496689
27600893;27600913;5;37496688
27600893;27601183;66;39669216
27600899;27600508;110;37518775
27600913;27600893;5;37496687
27600913;27601211;66;38856919
27600914;27600829;71;39586265
27600918;27600635;69;37659333
27600918;27600687;68;37496703
27600918;27601190;66;37659330
27600918;27601227;87;37496702
27600921;27600940;31;39546969
27600921;27601011;23;39546956
27600924;27600655;68;37496730
27600924;27601227;69;37496741
27600933;27600872;14;37610561
27600933;27600876;76;38164647
27600933;27601864;168;37610560
27600934;27601497;111;37518780
27600935;27600826;130;39546948
27600935;27601152;40;38185349
27600936;27601321;71;38749991
27600940;27600740;68;39546966
27600940;27600921;31;39546970
27600940;27601011;20;39546963
27600940;27601090;28;39546971
27600941;27600663;68;37498742
27600941;27600663;59;39424406
27600941;27601791;167;39424403
27600946;27600864;18;37496745
27600946;27600936;10;37507336
27600946;27601154;84;37496752
27600952;27599971;351;39265903
27600952;27601155;54;39265907
27600952;27601597;183;39265896
27600953;27600433;234;37933466
27600953;27601094;38;37659074
27600979;27600254;170;39265902
27600979;27600812;71;39496196
27600979;27601368;72;39265899
27600989;27600645;68;38216499
27600990;27599619;478;37623349
27600990;27600388;141;38380941
27600990;27602687;395;38380940
27600992;27600161;159;37715338
27600992;27602752;321;38555407
27600995;27600989;21;39592279
27600995;27601105;21;39592277
27600999;27600230;142;37518732
27601002;27600188;159;39453513
27601002;27601008;8;39453518
27601004;27599468;573;37659048
27601004;27601020;12;37659053
27601004;27601455;84;37659047
27601008;27600771;58;37561408
27601008;27601035;7;39453517
27601011;27600940;20;39546964
27601011;27601055;12;39546950
27601011;27601090;21;37527672
27601014;27600826;40;38185303
27601014;27601152;136;38409866
27601014;27601286;50;38185300
27601020;27599584;263;38709058
27601020;27601004;12;37659052
27601020;27601134;68;37659051
27601035;27601072;12;39453514
27601041;27600886;42;37658458
27601041;27601264;56;37658453
27601047;27601002;10;39453516
27601048;27600618;86;37572455
27601048;27601400;102;39036244
27601048;27602766;454;37572448
27601053;27600829;53;39317341
27601053;27601666;146;39317391
27601055;27600469;177;37518672
27601055;27601011;12;39546951
27601055;27601286;75;37518679
27601056;27600685;86;39594335
27601056;27601262;54;39302711
27601056;27602000;180;39594331
27601072;27601047;7;39453515
27601072;27601141;12;38620439
27601090;27601289;44;39546952
27601091;27600757;67;37518633
27601091;27601224;24;39546998
27601094;27600953;38;37659073
27601096;27600315;306;38640868
27601096;27600502;124;38644199
27601096;27601850;240;38644198
27601105;27600989;23;37498499
27601105;27601531;91;39592276
27601108;27600616;93;37561367
27601108;27600924;50;37496725
27601108;27601509;75;37561366
27601116;27600914;93;39113117
27601127;27600842;88;38789074
27601127;27601198;76;39600505
27601127;27601209;21;38789071
27601128;27599760;355;37570030
27601128;27601209;17;38789066
27601128;27601242;28;37570027
27601132;27599760;473;37518677
27601132;27601290;36;37518676
27601132;27601320;46;39600595
27601134;27600588;293;39213277
27601134;27601020;68;37659050
27601134;27601455;82;39213274
27601141;27601072;12;38620438
27601141;27601731;110;37561406
27601147;27600662;102;39592274
27601147;27601105;10;37498498
27601151;27600953;52;37933465
27601152;27600935;40;38185348
27601152;27601014;136;38409867
27601152;27601432;49;38185347
27601154;27600860;67;39636308
27601154;27601183;9;37496751
27601155;27600838;93;39265937
27601155;27600952;54;39265908
27601155;27601484;67;39265916
27601160;27600803;81;38227739
27601160;27601164;5;38227720
27601160;27601680;98;38227736
27601164;27600736;81;38227695
27601164;27601160;5;38227721
27601164;27602111;184;38227692
27601182;27601201;10;38749997
27601183;27600893;66;39669217
27601183;27601211;7;37496750
27601183;27601540;73;39669214
27601188;27601192;6;39265948
27601188;27601246;23;39265945
27601188;27601801;109;39495747
27601190;27600771;126;37496720
27601190;27600918;66;37659331
27601190;27601338;31;37659328
27601192;27600812;81;39495753
27601192;27601188;6;39265947
27601192;27601357;97;39265944
27601198;27601127;76;39600506
27601201;27600845;90;38749996
27601209;27601127;21;38789072
27601209;27601128;17;38789065
27601209;27601261;9;38789064
27601209;27601284;16;38789069
27601211;27601570;72;38856918
27601213;27600756;259;37598791
27601213;27601303;14;38185275
27601216;27601213;20;37598767
27601216;27601303;23;39532522
27601217;27601216;20;37598766
27601224;27601217;146;37598765
27601224;27601709;88;39532521
27601227;27600918;87;37496701
27601227;27600924;69;37496740
27601227;27601509;85;37496700
27601227;27601567;80;37496739
27601231;27600914;102;37658456
27601231;27601441;47;37933462
27601242;27601128;28;37570028
27601242;27601290;28;38576975
27601242;27601420;32;37570025
27601246;27601188;23;39265946
27601246;27601368;45;39265941
27601246;27601741;91;39265950
27601261;27601209;9;38789063
27601261;27601474;59;38789060
27601262;27600333;215;37497298
27601262;27601465;62;39302710
27601264;27601231;29;37933464
27601266;27600871;76;38185277
27601266;27601224;20;39058054
27601284;27601209;16;38789070
27601284;27601312;11;39600584
27601284;27601742;110;38789067
27601286;27601014;50;38185301
27601286;27601055;75;37518680
27601286;27601432;147;38409869
27601286;27601517;49;38185298
27601289;27601584;63;39546957
27601290;27601132;36;37518675
27601290;27601242;28;38576974
27601290;27601420;33;37518674
27601296;27601552;49;38227682
27601303;27601699;78;38185274
27601309;27601260;25;38749990
27601309;27601317;28;37507337
27601312;27601261;9;38789062
27601312;27601284;11;39600583
27601320;27601132;46;39600596
27601321;27601309;10;38749989
27601321;27601540;92;37623951
27601322;27601151;42;39592072
27601322;27601264;11;37933463
27601325;27602132;159;37586555
27601325;27602377;199;39057073
27601338;27601035;123;37496713
27601338;27601190;31;37659329
27601338;27601472;44;37659326
27601345;27599579;372;38641120
27601345;27603251;419;38711472
27601347;27601147;37;39592272
27601357;27601192;97;39265943
27601357;27601358;11;39495769
27601358;27600772;119;39495771
27601358;27601357;11;39495770
27601358;27601360;9;39495767
27601360;27601266;17;39544980
27601360;27601358;9;39495768
27601368;27600979;72;39265900
27601368;27601246;45;39265942
27601368;27601573;166;39265939
27601375;27600128;229;37658703
27601375;27600999;65;37518748
27601388;27601055;74;39546955
27601400;27601048;102;39036245
27601410;27601608;77;39200836
27601410;27601608;85;39200854
27601410;27602913;453;39200851
27601420;27601242;32;37570026
27601420;27601290;33;37518673
27601420;27601999;179;38185295
27601432;27601152;49;38185346
27601432;27601286;147;38409868
27601432;27601687;48;38185345
27601441;27601322;51;37933461
27601441;27602132;173;37658457
27601455;27601004;84;37659046
27601455;27601134;82;39213275
27601455;27601809;63;39213272
27601461;27601628;30;37586539
27601465;27600689;193;39424570
27601465;27601625;42;39302709
27601466;27601312;38;38789061
27601466;27601474;21;38789050
27601466;27602043;135;38789043
27601472;27601338;44;37659327
27601472;27601649;52;37659324
27601474;27601466;21;38789049
27601474;27601712;101;38789059
27601474;27601829;76;38789048
27601475;27601154;66;39636307
27601476;27600645;165;37586534
27601484;27601155;67;39265915
27601484;27601573;21;39265914
27601484;27601597;40;39265897
27601491;27601572;233;39200721
27601491;27602163;314;39200718
27601491;27603056;276;39200706
27601494;27601116;101;37658452
27601497;27601870;73;37518779
27601509;27600872;154;37561350
27601509;27601108;75;37561365
27601509;27601227;85;37496699
27601509;27601787;63;37561347
27601509;27601864;95;37496698
27601517;27601286;49;38185299
27601517;27601687;156;37575713
27601517;27601788;49;38185296
27601520;27601375;34;37518747
27601531;27601347;52;39592275
27601531;27601592;73;37498502
27601540;27601183;73;39669215
27601540;27601321;92;37623952
27601540;27601570;7;37623949
27601540;27603544;385;39669212
27601552;27601296;49;38227683
27601552;27601650;61;38921830
27601552;27602057;88;38227680
27601567;27601227;80;37496738
27601567;27601338;89;37496712
27601567;27601759;44;37496737
27601570;27601540;7;37623950
27601570;27602531;191;38856917
27601572;27601491;233;39200720
27601572;27601994;90;38695948
27601573;27601368;166;39265940
27601573;27601484;21;39265913
27601573;27601728;87;39265912
27601584;27601815;43;37570018
27601588;27600899;138;37518774
27601592;27601531;73;37498503
27601592;27601967;109;37498500
27601597;27600952;183;39265895
27601597;27601484;40;39265898
27601597;27601635;9;39265919
27601608;27601410;77;39200837
27601608;27601410;85;39200855
27601608;27601717;21;39200852
27601614;27601388;50;39546959
27601614;27601836;41;37570024
27601625;27601791;48;39302708
27601628;27608227;1381;37586538
27601631;27601635;12;39524207
27601632;27601476;28;37586533
27601635;27601597;9;39265920
27601635;27601631;12;39524206
27601635;27601816;35;39265917
27601649;27601472;52;37659325
27601649;27601731;22;37659322
27601649;27601952;111;37496717
27601650;27601552;61;38921829
27601650;27601848;54;38921836
27601650;27602057;108;38921833
27601666;27601053;133;39317340
27601666;27601053;146;39317390
27601674;27601360;58;39544979
27601680;27601160;98;38227737
27601680;27601934;76;38921831
27601680;27602136;91;38227734
27601687;27601432;48;38185344
27601687;27601517;156;37575714
27601687;27601912;99;38185341
27601690;27601666;5;39592061
27601698;27601151;126;37658707
27601698;27601494;53;39592079
27601699;27601700;12;37659059
27601699;27602188;97;38185290
27601700;27601217;87;38185276
27601700;27601709;149;37659058
27601709;27601674;15;39532519
27601709;27602084;68;39532520
27601712;27601474;101;38789058
27601712;27601829;36;38789054
27601712;27601834;57;38789057
27601714;27602233;96;38882358
27601717;27601608;21;39200853
27601717;27601966;59;39200839
27601717;27602133;80;39200848
27601726;27601908;74;37497101
27601727;27601901;38;39317344
27601728;27601573;87;39265911
27601728;27601741;119;39265935
27601728;27602178;81;39265910
27601731;27601141;110;37561405
27601731;27601649;22;37659323
27601731;27601900;165;37623948
27601731;27602117;76;39234482
27601731;27602346;112;37558737
27601741;27601246;91;39265949
27601741;27601728;119;39265936
27601741;27601801;25;39265933
27601742;27601284;110;38789068
27601748;27601520;66;37658488
27601748;27601752;6;37518771
27601748;27601803;65;37518766
27601752;27601748;6;37518770
27601752;27601786;51;37518769
27601755;27602233;108;38882356
27601759;27601472;98;37496719
27601759;27601567;44;37496736
27601759;27601952;43;37496735
27601769;27600613;339;39033378
27601786;27599900;375;38980774
27601786;27601752;51;37518768
27601786;27603405;349;38980772
27601787;27601509;63;37561348
27601787;27601567;87;37496711
27601787;27601990;45;37561345
27601788;27601517;49;38185297
27601788;27601912;113;38185342
27601788;27601999;64;38185292
27601791;27600941;167;39424404
27601791;27601983;35;39424401
27601801;27601188;109;39495748
27601801;27601741;25;39265934
27601801;27601872;27;39265929
27601803;27601748;65;37518767
27601803;27601752;104;37659068
27601803;27602011;39;37518764
27601809;27601455;63;39213273
27601809;27602081;78;38303141
27601809;27602239;81;38303139
27601815;27601584;43;37570019
27601815;27602208;72;37570022
27601816;27601635;35;39265918
27601829;27601474;76;38789047
27601829;27601712;36;38789055
27601829;27601963;29;38789046
27601829;27602043;69;38789052
27601834;27601712;57;38789056
27601836;27601614;41;37570023
27601848;27601650;54;38921835
27601850;27601096;240;38644197
27601857;27601690;38;39317343
27601864;27600933;168;37610559
27601864;27601509;95;37496697
27601864;27601928;11;37610558
27601868;27601872;18;39265932
27601868;27601890;19;39265927
27601868;27602076;38;39495750
27601870;27602068;37;39315535
27601870;27602074;44;37518778
27601872;27601801;27;39265930
27601872;27601868;18;39265931
27601872;27602091;41;39495751
27601890;27601868;19;39265928
27601890;27601923;42;39495765
27601890;27602076;47;39265925
27601896;27601698;55;39592074
27601900;27601141;270;37561411
27601900;27601570;139;37623947
27601901;27602191;72;39592063
27601908;27601625;108;37497099
27601908;27601726;74;37497100
27601912;27601687;99;38185340
27601912;27601788;113;38185343
27601912;27602083;34;38185305
27601923;27601890;42;39495766
27601923;27601924;6;39497530
27601924;27601674;43;37527681
27601924;27601923;6;39497529
27601928;27601864;11;37610557
27601928;27602077;35;37561358
27601928;27602130;38;37686677
27601934;27601680;76;38921832
27601952;27601759;43;37496734
27601952;27602166;86;37496716
27601952;27602343;91;37496733
27601963;27601829;29;38789045
27601965;27601896;15;39592082
27601966;27601717;59;39200838
27601966;27601994;17;39200833
27601966;27602177;65;39200830
27601967;27601592;109;37498501
27601967;27602277;54;39592270
27601983;27601791;35;39424402
27601983;27602270;51;39747774
27601983;27602270;70;39747776
27601989;27602041;10;39033377
27601989;27602041;108;39033374
27601990;27601787;45;37561346
27601990;27602166;44;37561343
27601990;27602249;101;37496718
27601994;27601572;90;38695947
27601994;27601966;17;39200832
27601994;27602070;15;38695946
27601999;27601420;179;38185294
27601999;27601788;64;38185293
27601999;27602299;51;38185360
27602000;27601056;180;39594330
27602000;27602265;47;39594329
27602000;27602269;122;37497299
27602011;27601803;39;37518765
27602011;27602097;47;38980770
27602011;27602100;17;37518762
27602028;27598811;598;37540207
27602028;27600759;290;37499772
27602041;27601989;108;39033375
27602041;27601989;10;39033376
27602041;27602082;63;39275605
27602043;27601466;135;38789044
27602043;27601829;69;38789053
27602043;27602209;38;38789041
27602054;27601520;111;37518746
27602054;27601588;94;37518773
27602057;27601552;88;38227681
27602057;27601650;108;38921834
27602057;27602831;135;38227672
27602064;27601857;50;39592052
27602064;27602134;157;37624318
27602068;27603089;205;37518724
27602070;27601994;15;38695945
27602070;27602482;75;38695944
27602070;27603314;281;38695955
27602074;27602806;289;37518777
27602076;27601868;38;39495749
27602076;27601890;47;39265926
27602076;27602091;18;39265923
27602077;27601787;101;37496710
27602077;27601928;35;37561357
27602077;27602249;41;37561356
27602081;27600789;583;39033340
27602081;27601809;78;38303140
27602081;27602239;79;39033339
27602082;27602041;63;39275604
27602083;27601912;34;38185304
27602083;27602197;132;38214495
27602083;27602410;188;38214492
27602084;27601924;30;37527680
27602084;27602181;108;39586327
27602084;27602492;73;39058036
27602091;27601872;41;39495752
27602091;27602076;18;39265924
27602091;27602178;167;39265921
27602097;27602011;47;38980769
27602100;27602011;17;37518763
27602100;27602278;29;37518760
27602111;27601164;184;38227693
27602111;27602136;11;38227702
27602111;27602737;112;38227690
27602117;27601731;76;39234483
27602130;27601928;38;37686676
27602130;27602077;22;37496709
27602130;27602668;91;37686675
27602132;27602211;15;39590835
27602133;27601717;80;39200849
27602133;27602177;12;39200843
27602133;27602227;25;39200846
27602134;27602372;54;37624319
27602136;27601680;91;38227735
27602136;27602111;11;38227703
27602136;27602223;30;38921823
27602136;27602662;97;38227732
27602144;27600626;306;37644168
27602144;27602294;25;37644165
27602144;27602618;93;38370102
27602150;27602064;22;39592058
27602154;27602100;27;37658490
27602154;27602278;29;39209988
27602157;27602252;15;39202198
27602163;27601491;314;39200719
27602163;27603034;199;39200712
27602163;27603828;301;39200716
27602166;27601990;44;37561344
27602166;27602450;102;37496715
27602166;27602586;90;37561341
27602167;27602054;26;39536223
27602167;27602154;13;37658489
27602176;27602254;42;39317387
27602177;27601966;65;39200831
27602177;27602133;12;39200842
27602177;27602482;63;39200841
27602178;27601728;81;39265909
27602178;27602091;167;39265922
27602181;27602084;108;39586326
27602181;27602337;188;39586264
27602188;27601699;97;38185291
27602188;27602410;166;38215126
27602188;27602532;59;38185288
27602191;27602375;44;39592060
27602194;27602176;14;39317369
27602197;27602083;132;38214494
27602198;27602252;25;39202200
27602204;27601836;67;39546962
27602204;27602208;10;39734445
27602208;27602300;15;39734443
27602208;27602358;26;37570021
27602209;27602043;38;38789042
27602209;27602507;60;38789051
27602211;27603367;197;38409886
27602223;27602136;30;38921824
27602227;27602133;25;39200847
27602233;27601714;96;38882359
27602233;27601755;108;38882357
27602233;27602258;6;38882354
27602234;27602266;93;37497308
27602234;27603405;197;37497312
27602239;27601809;81;38303138
27602239;27602081;79;39033338
27602239;27602781;255;39033337
27602243;27601896;86;37586553
27602249;27602077;41;37561355
27602249;27602450;45;37561354
27602252;27602157;15;39202197
27602252;27602198;25;39202199
27602252;27602441;40;39202196
27602254;27602375;49;39592073
27602258;27602233;6;38882355
27602258;27604256;457;37565197
27602262;27601965;58;39592081
27602262;27602194;44;37658708
27602265;27602000;47;39594328
27602265;27602466;34;39594351
27602266;27602234;93;37497307
27602266;27602418;28;37497306
27602269;27602266;20;37497300
27602270;27601983;51;39747775
27602270;27602364;19;39424419
27602277;27601967;54;39592271
27602277;27602270;17;38216509
27602278;27602100;29;37518761
27602278;27602334;12;37518758
27602287;27601908;139;37497098
27602287;27602265;31;39424424
27602294;27602144;25;37644166
27602298;27602204;18;39734444
27602298;27602299;71;39734439
27602299;27601999;51;38185361
27602299;27602298;71;39734438
27602300;27602358;17;39734441
27602300;27602361;107;37623960
27602302;27602287;28;39424423
27602302;27602353;137;37498520
27602320;27602277;8;38216497
27602320;27602364;20;39592278
27602323;27602262;12;39592078
27602334;27602278;12;37518759
27602334;27602419;46;37658980
27602334;27602692;60;37518756
27602337;27602181;188;39586263
27602337;27602344;13;39586262
27602337;27602770;71;38976997
27602343;27601952;91;37496732
27602343;27602586;87;37610570
27602344;27602337;13;39586261
27602344;27602400;127;39586260
27602344;27602778;72;38976996
27602346;27601731;112;37558738
27602346;27602368;19;38164638
27602346;27603138;138;37558735
27602347;27602204;25;39546961
27602347;27602298;13;39734442
27602353;27602302;114;39424422
27602358;27602347;12;39734440
27602358;27602411;11;37570020
27602361;27602209;29;38982414
27602361;27602300;107;37623959
27602361;27602507;53;37623958
27602364;27602270;19;39424420
27602364;27602353;35;39424421
27602364;27602762;64;39592264
27602368;27602346;19;38164639
27602368;27602745;79;39234480
27602368;27602996;173;38164636
27602372;27602515;31;37624321
27602372;27602584;82;38876009
27602375;27602454;19;39592055
27602377;27602400;32;39586329
27602400;27602344;127;39586259
27602400;27602491;81;39586330
27602400;27602896;83;39590832
27602401;27603289;168;38185351
27602405;27602150;63;39592065
27602409;27602167;49;39536216
27602410;27602083;188;38214493
27602410;27602188;166;38215125
27602411;27605223;881;38982413
27602418;27603639;212;37497305
27602419;27602334;46;37658979
27602430;27602323;21;39592077
27602430;27602377;52;39586328
27602439;27602269;31;37497303
27602439;27602418;25;39745046
27602441;27602252;40;39202195
27602447;27602492;26;38214507
27602450;27602249;45;37561353
27602450;27602668;76;37496714
27602450;27602859;86;37561352
27602454;27602872;108;39592059
27602466;27602265;34;39594350
27602466;27602715;42;39594349
27602466;27603258;153;39543897
27602468;27602588;22;38872428
27602471;27602514;70;37524212
27602474;27602755;46;39192362
27602482;27602070;75;38695943
27602482;27602177;63;39200840
27602482;27603314;151;38695942
27602484;27602323;28;39058081
27602484;27602430;20;39058050
27602491;27602430;9;37658717
27602491;27602554;25;39058043
27602492;27602084;73;39058037
27602492;27602447;26;38214506
27602492;27602568;14;39058034
27602507;27602361;53;37623957
27602507;27604124;305;37623956
27602514;27599624;738;37522764
27602514;27602471;70;37524211
27602514;27603613;263;37522763
27602515;27602588;25;38872446
27602515;27602593;18;37624320
27602531;27602579;22;38162045
27602531;27603555;191;38856916
27602532;27602188;59;38185289
27602532;27602568;136;38185313
27602532;27603344;141;38185286
27602543;27602347;33;39546960
27602554;27602673;36;39058042
27602568;27602492;14;39058035
27602568;27602905;61;39058032
27602579;27602531;22;38162044
27602579;27602648;86;38162043
27602579;27602922;83;38162047
27602583;27602831;57;38921828
27602584;27601965;123;38876008
27602584;27602740;30;39500912
27602586;27602166;90;37561342
27602586;27602343;87;37610569
27602586;27602859;111;37610568
27602586;27603138;120;37561339
27602588;27602468;22;38872427
27602588;27602515;25;38872445
27602588;27602624;7;38872444
27602593;27602643;12;39500917
27602598;27602491;19;37658716
27602598;27602554;28;39592080
27602607;27602752;152;37572453
27602607;27603037;83;37572446
27602607;27603037;91;37715339
27602614;27603086;75;38214519
27602615;27602996;63;39202010
27602618;27602144;93;38370103
27602620;27600999;328;37518731
27602620;27602409;52;37518772
27602624;27602588;7;38872443
27602624;27602815;43;38872442
27602624;27602924;101;38872433
27602635;27603441;137;38872426
27602643;27602703;12;39500916
27602648;27602579;86;38162042
27602648;27602922;51;38162030
27602648;27603283;220;38162027
27602662;27602136;97;38227733
27602662;27602737;23;38227678
27602662;27602831;209;38227671
27602668;27602130;91;37686674
27602668;27603398;123;37686673
27602671;27602771;39;38185363
27602672;27602788;19;39192368
27602673;27602768;24;39058041
27602673;27603178;136;39058031
27602685;27602243;76;37586554
27602687;27600990;395;38380939
27602687;27602847;48;38380958
27602687;27603846;220;37570013
27602692;27602334;60;37518757
27602692;27602791;45;37658978
27602692;27603092;65;37518754
27602703;27602484;69;39058049
27602703;27602768;11;39500915
27602715;27602466;42;39594348
27602715;27602935;38;39594347
27602720;27602814;73;37715368
27602734;27603084;56;38185312
27602737;27602111;112;38227691
27602737;27602662;23;38227679
27602737;27602795;74;38227674
27602737;27603847;225;38227684
27602740;27602584;30;39500913
27602745;27602368;79;39234481
27602752;27600992;321;38555406
27602752;27602607;152;37572452
27602752;27602766;3;37572451
27602755;27602474;46;39192361
27602755;27602770;38;39192364
27602755;27602844;53;39192360
27602756;27602409;64;39536238
27602762;27602320;77;38216496
27602762;27602364;64;39592265
27602762;27602887;24;39592268
27602766;27601048;454;37572449
27602766;27602752;3;37572450
27602766;27602814;14;37715365
27602768;27603423;194;39058040
27602770;27602337;71;38976998
27602770;27602755;38;39192363
27602770;27602844;16;38976993
27602771;27602671;39;38185362
27602771;27603289;89;39681462
27602778;27602344;72;38976995
27602778;27602788;38;39192370
27602778;27602844;23;38976992
27602781;27600613;799;39580592
27602781;27602239;255;39033336
27602781;27603070;133;39033335
27602788;27602672;19;39192367
27602788;27602778;38;39192369
27602788;27603045;56;39192366
27602790;27602795;51;38227677
27602790;27602913;76;38227668
27602790;27602936;25;38227730
27602791;27602692;45;37658977
27602791;27602845;26;37658976
27602791;27602845;67;39459699
27602795;27602737;74;38227675
27602795;27602790;51;38227676
27602795;27602934;24;38227723
27602806;27602405;101;39592054
27602814;27602720;73;37715367
27602814;27602766;14;37715366
27602814;27602998;44;37715361
27602815;27602584;114;39500914
27602815;27602624;43;38872441
27602815;27602940;32;39500910
27602820;27602845;33;37658973
27602831;27602057;135;38227673
27602831;27602583;57;38921827
27602831;27602662;209;38227670
27602844;27602755;53;39192359
27602844;27602770;16;38976994
27602844;27602778;23;38976991
27602845;27602791;67;39459698
27602845;27602791;26;37658975
27602845;27602820;33;37658974
27602847;27602687;48;38380957
27602847;27603066;49;38380956
27602847;27604034;220;37570012
27602859;27602450;86;37561351
27602859;27602586;111;37610567
27602859;27603583;132;37558732
27602862;27602992;48;38711471
27602868;27602878;13;39192373
27602868;27602878;87;39192392
27602868;27603011;32;39192389
27602872;27603093;39;37518744
27602872;27603557;213;37507453
27602878;27602868;13;39192374
27602878;27602868;87;39192391
27602878;27602896;26;39192371
27602882;27602620;55;39536177
27602887;27602762;24;39592269
27602887;27603198;62;39424407
27602887;27603198;50;39592266
27602896;27602400;83;39590833
27602896;27602878;26;39192372
27602896;27603256;62;39590830
27602904;27603077;117;39200845
27602905;27602568;61;39058033
27602905;27603062;22;38185280
27602905;27603543;152;38185284
27602911;27603152;47;38872424
27602912;27603064;35;38844484
27602913;27601410;453;39200850
27602913;27602790;76;38227669
27602913;27603339;75;38227666
27602922;27602579;83;38162046
27602922;27602648;51;38162031
27602922;27603149;45;38162028
27602924;27602624;101;38872434
27602924;27603071;241;38872439
27602924;27603071;24;38872430
27602929;27603155;38;39536236
27602934;27602795;24;38227722
27602934;27602936;51;38227750
27602934;27603693;157;38227745
27602935;27602715;66;38166730
27602935;27602715;38;39594346
27602935;27603258;56;39594345
27602936;27602790;25;38227731
27602936;27602934;51;38227751
27602936;27603107;41;38227748
27602940;27602815;32;39500911
27602940;27602975;9;38872437
27602940;27603116;32;39500908
27602975;27602940;9;38872438
27602975;27603071;22;38872422
27602975;27603326;74;38872435
27602992;27602862;48;38711470
27602996;27602368;173;38164637
27602996;27602615;63;39202009
27602996;27604123;220;38164634
27602998;27602814;44;37715362
27603011;27602868;32;39192390
27603014;27602806;55;39592098
27603023;27603064;33;38844493
27603034;27602163;199;39200713
27603034;27603124;213;39200709
27603034;27603175;272;39200710
27603037;27602607;83;37572447
27603037;27602607;91;37715340
27603037;27604786;372;37572444
27603045;27602788;56;39192365
27603056;27601491;276;39200707
27603056;27603077;11;39200704
27603056;27603124;19;39200701
27603058;27602756;54;39536243
27603062;27602905;22;38185281
27603062;27603084;61;38185282
27603062;27603545;90;38185278
27603064;27602912;35;38844485
27603064;27603023;33;38844492
27603064;27603135;16;38844482
27603066;27602847;49;38380955
27603066;27603239;54;38380954
27603066;27604208;221;37570010
27603070;27602781;133;39033334
27603070;27603510;85;38303137
27603070;27603532;123;39033333
27603071;27602924;241;38872440
27603071;27602924;24;38872429
27603071;27602975;22;38872421
27603077;27602904;117;39200844
27603077;27603056;11;39200705
27603077;27603096;4;39200702
27603084;27602734;56;38185311
27603084;27603062;61;38185283
27603086;27602614;75;38214520
27603089;27603155;16;39536194
27603092;27602692;65;37518755
27603092;27603203;61;38980751
27603093;27603840;146;37518745
27603096;27603077;4;39200703
27603096;27603161;14;39200698
27603104;27602410;149;38215127
27603104;27604247;211;38185326
27603107;27602936;41;38227749
27603107;27603110;19;38227726
27603107;27603196;17;38227746
27603107;27603304;52;38227725
27603110;27603107;19;38227727
27603115;27602882;45;39536188
27603116;27602703;119;39058048
27603116;27602940;32;39500909
27603120;27603135;55;38844489
27603124;27603034;213;39200708
27603124;27603056;19;39200700
27603124;27603175;11;39200697
27603135;27603064;16;38844483
27603135;27603120;55;38844488
27603135;27603249;25;38844480
27603138;27602346;138;37558736
27603138;27602586;120;37561340
27603138;27603667;126;37563247
27603138;27603709;159;37558733
27603145;27603388;41;38214530
27603148;27602929;138;39315536
27603148;27603014;53;37518750
27603149;27602922;45;38162029
27603149;27603312;56;38162037
27603149;27603571;121;38162034
27603152;27602598;93;37658715
27603152;27602911;47;38872423
27603155;27603363;44;39536193
27603161;27603096;14;39200699
27603161;27603175;10;39200694
27603161;27605501;585;38948831
27603171;27602028;200;39602352
27603175;27603034;272;39200711
27603175;27603124;11;39200696
27603175;27603161;10;39200695
27603178;27603212;8;38909671
27603178;27603423;86;39058030
27603191;27602685;86;39592085
27603194;27603191;3;39592076
27603196;27603107;17;38227747
27603198;27602887;50;39592267
27603198;27604166;175;39424425
27603203;27603092;61;38980752
27603212;27603178;8;38909672
27603220;27603283;256;38162050
27603239;27603066;54;38380953
27603239;27603434;51;38380952
27603239;27604377;220;37570004
27603240;27603191;10;39592084
27603240;27603247;3;39592075
27603246;27603249;72;38844491
27603249;27603135;25;38844481
27603249;27603246;72;38844490
27603249;27603358;17;38844478
27603251;27601345;419;38711473
27603252;27603638;90;38872432
27603256;27602896;62;39590831
27603256;27603530;66;39590834
27603258;27602935;56;39594344
27603258;27603347;14;39594343
27603283;27602648;220;38162026
27603283;27603220;256;38162051
27603283;27603312;6;38162052
27603289;27602401;168;38185350
27603289;27602771;89;39681463
27603289;27603386;18;38185308
27603295;27603700;319;38485122
27603304;27603107;52;38227724
27603304;27603341;7;38227717
27603304;27603342;35;38227718
27603312;27603149;56;38162036
27603312;27603283;6;38162053
27603312;27603582;59;38162048
27603314;27602070;281;38695956
27603314;27602482;151;38695941
27603314;27603339;68;38695940
27603326;27602975;74;38872436
27603326;27603116;63;39058047
27603331;27603821;91;37653433
27603339;27602913;75;38227667
27603339;27603314;68;38695939
27603339;27603342;10;38227710
27603339;27603839;93;38227664
27603340;27603341;7;38227713
27603341;27603304;7;38227716
27603341;27603340;7;38227712
27603341;27603342;36;38227715
27603342;27603304;35;38227719
27603342;27603339;10;38227711
27603342;27603341;36;38227714
27603344;27602532;141;38185287
27603344;27603104;111;38185314
27603344;27603538;100;38214545
27603347;27603258;14;39594342
27603347;27603465;65;37536493
27603347;27603560;41;39747778
27603354;27603358;72;38844487
27603358;27603249;17;38844479
27603358;27603354;72;38844486
27603363;27603665;72;39536182
27603367;27603734;70;39590827
27603367;27603805;106;37658969
27603386;27603289;18;38185309
27603388;27603145;41;38214529
27603388;27603412;45;37653437
27603388;27603647;55;37653436
27603398;27602668;123;37686672
27603398;27603583;107;38620411
27603398;27603804;78;37558730
27603405;27601786;349;38980771
27603405;27602234;197;37497311
27603405;27603641;48;37497310
27603412;27603388;45;37653438
27603423;27603550;43;39058039
27603434;27603239;51;38380951
27603434;27603589;50;38380950
27603434;27604558;220;37569995
27603440;27603701;118;38735650
27603441;27602635;137;38872425
27603441;27603256;49;37658966
27603441;27603530;18;37598782
27603465;27603347;65;37536492
27603465;27603605;58;39321137
27603465;27603605;28;37536491
27603503;27604753;227;39602354
27603510;27603070;85;38303136
27603510;27603532;96;38303135
27603530;27603441;18;37598783
27603530;27603802;51;37598780
27603532;27603070;123;39033332
27603532;27603510;96;38303134
27603532;27605759;454;39033331
27603538;27603344;100;38214546
27603538;27603572;17;38214543
27603538;27604184;119;38185328
27603542;27603544;23;38881687
27603543;27602905;152;38185285
27603543;27603647;59;37653429
27603543;27603673;26;38214512
27603544;27601540;385;39669213
27603544;27603555;8;39669301
27603544;27603555;8;39669201
27603544;27603592;10;39669210
27603545;27603062;90;38185279
27603545;27603600;14;38214504
27603545;27603606;18;38214503
27603550;27603660;34;39058038
27603550;27603798;48;39536239
27603555;27603562;4;39201993
27603555;27603592;13;37608120
27603555;27604098;101;38856915
27603557;27603712;66;39592057
27603560;27603347;41;39747777
27603560;27603722;33;39594338
27603562;27603555;4;39201992
27603562;27603571;26;39201991
27603566;27603670;25;37653432
27603571;27603149;121;38162035
27603571;27603633;15;38162032
27603572;27603538;17;38214544
27603572;27603608;17;38214541
27603582;27603312;59;38162049
27603582;27603658;17;39201997
27603583;27602859;132;37558731
27603583;27603398;107;38620410
27603583;27603717;89;38620407
27603583;27605079;322;37563246
27603589;27603434;50;38380949
27603589;27603977;88;38380948
27603589;27604177;110;37569975
27603592;27603544;10;39669211
27603592;27603591;23;37608119
27603592;27603920;58;39669208
27603598;27603600;7;38214535
27603598;27603623;47;38214534
27603598;27603975;65;38185339
27603600;27603545;14;38214505
27603600;27603598;7;38214536
27603600;27603606;12;38214500
27603605;27603465;28;37536490
27603605;27603465;58;39321136
27603605;27603669;12;37536489
27603606;27603545;18;38214502
27603606;27603600;12;38214501
27603606;27603608;6;38214540
27603608;27603572;17;38214542
27603608;27603606;6;38214539
27603608;27603972;65;38214527
27603610;27603326;87;39058046
27603610;27603660;11;39536218
27603613;27602514;263;37522762
27603613;27603701;30;38735670
27603613;27604142;129;37522761
27603622;27602439;205;37497302
27603623;27603598;47;38214533
27603623;27603673;32;38185359
27603623;27603968;62;38185356
27603633;27603562;23;39201994
27603633;27603571;15;38162033
27603633;27603902;89;38162041
27603638;27603152;90;37658714
27603638;27603252;90;38872431
27603639;27603622;27;39745045
27603639;27603787;25;37497304
27603641;27603405;48;37497309
27603641;27603645;10;37498489
27603645;27603697;11;37498488
27603646;27603712;67;37518743
27603647;27603388;55;37653435
27603647;27603543;59;37653430
27603647;27603821;87;37653427
27603658;27603582;17;39201998
27603658;27603902;48;39201995
27603660;27603798;26;37658725
27603660;27603843;45;39536204
27603665;27603840;36;37518727
27603667;27603138;126;37563248
27603669;27603605;12;37536488
27603669;27603992;117;37537098
27603669;27603992;54;37536487
27603670;27603566;25;37653431
27603673;27603543;26;38214513
27603673;27603623;32;38185358
27603673;27603966;53;38214510
27603679;27603171;96;39602353
27603684;27603058;158;39536250
27603684;27603148;212;37518749
27603693;27602934;157;38227744
27603693;27603844;74;38227709
27603693;27603847;25;38227743
27603697;27603752;9;37498486
27603697;27603784;81;37518752
27603700;27603295;319;38485123
27603701;27603440;118;38735651
27603701;27603613;30;38735671
27603701;27604360;162;38735648
27603709;27603138;159;37558734
27603709;27603717;4;38620408
27603712;27603769;20;39592069
27603717;27603583;89;38620406
27603717;27603709;4;38620409
27603717;27604267;147;39685260
27603722;27603820;32;39424569
27603722;27603855;23;39543912
27603725;27602685;184;39591718
27603725;27603240;88;39592083
27603734;27603891;27;39591715
27603742;27603725;3;39591717
27603750;27603641;23;37498487
27603750;27603787;83;39543896
27603752;27603750;27;37498485
27603768;27603638;22;37658713
27603769;27603959;85;39592068
27603784;27603092;212;37518753
27603784;27603858;76;37843231
27603787;27603750;83;39543895
27603787;27603801;23;39543894
27603789;27603857;77;38695965
27603795;27603610;48;39536208
27603798;27603853;10;37658724
27603801;27603622;31;37497301
27603801;27603787;23;39543893
27603801;27603820;37;39543892
27603802;27603530;51;37598781
27603802;27603854;35;37658967
27603802;27604578;141;37598778
27603804;27603398;78;37558729
27603804;27603857;8;37558728
27603804;27603904;190;38163606
27603805;27602491;234;39590838
27603805;27603768;10;37658970
27603808;27603752;27;37843604
27603820;27603801;37;39543891
27603820;27603942;25;39543457
27603821;27603331;91;37653434
27603821;27603647;87;37653428
27603821;27603938;59;37653425
27603828;27602163;301;39200717
27603828;27604104;158;39200834
27603828;27605473;320;39200714
27603835;27603768;12;37658712
27603839;27603339;93;38227665
27603839;27603844;102;38227689
27603839;27604725;163;38227662
27603840;27604861;226;37518726
27603843;27603795;9;39057936
27603843;27604200;68;39536241
27603843;27604217;88;39058056
27603844;27603693;74;38227708
27603844;27603839;102;38227688
27603844;27603847;50;38227687
27603846;27604034;53;37569991
27603846;27604260;107;37569988
27603847;27602737;225;38227685
27603847;27603693;25;38227742
27603847;27603844;50;38227686
27603847;27604725;253;38227741
27603851;27604121;82;38455622
27603853;27604172;70;37658723
27603854;27603805;8;39590837
27603854;27603835;8;37658968
27603855;27603820;21;37498483
27603855;27603942;16;39543911
27603857;27603789;77;38695964
27603857;27603804;8;37558727
27603857;27604146;52;37558726
27603858;27603684;70;39536221
27603861;27604483;134;37598789
27603875;27603115;168;37518730
27603875;27603646;124;37516527
27603880;27603560;58;39594337
27603880;27603855;18;39543909
27603890;27603742;25;39591716
27603891;27605389;309;39590828
27603902;27603633;89;38162040
27603902;27603658;48;39201996
27603902;27604288;94;38162039
27603904;27603804;190;38163605
27603920;27603592;58;39669209
27603933;27603610;96;39536252
27603933;27603795;31;39536207
27603938;27603821;59;37653426
27603942;27604174;43;39594341
27603958;27603014;362;37507447
27603959;27604030;12;38711983
27603959;27604090;73;39592067
27603966;27603673;53;38214511
27603966;27603968;27;38185355
27603966;27604229;47;38214508
27603968;27603623;62;38185357
27603968;27603966;27;38185354
27603968;27603975;36;38214538
27603972;27603608;65;38214528
27603972;27603975;37;38185352
27603972;27604325;67;38214525
27603975;27603968;36;38214537
27603975;27603972;37;38185353
27603975;27604212;42;38185338
27603977;27603589;88;38380947
27603977;27604177;92;38380959
27603977;27604210;43;38380946
27603978;27604246;79;38643013
27603979;27603769;63;38711984
27603985;27603843;29;39057935
27603985;27603853;40;39536215
27603992;27603669;54;37536486
27603992;27604020;6;37536485
27604020;27603992;6;37536484
27604020;27604196;67;39745047
27604020;27604196;55;37536483
27604030;27604061;8;38711982
27604030;27604111;35;38711987
27604034;27602847;220;37570011
27604034;27603846;53;37569992
27604034;27604208;50;37569989
27604061;27604079;5;38711981
27604061;27604111;52;38711990
27604065;27604118;328;38163596
27604065;27604145;80;37558748
27604065;27604373;69;38620434
27604079;27604088;11;38711979
27604079;27604111;113;38711986
27604084;27604050;8;39669300
27604084;27605095;197;39669326
27604088;27603979;56;38711980
27604088;27603979;68;38711991
27604090;27604170;44;39592056
27604097;27603808;126;37843603
27604097;27604472;74;37843601
27604098;27604084;6;37562147
27604098;27605121;197;38856914
27604104;27603828;158;39200835
27604105;27604097;15;37843626
27604105;27604499;76;37843628
27604111;27604030;35;38711988
27604111;27604061;52;38711989
27604111;27604079;113;38711985
27604112;27604105;15;37843625
27604112;27604527;78;37843618
27604116;27604152;178;39536247
27604116;27604172;21;39536232
27604118;27604065;328;38163595
27604121;27603851;82;38455621
27604123;27602996;220;38164635
27604123;27604562;88;39202005
27604124;27602507;305;37623955
27604124;27604260;90;37570016
27604124;27604693;106;37623954
27604125;27604112;15;37843624
27604125;27604560;82;37843615
27604131;27603858;122;39536240
27604131;27603958;96;39592066
27604138;27604196;126;37536480
27604139;27604125;15;37843623
27604139;27604581;85;37843609
27604142;27603613;129;37522760
27604142;27604210;37;37522759
27604142;27604333;45;38735623
27604145;27604065;80;37558747
27604145;27604668;125;38163584
27604145;27604852;284;37558746
27604146;27603857;52;37558725
27604146;27604326;36;37558724
27604149;27604139;15;37843622
27604149;27604607;89;37843606
27604152;27604116;88;39536248
27604155;27604149;15;37843621
27604155;27604642;94;37843613
27604158;27604183;43;38423209
27604161;27603808;81;37841165
27604161;27604131;21;39592097
27604164;27604155;15;37843620
27604164;27604654;94;37843611
27604166;27603198;175;39424426
27604166;27604343;35;39424446
27604170;27604282;71;37507446
27604170;27604314;42;37518751
27604172;27604487;74;37658722
27604174;27604164;10;37843619
27604174;27604299;25;39594340
27604177;27603589;110;37569976
27604177;27603977;92;38380960
27604177;27604727;109;37569973
27604183;27604158;43;38423208
27604184;27604201;12;38185306
27604184;27604304;25;38214531
27604196;27604020;55;37536482
27604196;27604138;126;37536481
27604197;27602197;533;38214491
27604197;27604247;95;38185336
27604200;27603843;68;39536242
27604200;27604276;25;39057929
27604200;27604740;161;39057926
27604200;27604815;137;39057939
27604201;27603572;117;38185325
27604201;27604184;12;38185307
27604201;27604315;23;38214522
27604204;27603933;67;39536205
27604204;27604572;319;37623971
27604208;27603066;221;37570009
27604208;27604034;50;37569990
27604208;27604377;53;37569985
27604208;27604735;105;37570008
27604210;27603977;43;38380945
27604210;27604142;37;37522758
27604210;27604444;69;37522757
27604212;27604829;114;38185337
27604217;27604270;22;39058055
27604217;27604276;19;39536231
27604229;27603966;47;38214509
27604229;27604212;48;38185310
27604229;27604461;49;38214517
27604231;27604161;39;39592064
27604246;27603978;79;38643014
27604247;27603104;211;38185327
27604247;27604197;95;38185335
27604247;27604304;121;38185334
27604256;27604327;306;37565196
27604260;27603846;107;37569987
27604260;27604124;90;37570017
27604260;27604693;100;37569982
27604260;27604735;145;37570015
27604267;27603717;147;39685261
27604270;27604204;14;39536206
27604270;27605082;237;37527696
27604276;27604200;25;39057928
27604276;27604217;19;39536230
27604276;27604815;163;39057923
27604282;27604848;245;37518600
27604288;27603902;94;38162038
27604298;27604327;7;39625712
27604299;27604368;21;39594360
27604299;27604400;18;39543890
27604300;27603890;75;39592070
27604304;27604184;25;38214532
27604304;27604247;121;38185333
27604304;27604315;12;38185332
27604314;27604472;67;37843602
27604314;27604709;75;37843232
27604315;27604201;23;38214521
27604315;27604304;12;38185331
27604315;27604325;27;38185330
27604325;27603972;67;38214526
27604325;27604315;27;38185329
27604325;27604579;45;38214523
27604326;27604146;36;37558723
27604326;27604640;57;37561403
27604327;27604298;7;39625711
27604327;27604529;116;37565195
27604333;27604142;45;38735624
27604333;27604360;17;38735660
27604333;27604444;79;38735655
27604343;27604495;27;39424445
27604343;27604508;42;39424408
27604360;27603701;162;38735649
27604360;27604333;17;38735661
27604368;27603880;91;39543898
27604368;27604442;156;37498496
27604373;27604065;69;38620435
27604375;27603985;91;39057934
27604375;27604152;48;39536244
27604377;27603239;220;37570003
27604377;27604208;53;37569986
27604377;27604558;51;37569983
27604377;27605431;223;37570002
27604389;27600519;971;38471740
27604389;27604616;423;39033373
27604389;27604658;48;38158207
27604394;27604584;73;37598740
27604394;27604919;128;39536255
27604400;27604705;56;39594353
27604410;27604419;47;39531433
27604418;27604801;90;39531437
27604419;27604410;47;39531434
27604442;27604368;156;37498497
27604442;27604475;35;37498494
27604444;27604210;69;37522756
27604444;27604333;79;38735654
27604444;27604755;85;37522755
27604461;27604229;49;38214518
27604461;27604665;36;38214515
27604461;27604762;125;39192358
27604462;27604862;129;38596620
27604466;27604500;7;39202000
27604472;27604097;74;37843600
27604472;27604499;18;37843598
27604475;27604442;35;37498495
27604475;27604508;47;37498492
27604483;27602543;418;38214488
27604483;27603861;134;37598788
27604486;27604166;63;39424450
27604486;27604495;10;39424451
27604487;27604523;6;37658721
27604487;27604620;40;39536224
27604495;27604486;10;39424452
27604495;27604513;24;39424453
27604495;27604629;25;38216508
27604499;27604105;76;37843627
27604499;27604472;18;37843599
27604499;27604527;16;37843596
27604500;27604098;138;37562146
27604500;27604466;7;39201999
27604508;27604475;47;37498493
27604508;27604513;8;37498490
27604513;27604495;24;39424454
27604513;27604508;8;37498491
27604513;27604629;35;39424409
27604522;27604638;22;38596614
27604523;27604565;9;37658720
27604527;27604112;78;37843617
27604527;27604499;16;37843597
27604527;27604560;15;37843594
27604529;27604256;52;37874294
27604529;27604898;91;39625709
27604555;27604616;11;38882361
27604558;27603434;220;37569996
27604558;27604377;51;37569984
27604558;27604727;50;37569979
27604558;27605557;217;37569993
27604559;27604786;56;37715334
27604560;27604125;82;37843614
27604560;27604527;15;37843595
27604560;27604581;13;37843592
27604562;27604123;88;39202006
27604562;27604830;56;39202003
27604562;27605079;360;39202008
27604565;27604882;72;37658719
27604572;27604204;319;37623972
27604572;27604638;57;38596617
27604572;27604836;51;37623969
27604578;27603802;141;37598779
27604578;27604627;10;37598776
27604579;27604325;45;38214524
27604579;27604820;57;38185323
27604579;27605153;129;38214498
27604581;27604139;85;37843608
27604581;27604560;13;37843593
27604581;27604607;15;37843590
27604584;27604394;73;37598739
27604584;27604780;74;37598738
27604584;27604949;80;39472649
27604607;27604149;89;37843605
27604607;27604581;15;37843591
27604607;27604642;16;37843588
27604616;27604389;423;39033372
27604616;27604555;11;38882360
27604616;27604898;111;39033371
27604617;27604646;46;37841127
27604617;27604775;103;37841128
27604620;27604375;52;39057933
27604627;27604578;10;37598777
27604627;27604776;51;37658971
27604627;27605196;147;37598772
27604629;27604925;56;39424448
27604637;27604442;34;37586548
27604637;27604475;41;37536471
27604638;27604522;22;38596615
27604638;27604572;57;38596616
27604638;27604836;111;38596625
27604640;27604326;57;37561404
27604640;27604668;5;37686671
27604642;27604155;94;37843612
27604642;27604607;16;37843589
27604642;27604654;15;37843586
27604642;27604794;27;37843607
27604643;27604523;40;39536234
27604643;27604620;6;39057932
27604646;27604560;25;37843616
27604646;27604775;53;37841125
27604654;27604164;94;37843610
27604654;27604642;15;37843587
27604658;27604389;48;38158208
27604658;27605002;87;38471589
27604658;27606194;348;38158205
27604665;27604461;36;38214516
27604665;27604863;40;37624854
27604668;27604145;125;38163583
27604668;27604890;66;37686670
27604693;27604124;106;37623953
27604693;27604260;100;37569981
27604693;27604919;56;37598735
27604693;27605281;181;37913464
27604698;27604565;40;39536220
27604698;27604643;10;39057931
27604705;27604368;68;39594339
27604705;27604938;52;37497297
27604708;27603835;157;37658711
27604708;27604578;48;37658972
27604709;27604617;38;37841126
27604709;27604974;55;38598246
27604723;27605217;145;39690591
27604725;27603839;163;38227663
27604725;27603847;253;38227740
27604725;27605362;136;38227660
27604727;27604177;109;37569974
27604727;27604558;50;37569980
27604727;27604755;7;37569977
27604735;27604208;105;37570007
27604735;27604260;145;37570014
27604735;27605281;119;37570006
27604740;27604200;161;39057927
27604740;27604643;34;39536233
27604740;27604815;24;39057924
27604753;27605807;225;38856970
27604753;27605812;227;37518524
27604755;27604444;85;37522754
27604755;27604727;7;37569978
27604755;27605818;258;37522753
27604762;27604461;125;39192357
27604762;27605056;60;39591772
27604762;27605078;122;39192356
27604775;27604794;7;37841124
27604776;27604708;14;37658710
27604776;27605259;161;37658705
27604780;27604584;74;37598737
27604780;27605322;129;39536258
27604786;27603037;372;37572445
27604786;27604559;56;37715333
27604786;27605546;173;37572442
27604794;27604938;34;37841123
27604801;27604418;90;39531438
27604801;27605395;147;38470744
27604803;27604231;250;37507445
27604813;27603875;207;37518729
27604815;27604200;137;39057938
27604815;27604276;163;39057922
27604815;27604740;24;39057925
27604820;27604579;57;38185324
27604820;27604829;10;38185319
27604820;27605076;57;38185321
27604829;27604820;10;38185320
27604829;27604863;22;38185317
27604830;27604500;106;37562145
27604830;27604562;56;39202004
27604836;27604572;51;37623970
27604836;27604638;111;38596624
27604836;27604903;14;37623967
27604848;27604988;40;39592156
27604852;27604145;284;37558745
27604852;27604928;26;37558744
27604852;27605232;95;39202019
27604861;27605075;55;39536181
27604862;27604462;129;38596621
27604862;27604885;33;38596623
27604862;27604903;38;38596618
27604863;27604829;22;38185318
27604863;27604875;7;38185315
27604863;27605076;49;39546988
27604875;27604665;41;38214514
27604875;27604863;7;38185316
27604875;27605159;85;38236522
27604882;27604847;11;38909673
27604882;27604914;10;37658718
27604885;27604862;33;38596622
27604890;27604907;110;38163598
27604890;27605228;108;37686669
27604898;27604529;91;39625710
27604898;27604616;111;39033370
27604898;27605111;59;39033369
27604903;27604836;14;37623968
27604903;27604862;38;38596619
27604903;27605099;41;37623965
27604907;27604890;110;38163597
27604914;27605157;58;39536214
27604919;27604394;128;39536256
27604919;27604693;56;37598736
27604919;27605094;44;37598707
27604919;27605167;98;37598733
27604922;27604998;22;39234966
27604925;27604940;21;37536461
27604925;27605359;93;39424447
27604928;27604852;26;37558743
27604928;27604983;31;39202017
27604928;27605054;46;37558742
27604937;27604486;84;39424449
27604937;27604925;11;39424418
27604938;27604705;52;37497296
27604938;27605044;23;37497295
27604940;27604973;53;37536460
27604949;27604584;80;39472648
27604961;27604637;63;37586547
27604967;27605169;53;38163585
27604969;27605199;98;37631564
27604969;27605228;231;38620479
27604969;27605467;180;38620589
27604973;27604940;81;37840901
27604973;27604981;8;37536458
27604974;27604709;55;38598247
27604974;27605141;32;38598249
27604981;27604940;87;37840900
27604981;27604961;26;37536459
27604983;27604928;31;39202018
27604988;27606407;335;37507444
27604998;27604922;22;39234965
27604998;27605106;28;39234964
27604998;27605169;50;39234968
27605002;27604658;87;38471590
27605002;27605395;104;38471587
27605002;27605705;154;39531435
27605007;27600633;865;39050647
27605007;27605759;191;38301332
27605009;27605353;126;38130542
27605033;27605035;42;38163591
27605035;27605033;42;38163592
27605035;27605097;144;38163600
27605035;27605161;135;38163601
27605044;27604938;23;37497294
27605044;27605139;38;39543910
27605054;27604928;46;37558741
27605054;27605137;17;37558740
27605054;27605232;84;39202015
27605056;27604762;60;39591773
27605075;27605685;170;39536201
27605076;27604820;57;38185322
27605076;27605309;50;39546987
27605078;27604762;122;39192355
27605078;27605196;49;37598775
27605078;27605614;179;37598786
27605079;27603583;322;37563245
27605079;27604562;360;39202007
27605079;27605137;32;37561402
27605079;27605193;20;38856931
27605082;27604270;237;37527695
27605082;27605099;42;37527694
27605082;27606073;231;38596627
27605083;27605095;6;39669303
27605083;27605095;6;39669203
27605091;27604698;98;39057930
27605091;27604740;116;39536228
27605094;27604919;44;37598708
27605094;27605366;63;37598720
27605095;27604084;197;39669327
27605095;27605083;6;39669302
27605095;27605083;6;39669202
27605095;27605121;6;39669307
27605095;27605121;6;39669205
27605095;27605700;132;39669324
27605097;27605035;144;38163599
27605099;27604903;41;37623966
27605099;27605082;42;37527693
27605099;27605141;97;37527692
27605106;27604998;28;39234963
27605107;27605614;126;39591770
27605111;27604898;59;39033368
27605111;27605286;44;38640696
27605111;27606104;283;39033367
27605119;27604813;75;39536179
27605121;27605095;6;39669306
27605121;27605095;6;39669204
27605121;27605335;89;39669305
27605121;27605553;96;39669317
27605125;27605312;54;38163593
27605131;27605135;78;37841164
27605131;27605135;55;37497316
27605135;27605140;40;37497314
27605137;27605054;17;37558739
27605137;27605079;32;37561401
27605137;27605308;63;39202012
27605139;27605131;13;37497315
27605140;27604974;33;38598250
27605140;27605141;20;37497313
27605141;27604974;32;38598248
27605141;27605099;97;37527691
27605141;27605625;111;39594332
27605144;27604988;170;37623973
27605144;27605044;20;39594354
27605153;27604483;417;38214487
27605153;27604579;129;38214499
27605157;27604708;167;37658704
27605157;27605259;30;39536213
27605159;27604875;85;38236523
27605160;27605169;11;38620427
27605160;27605653;116;38620390
27605161;27605035;135;38163602
27605161;27605199;49;39200685
27605161;27605599;235;39200684
27605167;27604919;98;37598734
27605167;27605322;73;37598731
27605167;27605905;175;39472653
27605169;27604967;53;38163586
27605169;27604998;50;39234967
27605169;27605160;11;38620426
27605169;27605312;52;38620425
27605170;27604937;46;39592262
27605171;27604875;62;39546985
27605184;27604813;86;39536237
27605193;27605079;20;38856930
27605193;27605407;237;38446295
27605193;27605824;143;38856929
27605196;27604627;147;37598773
27605196;27605078;49;37598774
27605196;27605368;49;39591778
27605199;27604969;98;37631563
27605199;27605161;49;39200686
27605199;27605334;33;37631562
27605217;27604723;145;39690592
27605223;27605375;72;38982412
27605228;27604969;231;38620480
27605228;27605249;8;37686668
27605232;27604852;95;39202020
27605232;27605054;84;39202016
27605232;27605233;64;39202013
27605233;27605232;64;39202014
27605235;27604776;101;37658709
27605249;27605414;49;37686667
27605249;27605500;83;38163588
27605253;27605353;27;39202028
27605259;27605685;110;39536212
27605278;27603854;290;39590836
27605278;27604300;202;39590829
27605281;27604693;181;37913463
27605281;27604735;119;37570005
27605281;27605431;52;37570000
27605281;27605620;79;38985600
27605286;27605111;44;38640695
27605289;27605139;37;39543889
27605289;27605144;38;39543888
27605293;27605316;67;38598238
27605308;27605137;63;39202011
27605308;27605476;93;38620421
27605309;27605352;27;39546989
27605309;27605400;22;39546986
27605312;27605125;54;38163594
27605312;27605169;52;38620424
27605312;27605500;76;38620423
27605316;27605293;66;38598239
27605316;27605378;63;38598237
27605322;27604780;129;39536257
27605322;27605167;73;37598732
27605322;27605783;102;37598729
27605334;27605199;33;37631561
27605334;27605467;30;37631560
27605334;27605515;127;39621680
27605335;27605009;86;38130543
27605335;27605121;89;39669304
27605336;27605368;16;39591767
27605352;27605153;88;38214486
27605353;27605253;27;39202029
27605353;27605643;76;39202026
27605353;27605684;124;38130541
27605359;27605170;44;39592263
27605359;27605718;77;39424416
27605362;27604725;136;38227661
27605362;27605444;46;38227658
27605362;27605572;555;38663623
27605366;27605094;63;37598719
27605366;27605620;154;37598723
27605366;27606007;153;37598718
27605368;27605196;49;39591779
27605368;27605336;16;39591766
27605368;27605435;16;39591776
27605375;27605446;29;38982411
27605375;27605592;47;39546991
27605378;27605289;23;39594357
27605378;27605316;63;38598236
27605388;27604830;176;37562144
27605388;27605407;7;38130551
27605388;27605684;76;39202001
27605389;27605914;137;39591745
27605395;27604801;147;38470745
27605395;27605002;104;38471588
27605395;27606194;268;38470742
27605398;27605435;15;39591769
27605400;27605352;22;39546980
27605400;27605446;10;39546983
27605407;27605193;237;38446296
27605407;27605388;7;38130550
27605407;27605802;124;38130549
27605414;27605674;84;38163603
27605414;27606651;332;37686666
27605425;27605171;62;39546984
27605425;27605400;10;39546993
27605426;27605378;13;37841379
27605426;27606233;277;37841380
27605431;27604377;223;37570001
27605431;27605281;52;37569999
27605431;27605557;51;37569998
27605433;27605235;65;39590839
27605433;27605278;39;39592071
27605435;27605368;16;39591777
27605435;27605398;15;39591768
27605435;27605468;32;39591774
27605444;27605362;46;38227659
27605444;27605599;46;39200692
27605446;27605474;10;39546954
27605446;27605592;32;38214497
27605467;27604969;180;38620588
27605467;27605334;30;37631559
27605467;27605506;71;38620561
27605468;27605435;32;39591775
27605473;27603828;320;39200715
27605473;27605575;156;38663618
27605474;27605425;10;39546982
27605474;27605554;30;39546981
27605475;27605614;158;39591781
27605476;27605308;93;38620420
27605476;27605537;32;38620419
27605476;27606189;291;37686702
27605486;27605512;6;37715375
27605500;27605249;83;38163587
27605500;27605312;76;38620422
27605500;27605674;48;38620482
27605501;27603161;585;38948830
27605501;27605574;25;38948829
27605501;27605575;22;38948820
27605506;27605515;22;38620560
27605506;27605545;7;39621682
27605507;27605171;77;39546992
27605507;27605425;33;37527671
27605511;27605512;4;37715344
27605512;27605486;6;37715376
27605512;27605511;4;37715343
27605512;27605546;26;37715342
27605512;27605551;8;37715373
27605515;27605334;127;39621681
27605515;27605789;136;38620559
27605525;27605783;157;39536254
27605537;27605476;32;38620418
27605537;27605653;61;38620417
27605537;27605711;47;39561661
27605545;27605506;7;39621683
27605546;27604786;173;37572443
27605546;27605512;26;37715341
27605546;27606071;126;37572440
27605551;27605512;8;37715374
27605553;27605700;33;39669316
27605553;27605700;33;39669207
27605554;27605870;133;38214490
27605557;27604558;217;37569994
27605557;27605431;51;37569997
27605564;27606094;124;39510709
27605572;27605362;555;38663622
27605572;27605574;13;38663625
27605572;27605902;356;38663627
27605574;27605501;25;38948828
27605574;27605572;13;38663624
27605574;27605575;33;38663621
27605574;27605647;22;38948827
27605575;27605473;156;38663619
27605575;27605501;22;38948821
27605575;27605574;33;38663620
27605575;27605647;26;38948825
27605592;27606319;165;38214496
27605599;27605161;235;39200683
27605599;27605444;46;39200693
27605599;27605743;33;37623780
27605606;27605474;31;38473731
27605606;27605554;38;39546990
27605611;27605760;53;37686682
27605611;27606145;121;37686689
27605614;27605078;179;37598787
27605614;27605107;126;39591771
27605614;27605475;158;39591780
27605614;27605832;53;37598784
27605620;27605281;79;38985599
27605620;27605366;154;37598724
27605620;27605818;116;37598721
27605620;27605939;75;38985598
27605625;27605697;60;37623772
27605625;27605721;119;37498484
27605625;27605737;20;37658701
27605643;27605335;128;37562149
27605643;27605353;76;39202027
27605643;27605767;28;39202024
27605645;27605378;59;39594355
27605645;27605426;60;37841378
27605647;27605574;22;38948826
27605647;27605575;26;38948824
27605647;27605846;48;38948823
27605653;27605160;116;38620391
27605653;27605537;61;38620416
27605653;27606651;455;37558750
27605674;27605414;84;38163604
27605674;27605500;48;38620481
27605677;27605235;116;37745914
27605684;27605388;76;39202002
27605684;27605950;75;39202030
27605685;27605841;42;39536178
27605690;27606515;202;38420063
27605693;27604803;224;37507443
27605696;27605700;3;38881685
27605697;27605891;82;37623771
27605700;27605095;132;39669325
27605700;27605605;18;39669315
27605700;27605610;17;39669206
27605700;27605696;3;38881684
27605705;27605002;154;39531436
27605711;27605537;47;39561662
27605718;27605359;77;39424417
27605718;27606107;132;37536472
27605718;27606244;123;39424414
27605721;27605645;22;37843940
27605724;27605730;69;38663612
27605730;27605724;69;38663613
27605730;27605743;43;38663610
27605730;27606860;239;38663617
27605737;27605625;20;37658702
27605737;27606257;124;37658699
27605743;27605599;33;37623779
27605743;27605730;43;38663611
27605743;27605789;13;37623778
27605744;27605677;15;37745913
27605744;27606166;173;39057937
27605748;27605091;164;39536245
27605748;27605119;152;37518728
27605759;27603532;454;39033330
27605759;27605007;191;38301331
27605759;27605975;57;39033329
27605760;27605611;53;37686683
27605760;27605953;67;37686680
27605760;27605953;52;37686708
27605767;27605643;28;39202025
27605771;27605606;33;38473730
27605771;27606400;173;37559715
27605777;27605697;16;38596636
27605777;27605737;55;38596634
27605783;27605322;102;37598730
27605783;27605525;157;39536253
27605783;27605810;9;37598727
27605789;27605743;13;37623777
27605789;27606453;179;37623776
27605802;27605407;124;38130548
27605802;27606109;115;38130547
27605802;27606525;175;38130553
27605807;27608221;571;38856969
27605809;27605802;118;39202021
27605810;27605783;9;37598728
27605810;27605905;65;37598715
27605810;27606096;71;37598725
27605812;27605807;117;37518525
27605816;27606316;147;39265519
27605818;27604755;258;37522752
27605818;27605620;116;37598722
27605818;27606605;234;37522751
27605820;27605809;9;39202023
27605824;27605193;143;38856928
27605824;27605820;4;39202022
27605824;27606109;69;38856927
27605826;27605744;26;37745912
27605832;27605507;132;37527670
27605832;27605614;53;37598785
27605832;27605870;12;39591754
27605841;27605977;37;39536199
27605845;27605939;65;37598706
27605846;27605647;48;38948822
27605858;27605860;0;38881686
27605869;27606127;95;37686649
27605870;27605832;12;39591753
27605870;27605972;55;38214489
27605870;27606400;130;37658438
27605876;27605433;117;39591748
27605876;27605826;26;39590840
27605884;27605900;19;39621667
27605887;27605748;35;39536203
27605887;27605841;80;37658691
27605891;27605910;11;38596635
27605891;27605969;22;37623770
27605893;27605926;11;39621685
27605900;27605884;19;39621666
27605900;27605902;13;37541281
27605902;27605572;356;38663626
27605902;27606332;98;37541279
27605905;27605167;175;39472652
27605905;27605810;65;37598716
27605905;27606007;75;37598713
27605910;27605777;56;38596633
27605914;27605957;59;37745909
27605914;27606053;39;39591744
27605926;27605467;108;38663615
27605926;27605893;11;39621684
27605939;27605620;75;38985597
27605939;27605845;65;37598705
27605939;27606258;78;38985596
27605947;27605876;21;39591747
27605950;27605643;124;37562148
27605953;27605760;52;37686709
27605953;27605760;67;37686681
27605953;27606044;21;37686678
27605957;27605832;68;37527669
27605969;27605910;21;38596632
27605969;27606073;49;38596631
27605969;27607402;309;39594352
27605972;27606040;26;39591722
27605975;27605759;57;39033328
27605975;27606003;10;37518542
27605977;27605677;158;39057921
27605977;27606166;40;39536192
27605983;27605223;198;37726494
27605983;27606892;243;37524197
27606003;27606065;15;37518541
27606007;27605366;153;37598717
27606007;27605905;75;37598714
27606007;27606147;79;37598711
27606035;27605887;36;39536202
27606040;27606117;31;39591725
27606040;27606235;45;37745910
27606041;27606364;65;38981305
27606044;27605953;21;37686679
27606044;27606080;41;37686706
27606044;27606145;57;37686662
27606053;27605957;43;39591733
27606053;27606117;14;39591741
27606065;27606181;53;37518538
27606065;27606188;87;37518532
27606068;27604961;251;37586546
27606070;27606203;72;38750585
27606071;27605546;126;37572441
27606071;27606458;81;38459640
27606073;27605082;231;38596626
27606073;27605969;49;38596630
27606073;27606094;17;39510704
27606073;27606252;60;39510706
27606080;27606044;41;37686707
27606080;27606127;47;37686704
27606080;27606504;134;38213053
27606088;27605975;48;37518540
27606088;27607324;375;39033327
27606093;27605947;37;39591746
27606093;27606053;14;39591721
27606094;27605564;124;39510708
27606094;27606073;17;39510705
27606094;27606119;128;39510702
27606096;27605810;71;37598726
27606104;27599579;1441;38640371
27606104;27605111;283;39033366
27606104;27606191;36;39033365
27606107;27606068;28;37536473
27606107;27606261;48;39003195
27606109;27605802;115;38130546
27606109;27605824;69;38856926
27606109;27606189;26;38856922
27606117;27606152;13;39591739
27606117;27606235;32;39057072
27606119;27606094;128;39510703
27606127;27605869;95;37686648
27606127;27606080;47;37686705
27606127;27606182;72;37686436
27606127;27606283;35;37686447
27606128;27606145;26;37686691
27606128;27606288;39;37686711
27606132;27606186;14;39754549
27606132;27606196;71;39754544
27606145;27605611;121;37686688
27606145;27606044;57;37686663
27606145;27606128;26;37686690
27606145;27606382;49;37686700
27606147;27606007;79;37598712
27606147;27606258;76;37598709
27606147;27606739;139;39472650
27606152;27606093;14;39591740
27606152;27606225;40;39591738
27606159;27606289;29;39754539
27606163;27605947;48;37658706
27606163;27606093;33;39591728
27606166;27606314;31;39536183
27606169;27605812;85;37518526
27606169;27606212;25;37518537
27606181;27606088;27;37518539
27606182;27606127;72;37686437
27606182;27606848;231;37686434
27606182;27607099;192;37686623
27606186;27606132;14;39754548
27606186;27606230;11;39754547
27606186;27606270;70;39754551
27606188;27606065;87;37518531
27606188;27606280;81;38466193
27606188;27606280;51;37518530
27606189;27605476;291;37686703
27606189;27606109;26;38856921
27606189;27606288;40;37627784
27606191;27606104;36;39033364
27606191;27606212;13;39033363
27606194;27604658;348;38158206
27606194;27605395;268;38470743
27606194;27607911;422;38158203
27606196;27606132;71;39754545
27606196;27606270;16;39754554
27606198;27606109;23;38856924
27606203;27606070;72;38750584
27606203;27606274;92;38471043
27606212;27606191;13;39033362
27606212;27606368;28;37518535
27606217;27605826;100;37745911
27606217;27606163;29;39591724
27606225;27606358;57;39591737
27606229;27606515;59;38427874
27606230;27606186;11;39754546
27606230;27606289;26;39754565
27606230;27606365;53;39754536
27606233;27605426;277;37841381
27606233;27606316;14;38598226
27606235;27607750;337;39057071
27606237;27606191;41;38546564
27606244;27605718;123;39424415
27606244;27606261;57;37536476
27606244;27606449;35;39424412
27606252;27606073;60;39510707
27606257;27605737;124;37658700
27606257;27606632;71;37658697
27606257;27606634;78;38598164
27606258;27605939;78;38985595
27606258;27606147;76;37598710
27606258;27606509;50;38985594
27606261;27606244;57;37536477
27606261;27606351;20;37536474
27606262;27606189;19;38856955
27606262;27606198;13;38169268
27606270;27606186;70;39754550
27606270;27606196;16;39754555
27606270;27606457;33;39754552
27606274;27606203;92;38471042
27606279;27606217;32;39591723
27606280;27606188;81;38466194
27606280;27606188;51;37518529
27606280;27606295;27;37518528
27606283;27606127;35;37686446
27606283;27606335;46;37686625
27606283;27606454;30;37686445
27606288;27606128;39;37686710
27606288;27606189;40;37627783
27606288;27606382;33;37627782
27606289;27606159;29;39754538
27606289;27606230;26;39754564
27606289;27606372;13;39754563
27606295;27606169;41;37518536
27606295;27606280;27;37518527
27606300;27607033;152;39594359
27606301;27606152;38;39591743
27606301;27606225;56;37527679
27606314;27606378;72;39536251
27606314;27606399;14;37623946
27606316;27605816;147;39265520
27606316;27606233;14;38598227
27606316;27606334;10;38598201
27606316;27606402;16;38598224
27606319;27605983;149;39545847
27606319;27606653;64;39545831
27606326;27605900;92;37541280
27606326;27606332;18;37541282
27606332;27606724;77;37541278
27606334;27606316;10;38598200
27606334;27606396;68;38598219
27606334;27606420;15;38598216
27606334;27606463;56;38598199
27606335;27606283;46;37686626
27606343;27605771;131;38473729
27606343;27606319;10;37606312
27606351;27606068;60;37586545
27606351;27606261;20;37536475
27606358;27606638;145;39591719
27606364;27606041;65;38981306
27606364;27606366;14;39621668
27606364;27606863;99;38981303
27606365;27606230;53;39754537
27606366;27606364;14;39621669
27606368;27606442;22;37518534
27606368;27607848;506;37712601
27606372;27606289;13;39754562
27606372;27606392;26;39754561
27606372;27606445;49;39754557
27606374;27605693;158;37540295
27606377;27606385;1;37504881
27606378;27606035;75;39536200
27606382;27606145;49;37686701
27606382;27606288;33;37627781
27606382;27606898;107;37686725
27606385;27606377;1;37504880
27606385;27606386;0;38881689
27606385;27606623;48;37504879
27606386;27606385;0;38881688
27606392;27606372;26;39754560
27606392;27606633;75;39754559
27606396;27606334;68;38598218
27606396;27606463;16;38598215
27606399;27606505;38;37527674
27606399;27606589;41;37623945
27606400;27605771;173;37559716
27606400;27605870;130;37658437
27606400;27606639;79;39591764
27606400;27606652;57;37658436
27606402;27606316;16;38598225
27606402;27606911;117;38598222
27606407;27606625;46;39592155
27606420;27606334;15;38598217
27606420;27606402;10;38598235
27606420;27606608;72;38598206
27606428;27606445;8;39754540
27606428;27606457;26;39754543
27606442;27606295;42;37518533
27606442;27606850;83;37624352
27606445;27606372;49;39754556
27606445;27606428;8;39754541
27606447;27606378;14;37527676
27606449;27606244;35;39424413
27606449;27606456;66;37536478
27606449;27606890;89;39424410
27606453;27605789;179;37623775
27606453;27605926;137;38663614
27606453;27606532;24;37623774
27606454;27606283;30;37686444
27606454;27606493;46;37686627
27606454;27607026;120;37686443
27606456;27606351;19;37586544
27606456;27606449;66;37536479
27606457;27606270;33;39754553
27606457;27606428;26;39754542
27606458;27606071;81;38459641
27606458;27606679;54;38459638
27606458;27608210;532;37715360
27606463;27606334;56;38598198
27606463;27606396;16;38598214
27606463;27606487;7;38598213
27606484;27606639;32;39591763
27606487;27606463;7;38598212
27606487;27606533;9;38598211
27606487;27606569;39;38598233
27606493;27606454;46;37686628
27606504;27606080;134;38213052
27606505;27606279;116;39591720
27606509;27606258;50;38985593
27606509;27606605;27;37546278
27606509;27606779;57;37524201
27606515;27605690;202;38420064
27606515;27606229;59;38427875
27606515;27608311;387;38420061
27606524;27607187;150;38161344
27606525;27605802;175;38130552
27606532;27606453;24;37623773
27606532;27606651;76;38446323
27606532;27606891;106;38446322
27606533;27606420;57;38598234
27606533;27606487;9;38598210
27606533;27606608;16;38598209
27606533;27606628;39;38598229
27606547;27606637;24;37686655
27606568;27606301;57;39591742
27606569;27606487;39;38598232
27606569;27606628;9;38598188
27606583;27606615;37;37686647
27606589;27606447;53;37527675
27606589;27606505;40;39591736
27606589;27606693;24;39536219
27606599;27606639;79;39591761
27606605;27605818;234;37522750
27606605;27606509;38;37623359
27606605;27606779;58;37522749
27606605;27606819;59;37524257
27606608;27606420;72;38598207
27606608;27606533;16;38598208
27606608;27606658;17;38598205
27606613;27606994;80;37686721
27606615;27606583;37;37686646
27606615;27606637;81;37686658
27606615;27606801;40;37686661
27606622;27606623;13;38881690
27606623;27606385;48;37504878
27606623;27606622;13;38881691
27606623;27607210;129;37504877
27606625;27606895;57;39592161
27606625;27607995;424;37540294
27606628;27606533;39;38598228
27606628;27606569;9;38598189
27606628;27606696;16;38598186
27606632;27606257;71;37658698
27606632;27606634;12;38598168
27606632;27607104;110;37658695
27606633;27606392;75;39754558
27606633;27606623;22;37561415
27606634;27606257;78;38598165
27606634;27606632;12;38598169
27606634;27607123;113;38598166
27606637;27606547;24;37686654
27606637;27606615;81;37686659
27606637;27606848;51;37686656
27606638;27606589;17;39536229
27606638;27606693;31;39591734
27606639;27606400;79;39591765
27606639;27606484;32;39591762
27606639;27606599;79;39591760
27606651;27605653;455;37558749
27606651;27606532;76;38446324
27606651;27607106;110;37686692
27606652;27606400;57;37658435
27606652;27607015;89;37658433
27606652;27607201;172;37658432
27606653;27607200;124;37606314
27606658;27606608;17;38598204
27606658;27606696;23;38598203
27606658;27607062;100;38598231
27606679;27606458;54;38459639
27606679;27606840;41;37715377
27606679;27609016;674;38459636
27606693;27606947;122;39591726
27606695;27606633;29;37561414
27606695;27607187;314;38446306
27606696;27606628;16;38598187
27606696;27606658;23;38598202
27606696;27606832;36;38598184
27606724;27606824;22;37541276
27606724;27607191;107;38663608
27606734;27606833;29;38746662
27606735;27606447;68;37527673
27606735;27606589;71;39591735
27606739;27606147;139;39472651
27606752;27606198;131;38130560
27606752;27606812;49;38130554
27606752;27607415;163;38169257
27606754;27605693;247;37540300
27606754;27606456;62;37586543
27606757;27606811;15;39621665
27606766;27606973;88;37640637
27606766;27606992;55;37765484
27606766;27607033;198;37765483
27606779;27606509;57;37524200
27606779;27606605;58;37522748
27606779;27607878;409;37522747
27606801;27606615;40;37686660
27606801;27607007;65;37686652
27606801;27607042;70;37686651
27606811;27606326;101;37541277
27606811;27606757;15;39621664
27606811;27606824;28;37541265
27606812;27606262;110;38856954
27606812;27606752;49;38130555
27606812;27607152;85;39202042
27606814;27603679;646;38856968
27606819;27606605;59;37524258
27606819;27607253;144;37524264
27606822;27606833;36;38536696
27606824;27607022;46;37541262
27606826;27606754;16;37540299
27606832;27606696;36;38598185
27606832;27607062;133;38598221
27606832;27607297;358;38598182
27606833;27606734;29;38746663
27606833;27606822;36;38536695
27606833;27607228;90;38536694
27606834;27607030;66;39609686
27606838;27606812;24;38856961
27606840;27606679;41;37715378
27606848;27606182;231;37686435
27606848;27606637;51;37686657
27606848;27606971;41;37686432
27606848;27607018;40;38856951
27606850;27606442;83;37624351
27606850;27607364;118;37624350
27606850;27607461;219;38405171
27606855;27607040;115;37658670
27606855;27607144;159;37658669
27606855;27607264;162;38770330
27606860;27605730;239;38663616
27606860;27606863;61;37541285
27606861;27606811;15;37541264
27606863;27606364;99;38981304
27606863;27606861;170;37541284
27606863;27606968;23;37541286
27606873;27606181;153;37518522
27606873;27606814;104;37518523
27606890;27606449;89;39424411
27606890;27607090;47;37753136
27606891;27606532;106;38446321
27606891;27606860;103;37541283
27606892;27607030;41;39545836
27606895;27607102;51;39592163
27606898;27606382;107;37686724
27606898;27606838;63;38856960
27606898;27606927;25;37561400
27606898;27607993;239;38130557
27606911;27606402;117;38598223
27606911;27607062;82;38477813
27606911;27607385;123;38477812
27606927;27606898;25;37561399
27606927;27606994;69;37561398
27606927;27607074;36;37686728
27606947;27606988;20;39591727
27606947;27607049;23;39321150
27606954;27606735;97;39591731
27606954;27606988;12;37566224
27606968;27606863;23;37541287
27606968;27606891;165;38131486
27606971;27606848;41;37686433
27606971;27607019;14;37686450
27606973;27606766;88;37640638
27606973;27607142;82;37640635
27606988;27606954;12;37566225
27606988;27607049;21;39591751
27606988;27607087;68;39591732
27606991;27607623;195;38070908
27606992;27606766;55;37765485
27606992;27606954;15;39591730
27606994;27606613;80;37686720
27606994;27606927;69;37561397
27606994;27607026;35;37561396
27607007;27606801;65;37686653
27607007;27607019;16;37686698
27607007;27607042;40;37686697
27607007;27607199;46;37686686
27607011;27606861;34;37541263
27607011;27606968;169;38131485
27607015;27606652;89;37658434
27607015;27607201;89;37559714
27607015;27607608;176;37658425
27607018;27606848;40;38856950
27607018;27607019;49;37616892
27607018;27607301;66;38856953
27607019;27606971;14;37686451
27607019;27607007;16;37686699
27607019;27607018;49;37616893
27607019;27607316;71;37686448
27607022;27607082;32;37541261
27607022;27607191;40;39200691
27607026;27606454;120;37686442
27607026;27606994;35;37561395
27607026;27607046;25;37561394
27607030;27606834;66;39609685
27607030;27607280;80;39545835
27607033;27606300;152;39594358
27607033;27606766;198;37765482
27607033;27607262;81;37765481
27607040;27606855;115;37658671
27607040;27607397;151;38770358
27607042;27606801;70;37686650
27607042;27607007;40;37686696
27607042;27607106;89;37686695
27607046;27607026;25;37561393
27607046;27607099;47;37686441
27607046;27607494;102;37561392
27607049;27606988;21;39591752
27607049;27607144;34;39591749
27607061;27606826;54;39592162
27607061;27606991;41;38070909
27607062;27606658;100;38598230
27607062;27606832;133;38598220
27607062;27606911;82;38477814
27607074;27607217;32;37686727
27607082;27607011;26;37541260
27607082;27607956;190;37541270
27607087;27606992;46;39591729
27607087;27607179;44;37527637
27607090;27606890;47;37753137
27607090;27607167;17;39592157
27607099;27606182;192;37686624
27607099;27607046;47;37686440
27607099;27607301;207;37686439
27607102;27607283;39;37527640
27607104;27606632;110;37658696
27607104;27607123;12;38598163
27607104;27607666;122;37658693
27607106;27606651;110;37686693
27607106;27607042;89;37686694
27607106;27607236;28;38856958
27607123;27606634;113;38598167
27607123;27607104;12;38598162
27607123;27607291;327;38598161
27607137;27606994;36;39202033
27607137;27607074;69;37686712
27607142;27606973;82;37640636
27607142;27607220;33;37640633
27607142;27607349;53;39321141
27607144;27606855;159;37658668
27607144;27607049;34;39591750
27607144;27607264;58;37658688
27607144;27607348;55;37566226
27607149;27606892;82;39545910
27607149;27607247;165;39545914
27607149;27607559;90;39545892
27607152;27606812;85;39202041
27607152;27607293;31;39202048
27607152;27607880;168;39202040
27607160;27607388;57;39202050
27607167;27607090;17;39592158
27607167;27607233;17;37753135
27607173;27606343;178;38473728
27607179;27606973;55;37658690
27607179;27607087;44;37527638
27607179;27607349;81;37527635
27607187;27606524;150;38161345
27607187;27606695;314;38446305
27607187;27607388;135;38446304
27607191;27606724;107;38663609
27607191;27607671;101;39200690
27607199;27607007;46;37686687
27607199;27607236;136;37686664
27607199;27607475;160;37686684
27607200;27607173;14;39545909
27607200;27607240;8;37606313
27607201;27606652;172;37658431
27607201;27607015;89;37559713
27607201;27607511;78;37658430
27607207;27607210;35;38130545
27607210;27606623;129;37504876
27607210;27607207;35;38130544
27607210;27607546;74;37504875
27607217;27607282;69;37686719
27607217;27607347;32;37686726
27607220;27607142;33;37640634
27607220;27607262;18;37640631
27607228;27606833;90;38536693
27607228;27607230;50;38485127
27607230;27607228;50;38485126
27607230;27607324;53;39033320
27607230;27607514;110;38485125
27607233;27607249;13;39592164
27607233;27607281;13;37753134
27607236;27607106;28;38856959
27607236;27607199;136;37686665
27607236;27607248;140;37579720
27607236;27607475;60;37607199
27607240;27607288;27;39545894
27607240;27607390;37;39545833
27607247;27607200;45;39545908
27607247;27607288;21;39547016
27607248;27607236;140;37579721
27607248;27607438;45;39203952
27607248;27607513;152;39208682
27607249;27607061;58;37540298
27607253;27606819;144;37524263
27607262;27607033;81;37765480
27607262;27607220;18;37640632
27607264;27606855;162;38770331
27607264;27607144;58;37658689
27607264;27607272;4;37658686
27607265;27608065;181;38470706
27607272;27607264;4;37658687
27607272;27607343;38;37658684
27607272;27607784;145;38308561
27607280;27607500;60;39545834
27607280;27607598;123;37606300
27607281;27607249;11;37540297
27607281;27607360;22;37753133
27607282;27607137;32;39202032
27607283;27607385;41;38477806
27607283;27607416;31;37527639
27607288;27607390;31;39545904
27607288;27607660;81;39545902
27607288;27607660;84;39545911
27607291;27607123;327;38598160
27607291;27607297;12;38598172
27607293;27607152;31;39202047
27607293;27607321;8;39202046
27607297;27606832;358;38598183
27607297;27607291;12;38598173
27607297;27607479;80;38598170
27607301;27607018;66;38856952
27607301;27607099;207;37686438
27607301;27607341;12;37616891
27607316;27607019;71;37686449
27607316;27607408;34;37686453
27607321;27607293;8;39202045
27607321;27607880;137;39202044
27607324;27606088;375;39033326
27607324;27607230;53;39033321
27607324;27607514;106;39033325
27607341;27607301;12;37616890
27607341;27607354;42;37616884
27607341;27607668;111;37616888
27607341;27608289;239;37616883
27607343;27607272;38;37658685
27607343;27607397;25;37658682
27607343;27607835;112;38308565
27607344;27608005;140;39248873
27607345;27607443;41;39321146
27607347;27607363;10;37686718
27607348;27607087;96;37658692
27607348;27607595;60;39223834
27607349;27607179;81;37527636
27607349;27607429;33;37527633
27607351;27607519;36;39203933
27607354;27607316;15;37686454
27607354;27607341;42;37616885
27607360;27607384;7;37753132
27607363;27607379;23;37686717
27607363;27607596;48;37686723
27607364;27606850;118;37624349
27607364;27607367;21;38804162
27607364;27608417;237;37624348
27607367;27607364;21;38804161
27607368;27607167;47;39592159
27607368;27607281;24;37540296
27607368;27607360;25;37527668
27607379;27607401;18;37686716
27607384;27607421;56;38477805
27607384;27607542;40;37753131
27607385;27606911;123;38477811
27607385;27607421;13;38477810
27607388;27607160;57;39202049
27607388;27607187;135;38446303
27607388;27607415;14;38446302
27607390;27607749;72;39545832
27607397;27607343;25;37658683
27607397;27607579;76;37658680
27607401;27607419;18;37686715
27607402;27607262;136;39594356
27607408;27607354;17;37686452
27607408;27607668;51;39681507
27607415;27606752;163;38169256
27607415;27607388;14;38446301
27607416;27607542;27;39504076
27607419;27607282;32;39202031
27607419;27607494;72;37686714
27607421;27607385;13;38477809
27607421;27607604;47;38477804
27607429;27607220;53;39321140
27607429;27607349;33;37527634
27607429;27607614;148;37527631
27607432;27607438;27;39203955
27607432;27607445;51;39208690
27607432;27607445;21;39208693
27607434;27606374;287;37507533
27607438;27607248;45;39203953
27607438;27607432;27;39203954
27607438;27607519;80;39203950
27607443;27607345;41;39321147
27607443;27607630;41;39321139
27607443;27607817;147;39321144
27607445;27607432;21;39208692
27607445;27607432;51;39208691
27607461;27606850;219;38405172
27607461;27607495;8;38324269
27607463;27607730;79;38770359
27607475;27607199;160;37686685
27607475;27607236;60;37607198
27607475;27608502;227;37607197
27607479;27607297;80;38598171
27607494;27607046;102;37561391
27607494;27608031;114;37561390
27607495;27607461;8;38324268
27607500;27608009;176;39545885
27607508;27607513;88;39203941
27607511;27607201;78;37658429
27607511;27607608;34;37658428
27607513;27607248;152;39208683
27607513;27607508;88;39203940
27607513;27607865;76;39208680
27607514;27607230;110;38485124
27607514;27607324;106;39033324
27607514;27608282;397;39033323
27607519;27607351;36;39203932
27607519;27607438;80;39203951
27607519;27607765;46;39203948
27607542;27607604;11;39504075
27607546;27607210;74;37504874
27607546;27607553;49;38120102
27607546;27608400;183;37504873
27607553;27606695;195;37561413
27607553;27607546;49;38120103
27607553;27608025;125;38120100
27607559;27607149;90;39545891
27607559;27607618;12;39545899
27607564;27607571;51;39248866
27607564;27608041;103;39248869
27607564;27608049;204;39248861
27607571;27607564;51;39248865
27607571;27608041;147;39248868
27607577;27607559;21;39545903
27607579;27607397;76;37658681
27607579;27607730;50;37658678
27607579;27607838;78;39702020
27607591;27607577;23;39545890
27607595;27607348;60;39223835
27607595;27607689;19;39702007
27607596;27607612;12;37686735
27607596;27607969;103;37686722
27607598;27607618;35;39547001
27607604;27607883;59;39504074
27607605;27607591;25;39545901
27607608;27607015;176;37658426
27607608;27607511;34;37658427
27607608;27607834;45;38409899
27607612;27607379;47;37686729
27607612;27607635;18;37686734
27607614;27607429;148;37527632
27607614;27607666;83;37527629
27607614;27608335;158;37659666
27607618;27607559;12;39545898
27607618;27607735;185;37524189
27607619;27606814;195;39602351
27607619;27606873;166;37496638
27607620;27607368;51;39592160
27607623;27608134;150;38070907
27607623;27608263;152;39537652
27607623;27608377;172;38070910
27607628;27607605;25;39545900
27607630;27607443;41;39321138
27607630;27607799;39;39742763
27607635;27607401;48;37686713
27607635;27607654;17;37686733
27607636;27607628;13;39545895
27607637;27607173;98;39547003
27607653;27607636;21;39545893
27607654;27607419;47;37686732
27607660;27607653;47;39545907
27607665;27607500;100;37606305
27607665;27607598;22;39547000
27607666;27607104;122;37658694
27607666;27607614;83;37527630
27607666;27607696;86;38070923
27607666;27608853;264;38300140
27607668;27607341;111;37616889
27607668;27607408;51;39681506
27607668;27607673;58;37616886
27607671;27607811;102;38487878
27607671;27607953;62;39200689
27607673;27607668;58;37616887
27607678;27607595;33;39702008
27607678;27607799;51;37659654
27607689;27607704;15;39702005
27607689;27607784;27;37658666
27607696;27607666;86;38070924
27607696;27607752;126;38070921
27607696;27607795;20;38308604
27607704;27607678;8;39702006
27607710;27607637;17;39547002
27607730;27607463;79;38770360
27607730;27607579;50;37658679
27607730;27607907;38;37658676
27607735;27607749;12;37524188
27607735;27607839;60;38998309
27607749;27607764;20;37606304
27607749;27607985;53;38991357
27607750;27607832;50;39591759
27607750;27607979;53;39057070
27607752;27607696;126;38070922
27607752;27607860;320;39424885
27607752;27608284;119;38300138
27607764;27607637;29;37586556
27607764;27607965;60;37606303
27607765;27607519;46;39203949
27607765;27607801;110;39203930
27607765;27607998;53;39203946
27607769;27606838;205;39202034
27607769;27607859;59;38169252
27607769;27608037;93;38169251
27607784;27607272;145;38308562
27607784;27607689;27;37658667
27607784;27608034;81;37658664
27607788;27607710;20;37730741
27607795;27607696;20;38308603
27607795;27607833;9;37700706
27607795;27608176;88;38308602
27607799;27607630;39;39742764
27607799;27607678;51;37659655
27607799;27608098;145;37659652
27607801;27607765;110;39203931
27607811;27607671;102;38487877
27607813;27607788;7;37730740
27607817;27607443;147;39321145
27607817;27607870;27;39321142
27607817;27607971;40;39321149
27607822;27607833;34;37700709
27607827;27607788;42;39591758
27607827;27607834;35;39591756
27607832;27607834;38;37730734
27607832;27607979;45;37730719
27607833;27607795;9;37700707
27607833;27607822;34;37700708
27607833;27608115;66;37700704
27607834;27607608;45;38409900
27607834;27607827;35;39591755
27607834;27607832;38;37730735
27607835;27607343;112;38308566
27607838;27607579;78;39702019
27607838;27608157;84;39702023
27607838;27608157;94;39702018
27607839;27607735;60;38998308
27607839;27608023;97;37917370
27607839;27608685;251;37917367
27607847;27607865;79;39203957
27607847;27607982;31;39208686
27607848;27606368;506;37712600
27607848;27607911;201;37712599
27607848;27607946;48;38301420
27607849;27608176;126;37700700
27607859;27607769;59;38169253
27607860;27607752;320;39424886
27607860;27607883;95;39424883
27607860;27607931;17;39424881
27607865;27607513;76;39208681
27607865;27607847;79;39203956
27607865;27607933;17;39208678
27607870;27607817;27;39321143
27607878;27606779;409;37522746
27607878;27607958;49;39539617
27607878;27608071;79;37522745
27607879;27607993;45;39202035
27607880;27607152;168;39202039
27607880;27607321;137;39202043
27607880;27608037;36;39202038
27607881;27607941;28;39702033
27607883;27607860;95;39424884
27607883;27608126;56;38477797
27607895;27608126;84;38477785
27607898;27607907;65;39132982
27607907;27607730;38;37658677
27607907;27607898;65;39132981
27607907;27608439;130;37658674
27607909;27607998;84;39203935
27607911;27606194;422;38158204
27607911;27607848;201;37712598
27607911;27608109;292;37560893
27607911;27608825;252;37560896
27607924;27607813;30;37730731
27607924;27607827;34;39591757
27607930;27607931;3;38411512
27607930;27607931;79;38411509
27607931;27607860;17;39424882
27607931;27607930;79;38411510
27607931;27607930;3;38411511
27607933;27607865;17;39208679
27607933;27608114;54;39203945
27607933;27608139;55;39208676
27607934;27607956;170;38152504
27607940;27607434;172;37507532
27607941;27607881;28;39702034
27607941;27608148;98;39702031
27607941;27608255;80;39702028
27607946;27607848;48;38301421
27607953;27607956;17;37541274
27607953;27608174;51;39200688
27607956;27607082;190;37541271
27607956;27607934;170;38152503
27607956;27607953;17;37541275
27607956;27608169;50;37541268
27607958;27607878;49;39539616
27607969;27607654;70;37686731
27607971;27607817;40;39321148
27607971;27608098;37;39742761
27607980;27608237;69;39702022
27607982;27607847;31;39208687
27607985;27607749;53;38991358
27607985;27608023;39;38991354
27607985;27608330;133;38991355
27607992;27608038;17;39132985
27607993;27607879;45;39202036
27607993;27608472;109;38130556
27607995;27608170;66;37507531
27607996;27608005;55;39248859
27607997;27601632;1284;37497880
27607997;27607940;18;37507440
27607998;27607765;53;39203947
27607998;27607909;84;39203934
27607998;27608114;204;39203942
27608005;27607344;140;39248874
27608005;27607996;55;39248860
27608005;27608113;133;39248858
27608005;27608245;57;39248871
27608010;27608319;76;39702012
27608023;27607839;97;37917371
27608023;27607985;39;38991353
27608023;27608627;137;37917368
27608025;27607553;125;38120101
27608031;27607494;114;37561389
27608031;27608401;81;37561388
27608031;27608429;136;38163590
27608034;27607784;81;37658665
27608034;27608255;94;37570059
27608034;27608622;177;37658662
27608037;27607769;93;38169250
27608037;27607880;36;39202037
27608037;27608531;114;38130559
27608038;27607904;31;39132986
27608038;27610649;611;39132984
27608041;27607564;103;39248870
27608041;27607571;147;39248867
27608041;27608049;42;39248864
27608049;27607564;204;39248862
27608049;27608041;42;39248863
27608049;27608123;17;39248856
27608065;27607265;181;38470707
27608071;27607878;79;37522744
27608086;27607997;42;39538258
27608098;27607799;145;37659653
27608098;27607971;37;39742762
27608098;27608181;32;37659650
27608106;27608502;98;39208689
27608109;27607911;292;37560894
27608109;27608597;105;38629972
27608109;27608651;197;37560891
27608113;27608005;133;39248857
27608114;27607933;54;39203944
27608114;27607998;204;39203943
27608114;27608233;76;39208684
27608115;27607833;66;37700705
27608115;27608151;71;38308605
27608115;27608176;16;37700702
27608117;27606826;399;37753104
27608117;27608134;8;38549401
27608123;27608049;17;39248855
27608126;27607895;84;38477784
27608126;27608402;59;38477796
27608134;27608263;49;38549400
27608134;27608829;205;38070906
27608139;27607933;55;39208677
27608139;27608169;198;37686206
27608139;27608233;24;39208674
27608143;27608259;145;39202053
27608143;27608479;71;38130359
27608146;27608086;20;39538259
27608148;27607941;98;39702032
27608148;27608156;4;39702029
27608148;27608489;82;39702035
27608151;27608115;71;38308606
27608156;27608148;4;39702030
27608157;27607838;84;39702024
27608157;27607838;94;39702017
27608157;27608237;26;39702016
27608166;27608218;26;39208668
27608166;27608218;26;39208671
27608169;27607956;50;37541269
27608169;27608139;198;37686205
27608169;27608174;17;37541273
27608169;27609038;182;37541266
27608170;27608229;22;39538257
27608174;27608169;17;37541272
27608174;27609015;179;39200687
27608176;27607795;88;38308601
27608176;27607849;126;37700701
27608176;27608115;16;37700703
27608181;27608098;32;37659651
27608181;27608335;86;37659648
27608181;27608573;101;37659656
27608198;27607665;122;39545818
27608200;27607619;141;37519368
27608210;27606458;532;37715359
27608210;27608298;26;37715358
27608218;27608166;26;39208669
27608218;27608166;26;39208670
27608218;27608559;79;39203839
27608220;27608259;5;39202056
27608221;27608436;48;37519366
27608227;27608293;20;39538262
27608229;27608332;29;39538260
27608233;27608114;76;39208685
27608233;27608139;24;39208675
27608233;27608644;98;39208672
27608237;27607980;69;39702021
27608237;27608157;26;39702015
27608237;27608319;22;39702014
27608238;27608254;29;37560911
27608238;27608292;23;37560908
27608238;27608671;107;39203891
27608245;27608005;57;39248872
27608254;27608238;29;37560912
27608254;27608278;16;37560909
27608254;27608693;110;39203841
27608255;27607941;80;39702027
27608255;27608034;94;37570060
27608255;27608489;96;37570057
27608255;27608591;80;39702026
27608259;27608143;145;39202054
27608259;27608220;5;39202055
27608259;27608587;70;39202051
27608263;27607623;152;39537653
27608263;27608358;38;39537685
27608263;27608397;36;39537650
27608273;27608289;87;38856889
27608273;27608477;127;38856884
27608273;27608708;96;39248953
27608278;27608254;16;37560910
27608278;27608354;20;37560905
27608278;27608712;107;39203847
27608282;27607514;397;39033322
27608282;27608388;31;37518598
27608284;27607752;119;38300137
27608284;27608404;344;39508292
27608284;27608922;142;38300136
27608289;27607341;239;37616882
27608289;27608273;87;38856888
27608289;27608347;121;38856887
27608292;27608238;23;37560907
27608292;27608559;84;37560904
27608292;27608662;95;39203889
27608293;27608332;23;39538261
27608298;27608210;26;37715357
27608298;27608651;138;37877575
27608298;27609016;172;37715356
27608311;27606515;387;38420062
27608311;27608379;34;38422065
27608319;27608010;76;39702011
27608319;27608237;22;39702013
27608319;27608439;37;39702010
27608322;27608542;118;38302729
27608330;27607985;133;38991356
27608332;27608757;127;37507439
27608335;27607614;158;37659667
27608335;27608181;86;37659649
27608335;27608481;34;37659664
27608338;27608397;53;39537657
27608346;27608352;9;37502496
27608347;27608289;121;38856886
27608347;27608374;74;38583429
27608347;27608546;41;37540084
27608352;27608400;67;37502495
27608354;27608278;20;37560906
27608354;27608453;21;38620580
27608354;27608851;173;37560913
27608360;27608282;52;37518599
27608360;27609171;312;38303132
27608368;27609339;408;38641118
27608374;27608347;74;38583428
27608374;27608401;43;38583427
27608374;27608577;42;37540140
27608375;27608377;16;38110450
27608375;27608798;108;38110449
27608377;27607623;172;38070911
27608377;27608375;16;38110451
27608377;27609060;144;39537667
27608379;27608117;88;37753103
27608388;27608360;17;37518597
27608388;27608786;90;39033319
27608397;27608263;36;39537651
27608397;27608338;53;39537656
27608397;27608567;42;39537648
27608400;27607546;183;37504872
27608400;27608433;43;37518551
27608400;27608528;25;37504870
27608401;27608031;81;37561387
27608401;27608374;43;38583426
27608401;27608422;33;38856905
27608402;27608413;23;38477786
27608402;27608435;5;38477795
27608404;27608284;344;39508291
27608404;27608435;69;37599089
27608404;27608562;33;37599086
27608411;27608200;47;37519367
27608412;27608481;33;38308564
27608412;27608529;87;38308560
27608413;27607620;180;38477792
27608417;27607364;237;37624347
27608417;27610213;862;37572460
27608422;27608401;33;38856904
27608422;27608429;19;38856903
27608422;27608618;41;37540289
27608429;27608031;136;38163589
27608429;27608422;19;38856902
27608429;27608450;45;38856901
27608433;27607553;188;37561412
27608433;27608400;43;37518552
27608433;27608479;68;37518549
27608435;27608404;69;37599088
27608435;27608592;33;38477794
27608436;27609714;304;37519365
27608439;27607907;130;37658675
27608439;27608319;37;39702009
27608439;27608622;41;37658672
27608447;27608484;28;39203875
27608450;27607969;108;37686730
27608450;27608429;45;38856900
27608450;27608457;12;38856899
27608453;27608354;21;38620581
27608453;27608484;41;39203876
27608453;27608751;69;38620578
27608457;27608450;12;38856898
27608457;27608472;46;38856897
27608457;27608633;39;37540137
27608465;27608512;8;39633818
27608468;27608352;25;37540087
27608468;27608461;9;37540086
27608470;27608413;13;38477791
27608472;27608457;46;38856896
27608472;27608496;29;38856895
27608477;27608273;127;38856885
27608477;27608502;10;38583422
27608479;27608143;71;38130360
27608479;27608433;68;37518550
27608479;27608587;148;37518547
27608481;27608335;34;37659665
27608481;27608412;33;38308563
27608481;27608542;26;37659645
27608484;27608447;28;39203874
27608484;27608453;41;39203877
27608484;27608579;20;39203869
27608489;27608148;82;39702036
27608489;27608255;96;37570058
27608489;27608553;28;37570055
27608496;27608472;29;38856894
27608496;27608512;23;38856893
27608496;27608665;41;38446310
27608502;27607475;227;37607196
27608502;27608106;98;39208688
27608502;27608477;10;38583423
27608502;27608558;16;38583424
27608506;27608311;46;38422066
27608506;27608379;26;37753102
27608512;27608465;8;39633817
27608512;27608496;23;38856892
27608512;27608531;49;38856891
27608520;27608604;36;39537683
27608520;27608648;43;39537691
27608526;27608470;13;38477789
27608528;27608400;25;37504871
27608528;27608468;67;37540085
27608528;27608590;14;37504868
27608529;27608412;87;38308559
27608531;27608037;114;38130558
27608531;27608512;49;38856890
27608531;27608613;170;37518546
27608542;27608322;118;38302728
27608542;27608901;85;37659644
27608546;27608347;41;37540083
27608546;27608577;70;37540154
27608546;27608687;36;37540082
27608553;27608489;28;37570056
27608553;27608573;50;39646947
27608553;27608656;26;37570053
27608558;27608502;16;38583425
27608558;27608696;92;39203928
27608558;27608894;81;38583431
27608559;27608218;79;39203838
27608559;27608292;84;37560903
27608559;27608643;21;37560902
27608562;27608404;33;37599087
27608562;27608592;69;39315703
27608562;27608666;26;39315738
27608567;27608397;42;39537649
27608567;27608604;12;39537633
27608567;27608642;21;39537646
27608571;27608579;18;39203865
27608571;27608768;47;39203861
27608573;27608181;101;37659657
27608573;27608553;50;39646946
27608573;27608656;65;37659658
27608577;27608618;75;37540153
27608577;27608721;35;37540139
27608579;27608484;20;39203868
27608579;27608571;18;39203864
27608579;27608593;18;39203863
27608579;27608790;50;39203867
27608587;27608259;70;39202052
27608587;27608479;148;37518548
27608587;27608613;126;37518543
27608590;27608528;14;37504869
27608590;27609203;130;37792619
27608590;27609315;155;37792622
27608591;27608255;80;39702025
27608592;27608562;69;39315704
27608592;27608699;28;38477793
27608593;27608579;18;39203862
27608593;27608813;51;39203871
27608597;27608109;105;38629971
27608597;27609337;203;38470700
27608599;27608732;39;39203853
27608604;27608520;36;39537684
27608604;27608567;12;39537632
27608604;27608648;46;39537635
27608613;27608531;170;37518545
27608613;27608587;126;37518544
27608613;27608856;61;37540093
27608618;27608422;41;37540290
27608618;27608633;76;37540152
27608618;27608754;36;37540287
27608622;27608034;177;37658663
27608622;27608439;41;37658673
27608622;27608657;16;37658660
27608627;27608023;137;37917369
27608633;27608665;76;37540151
27608633;27608799;38;37540136
27608642;27608567;21;39537647
27608642;27608725;35;39537644
27608642;27608805;55;39537687
27608643;27608559;21;37560901
27608643;27608662;24;38620543
27608643;27608696;14;37560900
27608644;27608233;98;39208673
27608644;27608985;96;38645543
27608644;27609089;92;39215677
27608648;27608520;43;39537690
27608648;27608604;46;39537634
27608648;27608805;43;39537689
27608651;27608109;197;37560892
27608651;27608298;138;37877574
27608651;27609088;129;37560889
27608656;27608553;26;37570054
27608656;27608573;65;37659659
27608656;27608905;55;37570051
27608657;27608622;16;37658661
27608657;27608734;197;38723356
27608657;27608910;79;37658658
27608662;27608292;95;39203888
27608662;27608643;24;38620544
27608662;27608671;18;38620541
27608665;27608496;41;38446309
27608665;27608776;57;37540150
27608665;27608784;26;38446308
27608666;27608562;26;39315739
27608671;27608238;107;39203890
27608671;27608662;18;38620542
27608671;27608693;21;38620539
27608685;27607839;251;37917366
27608687;27608546;36;37540081
27608687;27608846;33;37540080
27608693;27608254;110;39203840
27608693;27608671;21;38620540
27608693;27608712;22;38620537
27608696;27608558;92;39203929
27608696;27608643;14;37560899
27608696;27608763;15;38620558
27608696;27608850;87;39203926
27608699;27608470;58;38477790
27608699;27608702;8;38477788
27608699;27608883;40;38551145
27608702;27608526;53;37527667
27608702;27608526;79;38477787
27608708;27608273;96;39248952
27608712;27608278;107;39203846
27608712;27608693;22;38620538
27608712;27608719;6;38620535
27608714;27606568;491;37527678
27608719;27608712;6;38620536
27608719;27608732;15;38620533
27608719;27608850;30;39203939
27608721;27608687;66;37540278
27608721;27608821;21;37540138
27608725;27608642;35;39537645
27608725;27608747;10;39537642
27608725;27608805;86;39537654
27608732;27608599;39;39203852
27608732;27608719;15;38620534
27608732;27608751;22;38620531
27608734;27608657;197;38723357
27608736;27608146;179;37586542
27608747;27608725;10;39537643
27608747;27608829;81;38070920
27608747;27609032;55;38070918
27608751;27608453;69;38620579
27608751;27608732;22;38620532
27608751;27608768;21;38620529
27608754;27608618;36;37540288
27608754;27608721;76;37540277
27608754;27608816;13;37540285
27608757;27609156;81;37586541
27608763;27608696;15;38620557
27608763;27608838;29;39203918
27608763;27609063;60;38620556
27608768;27608571;47;39203860
27608768;27608751;21;38620530
27608768;27608790;21;38620527
27608776;27608784;38;38446293
27608784;27608665;26;38446307
27608784;27608799;78;37540162
27608784;27608842;15;37540159
27608786;27608388;90;39033318
27608786;27608934;65;37572467
27608790;27608579;50;39203866
27608790;27608768;21;38620528
27608790;27608804;13;38620525
27608798;27608375;108;38110448
27608799;27608754;76;37540142
27608799;27608784;78;37540161
27608799;27608867;80;37540141
27608799;27609490;147;37540135
27608804;27608790;13;38620526
27608804;27608813;7;38620523
27608804;27609024;46;39203881
27608805;27608642;55;39537686
27608805;27608648;43;39537688
27608805;27608725;86;39537655
27608806;27608860;165;37527646
27608806;27608976;150;37527641
27608813;27608593;51;39203870
27608813;27608804;7;38620524
27608813;27608851;44;38620521
27608816;27608754;13;37540286
27608816;27608867;11;37540283
27608821;27608816;76;37540143
27608821;27608846;59;37540144
27608821;27608919;23;37540148
27608825;27607911;252;37560895
27608829;27609449;271;38070905
27608838;27608763;29;39203919
27608838;27608882;22;39203916
27608838;27609063;46;39203886
27608842;27608784;15;37540160
27608842;27608865;186;37540157
27608846;27608687;33;37540079
27608846;27608821;59;37540145
27608846;27608970;29;37540078
27608850;27608696;87;39203927
27608850;27608719;30;39203938
27608850;27608988;30;39203937
27608850;27609024;90;39203924
27608851;27608354;173;37560914
27608851;27608813;44;38620522
27608851;27608874;37;38620519
27608853;27607666;264;38300139
27608853;27608901;76;38302731
27608853;27609004;29;39594333
27608856;27608613;61;37540092
27608856;27608865;30;37540156
27608856;27609698;195;37540091
27608860;27608806;165;37527645
27608860;27608883;76;37527644
27608860;27609204;65;37527650
27608865;27608842;186;37540158
27608865;27608856;30;37540155
27608865;27609196;142;37540165
27608867;27608816;11;37540284
27608867;27608919;79;37540280
27608867;27609036;30;37540281
27608874;27608851;37;38620520
27608874;27608900;25;38620517
27608874;27609194;62;38620585
27608882;27608838;22;39203917
27608882;27608937;21;39203914
27608882;27609187;58;39203894
27608883;27608699;40;38551146
27608883;27608860;76;37527643
27608883;27609493;128;38551143
27608894;27608558;81;38583430
27608894;27609738;193;37607222
27608900;27608874;25;38620518
27608901;27608853;76;38302730
27608901;27609033;32;37659643
27608905;27608656;55;37570052
27608905;27609033;204;37570049
27608910;27608657;79;37658659
27608910;27608905;389;37570048
27608910;27609013;22;37658656
27608919;27608821;23;37540149
27608919;27608970;46;37540279
27608919;27609091;42;37540146
27608922;27608284;142;38300135
27608922;27609049;19;38302741
27608934;27609018;59;37572465
27608937;27608882;21;39203915
27608937;27608988;13;39203912
27608937;27609244;59;39203960
27608963;27608972;63;37659662
27608963;27609049;57;37659661
27608970;27608846;29;37540077
27608970;27609296;67;37540076
27608972;27608963;63;37659663
27608972;27609113;27;38299876
27608976;27608806;150;37527642
27608976;27608922;36;38300134
27608985;27609077;84;37518585
27608988;27608850;30;39203936
27608988;27608937;13;39203913
27608988;27609010;6;39203910
27609003;27609015;11;37518596
27609004;27608853;29;39594334
27609004;27609687;159;39531075
27609005;27609032;50;38110444
27609005;27609051;78;38110446
27609005;27609311;68;38110443
27609010;27608988;6;39203911
27609010;27609065;19;39203908
27609010;27609285;55;39203844
27609013;27608910;22;37658657
27609013;27609067;12;39454883
27609015;27609106;20;37518593
27609016;27606679;674;38459637
27609016;27608298;172;37715355
27609016;27609120;47;38459634
27609018;27608786;53;37572466
27609018;27609264;72;37686204
27609024;27608804;46;39203880
27609024;27608850;90;39203925
27609024;27609194;91;39203922
27609024;27609230;46;39203879
27609032;27608747;55;38070919
27609032;27609005;50;38110445
27609032;27609107;114;38110457
27609032;27609542;125;38070916
27609033;27609242;44;37659642
27609036;27608867;30;37540282
27609038;27608169;182;37541267
27609038;27609003;11;37518595
27609049;27608963;57;37659660
27609049;27609588;127;38302740
27609051;27609005;78;38110447
27609060;27609066;16;38110452
27609060;27609314;51;39537666
27609063;27608763;60;38620555
27609063;27608838;46;39203887
27609063;27609187;31;38620554
27609063;27609289;45;39203884
27609065;27609010;19;39203909
27609065;27609117;20;39203906
27609065;27609349;59;39203850
27609066;27608375;146;37917387
27609066;27609060;16;38110453
27609066;27609311;110;38110454
27609067;27609013;12;39454882
27609067;27609424;81;39454889
27609077;27609038;11;37518594
27609088;27608651;129;37560890
27609088;27609144;11;38301316
27609089;27608644;92;39215678
27609089;27608985;57;37518584
27609091;27608919;42;37540147
27609106;27609171;196;38303131
27609106;27609176;25;37518591
27609107;27609032;114;38110456
27609113;27608972;27;38299877
27609113;27609234;27;38299874
27609116;27609443;74;37540168
27609117;27609065;20;39203907
27609117;27609193;27;39203904
27609117;27609415;65;39203858
27609120;27609016;47;38459635
27609120;27609208;28;38301328
27609131;27608736;81;39317345
27609134;27608963;32;38299883
27609137;27609120;29;38301330
27609137;27609162;5;38301326
27609144;27609088;11;38301315
27609144;27609137;22;38301327
27609144;27609265;32;38301314
27609146;27608806;65;37527666
27609146;27609204;165;37527661
27609146;27609761;218;37527660
27609156;27609189;7;37507442
27609162;27609208;11;38301325
27609164;27609212;58;38876673
27609171;27608360;312;38303133
27609171;27609106;196;38303130
27609171;27609303;41;39033317
27609176;27609077;24;37518592
27609176;27609858;167;37518581
27609181;27609289;26;39208479
27609187;27608882;58;39203895
27609187;27609063;31;38620553
27609187;27609244;27;38620552
27609187;27609701;122;39203892
27609189;27610284;250;37507441
27609189;27610607;372;37746108
27609193;27609117;27;39203905
27609193;27609230;20;39203902
27609193;27609624;106;38620614
27609194;27608874;62;38620584
27609194;27609024;91;39203923
27609194;27609284;48;39203920
27609194;27609439;63;37560898
27609195;27608590;132;38881642
27609196;27608842;91;37540164
27609196;27608865;142;37540166
27609196;27609552;88;38164640
27609202;27609461;62;39132979
27609203;27609353;32;38881656
27609204;27609146;165;37527662
27609204;27609466;63;37527649
27609208;27609265;15;38301323
27609212;27609164;58;38876672
27609214;27609134;17;38576265
27609215;27609144;17;38301324
27609221;27609113;60;38300110
27609221;27609214;2;38299896
27609230;27609024;46;39203878
27609230;27609193;20;39203903
27609230;27609404;69;39203900
27609230;27609580;88;38620609
27609234;27609113;27;38299875
27609234;27609346;60;38300108
27609234;27609360;27;38299872
27609242;27609274;57;37659646
27609242;27609453;595;37570050
27609242;27609778;123;37659668
27609244;27608937;59;39203961
27609244;27609187;27;38620551
27609244;27609285;19;38620550
27609244;27609704;108;39203958
27609262;27609527;111;37616881
27609264;27609018;72;37686203
27609265;27609144;32;38301313
27609265;27609273;17;38301321
27609265;27609294;7;38301312
27609273;27609215;15;38301322
27609273;27609278;31;38301333
27609274;27609242;57;37659647
27609278;27609215;26;38301329
27609278;27609400;80;38301310
27609284;27609089;43;37518583
27609284;27609194;48;39203921
27609284;27609347;35;38645541
27609285;27609010;55;39203845
27609285;27609244;19;38620549
27609285;27609349;29;38620548
27609285;27609712;103;39203842
27609289;27609063;45;39203885
27609289;27609181;26;39208478
27609289;27609706;105;39203882
27609294;27609265;7;38301311
27609294;27609557;247;38301317
27609296;27608970;67;37540075
27609296;27609443;103;37540100
27609296;27609594;74;37540074
27609303;27609171;41;39033316
27609311;27609005;68;38110442
27609311;27609066;110;38110455
27609311;27609447;41;38110441
27609311;27609468;85;39537672
27609314;27609066;53;39537674
27609314;27609408;27;39537682
27609315;27608590;155;37792623
27609315;27609318;6;37504988
27609315;27609375;14;37792620
27609318;27609195;27;38881653
27609318;27609249;78;37504987
27609337;27608597;203;38470701
27609337;27609792;114;39027707
27609337;27609908;328;38470698
27609339;27608368;408;38641117
27609339;27609362;20;38641116
27609346;27609221;27;38299881
27609347;27609284;35;38645542
27609349;27609065;59;39203851
27609349;27609285;29;38620547
27609349;27609415;24;38620546
27609349;27609720;89;39203848
27609350;27609447;59;39537669
27609353;27609402;13;38881646
27609355;27608506;369;37753101
27609355;27609369;17;37536470
27609356;27609318;9;38881652
27609360;27609234;27;38299873
27609360;27609376;4;38299870
27609362;27609339;20;38641115
27609362;27609908;342;38470697
27609363;27609509;43;38620611
27609364;27609346;5;38299880
27609369;27609449;34;37536469
27609375;27609315;14;37792621
27609375;27610317;218;38881640
27609376;27609360;4;38299871
27609376;27609442;21;38299868
27609376;27609505;54;38300105
27609400;27609278;80;38301309
27609400;27609740;84;37611123
27609400;27610003;389;37572463
27609402;27609658;62;38881645
27609402;27609711;119;37859926
27609404;27609230;69;39203901
27609404;27609439;22;39203898
27609404;27609509;32;38620606
27609408;27609314;27;39537681
27609408;27609492;44;39537697
27609408;27609492;30;39537680
27609415;27609117;65;39203859
27609415;27609349;24;38620545
27609415;27609549;40;39203856
27609421;27609146;62;37527665
27609421;27609466;165;39316000
27609421;27609825;135;39315997
27609424;27609461;29;39454893
27609424;27609518;24;39454888
27609428;27609364;19;38576230
27609438;27609360;60;38299879
27609438;27609428;3;38299882
27609439;27609194;63;37560897
27609439;27609404;22;39203899
27609439;27609606;96;39203873
27609439;27609718;80;39203896
27609442;27609376;21;38299869
27609442;27609484;73;37527658
27609442;27609505;14;38299866
27609443;27609116;74;37540167
27609443;27609296;103;37540101
27609443;27609490;70;37540098
27609443;27609616;41;37540116
27609447;27609311;41;38110440
27609447;27609350;59;39537668
27609447;27609508;32;39537659
27609447;27609591;39;38110439
27609449;27609520;17;37536467
27609453;27609067;88;38811362
27609459;27609355;51;37536468
27609461;27609202;62;39132978
27609461;27609510;11;39454892
27609466;27609421;165;39316001
27609466;27609493;76;39315998
27609466;27609721;56;37527648
27609468;27609311;85;39537673
27609468;27609542;41;39537670
27609468;27609560;27;39537660
27609484;27609438;12;38299878
27609484;27609588;68;38300103
27609490;27609443;70;37540099
27609490;27609527;65;37540096
27609491;27609560;40;39537664
27609492;27609408;30;39537679
27609492;27609408;44;39537696
27609492;27609547;30;39537678
27609493;27608883;128;38551144
27609493;27609466;76;39315999
27609493;27610055;129;38551141
27609505;27609442;14;38299867
27609505;27609575;20;38299864
27609508;27609447;32;39537658
27609509;27609363;43;38620610
27609509;27609404;32;38620607
27609509;27609580;23;38620604
27609510;27609525;246;39132980
27609510;27609525;20;39454890
27609516;27609672;113;38811371
27609516;27609672;205;38811358
27609516;27609768;202;38811370
27609518;27609787;58;39454887
27609520;27609619;44;38576315
27609520;27609627;26;37536466
27609525;27609518;11;39454891
27609527;27609262;111;37616880
27609527;27609490;65;37540097
27609527;27609576;34;37540094
27609531;27609131;94;37586540
27609542;27609032;125;38070917
27609542;27609468;41;39537671
27609542;27609767;47;38070914
27609547;27609492;30;39537677
27609547;27609591;16;39537676
27609547;27609759;82;39537694
27609549;27609415;40;39203857
27609549;27609624;28;38620599
27609549;27609729;35;39203854
27609552;27609196;88;38164641
27609552;27609576;55;37540104
27609557;27609294;247;38301318
27609557;27609459;78;38427283
27609560;27609468;27;39537661
27609560;27609491;40;39537665
27609560;27609622;28;39537662
27609575;27609505;20;38299865
27609575;27609641;16;38300107
27609576;27609527;34;37540095
27609576;27609611;10;37540103
27609579;27609424;44;39454894
27609579;27609453;30;38811361
27609580;27609230;88;38620608
27609580;27609509;23;38620605
27609580;27609606;11;38620602
27609583;27609593;149;38750776
27609583;27609888;340;39291254
27609588;27609484;68;38300104
27609588;27609618;8;38302739
27609589;27609557;51;38427281
27609589;27609625;10;38550006
27609591;27609447;39;38110438
27609591;27609547;16;39537675
27609591;27609702;60;38679461
27609591;27609955;77;37917393
27609593;27609583;149;38750775
27609594;27609296;74;37540073
27609594;27609614;74;37540112
27609594;27609647;142;38856864
27609594;27610009;92;37540133
27609606;27609439;96;39203872
27609606;27609580;11;38620603
27609606;27609624;14;38620600
27609611;27609638;34;37540105
27609611;27609655;78;37540114
27609614;27609594;74;37540111
27609614;27609616;18;37540110
27609614;27609912;88;38169232
27609616;27609443;41;37540115
27609616;27609614;18;37540109
27609616;27609638;129;37540108
27609618;27609668;31;38299894
27609618;27609822;42;38302738
27609619;27609627;45;38576336
27609619;27609629;7;37623810
27609620;27609702;17;39537692
27609622;27609560;28;39537663
27609623;27609831;43;39495133
27609624;27609193;106;38620615
27609624;27609549;28;38620598
27609624;27609606;14;38620601
27609624;27609724;20;38620612
27609625;27609794;47;38550010
27609625;27609794;35;38550008
27609625;27609931;93;38550005
27609627;27609745;36;37536463
27609629;27609619;7;37623809
27609629;27609695;56;39029638
27609634;27609459;43;37536465
27609634;27609589;30;38427280
27609638;27609611;34;37540106
27609638;27609616;129;37540107
27609638;27609954;69;37617192
27609639;27609356;70;37792615
27609641;27609760;59;39316002
27609646;27609552;56;37540102
27609646;27609656;13;37518580
27609647;27609594;142;38856865
27609647;27609665;35;38856862
27609647;27610287;196;37607201
27609653;27609421;56;37527664
27609653;27609721;165;37566332
27609655;27609646;37;37540113
27609655;27610411;204;37617193
27609656;27609196;121;37540163
27609656;27609646;13;37518579
27609656;27609698;28;37518578
27609656;27610078;108;37564239
27609658;27609711;68;37859982
27609658;27610046;88;38881644
27609665;27609647;35;38856863
27609665;27610040;331;38856938
27609665;27610659;232;37540192
27609668;27608976;157;38302735
27609668;27609618;31;38299895
27609668;27609761;58;38299892
27609672;27609516;113;38811372
27609672;27609516;205;38811357
27609672;27609802;85;38811367
27609684;27609634;11;37536464
27609687;27609004;159;39531076
27609687;27609733;9;38300153
27609695;27609629;56;39029637
27609695;27609713;14;39029636
27609698;27608856;195;37540090
27609698;27609656;28;37518577
27609698;27609719;18;37518576
27609699;27609740;93;37595114
27609699;27609796;48;37595113
27609699;27609846;35;39210067
27609701;27609187;122;39203893
27609701;27609704;14;39208959
27609701;27609706;14;39208958
27609702;27609591;60;38679460
27609702;27609620;17;39537693
27609702;27609767;78;38679459
27609704;27609244;108;39203959
27609704;27609701;14;39208960
27609704;27609712;16;39208955
27609706;27609289;105;39203883
27609706;27609701;14;39208957
27609709;27609796;21;39210045
27609711;27609402;119;37859927
27609711;27609658;68;37859983
27609711;27610053;80;37859924
27609712;27609285;103;39203843
27609712;27609704;16;39208956
27609712;27609720;18;39208953
27609713;27609695;14;39029635
27609713;27609814;83;37623808
27609714;27610074;91;39602010
27609716;27609991;76;38881743
27609716;27610131;205;38750779
27609718;27609439;80;39203897
27609719;27609698;18;37518575
27609719;27609748;19;37518574
27609719;27610062;84;37617196
27609720;27609349;89;39203849
27609720;27609712;18;39208954
27609720;27609729;17;39208951
27609721;27609653;165;37566333
27609721;27610089;105;37527647
27609724;27609624;20;38620613
27609729;27609549;35;39203855
27609729;27609720;17;39208952
27609733;27609687;9;38300154
27609733;27609859;71;37527654
27609733;27610044;81;38300151
27609738;27610064;82;37607221
27609740;27609400;84;37611124
27609740;27609699;93;37595115
27609740;27609948;49;37611121
27609745;27609684;43;37536462
27609745;27609957;68;38427282
27609748;27609719;19;37518573
27609748;27610026;69;37617198
27609748;27610137;300;37518572
27609753;27608894;193;38583433
27609753;27609738;9;39669032
27609759;27609547;82;39537695
27609760;27609575;75;38300106
27609761;27609146;218;37527659
27609761;27609668;58;38299893
27609761;27609825;47;38299890
27609767;27609542;47;38070915
27609767;27609702;78;38679458
27609767;27609798;16;38070912
27609768;27609516;202;38811369
27609768;27609778;94;39454869
27609768;27610106;256;39454868
27609778;27609768;94;39454870
27609778;27610044;76;37659669
27609787;27609926;39;39454895
27609787;27609956;38;39454886
27609792;27609337;114;39027708
27609794;27609928;31;38550007
27609796;27609699;48;37595112
27609796;27609709;21;39210044
27609796;27609898;48;37595111
27609796;27609941;35;39210043
27609798;27609767;16;38070913
27609798;27609920;31;38679457
27609802;27609672;85;38811368
27609802;27609891;95;39132988
27609802;27609891;62;38811365
27609808;27609985;42;37540198
27609809;27609687;66;37527657
27609814;27609713;83;37623807
27609814;27609831;7;38679455
27609822;27609901;18;38302737
27609825;27609421;135;39315996
27609825;27609761;47;38299891
27609825;27609913;67;38299888
27609831;27609623;43;39495132
27609831;27609814;7;38679454
27609831;27609920;59;38679453
27609846;27609699;35;39210066
27609846;27609887;10;39210065
27609846;27609941;48;39210057
27609858;27609871;5;37518590
27609859;27609809;11;37700697
27609859;27609905;27;37527653
27609871;27609975;28;37518588
27609886;27610106;73;38811374
27609887;27609846;10;39210064
27609887;27609948;90;39210068
27609887;27609980;26;39210063
27609888;27609583;340;39291253
27609888;27609976;37;39291262
27609888;27611949;460;39291252
27609891;27609802;62;38811366
27609891;27609802;95;39132987
27609891;27609926;33;38811363
27609897;27609284;207;37518582
27609897;27609858;28;37518589
27609898;27609796;48;37595110
27609898;27609943;24;37595109
27609898;27610017;36;39210051
27609901;27609822;99;38300109
27609901;27610000;37;38302736
27609905;27610014;72;37527652
27609905;27610015;31;38309762
27609908;27609337;328;38470699
27609908;27609362;342;38470696
27609908;27610213;74;38324271
27609912;27609614;88;38169233
27609912;27609936;49;38169230
27609912;27610210;105;38169244
27609913;27609653;54;37527663
27609913;27609825;67;38299889
27609913;27609940;20;38299886
27609920;27609798;31;38679456
27609920;27609831;59;38679452
27609920;27609955;154;37917404
27609920;27610689;178;38856971
27609926;27609579;76;38811360
27609926;27609891;33;38811364
27609926;27609956;10;39454884
27609928;27610039;29;38550003
27609931;27609928;13;38550004
27609936;27609912;49;38169231
27609936;27609954;35;38169228
27609936;27610210;67;38169238
27609940;27609913;20;38299887
27609940;27610089;121;38299884
27609940;27610199;66;39315715
27609941;27609796;35;39210042
27609941;27609846;48;39210056
27609941;27610017;48;39210055
27609941;27610068;36;39210041
27609943;27609898;24;37595108
27609943;27610070;36;39601667
27609943;27610141;111;37595107
27609944;27610338;116;38750769
27609948;27609740;49;37611122
27609948;27609887;90;39210069
27609948;27609965;6;37611119
27609954;27609638;69;37617191
27609954;27609936;35;38169229
27609954;27610246;73;37617190
27609955;27609591;77;37917392
27609955;27609920;154;37917405
27609955;27610029;71;37917402
27609956;27610506;123;39454885
27609957;27609684;63;37568139
27609957;27610052;29;38427306
27609965;27609948;6;37611120
27609965;27610149;45;39210097
27609975;27609994;16;37518587
27609975;27610128;57;37518564
27609976;27609888;37;39291261
27609976;27610334;190;37719213
27609976;27610463;160;37719212
27609980;27609887;26;39210062
27609980;27610068;48;39210035
27609980;27610113;38;39210061
27609985;27609808;42;37540197
27609985;27610009;45;37540194
27609985;27610206;51;37540196
27609986;27609809;109;37527656
27609986;27610014;12;38299937
27609991;27609716;76;38881742
27609991;27610334;99;37719268
27609991;27610480;107;38881741
27609994;27609897;35;37518586
27609994;27610162;110;38856949
27610000;27609986;12;37527655
27610003;27609400;389;37572464
27610003;27610213;215;37572461
27610003;27610297;72;37572481
27610009;27609594;92;37540134
27610009;27609985;45;37540193
27610009;27610653;132;37540131
27610014;27609986;12;38299938
27610014;27610037;18;37527651
27610014;27610818;176;39315737
27610015;27609905;31;38309763
27610015;27610087;29;38309760
27610017;27609898;36;39210050
27610017;27609941;48;39210054
27610017;27610070;24;39210053
27610017;27610164;36;39210049
27610020;27609639;87;38855018
27610026;27609748;69;37617197
27610026;27610030;24;37561379
27610026;27610062;25;37561378
27610029;27609955;71;37917403
27610029;27610169;72;39537639
27610029;27610169;46;39537636
27610030;27610026;24;37561380
27610030;27610231;99;37617199
27610030;27610697;143;37563253
27610037;27609668;126;38302734
27610039;27609931;38;38550009
27610039;27610052;33;38550002
27610040;27609665;331;38856939
27610040;27610049;7;38856936
27610040;27610170;34;37607218
27610044;27609733;81;38300152
27610044;27610354;73;38300149
27610045;27610020;14;37792628
27610045;27610404;80;37792624
27610046;27610050;54;37859990
27610046;27610270;48;38881643
27610049;27609753;77;38583432
27610049;27610040;7;38856937
27610049;27610064;8;38620596
27610050;27610046;54;37859991
27610050;27610053;13;37859988
27610050;27610257;44;37859829
27610052;27609957;29;38427307
27610052;27611019;325;38427304
27610053;27609711;80;37859925
27610053;27610050;13;37859989
27610053;27610275;47;37859922
27610055;27609493;129;38551142
27610055;27610107;14;39538274
27610062;27609719;84;37617195
27610062;27610026;25;37561377
27610062;27610151;64;37561376
27610064;27610049;8;38620597
27610064;27610115;44;38620594
27610068;27609941;36;39210040
27610068;27609980;48;39210034
27610068;27610164;48;39210033
27610068;27610209;36;39210039
27610070;27609943;36;39601666
27610070;27610017;24;39210052
27610070;27610214;36;39601665
27610074;27610462;88;37540209
27610078;27609656;108;37564240
27610078;27610151;25;37636952
27610078;27610411;96;37636951
27610087;27610015;29;38309761
27610089;27609940;121;38299885
27610089;27610384;66;39315734
27610100;27609965;39;37572458
27610100;27610149;21;39210078
27610100;27610190;40;39210091
27610103;27607813;540;37730739
27610106;27609768;256;39454867
27610106;27609886;73;38811373
27610106;27610556;146;39454866
27610107;27610187;21;37700699
27610107;27610208;22;39538273
27610110;27610223;25;37560866
27610113;27609980;38;39210060
27610113;27610190;17;39210059
27610113;27610209;48;39601659
27610115;27610064;44;38620595
27610115;27610171;36;38620592
27610115;27610261;353;38695952
27610128;27609975;57;37518563
27610128;27610276;44;37518562
27610128;27610518;109;37560881
27610131;27609716;205;38750780
27610131;27610338;68;37719249
27610131;27610379;55;37719206
27610131;27610480;205;38750777
27610137;27609748;300;37518571
27610137;27610233;31;37561382
27610137;27610275;91;37518570
27610141;27609943;111;37595106
27610141;27610192;24;37595105
27610141;27610305;38;39601663
27610149;27609965;45;39210098
27610149;27610376;51;39210095
27610151;27610062;64;37561375
27610151;27610078;25;37636953
27610151;27610283;28;37561374
27610162;27609994;110;38856948
27610162;27610250;95;38856945
27610162;27610547;79;39209456
27610164;27610017;36;39210048
27610164;27610068;48;39210032
27610164;27610214;23;39210031
27610164;27610396;54;39210047
27610167;27610055;25;37700657
27610167;27610208;14;39538271
27610169;27610029;72;39537638
27610169;27610029;46;39537637
27610169;27610588;89;39537640
27610170;27610040;34;37607217
27610170;27610700;112;37607216
27610170;27610700;135;37607219
27610171;27610115;36;38620593
27610171;27610194;18;38620590
27610187;27610285;28;37700698
27610190;27610100;40;39210092
27610190;27610113;17;39210058
27610190;27610291;48;39210089
27610192;27610141;24;37595104
27610192;27610297;48;37595103
27610192;27610352;37;37595088
27610194;27610171;18;38620591
27610194;27610223;26;38856946
27610194;27610325;28;37607242
27610195;27610275;18;37859840
27610196;27609531;150;39601813
27610196;27610435;260;37753105
27610199;27609940;66;39315714
27610199;27610483;64;39315713
27610199;27610495;122;39315717
27610206;27609985;51;37540195
27610208;27610167;14;39538270
27610208;27610187;13;39538275
27610208;27610314;23;38691752
27610209;27610068;36;39210038
27610209;27610113;48;39601658
27610209;27610291;19;39210037
27610210;27609912;105;38169245
27610210;27609936;67;38169239
27610210;27610246;28;38169242
27610213;27608417;862;37572459
27610213;27609908;74;38324270
27610213;27610003;215;37572462
27610213;27611234;306;38469275
27610214;27610070;36;39601664
27610214;27610164;23;39210030
27610223;27610110;25;37560867
27610223;27610194;26;38856947
27610223;27610261;47;38856940
27610223;27610276;431;39208949
27610230;27610231;5;37617210
27610230;27610247;55;37617207
27610230;27610864;134;37617213
27610231;27610030;99;37617200
27610231;27610230;5;37617209
27610231;27610277;8;37563268
27610233;27610137;31;37561381
27610233;27610262;23;37859869
27610240;27610247;47;37617206
27610240;27610262;44;37617203
27610240;27610673;90;37617218
27610246;27609954;73;37617189
27610246;27610210;28;38169243
27610246;27610702;105;37617188
27610247;27610230;55;37617208
27610247;27610240;47;37617205
27610247;27610784;110;37561386
27610250;27610162;95;38856944
27610250;27610261;17;38856943
27610250;27610547;125;37560878
27610252;27610167;18;37700656
27610252;27610208;13;39538276
27610257;27610050;44;37859830
27610257;27610275;12;37521210
27610261;27610115;353;38695951
27610261;27610223;47;38856941
27610261;27610250;17;38856942
27610262;27610240;44;37617204
27610262;27610289;6;37859868
27610264;27610208;22;39538269
27610264;27610285;13;39315724
27610264;27610314;23;39538272
27610270;27610257;53;37521211
27610270;27610294;5;38881658
27610271;27610354;264;39646950
27610271;27610423;66;38300126
27610271;27611030;171;39744383
27610275;27610053;47;37859923
27610275;27610137;91;37518569
27610275;27610195;18;37859839
27610275;27610605;70;37521212
27610276;27610128;44;37518561
27610276;27610223;431;39208950
27610276;27610606;90;37518560
27610277;27610231;8;37563267
27610277;27610414;29;38169267
27610277;27610427;33;37563266
27610280;27610196;17;37507331
27610283;27610151;28;37561373
27610283;27610437;32;37541259
27610284;27611017;138;37507330
27610285;27610264;13;39315725
27610285;27610384;51;39315722
27610287;27609647;196;37607200
27610289;27610318;16;37859866
27610291;27610190;48;39210090
27610291;27610209;19;39210036
27610291;27610377;21;39210073
27610291;27610396;50;39210087
27610292;27610233;11;37859867
27610292;27610449;45;37617219
27610294;27610321;8;38881657
27610294;27610332;16;38876677
27610297;27610003;72;37572480
27610297;27610192;48;37595102
27610297;27610457;36;37572479
27610297;27610485;91;37595101
27610305;27610141;38;39601662
27610305;27610352;24;37595121
27610305;27610467;36;39601661
27610314;27610705;72;38691751
27610317;27609375;218;38881641
27610317;27610374;12;38881654
27610318;27610292;10;37859865
27610318;27610610;53;37617211
27610321;27610407;17;37792618
27610321;27610549;66;38453475
27610325;27610171;38;39209643
27610325;27610194;28;37607243
27610325;27610617;53;37607240
27610332;27610294;16;38876676
27610332;27610524;76;38876681
27610332;27610524;51;38876675
27610334;27609976;190;37719214
27610334;27609991;99;37719267
27610334;27610657;62;37719209
27610338;27609944;116;38750770
27610338;27610131;68;37719250
27610338;27610379;60;38750767
27610338;27611059;156;37719241
27610352;27610192;37;37595089
27610352;27610305;24;37595120
27610352;27610457;47;37595119
27610352;27610512;35;37595086
27610354;27610044;73;38300150
27610354;27610271;264;39646951
27610354;27610803;90;38300147
27610356;27610020;72;38855017
27610374;27610317;12;38881655
27610374;27610356;6;37504885
27610374;27610840;89;37505445
27610376;27610149;51;39210096
27610376;27610555;113;37997408
27610376;27610744;70;39210093
27610377;27610291;21;39210072
27610377;27610648;55;39210075
27610379;27610131;55;37719205
27610379;27610338;60;38750768
27610379;27610971;113;37719204
27610384;27610089;66;39315735
27610384;27610285;51;39315723
27610384;27610495;68;39315720
27610384;27610785;76;39315732
27610396;27610164;54;39210046
27610396;27610291;50;39210088
27610396;27610589;78;39210085
27610402;27610419;41;38987701
27610402;27610419;18;38987699
27610404;27610045;94;37792627
27610405;27608411;478;37540210
27610407;27610374;9;37504884
27610407;27610578;32;37792617
27610411;27609655;204;37617194
27610411;27610078;96;37636950
27610411;27610702;67;37636949
27610414;27610277;29;38169266
27610414;27610427;15;38446299
27610414;27610672;49;38169265
27610419;27610402;18;38987700
27610419;27610437;22;38987697
27610423;27610271;66;38300127
27610423;27610647;86;38300124
27610423;27611264;170;38300129
27610427;27610277;33;37563265
27610427;27610414;15;38446300
27610427;27610534;22;37563264
27610430;27610284;312;37507329
27610430;27610607;190;39559742
27610435;27610430;98;39559726
27610436;27610356;17;38881651
27610436;27610404;9;37792626
27610437;27610283;32;37541258
27610437;27610419;22;38987698
27610437;27610904;87;37541257
27610447;27610589;29;39210029
27610449;27610292;45;37617220
27610457;27610297;36;37572478
27610457;27610352;47;37595118
27610457;27610651;38;37572477
27610457;27610680;90;37595117
27610462;27610645;34;39602009
27610462;27611949;309;37500427
27610463;27609976;160;37719211
27610463;27610657;124;37719208
27610463;27611032;131;37719265
27610467;27610305;36;39601660
27610467;27610512;24;37595099
27610476;27609926;127;38811359
27610476;27610506;20;37700770
27610480;27609991;107;38881740
27610480;27610131;205;38750778
27610480;27610873;99;38881739
27610483;27610199;64;39315712
27610483;27610495;121;39315719
27610485;27610297;91;37595100
27610485;27610680;38;39210104
27610495;27610199;122;39315716
27610495;27610384;68;39315721
27610495;27610483;121;39315718
27610506;27610553;9;37700768
27610512;27610352;35;37595087
27610512;27610467;24;37595098
27610512;27610651;47;37595097
27610512;27610710;38;37595084
27610518;27610128;109;37560880
27610518;27610592;52;38695949
27610518;27610592;36;37560875
27610524;27610332;51;38876674
27610524;27610332;76;38876680
27610524;27610549;4;38876679
27610525;27610812;284;39559722
27610527;27610407;31;37504883
27610527;27610888;70;37730715
27610534;27610427;22;37563263
27610534;27610619;26;37563262
27610534;27611071;99;38169255
27610545;27610476;23;37700769
27610547;27610162;79;39209455
27610547;27610250;125;37560879
27610547;27610592;43;37560876
27610549;27610524;4;38876678
27610549;27610605;16;38453474
27610553;27610579;47;39454873
27610553;27610688;36;37700765
27610555;27610376;113;37997407
27610556;27610106;146;39454865
27610556;27610585;35;39454864
27610556;27610910;92;37566234
27610561;27610829;50;38169240
27610570;27610252;63;37700655
27610572;27610527;27;37504882
27610572;27610605;18;38453472
27610576;27610849;51;38169237
27610578;27610852;53;38881663
27610579;27610553;47;39454874
27610579;27610649;38;39454871
27610579;27611153;212;39281686
27610582;27610946;106;37607190
27610585;27610545;22;39454881
27610585;27610556;35;39454863
27610586;27610865;53;38169249
27610588;27610169;89;39537641
27610589;27610396;78;39210086
27610589;27610447;29;39210028
27610589;27610790;82;39210083
27610589;27611065;96;39210027
27610592;27610518;36;37560874
27610592;27610518;52;38695950
27610592;27610547;43;37560877
27610605;27610572;18;38453473
27610605;27611028;183;38453470
27610606;27610276;90;37518559
27610606;27610776;66;38620514
27610606;27611060;122;37518558
27610607;27610631;12;39559727
27610610;27610318;53;37617212
27610612;27609531;322;37507328
27610612;27610435;148;39559740
27610616;27610830;127;37504226
27610617;27610325;53;37607241
27610617;27611180;106;37607238
27610617;27611311;323;39209454
27610619;27610534;26;37563261
27610619;27610650;23;37563260
27610619;27611097;91;38169270
27610631;27612126;542;37746110
27610637;27610545;17;37700767
27610637;27610585;18;39454880
27610645;27611125;95;39602008
27610647;27610423;86;38300125
27610647;27610803;70;38300122
27610647;27611273;131;38300119
27610648;27610377;55;39210074
27610648;27610757;23;39210071
27610649;27608038;611;39132983
27610649;27610579;38;39454872
27610649;27610581;23;37753060
27610650;27610619;23;37563259
27610650;27610668;23;37563258
27610650;27611141;94;38169259
27610651;27610457;38;37572476
27610651;27610512;47;37595096
27610651;27610820;37;37572475
27610651;27610846;86;37595095
27610653;27610009;132;37540132
27610653;27610826;107;37540127
27610653;27610838;39;38856878
27610657;27610334;62;37719210
27610657;27610463;124;37719207
27610657;27610873;44;38882111
27610659;27609665;232;37540191
27610659;27610787;82;37607205
27610659;27610826;33;37540190
27610668;27610650;23;37563257
27610668;27610697;26;37563256
27610668;27611163;94;38169272
27610669;27610637;8;37700766
27610672;27610414;49;38169264
27610672;27611029;70;38169261
27610672;27611029;102;38169263
27610673;27610240;90;37617217
27610673;27610610;31;38173871
27610680;27610457;90;37595116
27610680;27610485;38;39210103
27610688;27610669;13;37700764
27610688;27610750;15;37700771
27610689;27609920;178;38856972
27610689;27610922;52;38576357
27610697;27610030;143;37563254
27610697;27610668;26;37563255
27610697;27610823;25;37563251
27610700;27610170;135;37607220
27610700;27610170;112;37607215
27610700;27611327;120;37607214
27610701;27610570;26;38576258
27610701;27610703;15;38576098
27610702;27610246;105;37617187
27610702;27610411;67;37636948
27610702;27611315;117;37617202
27610703;27610570;22;37700654
27610703;27610705;9;39538267
27610703;27610745;20;38576096
27610705;27610703;9;39538268
27610705;27611070;67;37700660
27610710;27610512;38;37595085
27610710;27610790;15;37595082
27610710;27610820;46;37595093
27610715;27610525;197;39559724
27610715;27610879;106;39601815
27610725;27610701;13;38576097
27610728;27610715;7;39559723
27610736;27610649;19;37753059
27610744;27610376;70;39210094
27610744;27610757;20;39210077
27610744;27610837;63;39210101
27610745;27610760;9;38576095
27610750;27610669;15;39454879
27610750;27611153;76;39454877
27610757;27610648;23;39210070
27610757;27610744;20;39210076
27610757;27610847;39;37638433
27610760;27610806;38;38576093
27610764;27610929;103;38750771
27610774;27610725;38;38576094
27610776;27610606;66;38620513
27610776;27610861;38;38620512
27610776;27610962;49;39209471
27610776;27611006;47;37686622
27610784;27610247;110;37561385
27610784;27610673;44;38173870
27610784;27611028;49;37561384
27610785;27610384;76;39315733
27610785;27610891;59;37700663
27610785;27611226;89;39315730
27610787;27610659;82;37607204
27610787;27610937;36;37607203
27610787;27611275;194;37607207
27610790;27610589;82;39210084
27610790;27610710;15;37595083
27610790;27610886;46;39210081
27610803;27610354;90;38300148
27610803;27610647;70;38300123
27610803;27611114;63;38300145
27610806;27610976;86;37700653
27610818;27610014;176;39315736
27610818;27610892;91;39315748
27610818;27611337;105;38210395
27610820;27610651;37;37572474
27610820;27610710;46;37595092
27610820;27610886;15;37572473
27610820;27611034;82;37595091
27610823;27610697;25;37563252
27610823;27610829;14;38169226
27610823;27611272;101;37563249
27610826;27610653;107;37540128
27610826;27610659;33;37540189
27610826;27610937;76;37540125
27610829;27610561;50;38169241
27610829;27610823;14;38169227
27610829;27610849;20;38169224
27610830;27610436;76;38881650
27610830;27610840;7;37504225
27610837;27610744;63;39210102
27610837;27610935;22;38469865
27610837;27610940;64;39210099
27610838;27610653;39;38856879
27610838;27610926;64;37607189
27610838;27610946;27;38856876
27610840;27610374;89;37505446
27610840;27610852;7;37521205
27610840;27611736;188;37512749
27610842;27610873;122;38882102
27610842;27610911;53;38882099
27610842;27611527;184;38881744
27610843;27610703;27;38576085
27610843;27610745;25;38576345
27610846;27610651;86;37595094
27610847;27610757;39;37638432
27610847;27611015;33;39210018
27610847;27611065;86;37638431
27610849;27610576;51;38169236
27610849;27610829;20;38169225
27610849;27610865;18;38169222
27610849;27611144;58;38169235
27610852;27610840;7;37521204
27610852;27610888;26;37521203
27610852;27611771;195;38881662
27610853;27610405;87;37507326
27610856;27610525;91;37746111
27610857;27611010;38;39744365
27610861;27610776;38;38620511
27610861;27611035;63;38620510
27610861;27611142;57;38620502
27610864;27610230;134;37617214
27610864;27610784;38;38173869
27610864;27610907;16;37617216
27610865;27610586;53;38169248
27610865;27610849;18;38169223
27610865;27610904;40;38169220
27610865;27610993;23;38169247
27610873;27610480;99;38881738
27610873;27610657;44;38882112
27610873;27610842;122;38882101
27610873;27611063;58;38881737
27610879;27611038;53;39602045
27610879;27611056;437;37746109
27610882;27611015;49;39210022
27610884;27610280;117;37753088
27610886;27610790;46;39210082
27610886;27610820;15;37572472
27610886;27611072;34;37572471
27610886;27611093;75;39210079
27610888;27610527;70;37730714
27610888;27610852;26;37521202
27610888;27611816;195;37730713
27610889;27610894;43;39210105
27610889;27610894;43;39210108
27610891;27610785;59;37700664
27610891;27611152;49;39315743
27610891;27611154;236;37700661
27610892;27610818;91;39315749
27610894;27610889;43;39210107
27610894;27610889;43;39210106
27610894;27611291;112;37593696
27610898;27610935;28;38469862
27610904;27610437;87;37541256
27610904;27610865;40;38169221
27610904;27611272;81;37541255
27610907;27610864;16;37617215
27610910;27610556;92;37566233
27610910;27611030;36;37566232
27610910;27611149;54;38300115
27610911;27610842;53;38882100
27610911;27610925;21;38882097
27610911;27611111;36;37719224
27610922;27610934;5;37746127
27610925;27610911;21;38882098
27610925;27610971;27;37719248
27610925;27611181;45;38882109
27610926;27610838;64;37607188
27610929;27610764;103;38750772
27610933;27610689;50;38576292
27610933;27610922;15;37746128
27610934;27611007;10;37746125
27610935;27610837;22;38469864
27610935;27610898;28;38469863
27610935;27611023;34;38469867
27610937;27610787;36;37607202
27610937;27610826;76;37540126
27610937;27611275;156;37540123
27610940;27610837;64;39210100
27610940;27611019;39;39601668
27610940;27611061;25;37611126
27610946;27610582;106;37607191
27610946;27610838;27;38856877
27610946;27611045;19;38856874
27610947;27610612;156;39601814
27610962;27610776;49;39209472
27610962;27611006;12;39209466
27610962;27611099;25;39209469
27610971;27610379;113;37719203
27610971;27610925;27;37719247
27610971;27611001;15;37719246
27610976;27611160;55;37700652
27610976;27611413;116;38576416
27610980;27610998;125;39316250
27610981;27611217;47;38210462
27610993;27610865;23;38169246
27610994;27611851;223;37745895
27610998;27610933;9;37746126
27611001;27610971;15;37719245
27611001;27611059;45;37719244
27611001;27611809;206;38881707
27611002;27611376;127;38210390
27611006;27610776;47;37686621
27611006;27610962;12;39209465
27611006;27611126;25;37686620
27611006;27611129;39;39209462
27611007;27611076;15;37746123
27611007;27611109;35;38576342
27611010;27610857;38;39744364
27611010;27611149;39;39744363
27611010;27611193;42;39744360
27611015;27610847;33;39210019
27611015;27610882;49;39210023
27611015;27611177;68;39210020
27611019;27610052;325;38427305
27611019;27611061;22;38427302
27611023;27610935;34;38469866
27611028;27610605;183;38453471
27611028;27610784;49;37561383
27611028;27611189;98;38453468
27611029;27610672;70;38169260
27611029;27610672;102;38169262
27611030;27610271;171;39744382
27611030;27610910;36;37566231
27611030;27611146;28;39744381
27611030;27611264;99;37566230
27611032;27610463;131;37719266
27611032;27611173;98;38881732
27611032;27611409;127;37719261
27611034;27610820;82;37595090
27611035;27610861;63;38620509
27611035;27611295;58;38620583
27611036;27611066;12;38750774
27611043;27611899;241;37743094
27611045;27610946;19;38856875
27611045;27611165;73;37607187
27611045;27611225;55;38856872
27611047;27610998;9;37746124
27611059;27610338;156;37719242
27611059;27611001;45;37719243
27611059;27611501;117;38881704
27611060;27610606;122;37518557
27611060;27611304;103;37686616
27611060;27611489;119;37518556
27611061;27610940;25;37611125
27611061;27611019;22;38427303
27611061;27611105;21;38427300
27611063;27610873;58;38881736
27611063;27611173;42;38881735
27611063;27611453;85;38881730
27611064;27611394;196;38169273
27611065;27610589;96;39210026
27611065;27610847;86;37638430
27611065;27611245;83;37638429
27611066;27611036;12;38750773
27611070;27610843;40;38576084
27611070;27612271;285;37700658
27611071;27610534;99;38169254
27611072;27610886;34;37572470
27611072;27611291;70;37593699
27611072;27611336;62;37572469
27611076;27611047;16;37746122
27611083;27610856;40;37753091
27611093;27610886;75;39210080
27611097;27610619;91;38169269
27611099;27610962;25;39209470
27611099;27611126;13;39209463
27611099;27611304;47;39209467
27611105;27610940;26;37753045
27611105;27611061;21;38427301
27611105;27611679;293;38427298
27611107;27610774;145;38576099
27611107;27611118;5;37746117
27611109;27611107;10;37746118
27611111;27610911;36;37719223
27611111;27611332;47;37719222
27611111;27611568;169;38881710
27611114;27610803;63;38300146
27611114;27611197;51;39315702
27611114;27611365;53;38300143
27611118;27611160;10;37746116
27611125;27612191;253;39441137
27611125;27612371;302;39441138
27611126;27611006;25;37686619
27611126;27611099;13;39209464
27611126;27611129;41;39209459
27611126;27611304;47;37686618
27611127;27611076;21;37700602
27611127;27611547;111;38739308
27611129;27611006;39;39209461
27611129;27611126;41;39209460
27611129;27611142;5;39209458
27611141;27610650;94;38169258
27611142;27610861;57;38620501
27611142;27611129;5;39209457
27611142;27611295;63;38620498
27611142;27611400;59;37686630
27611144;27610849;58;38169234
27611146;27611030;28;39744380
27611146;27611182;39;37566238
27611146;27611182;39;37566235
27611149;27611010;39;39744362
27611149;27611560;88;38300114
27611152;27610891;49;39315742
27611152;27611369;47;39315741
27611152;27611412;154;38210403
27611153;27610579;212;39281685
27611153;27610750;76;39454878
27611153;27611293;34;39454875
27611154;27610891;236;37700662
27611157;27611198;181;38467025
27611157;27611198;19;38467028
27611160;27611202;9;37746114
27611163;27610668;94;38169271
27611165;27611045;73;37607186
27611173;27611032;98;38881733
27611173;27611063;42;38881734
27611173;27611409;53;37719264
27611175;27611109;14;37746115
27611175;27611127;16;37700601
27611177;27611015;68;39210021
27611180;27610617;106;37607239
27611180;27611191;10;37560871
27611180;27611794;134;37607236
27611181;27610925;45;38882110
27611181;27611379;43;38882107
27611181;27611881;207;38881702
27611182;27611146;39;37566236
27611182;27611146;39;37566237
27611189;27611028;98;38453469
27611189;27611243;47;38453466
27611191;27611180;10;37560870
27611191;27611435;216;37560869
27611191;27611446;56;38620505
27611193;27611010;42;39744361
27611197;27611114;51;39315701
27611197;27611224;15;39315700
27611197;27611614;91;38302732
27611198;27611157;181;38467026
27611198;27611157;19;38467027
27611198;27611501;61;37719259
27611202;27611220;14;37746112
27611202;27611288;24;38576353
27611217;27610981;47;38210463
27611217;27611305;19;38210460
27611217;27611312;26;38210464
27611220;27611175;14;37746113
27611224;27609859;303;37700696
27611224;27611197;15;39315699
27611224;27611252;19;39315698
27611225;27611045;55;38856873
27611225;27611348;60;38856870
27611225;27611349;90;37607159
27611226;27610785;89;39315731
27611226;27611298;20;37700687
27611234;27610213;306;38469274
27611242;27611411;71;39601671
27611243;27611189;47;38453467
27611243;27611269;27;38855025
27611245;27611065;83;37638428
27611245;27611336;42;37638427
27611245;27611411;35;39210024
27611252;27611224;19;39315697
27611252;27611299;27;37700695
27611252;27612624;458;38210398
27611264;27610423;170;38300128
27611264;27611030;99;37566229
27611264;27611437;83;37566228
27611269;27611243;27;38855026
27611269;27611360;101;38855023
27611269;27611422;43;39636327
27611270;27611612;128;37607146
27611272;27610823;101;37563250
27611272;27610904;81;37541254
27611273;27610647;131;38300118
27611273;27611365;79;38300121
27611273;27611437;35;38300117
27611275;27610787;194;37607206
27611275;27610937;156;37540124
27611275;27612056;223;37540121
27611279;27610853;91;39602013
27611291;27610894;112;37593695
27611291;27611072;70;37593700
27611291;27611826;121;37593697
27611293;27611153;34;39454876
27611295;27611035;58;38620582
27611295;27611142;63;38620497
27611295;27611353;29;38620496
27611295;27611544;59;37560863
27611298;27611226;20;37700688
27611298;27611369;47;37700685
27611299;27611316;12;37700694
27611299;27611316;110;39315729
27611304;27611060;103;37686615
27611304;27611099;47;39209468
27611304;27611126;47;37686617
27611304;27611400;39;37686614
27611305;27611217;19;38210461
27611305;27611312;25;39315747
27611305;27611370;26;38210458
27611311;27611353;11;38620576
27611311;27611435;53;38620573
27611312;27611217;26;38210465
27611312;27611305;25;39315746
27611312;27611337;10;39315745
27611314;27611571;66;39744367
27611315;27610702;117;37617201
27611316;27611299;110;39315728
27611316;27611441;78;37700693
27611327;27610700;120;37607213
27611327;27611733;91;37607212
27611327;27611794;150;38881504
27611332;27611111;47;37719221
27611332;27611619;98;38881729
27611332;27611668;74;37719220
27611336;27611072;62;37572468
27611336;27611245;42;37638426
27611336;27611664;78;37638425
27611337;27610818;105;38210394
27611337;27611312;10;39315744
27611337;27611441;57;37700689
27611337;27611988;156;38210393
27611348;27611225;60;38856871
27611348;27611403;48;38856868
27611348;27611494;29;37607150
27611349;27611225;90;37607160
27611349;27611431;42;39014878
27611349;27611478;27;37607157
27611353;27611295;29;38620495
27611353;27611311;11;38620577
27611353;27611426;15;38620574
27611359;27611460;21;38446326
27611360;27611269;101;38855024
27611360;27611393;30;38855021
27611360;27611403;210;38856867
27611365;27611114;53;38300144
27611365;27611273;79;38300120
27611365;27612103;179;38300141
27611369;27611152;47;39315740
27611369;27611298;47;37700686
27611369;27611399;13;37700683
27611370;27611305;26;38210459
27611372;27611537;35;38446328
27611376;27611002;127;38210391
27611376;27611675;69;38210388
27611376;27611675;100;39564681
27611379;27611181;43;38882108
27611379;27611690;69;38882105
27611379;27611798;120;37719230
27611393;27611360;30;38855022
27611393;27611570;176;39014876
27611394;27611064;196;38169274
27611394;27611612;211;39014884
27611394;27611978;159;39633841
27611396;27611661;61;38446313
27611399;27611369;13;37700684
27611399;27611583;116;37700681
27611400;27611142;59;37686629
27611400;27611304;39;37686613
27611400;27611544;63;37560861
27611403;27611348;48;38856869
27611403;27611360;210;38856866
27611403;27611485;18;37540201
27611409;27611032;127;37719262
27611409;27611173;53;37719263
27611409;27611453;43;37719239
27611411;27611242;71;39601672
27611411;27611245;35;39210025
27611411;27611513;47;39601669
27611412;27611152;154;38210404
27611412;27611657;77;38210384
27611413;27610976;116;38576415
27611413;27611472;14;38576268
27611422;27611189;70;39636326
27611422;27611243;42;37504900
27611422;27611671;62;39636324
27611426;27611353;15;38620575
27611426;27611483;67;38620568
27611426;27611609;47;37560865
27611431;27611349;42;39014877
27611435;27611191;216;37560868
27611435;27611311;53;38620572
27611435;27611483;12;38620571
27611437;27611264;83;37566227
27611437;27611273;35;38300116
27611437;27611719;69;39744379
27611441;27611623;43;37700692
27611446;27611191;56;38620506
27611446;27611594;154;37560873
27611446;27611843;100;38620503
27611453;27611063;85;38881731
27611453;27611409;43;37719240
27611453;27611527;66;37719237
27611455;27611413;15;38576274
27611455;27611472;8;37917354
27611459;27611640;237;37742823
27611460;27611359;21;38446325
27611469;27611471;12;38576253
27611471;27611455;8;37917355
27611472;27611509;8;37917352
27611476;27611749;64;39014880
27611478;27611349;27;37607158
27611478;27611654;82;37686640
27611483;27611426;67;38620569
27611483;27611435;12;38620570
27611483;27611594;50;38469889
27611485;27611403;18;37540202
27611485;27611494;47;37607193
27611485;27611570;18;37540199
27611489;27611060;119;37518555
27611489;27611542;40;37518554
27611489;27611596;27;38105729
27611494;27611485;47;37607192
27611494;27611625;28;37607149
27611501;27611059;117;38881703
27611501;27611198;61;37719260
27611501;27611809;67;37719257
27611507;27611471;8;37917353
27611509;27611550;12;37917350
27611509;27611563;14;38576298
27611513;27611411;47;39601670
27611527;27610842;184;38881745
27611527;27611453;66;37719238
27611527;27611568;36;37719235
27611537;27611372;35;38446327
27611539;27610924;159;37742825
27611542;27611489;40;37518553
27611542;27611596;52;37518567
27611544;27611295;59;37560862
27611544;27611400;63;37560860
27611544;27611609;30;37560859
27611547;27611127;111;38739307
27611560;27611648;74;38300113
27611560;27611740;63;39744358
27611562;27611478;18;37686641
27611565;27611739;40;39315707
27611568;27611111;169;38881709
27611568;27611527;36;37719236
27611568;27611619;49;37719233
27611570;27611393;176;39014875
27611570;27611485;18;37540200
27611570;27611625;49;39014874
27611571;27611314;66;39744366
27611571;27611648;47;39337069
27611579;27611683;28;37617221
27611583;27611399;116;37700682
27611583;27611616;25;37700679
27611583;27611819;55;38210400
27611584;27611371;243;37742820
27611589;27611694;26;37638436
27611591;27611399;44;38210402
27611591;27611819;115;38210409
27611593;27611728;103;38377840
27611594;27611446;154;37560872
27611594;27611483;50;38469888
27611594;27611686;47;38469887
27611596;27611489;27;38105730
27611596;27611542;52;37518568
27611596;27613073;592;37518565
27611609;27611426;47;37560864
27611609;27611544;30;37560858
27611609;27611948;105;37560857
27611612;27611270;128;37607145
27611612;27611394;211;39014883
27611612;27611772;37;37607144
27611614;27611197;91;38302733
27611616;27611412;48;38210385
27611616;27611583;25;37700680
27611616;27611657;28;37700677
27611619;27611332;98;38881728
27611619;27611568;49;37719234
27611619;27611668;51;37719231
27611620;27611820;46;39337066
27611623;27611739;74;38210396
27611623;27612025;100;37700691
27611625;27611570;49;39014873
27611625;27611642;19;39014872
27611640;27612218;281;37745894
27611642;27611625;19;39014871
27611642;27611749;71;39014870
27611642;27612212;138;37558412
27611645;27611731;35;38210468
27611648;27611707;19;39337067
27611654;27611562;65;37686639
27611654;27611772;70;37607148
27611657;27611616;28;37700678
27611657;27611750;58;37700675
27611661;27611396;61;38446314
27611661;27611671;16;38446311
27611661;27611683;14;38446298
27611664;27611336;78;37638424
27611664;27611694;21;37638439
27611664;27611937;67;37638423
27611668;27611332;74;37719219
27611668;27611619;51;37719232
27611668;27611936;63;37719218
27611671;27611422;62;39636325
27611671;27611661;16;38446312
27611671;27611717;9;39636322
27611675;27611376;100;39564682
27611675;27611376;69;38210389
27611675;27611750;15;38210386
27611679;27611105;293;38427299
27611679;27611709;5;37572483
27611679;27612006;148;38427296
27611683;27611579;28;37617222
27611683;27611661;14;38446297
27611683;27611717;26;37617223
27611686;27611594;47;38469886
27611686;27611734;16;38469885
27611686;27611734;94;38695961
27611690;27611379;69;38882106
27611690;27611798;96;38881706
27611690;27611953;62;38882103
27611694;27611589;26;37638437
27611694;27611664;21;37638438
27611694;27611852;37;37638434
27611696;27611539;54;37753062
27611696;27611584;57;39559733
27611707;27611571;31;39337068
27611707;27611820;90;39744374
27611709;27611679;5;37572484
27611709;27611963;70;38576276
27611717;27611671;9;39636323
27611717;27611683;26;37617224
27611717;27612176;115;39636320
27611719;27611437;69;39744378
27611719;27611820;27;39744377
27611719;27612016;91;39744372
27611728;27610830;188;38881649
27611728;27611736;4;38377839
27611731;27611645;35;38210469
27611731;27611782;21;38210456
27611731;27611903;98;38210466
27611733;27611327;91;37607211
27611733;27611992;74;37686202
27611733;27612172;115;37607210
27611734;27611686;16;38469884
27611734;27611843;49;38469883
27611736;27610840;188;37512750
27611736;27611758;6;37512747
27611739;27611565;40;39315708
27611739;27611623;74;38210397
27611739;27612129;100;39315705
27611740;27611560;63;39744359
27611744;27612016;79;39744369
27611749;27611476;64;39014879
27611749;27611642;71;39014869
27611749;27611893;98;39014868
27611750;27611657;58;37700676
27611750;27611675;15;38210387
27611750;27611782;19;37700673
27611750;27611998;66;38210416
27611757;27611298;121;38210414
27611757;27611591;41;38210401
27611758;27611736;6;37512748
27611758;27611771;7;37730707
27611758;27611796;6;37512745
27611771;27611758;7;37730706
27611771;27611816;25;37730705
27611771;27611983;56;38881661
27611772;27611612;37;37607143
27611772;27611654;70;37607147
27611772;27611972;54;37607142
27611782;27611731;21;38210457
27611782;27611750;19;37700674
27611782;27611903;91;37700671
27611788;27611637;102;37540089
27611788;27611728;12;38881648
27611794;27611180;134;37607237
27611794;27611327;150;38881503
27611794;27611905;32;37607234
27611796;27611758;6;37512746
27611796;27611788;4;37540088
27611796;27612107;81;37512743
27611798;27611379;120;37719229
27611798;27611690;96;38881705
27611798;27611881;74;37719228
27611806;27612108;83;39014881
27611809;27611001;206;38881708
27611809;27611501;67;37719258
27611809;27611914;28;37719255
27611816;27610888;195;37730712
27611816;27611771;25;37730704
27611816;27611924;32;37730711
27611819;27611997;51;38210399
27611819;27611998;114;38210408
27611820;27611620;46;39337065
27611820;27611707;90;39744375
27611820;27611719;27;39744376
27611826;27611291;121;37593698
27611843;27611446;100;38620504
27611843;27611734;49;38469882
27611843;27611905;36;38469881
27611851;27611989;87;39559744
27611852;27611694;37;37638435
27611859;27611279;134;37519361
27611877;27612262;136;37607284
27611881;27611181;207;38881701
27611881;27611798;74;37719227
27611881;27611914;37;37719226
27611893;27611749;98;39014867
27611893;27611972;60;39014866
27611893;27612629;186;37607253
27611899;27612315;135;38473738
27611899;27612366;270;37743093
27611903;27611731;98;38210467
27611903;27611782;91;37700672
27611903;27611911;5;37700669
27611905;27611794;32;37607235
27611905;27611843;36;38469880
27611905;27611946;12;37607232
27611911;27611903;5;37700670
27611911;27611988;58;37700667
27611914;27611809;28;37719256
27611914;27611881;37;37719225
27611914;27612105;76;37719253
27611924;27611816;32;37730710
27611924;27612070;38;37730717
27611924;27612090;42;37730708
27611926;27612073;68;39209453
27611936;27611668;63;37719217
27611936;27611953;20;37719202
27611936;27612002;18;37719216
27611937;27611664;67;37638422
27611937;27612006;28;37595210
27611937;27612044;27;37638421
27611946;27611905;12;37607233
27611946;27611992;116;39209645
27611946;27612073;43;37560854
27611946;27612536;137;38620499
27611948;27611609;105;37560856
27611948;27612046;41;38620567
27611948;27612113;99;38620507
27611949;27609888;460;39291251
27611949;27612815;253;37500426
27611952;27611788;45;38881647
27611953;27611690;62;38882104
27611953;27611936;20;37719201
27611953;27612017;65;37719200
27611963;27611709;70;38576277
27611972;27611772;54;37607141
27611972;27611893;60;39014865
27611972;27612108;89;39014864
27611978;27611394;159;39633842
27611983;27612106;29;38881660
27611988;27611337;156;38210392
27611988;27611911;58;37700668
27611988;27612076;57;37700665
27611989;27612218;143;37743090
27611992;27611946;116;39209644
27611992;27612877;228;37607231
27611997;27611757;116;38210413
27611998;27612205;115;38210407
27611998;27612249;63;38210415
27612002;27611936;18;37719215
27612002;27612094;83;38427291
27612006;27611679;148;38427297
27612006;27612044;16;38427294
27612016;27611719;91;39744373
27612016;27611744;79;39744368
27612016;27612018;98;39744370
27612017;27611953;65;37719199
27612017;27612094;20;37719252
27612018;27612016;98;39744371
27612025;27612076;13;37700690
27612025;27612129;77;39315727
27612044;27611937;29;38576361
27612044;27612006;16;38427295
27612044;27612088;22;38427292
27612046;27611948;41;38620566
27612046;27612133;42;38620565
27612046;27612341;87;38620586
27612056;27611275;223;37540122
27612056;27612172;65;37540119
27612056;27612262;107;37558448
27612070;27611924;38;37730716
27612070;27612090;23;37730702
27612073;27611926;68;39209452
27612073;27611946;43;37560855
27612073;27612296;60;37560850
27612076;27611988;57;37700666
27612076;27612285;54;39315711
27612088;27611937;37;37572482
27612088;27612044;22;38427293
27612088;27612397;428;38427286
27612090;27611924;42;37730709
27612090;27612127;11;37730700
27612094;27612002;83;38427290
27612094;27612017;20;37719251
27612094;27612240;143;38427289
27612103;27611365;179;38300142
27612103;27612197;36;37742822
27612104;27612070;9;37730701
27612104;27612106;20;37521208
27612105;27611914;76;37719254
27612106;27612104;20;37521209
27612106;27612107;4;37521206
27612106;27612334;59;38881659
27612107;27611796;81;37512744
27612107;27612106;4;37521207
27612107;27612334;58;37512741
27612108;27611806;83;39014882
27612108;27611972;89;39014863
27612108;27612201;47;39014862
27612113;27611948;99;38620508
27612116;27611911;53;38210420
27612116;27612285;115;38210406
27612126;27612757;308;37753089
27612127;27612104;14;37730699
27612127;27612427;72;37730703
27612129;27611739;100;39315706
27612129;27612025;77;39315726
27612133;27612046;42;38620564
27612133;27612232;41;38620563
27612133;27612464;87;38620515
27612157;27612930;302;38881692
27612167;27612193;15;37743085
27612172;27611733;115;37607209
27612172;27612056;65;37540120
27612172;27612302;32;37540117
27612176;27611717;115;39636321
27612176;27612322;247;37504915
27612176;27612492;75;39636318
27612191;27612389;49;39602016
27612193;27610736;525;37742826
27612193;27612476;75;37743080
27612197;27612167;30;37743084
27612201;27612108;47;39014861
27612201;27612360;62;37607287
27612201;27612394;65;39014860
27612205;27612116;24;38210419
27612212;27611642;138;37558413
27612212;27612290;18;37607155
27612212;27612330;33;37608105
27612214;27611696;252;37742827
27612218;27612279;28;39601816
27612232;27612133;41;38620562
27612232;27612296;27;37560853
27612232;27612405;42;37560886
27612240;27612094;143;38427288
27612240;27612325;21;37624331
27612240;27612397;284;38427285
27612249;27611997;118;38210412
27612252;27612103;36;37743091
27612252;27612197;30;37743083
27612262;27611877;136;37607285
27612262;27612056;107;37558449
27612262;27612394;95;37558446
27612271;27611070;285;37700659
27612279;27612658;183;39601817
27612285;27612537;60;39315710
27612290;27612212;18;37607156
27612290;27612320;9;37607153
27612290;27612330;23;37686645
27612296;27612073;60;37560851
27612296;27612232;27;37560852
27612296;27612357;30;39209450
27612299;27612205;23;38210418
27612302;27612172;32;37540118
27612302;27612931;158;37540129
27612320;27612290;9;37607154
27612320;27612404;21;37607151
27612322;27612730;107;37504914
27612322;27612730;228;37564362
27612325;27612240;21;37624330
27612330;27612391;13;37608104
27612334;27611952;95;37792625
27612334;27612107;58;37512742
27612334;27612710;101;37792638
27612335;27611859;127;39602015
27612337;27612252;30;37743082
27612341;27612046;87;38620587
27612349;27610853;349;37507325
27612357;27612296;30;39209451
27612360;27612201;62;37607286
27612371;27612615;59;37505504
27612389;27612623;58;37519364
27612390;27612320;21;37686644
27612390;27612404;27;37686642
27612391;27612390;11;37686643
27612391;27612629;115;37558443
27612394;27612201;65;39014859
27612394;27612262;95;37558447
27612394;27612434;10;39014858
27612397;27612088;428;38427287
27612397;27612240;284;38427284
27612401;27611859;227;37505671
27612401;27612411;82;39602011
27612403;27612646;238;39275608
27612404;27612320;21;37607152
27612404;27612802;128;37558463
27612405;27612232;42;37560887
27612405;27612478;19;37560884
27612411;27612541;91;39601676
27612417;27612337;15;37743081
27612427;27612104;74;37730698
27612427;27612764;95;37521201
27612434;27612394;10;39014857
27612434;27612843;142;37686212
27612444;27611542;335;37505674
27612444;27612401;42;39241844
27612464;27612133;87;38620516
27612467;27613000;348;39316027
27612471;27612673;136;37507313
27612474;27612471;89;39758724
27612474;27612577;236;37500425
27612478;27612405;154;37560888
27612478;27612405;19;37560885
27612478;27612559;25;37560882
27612484;27612474;16;39758725
27612486;27612942;177;38881695
27612491;27612434;15;38881699
27612491;27612601;112;37607283
27612492;27612176;75;39636319
27612492;27612646;69;37504942
27612492;27613504;256;39636316
27612506;27614103;511;37507317
27612513;27612249;116;38210411
27612513;27612299;51;38210417
27612523;27612484;28;39758726
27612536;27611946;137;38620500
27612536;27612793;73;38856853
27612537;27612299;117;38210405
27612537;27612707;60;39315709
27612541;27612191;254;37505672
27612541;27612861;229;39601675
27612553;27612358;309;37568135
27612553;27612397;80;37568137
27612559;27612478;25;37560883
27612560;27612214;161;39257051
27612576;27610728;717;37746121
27612577;27612335;58;37519360
27612583;27612523;48;39758727
27612601;27612491;112;37607282
27612602;27612349;61;37519362
27612615;27613338;187;39601963
27612619;27612553;17;39601772
27612623;27612851;65;39602014
27612624;27612337;133;37756294
27612629;27611893;186;37607252
27612629;27612391;115;37558442
27612629;27612735;59;37558441
27612643;27612002;263;37568117
27612646;27612403;238;39275609
27612646;27612492;69;37504943
27612646;27613997;320;37504940
27612654;27612710;24;39616096
27612656;27612735;95;37607165
27612658;27612832;422;37746119
27612673;27612726;19;38105724
27612673;27612737;41;37507312
27612689;27612620;234;37568131
27612696;27612444;148;39241843
27612701;27613315;207;37558492
27612707;27612513;109;38210410
27612710;27612334;101;37792639
27612710;27612654;24;39616097
27612710;27612764;36;37504899
27612710;27613322;153;37792636
27612726;27612673;19;38105723
27612726;27612761;21;37623347
27612726;27612860;32;38105722
27612730;27613196;110;37504913
27612735;27612629;59;37558440
27612735;27612656;95;37607166
27612735;27613021;78;37558439
27612737;27612696;12;39241838
27612737;27612829;47;39241837
27612750;27613033;84;37517094
27612757;27612887;81;39559736
27612761;27612737;12;38855048
27612764;27612710;36;37504898
27612764;27612813;28;37504897
27612773;27613018;53;39209402
27612773;27613021;246;37607168
27612775;27612536;67;38856861
27612775;27612793;27;37607223
27612789;27612624;123;37756293
27612789;27612838;22;37753100
27612793;27612988;40;38856852
27612802;27612404;128;37558462
27612802;27612997;51;37558461
27612802;27613070;58;37886416
27612813;27612764;28;37504896
27612813;27612921;52;37504895
27612813;27613454;155;37504972
27612815;27613005;55;39433342
27612829;27614259;518;38855003
27612838;27612663;129;37756295
27612838;27613042;46;37753097
27612843;27612895;10;37686213
27612843;27612948;78;37686211
27612845;27612761;22;38855047
27612845;27612829;66;37623346
27612851;27612583;298;37519363
27612851;27613338;125;37505673
27612858;27612775;21;38856860
27612860;27612726;32;38105721
27612860;27612845;4;37623345
27612860;27612954;18;37539642
27612861;27613005;54;39433341
27612864;27613068;81;39265270
27612877;27612992;33;37607230
27612887;27612741;172;37756297
27612887;27612880;147;39257052
27612895;27612491;131;38881698
27612895;27612843;10;37686214
27612895;27612987;23;37558444
27612905;27612302;158;37540130
27612905;27612931;19;37505719
27612921;27612813;52;37504894
27612921;27612930;5;37504893
27612921;27613542;155;37504974
27612926;27612583;229;39602012
27612930;27612157;302;38881693
27612930;27612921;5;37504892
27612930;27613051;68;37504891
27612931;27612980;15;37505717
27612942;27612486;177;38881696
27612942;27612858;31;37607247
27612948;27612905;17;37505718
27612952;27612789;56;37753099
27612954;27612860;18;37539643
27612954;27612955;74;37539651
27612954;27613171;50;37539640
27612955;27612958;41;37539650
27612955;27613174;51;37545758
27612958;27613038;43;37539649
27612958;27613812;198;37545760
27612980;27613002;43;37607245
27612980;27613049;17;37505715
27612987;27612895;23;37558445
27612987;27613018;35;39209400
27612987;27613184;46;37607177
27612988;27613073;41;38881700
27612988;27613144;36;38856851
27612992;27612942;73;37607246
27612997;27612802;51;37558460
27612997;27613070;40;37686207
27612997;27613305;100;37558459
27613000;27612467;348;39316028
27613000;27612952;27;39300540
27613002;27612877;37;37607208
27613002;27612992;43;37607244
27613018;27612773;53;39209403
27613018;27612987;35;39209401
27613018;27613118;113;39209398
27613021;27612735;78;37558438
27613021;27612773;246;37607167
27613021;27613180;38;37558437
27613026;27612858;35;38856859
27613026;27613036;99;37607250
27613027;27612952;18;37753098
27613027;27613000;29;38409909
27613034;27612895;82;38881697
27613034;27612948;20;37505716
27613036;27613052;46;37607249
27613036;27613163;32;37686210
27613038;27612958;43;37539648
27613049;27613094;31;37505713
27613051;27612930;68;37504890
27613051;27613196;87;37504889
27613052;27613049;44;37607248
27613068;27612864;81;39265269
27613070;27612802;58;37886415
27613070;27612997;40;37686208
27613070;27613402;77;37886414
27613073;27611596;592;37518566
27613073;27613144;35;38881694
27613094;27613034;22;37505714
27613098;27613026;19;38856858
27613107;27613027;27;37753095
27613107;27613039;80;37756292
27613111;27613119;17;37753092
27613118;27613018;113;39209399
27613118;27613227;135;39209396
27613118;27613299;46;39209393
27613119;27613107;8;37753093
27613136;27612926;87;37517098
27613144;27613213;17;38856850
27613163;27613052;43;37686636
27613163;27613384;56;38855044
27613165;27613183;28;37877972
27613171;27612954;50;37539641
27613171;27613174;73;37539652
27613171;27613377;70;37573280
27613171;27613385;51;37539638
27613173;27613198;126;37607164
27613173;27613272;25;39209390
27613173;27613315;93;37558417
27613174;27613171;73;37539653
27613174;27613378;49;37545757
27613180;27613021;38;37558436
27613180;27613227;11;37558435
27613183;27613055;108;37877973
27613184;27612987;46;37607178
27613184;27613299;146;37607290
27613184;27613412;73;37607175
27613196;27613051;87;37504888
27613196;27613504;181;37504887
27613196;27613548;86;37504912
27613198;27613173;126;37607163
27613198;27613180;19;37607183
27613213;27613259;27;37607251
27613213;27613862;169;38856855
27613226;27613098;34;38856857
27613226;27613460;111;37607227
27613227;27613118;135;39209397
27613227;27613180;11;37558434
27613227;27613372;37;37558433
27613259;27613226;12;38856856
27613269;27612471;219;37505670
27613269;27612602;171;39601964
27613272;27613173;25;39209391
27613272;27613198;98;37607182
27613272;27613493;50;39209388
27613299;27613118;46;39209392
27613299;27613184;146;37607291
27613299;27613808;143;37607288
27613305;27612997;100;37558458
27613305;27613662;89;37558457
27613305;27613997;264;39209366
27613315;27612701;207;37558493
27613315;27613173;93;37558416
27613315;27613402;96;37558415
27613320;27612643;226;37519358
27613320;27612750;400;37517095
27613322;27612710;153;37792637
27613322;27613437;56;37504971
27613322;27613617;70;37792634
27613338;27616361;659;37505505
27613372;27613227;37;37558432
27613372;27613399;20;37607181
27613372;27613608;55;37558431
27613377;27613171;70;37573281
27613377;27613385;42;37573283
27613377;27613556;47;37573278
27613378;27613593;50;37545756
27613384;27613163;56;38855043
27613384;27613401;18;37607228
27613384;27613461;16;38855042
27613385;27613171;51;37539639
27613385;27613377;42;37573282
27613385;27613378;73;37539654
27613385;27613595;50;37539636
27613387;27614937;391;39265272
27613399;27613464;104;37607184
27613399;27613464;67;37607180
27613399;27613669;120;37607162
27613401;27613098;111;37607229
27613402;27613070;77;37886413
27613402;27613315;96;37558414
27613402;27613566;40;37886412
27613412;27613184;73;37607176
27613412;27613435;27;37607173
27613412;27613573;40;37607281
27613420;27613567;36;39209383
27613435;27613412;27;37607174
27613435;27613825;165;37607171
27613435;27613955;176;37607295
27613437;27613322;56;37504970
27613437;27613454;8;37504969
27613437;27613564;33;38183318
27613454;27612813;155;37504973
27613454;27613437;8;37504968
27613454;27613542;56;37504967
27613460;27613485;18;37686637
27613460;27613583;33;37607226
27613461;27613384;16;38855041
27613461;27613401;19;37686638
27613461;27613485;5;38855040
27613464;27613399;104;37607185
27613464;27613493;29;37607179
27613485;27613461;5;38855039
27613485;27613583;27;38855038
27613493;27613272;50;39209389
27613493;27613695;51;39209386
27613504;27612492;256;39636317
27613504;27613196;181;37504886
27613504;27614240;164;39636314
27613530;27613564;27;38183316
27613542;27612921;155;37504975
27613542;27613454;56;37504966
27613542;27613631;89;37504965
27613548;27613969;207;37564361
27613548;27613969;93;37504911
27613556;27613377;47;37573279
27613556;27613729;50;37573276
27613564;27613437;33;38183317
27613564;27613530;27;38183315
27613564;27613775;75;38183314
27613566;27613402;40;37886411
27613566;27613605;45;39209375
27613566;27613695;234;37886406
27613567;27613420;36;39209382
27613567;27613605;21;39209384
27613567;27613749;45;39209381
27613570;27613617;31;39616094
27613573;27613412;40;37607280
27613583;27613485;27;38855037
27613583;27614040;114;38855036
27613593;27613595;73;37539656
27613593;27613817;50;37545755
27613595;27613385;50;37539637
27613595;27613556;67;37573284
27613595;27613593;73;37539655
27613595;27613816;49;37539634
27613605;27613566;45;39209374
27613605;27613567;21;39209385
27613605;27613749;34;39209373
27613608;27613372;55;37558430
27613608;27613669;88;37886409
27613608;27613808;64;37558429
27613610;27613570;10;37504976
27613617;27613322;70;37792635
27613617;27613570;31;39616095
27613617;27613651;31;37521217
27613617;27614329;154;37792632
27613631;27613051;139;37504963
27613631;27613542;89;37504964
27613651;27613617;31;37521218
27613651;27613775;73;37521215
27613651;27614178;150;38183311
27613662;27613305;89;37558456
27613662;27613868;47;37558455
27613662;27614014;173;37607195
27613669;27613399;120;37607161
27613669;27613608;88;37886410
27613669;27613695;27;37886407
27613695;27613493;51;39209387
27613695;27613566;234;37886405
27613695;27613669;27;37886408
27613695;27614010;72;37558484
27613729;27613556;50;37573277
27613729;27613886;49;37573286
27613729;27614066;95;37573274
27613749;27613567;45;39209380
27613749;27613605;34;39209372
27613749;27614364;167;39209371
27613775;27613564;75;38183313
27613775;27613651;73;37521216
27613775;27614300;164;37521213
27613788;27612696;426;39241842
27613801;27613119;168;37756296
27613806;27614103;448;37507327
27613808;27613299;143;37607289
27613808;27613608;64;37558428
27613808;27613852;18;37558427
27613812;27612958;198;37545759
27613812;27613817;40;38105728
27613816;27613595;49;37539635
27613816;27613820;17;38225195
27613816;27613886;64;38225192
27613816;27613952;27;37545762
27613817;27613812;40;38105727
27613817;27613820;55;38105726
27613820;27613816;17;38225194
27613820;27613817;55;38105725
27613824;27614106;98;39265267
27613825;27613435;165;37607172
27613825;27613954;31;37607169
27613825;27613955;47;37607292
27613849;27613094;184;39241856
27613849;27614120;52;39241859
27613852;27613808;18;37558426
27613852;27613954;35;37558425
27613852;27614312;185;37558490
27613862;27613788;172;37686200
27613862;27614042;41;38856854
27613868;27613662;47;37558454
27613868;27614014;45;37558453
27613868;27614488;211;37558472
27613875;27614099;53;38229211
27613882;27613259;166;38854998
27613882;27613862;8;37686201
27613886;27613729;49;37573285
27613886;27613816;64;38225193
27613886;27614072;40;38225190
27613909;27613979;37;37686632
27613909;27613979;37;37686635
27613920;27613934;40;37607276
27613920;27613934;15;37607279
27613934;27613920;15;37607278
27613934;27613920;40;37607277
27613934;27613955;104;39209395
27613952;27613816;27;37545761
27613952;27614150;49;37539646
27613952;27614150;83;37539645
27613954;27613825;31;37607170
27613954;27613852;35;37558424
27613954;27614212;98;37558423
27613955;27613435;176;37607294
27613955;27613825;47;37607293
27613955;27613934;104;39209394
27613969;27614390;89;37504910
27613979;27613909;37;37686634
27613979;27613909;37;37686633
27613979;27614070;20;37607262
27613997;27612646;320;37504941
27613997;27613305;264;39209367
27613997;27614988;246;37504938
27614010;27613695;72;37558485
27614010;27614065;21;39547562
27614010;27614114;18;37558482
27614014;27613662;173;37607194
27614014;27613868;45;37558452
27614014;27614518;98;37558451
27614027;27614065;112;39209376
27614040;27613583;114;38855035
27614040;27614099;12;38855034
27614042;27614080;33;38855050
27614042;27614088;8;38855000
27614065;27614010;21;39547561
27614065;27614027;112;39209377
27614065;27614114;24;39209378
27614066;27613729;95;37573275
27614066;27614319;53;37573272
27614066;27614515;234;37685320
27614070;27613979;20;37607263
27614070;27614191;29;37607260
27614072;27613886;40;38225191
27614072;27614066;85;37573287
27614072;27614321;53;38225188
27614080;27613882;38;38854997
27614080;27614042;33;38855049
27614088;27614220;32;38854999
27614088;27614289;119;37607257
27614099;27613875;53;38229212
27614099;27614040;12;38855033
27614099;27614139;12;38855032
27614103;27616247;517;37507316
27614106;27613824;98;39265268
27614114;27614010;18;37558483
27614114;27614065;24;39209379
27614114;27614312;82;37558480
27614120;27614551;88;39241861
27614120;27614568;89;39241858
27614139;27614040;119;37686631
27614139;27614099;12;38855031
27614139;27614225;21;38855030
27614149;27613983;55;39616093
27614150;27613952;49;37539647
27614150;27613952;83;37539644
27614178;27613651;150;38183310
27614182;27613849;66;39241855
27614182;27614247;73;37558420
27614191;27614070;29;37607261
27614191;27614080;29;37624345
27614212;27613954;98;37558422
27614212;27614247;69;37558419
27614212;27614314;23;37686576
27614220;27613788;146;39241841
27614220;27614259;10;39241845
27614225;27614139;21;38855029
27614225;27614360;38;39248880
27614225;27614415;47;38855028
27614240;27613504;164;39636315
27614240;27614390;181;37504985
27614240;27615106;186;39636312
27614247;27614182;73;37558421
27614247;27614212;69;37558418
27614247;27614314;70;37558475
27614259;27614410;72;38855002
27614259;27614517;153;37540293
27614289;27614070;96;37607259
27614289;27614088;119;37607258
27614289;27614191;38;37624344
27614300;27613775;164;37521214
27614312;27613852;185;37558491
27614312;27614114;82;37558481
27614312;27614382;26;37558478
27614314;27614212;23;37686575
27614314;27614247;70;37558474
27614314;27614529;171;37558469
27614315;27614360;8;38229870
27614315;27614366;28;38229861
27614315;27614366;69;38229869
27614319;27614066;53;37573273
27614319;27614321;84;37573289
27614319;27614323;33;39209650
27614319;27614590;48;37573270
27614321;27614072;53;38225189
27614321;27614319;84;37573288
27614321;27614592;49;38225186
27614322;27614329;37;37504228
27614323;27614319;33;39209651
27614323;27614336;15;39209648
27614329;27613617;154;37792633
27614329;27614322;37;37504227
27614329;27614738;77;37792630
27614336;27614323;43;37685318
27614336;27614323;15;39209649
27614336;27614519;43;39209646
27614360;27614225;38;39248879
27614360;27614315;8;38229871
27614360;27614426;15;38229866
27614364;27613749;167;39209370
27614364;27614488;27;39547564
27614364;27614504;43;39209369
27614366;27614315;28;38229860
27614366;27614315;69;38229868
27614366;27614460;19;38229859
27614382;27614312;26;37558479
27614382;27614529;41;37558476
27614382;27614572;43;39547560
27614390;27614240;181;37504986
27614390;27614507;89;37504983
27614390;27614945;107;37504909
27614410;27614578;67;38855001
27614410;27614608;47;37540292
27614415;27614225;47;38855027
27614415;27614289;47;37624343
27614415;27614532;18;37607225
27614426;27614360;15;38229867
27614426;27614460;24;39248878
27614426;27614528;15;38229864
27614446;27613269;272;39601960
27614460;27614366;19;38229858
27614460;27614426;24;39248877
27614460;27614560;15;38229857
27614471;27614822;81;37685311
27614488;27613868;211;37558473
27614488;27614364;27;39547563
27614488;27614504;42;37558470
27614504;27614364;43;39209368
27614504;27614488;42;37558471
27614504;27614572;192;37558464
27614507;27613631;181;37504962
27614507;27614390;89;37504984
27614507;27614607;94;37504981
27614515;27614066;234;37685319
27614515;27614517;6;37624342
27614517;27614608;237;37624336
27614518;27614014;98;37558450
27614518;27614988;102;37558488
27614518;27615276;473;37558487
27614519;27614336;43;39209647
27614519;27614515;97;37624341
27614528;27614426;15;38229865
27614528;27614560;26;39248876
27614528;27614574;13;38229862
27614529;27614314;171;37558468
27614529;27614382;41;37558477
27614529;27614572;41;37558467
27614529;27614603;282;37608097
27614530;27614182;68;39241854
27614530;27614587;48;37608100
27614532;27614220;141;38855004
27614532;27614415;18;37607224
27614551;27614612;12;39241860
27614560;27614460;15;38229856
27614560;27614528;26;39248875
27614560;27614662;47;38229855
27614568;27614551;6;37607255
27614568;27614612;9;39241857
27614572;27614382;43;39547559
27614572;27614504;192;37558465
27614572;27614529;41;37558466
27614574;27614528;13;38229863
27614574;27614532;33;38856882
27614576;27614530;8;39241853
27614576;27614568;7;37607254
27614578;27614532;11;39241839
27614578;27614743;147;38855006
27614587;27614530;48;37608101
27614587;27614603;13;37608098
27614587;27614603;56;38375561
27614590;27614319;48;37573271
27614590;27614599;36;37624338
27614591;27614590;41;37624339
27614591;27614845;49;37573269
27614592;27614321;49;38225187
27614592;27614591;37;37624340
27614599;27614519;39;37624337
27614599;27614837;47;37573252
27614603;27614529;282;37608096
27614603;27614587;56;38375560
27614603;27614587;13;37608099
27614607;27614507;94;37504982
27614607;27614676;90;37504979
27614607;27615036;87;37505752
27614608;27614578;30;37624346
27614612;27614747;55;39241862
27614662;27614560;47;38229854
27614662;27614574;79;38856881
27614676;27614607;90;37504980
27614676;27614738;70;37504977
27614729;27614662;69;38856880
27614729;27614775;9;38856925
27614738;27614329;77;37792631
27614738;27614676;70;37504978
27614738;27614804;53;39446807
27614738;27615141;77;37933483
27614743;27614775;39;38855005
27614743;27614841;25;38375559
27614747;27614729;62;39241863
27614775;27614841;25;39241864
27614775;27614894;100;38856883
27614775;27614921;80;37607275
27614796;27614805;96;38546560
27614796;27614805;85;38856913
27614796;27615096;75;38856908
27614804;27614738;53;39446806
27614805;27614796;96;38546559
27614805;27614796;85;38856912
27614805;27614931;121;38856911
27614816;27615024;42;38900007
27614822;27614471;81;37685310
27614822;27614845;46;37685317
27614822;27615024;60;37685314
27614837;27614845;77;37573247
27614837;27615099;51;37573251
27614840;27614729;91;39241851
27614840;27614747;33;37607256
27614841;27614931;22;38856923
27614845;27614591;49;37573268
27614845;27614822;46;37685316
27614845;27615100;50;37573267
27614854;27614576;55;39241852
27614854;27614840;8;39241850
27614894;27614854;9;37505712
27614894;27615080;38;37607273
27614894;27615590;636;39241849
27614899;27614507;76;37504961
27614899;27615036;92;37859860
27614921;27614894;26;39241846
27614921;27615080;34;37607274
27614931;27614805;121;38856910
27614931;27615067;115;38856907
27614937;27613387;391;39265271
27614937;27614943;46;38058735
27614937;27615516;196;38058732
27614943;27614937;46;38058734
27614943;27615029;45;38058731
27614945;27615341;194;37564360
27614945;27615341;83;37504908
27614988;27613997;246;37504939
27614988;27614518;102;37558489
27614988;27615546;247;37504936
27615022;27614899;26;37504960
27615022;27615182;92;37859834
27615024;27614816;42;38900006
27615024;27614822;60;37685315
27615024;27615107;21;37685312
27615029;27614943;45;38058730
27615029;27615046;11;38485869
27615036;27614899;92;37859859
27615036;27615182;30;37505751
27615036;27615184;93;37859858
27615046;27615029;11;38485868
27615067;27615080;10;38856906
27615067;27615143;53;39504731
27615080;27614894;38;37607272
27615080;27616170;299;37607271
27615096;27614796;75;38856909
27615099;27615100;77;37573243
27615099;27615368;51;37573250
27615100;27614845;50;37573266
27615100;27615099;77;37573244
27615100;27615101;43;37573245
27615101;27615100;43;37573246
27615101;27615102;53;37573241
27615101;27615376;52;37573258
27615102;27615101;53;37573242
27615102;27615107;9;37573239
27615102;27615372;51;38764130
27615104;27615141;64;39234486
27615106;27614240;186;39636313
27615106;27615563;199;39636310
27615106;27615709;176;37505730
27615107;27615024;21;37685313
27615107;27615102;9;37573240
27615107;27615371;76;37573259
27615141;27614738;77;37933484
27615141;27615104;64;39234487
27615141;27615304;29;37933481
27615143;27615067;53;39504732
27615145;27615022;26;37504959
27615145;27615337;92;37859901
27615168;27614676;96;39247779
27615168;27615219;33;37859878
27615182;27615022;92;37859833
27615182;27615337;30;37505750
27615182;27615356;92;37859832
27615184;27615036;93;37859857
27615184;27615168;4;39247778
27615219;27615168;33;37859879
27615219;27615304;58;37859967
27615219;27615584;81;37859876
27615260;27615290;50;37859815
27615276;27614518;473;37558486
27615276;27614854;373;37505444
27615280;27615145;26;37504958
27615280;27615468;91;37859907
27615290;27615260;50;37859816
27615304;27615141;29;37933482
27615304;27615219;58;37859966
27615304;27616120;184;37933479
27615337;27615145;92;37859900
27615337;27615468;31;37505749
27615337;27615510;92;37859899
27615341;27615709;103;37504907
27615356;27615182;92;37859831
27615356;27615184;34;39247777
27615368;27615608;51;37573249
27615371;27615107;76;37573260
27615371;27615372;23;37573265
27615372;27615102;51;38764129
27615372;27615376;53;37573264
27615376;27615101;52;37573257
27615376;27615368;121;37573263
27615376;27615611;49;37573256
27615390;27615280;26;37504957
27615390;27615598;92;37859945
27615468;27615280;91;37859906
27615468;27615598;30;37505748
27615468;27615647;92;37859905
27615501;27615390;26;37504956
27615501;27615714;92;37859788
27615510;27615337;92;37859898
27615510;27615356;34;39247776
27615516;27614937;196;38058733
27615534;27615510;5;39247775
27615534;27615584;31;37859864
27615546;27614988;247;37504937
27615546;27615276;264;37505443
27615563;27615106;199;39636311
27615563;27615606;61;37540169
27615563;27615655;34;39241869
27615584;27615219;81;37859877
27615584;27615534;31;37859863
27615584;27615707;29;37859874
27615590;27615612;16;39241848
27615590;27616719;278;37564357
27615598;27615390;92;37859944
27615598;27615714;30;37505747
27615598;27615798;92;37859943
27615602;27615546;46;37505442
27615605;27615501;26;37504955
27615605;27615848;92;37859965
27615606;27615602;69;37540170
27615607;27615371;49;37573262
27615608;27615611;119;37573237
27615608;27615840;57;37573248
27615611;27615376;49;37573255
27615611;27615607;78;37573238
27615611;27615858;49;37573254
27615612;27615877;125;39241866
27615612;27615954;132;39241847
27615647;27615468;92;37859904
27615647;27615534;29;39247774
27615647;27615707;32;37859903
27615655;27615563;34;39241870
27615655;27615606;40;39241871
27615655;27615877;50;39241872
27615698;27615605;26;37504954
27615698;27615965;93;37859826
27615707;27615584;29;37859875
27615707;27615647;32;37859902
27615707;27615865;31;37859872
27615709;27615106;176;37505731
27615709;27615972;82;37504906
27615709;27616017;91;37505728
27615714;27615501;92;37859787
27615714;27615848;30;37505746
27615714;27615951;92;37859786
27615784;27615647;31;39247773
27615784;27615865;33;37859891
27615798;27615598;92;37859942
27615798;27615784;3;39247772
27615803;27615698;26;37504953
27615803;27616082;93;37859814
27615806;27615655;31;39241867
27615840;27615853;73;37573235
27615845;27615607;52;37573261
27615848;27615605;92;37859964
27615848;27615965;29;37505745
27615848;27616089;93;37859963
27615853;27615854;113;37685309
27615853;27615858;14;37573233
27615854;27615845;51;37573236
27615854;27615853;113;37685308
27615858;27615611;49;37573253
27615858;27615854;11;37573234
27615865;27615707;31;37859873
27615865;27615784;33;37859890
27615865;27615999;33;37859870
27615877;27615602;95;37505441
27615877;27615806;22;39241865
27615877;27615954;18;39241840
27615889;27613320;609;39601677
27615921;27615803;28;37504952
27615921;27616180;94;37859852
27615951;27615714;92;37859785
27615951;27615798;35;39247771
27615954;27616510;147;37505440
27615965;27615698;93;37859825
27615965;27616082;30;37505744
27615965;27616204;92;37859824
27615972;27616023;20;37504905
27615972;27616023;204;37564359
27615982;27615806;38;39241868
27615982;27615877;32;39241874
27615999;27615865;33;37859871
27616017;27615709;91;37505729
27616017;27615921;32;37504951
27616017;27616294;93;37505726
27616023;27616118;39;37504904
27616043;27616572;143;39259178
27616052;27614446;333;37507324
27616082;27615803;93;37859813
27616082;27616180;30;37505743
27616082;27616316;91;37859812
27616089;27615848;93;37859962
27616089;27615951;34;39247770
27616118;27616189;40;37504903
27616118;27616447;131;37859887
27616120;27615304;184;37933480
27616120;27616214;92;37859828
27616120;27616214;24;37933477
27616130;27616017;35;37504950
27616130;27616420;94;37859975
27616170;27615080;299;37607270
27616170;27616433;64;38764106
27616170;27617142;444;37607269
27616180;27615921;94;37859851
27616180;27616294;40;37505742
27616180;27616432;91;37859850
27616189;27616328;61;37504902
27616189;27616328;197;37564358
27616204;27615965;92;37859823
27616204;27616089;34;39247769
27616204;27616478;85;37859822
27616214;27616120;92;37859827
27616214;27616120;24;37933478
27616214;27616516;77;37933475
27616215;27616130;30;37504949
27616215;27616501;90;37859961
27616247;27616470;76;39601966
27616263;27616052;58;39601968
27616271;27616493;51;38760081
27616284;27616215;25;37504948
27616284;27616585;89;37859808
27616294;27616017;93;37505727
27616294;27616420;39;37505741
27616294;27616580;92;37505724
27616316;27616082;91;37859811
27616316;27616204;34;39247768
27616316;27616478;61;37859810
27616328;27616447;31;37504934
27616328;27616482;84;37504901
27616333;27616452;32;37859802
27616333;27616563;108;37859987
27616340;27616284;24;37504947
27616340;27616669;90;37859917
27616350;27616417;28;38902087
27616361;27616897;119;37507318
27616384;27616052;78;39601961
27616404;27616340;25;37504946
27616404;27616758;90;37859971
27616417;27616350;28;38902086
27616420;27616130;94;37859974
27616420;27616501;32;37505740
27616420;27616743;93;37859973
27616432;27616180;91;37859849
27616432;27616316;34;39247767
27616432;27616666;78;37859848
27616433;27616170;64;38764105
27616433;27616517;314;38546556
27616445;27616885;101;39659168
27616447;27616118;131;37859886
27616447;27616328;31;37504935
27616447;27616563;29;37504932
27616452;27616333;32;37859801
27616452;27616404;24;37504945
27616452;27616577;33;37859800
27616470;27617602;474;39601965
27616478;27616204;85;37859821
27616478;27616316;61;37859809
27616478;27616666;42;37859820
27616482;27615982;131;39241873
27616482;27616510;10;39241876
27616493;27616271;51;38760080
27616501;27616215;90;37859960
27616501;27616585;30;37505739
27616501;27616855;95;37859959
27616510;27616719;89;39241875
27616510;27617643;275;37505439
27616516;27616214;77;37933476
27616516;27617009;112;37933473
27616517;27616433;314;38546555
27616518;27615561;250;37859931
27616518;27616601;57;37859889
27616551;27615889;286;37507322
27616563;27616333;108;37859986
27616563;27616447;29;37504933
27616563;27616692;31;37504930
27616572;27616601;7;39546876
27616572;27616629;29;37540174
27616577;27616452;33;37859799
27616577;27616700;28;37859798
27616577;27616843;109;37859862
27616580;27616294;92;37505725
27616580;27616432;45;39247766
27616580;27616896;100;37505722
27616585;27616284;89;37859807
27616585;27616669;29;37505738
27616585;27616951;94;37859806
27616601;27616518;57;37859888
27616601;27616572;7;39546875
27616601;27616753;34;39546874
27616629;27616908;82;37540173
27616629;27617678;258;37608103
27616643;27616516;68;37540172
27616643;27616518;31;37859930
27616666;27616432;78;37859847
27616666;27616478;42;37859819
27616666;27616896;49;37859818
27616669;27616340;90;37859916
27616669;27616758;31;37505737
27616669;27617041;93;37859915
27616689;27616530;37;37518329
27616692;27616452;108;37504944
27616692;27616563;31;37504931
27616692;27616843;33;37504928
27616700;27616577;28;37859797
27616700;27616834;29;37859796
27616700;27616953;109;37859838
27616719;27615590;278;37564356
27616719;27617824;273;37564355
27616743;27616420;93;37859972
27616743;27616580;46;39247765
27616744;27616798;30;38546553
27616746;27617727;270;37518325
27616753;27616601;34;39546873
27616753;27616643;54;37540171
27616753;27617583;211;39546872
27616758;27616404;90;37859970
27616758;27616834;30;37505736
27616758;27617136;93;37859969
27616782;27617464;153;38883067
27616798;27616744;30;38546552
27616798;27617208;207;38546551
27616798;27618497;483;38903345
27616834;27616700;29;37859795
27616834;27616973;34;37859794
27616834;27617084;109;37505735
27616843;27616577;109;37859861
27616843;27616692;33;37504929
27616843;27616953;28;37504926
27616845;27616984;33;39222286
27616855;27616501;95;37859958
27616855;27616743;35;39247764
27616885;27616445;101;39659167
27616885;27616689;50;37791279
27616885;27616908;4;39659163
27616896;27616580;100;37505723
27616896;27616666;49;37859817
27616896;27617009;49;37505720
27616908;27616885;4;39659162
27616908;27617137;52;39659161
27616942;27616384;123;37506877
27616951;27616585;94;37859805
27616951;27616855;34;39247763
27616953;27616700;109;37859837
27616953;27616843;28;37504927
27616953;27617084;32;37504924
27616973;27616834;34;37859793
27616973;27617092;28;37859792
27616973;27617214;109;37859881
27616983;27616551;105;37507530
27616984;27616845;33;39222285
27616984;27617059;17;39222284
27616989;27617365;79;38883066
27617005;27616984;11;39071551
27617009;27616516;112;37933474
27617009;27616896;49;37505721
27617009;27617449;102;37933471
27617041;27616669;93;37859914
27617041;27616951;34;39247762
27617059;27616984;17;39222283
27617059;27617102;18;38313196
27617059;27617542;123;39222282
27617084;27616953;32;37504925
27617084;27617214;32;37504922
27617087;27617155;64;39052995
27617087;27617336;50;39053010
27617087;27617393;121;39052988
27617092;27616973;28;37859791
27617092;27617226;32;37859790
27617092;27617350;108;37859985
27617136;27616758;93;37859968
27617136;27617041;35;39247761
27617137;27616908;52;39659160
27617137;27617940;217;39659166
27617142;27616170;444;37607268
27617142;27617208;20;37607267
27617142;27617448;68;39036622
27617155;27617087;64;39052994
27617155;27617159;5;39052993
27617155;27617336;83;39053007
27617159;27617155;5;39052992
27617159;27617187;291;39053017
27617159;27617217;38;39052991
27617187;27617159;291;39053016
27617187;27617393;48;39053018
27617187;27618206;308;39053015
27617208;27616798;207;38546550
27617208;27617142;20;37607266
27617208;27617813;265;37607265
27617214;27616973;109;37859880
27617214;27617084;32;37504923
27617214;27617350;29;37504920
27617217;27617159;38;39052990
27617226;27617092;32;37859789
27617226;27617136;37;39247760
27617282;27617365;183;38902089
27617336;27617087;50;39053011
27617336;27617155;83;39053006
27617336;27617925;182;39053003
27617350;27617092;108;37859984
27617350;27617214;29;37504921
27617350;27617472;31;37504918
27617365;27616989;79;38883065
27617365;27617282;183;38902088
27617393;27617087;121;39052989
27617393;27617187;48;39053019
27617393;27617397;2;39052986
27617396;27615889;542;39452322
27617396;27616263;324;39601967
27617397;27617393;2;39052987
27617397;27617587;91;39052984
27617397;27617874;115;39053004
27617448;27617142;68;39036621
27617448;27617619;118;38301417
27617449;27617009;102;37933472
27617449;27618559;289;37933469
27617464;27616782;153;38883068
27617472;27617226;108;39247759
27617472;27617350;31;37504919
27617472;27618533;275;37504916
27617496;27618089;360;38646958
27617542;27617059;123;39222281
27617542;27617783;80;39623615
27617542;27618289;210;39222280
27617583;27616753;211;39546871
27617583;27617449;98;37686209
27617583;27617678;38;37859885
27617583;27618793;321;39546870
27617587;27617397;91;39052985
27617602;27617787;729;39439817
27617602;27618567;251;38668143
27617619;27617448;118;38301416
27617625;27616482;275;39259175
27617625;27617472;84;39247758
27617643;27617625;10;39247757
27617643;27618690;259;39247756
27617678;27617583;38;37859884
27617678;27617733;26;37859883
27617678;27618793;362;37608102
27617722;27617396;823;39452321
27617727;27617940;58;37518328
27617733;27617678;26;37859882
27617764;27617783;19;37859835
27617783;27617542;80;39623614
27617783;27617764;19;37859836
27617787;27617919;89;39452319
27617813;27617208;265;37607264
27617824;27616719;273;37564354
27617824;27617643;88;37505732
27617824;27618071;65;37564353
27617862;27617722;92;39452320
27617874;27617397;115;39053005
27617874;27617925;58;39053009
27617874;27618206;70;39053000
27617919;27619032;425;39452318
27617925;27617336;182;39053002
27617925;27617874;58;39053008
27617925;27618265;97;39052997
27617940;27617137;217;39659165
27617940;27618985;291;39659157
27617946;27618037;35;37859921
27617946;27618500;147;39623612
27618037;27617946;35;37859920
27618037;27618050;5;37859919
27618037;27618594;147;37859980
27618050;27618037;5;37859918
27618071;27617824;65;37564352
27618071;27618364;141;38921470
27618071;27618655;142;37564351
27618089;27617496;360;38646959
27618206;27617187;308;39053014
27618206;27617874;70;39053001
27618206;27618265;39;39052998
27618265;27617925;97;39052996
27618265;27618206;39;39052999
27618265;27618533;63;39053012
27618289;27617542;210;39222279
27618289;27618332;12;39222278
27618289;27618500;81;37859897
27618332;27618289;12;39222277
27618332;27618537;81;37859941
27618332;27618616;76;39222276
27618364;27618071;141;38921469
27618364;27618390;7;38921468
27618364;27618497;61;38903344
27618390;27618364;7;38921467
27618411;27618596;48;37690701
27618411;27618763;152;37690686
27618497;27616798;483;38903346
27618497;27618364;61;38903343
27618497;27618763;197;38760100
27618500;27617946;147;39623613
27618500;27618289;81;37859896
27618500;27618537;13;39623610
27618500;27618594;35;37859895
27618533;27617472;275;37504917
27618533;27618265;63;39053013
27618533;27618559;68;37540178
27618533;27618660;89;37540175
27618537;27618332;81;37859940
27618537;27618500;13;39623611
27618537;27618644;35;37859939
27618537;27619074;155;39623608
27618559;27617449;289;37933470
27618559;27618533;68;37540177
27618559;27618892;83;37933467
27618594;27618037;147;37859981
27618594;27618500;35;37859894
27618594;27618644;13;37859978
27618594;27618676;28;37859893
27618596;27618411;48;37690700
27618616;27618332;76;39222275
27618616;27618762;41;39222274
27618616;27618762;99;39221208
27618638;27617898;566;38641860
27618644;27618537;35;37859938
27618644;27618594;13;37859979
27618644;27618722;27;37859937
27618644;27619160;156;37859976
27618655;27618071;142;37564350
27618655;27618915;71;37564349
27618655;27619287;199;38760099
27618660;27617625;259;39259174
27618660;27618533;89;37540176
27618660;27618690;9;39259176
27618676;27618594;28;37859892
27618690;27618660;9;39259177
27618690;27618915;88;39247754
27618690;27618965;80;39247747
27618722;27618644;27;37859936
27618762;27618616;99;39221207
27618762;27618616;41;39222273
27618762;27620218;375;39222272
27618763;27618411;152;37690687
27618763;27618497;197;38760101
27618793;27617583;321;39546869
27618793;27618995;58;39546868
27618892;27618559;83;37933468
27618892;27618945;87;37505734
27618892;27618995;66;39546877
27618896;27619042;40;39617964
27618915;27618655;71;37564348
27618915;27618690;88;39247755
27618915;27619391;128;39247752
27618945;27618660;80;39259173
27618945;27618892;87;37505733
27618945;27618965;10;39259172
27618965;27618945;10;39259171
27618965;27619130;47;39659672
27618965;27619573;168;39295001
27618973;27617898;408;39439852
27618985;27617940;291;39659156
27618985;27619081;28;39659159
27618995;27618793;58;39546867
27618995;27618892;66;39546878
27618995;27619042;16;39546883
27618995;27619293;89;39546866
27619020;27619074;24;37859846
27619032;27619291;180;39559743
27619042;27618896;40;39617965
27619042;27618995;16;39546884
27619042;27619061;10;39546881
27619042;27619259;73;39617963
27619061;27619042;10;39546882
27619061;27619094;16;39546879
27619061;27619259;61;39617966
27619074;27618537;155;39623609
27619074;27619020;24;37859845
27619074;27619160;35;37859844
27619081;27618985;28;39659158
27619081;27619094;28;39546885
27619081;27619146;18;37791278
27619094;27619061;16;39546880
27619094;27619146;22;39546864
27619126;27619259;60;39617960
27619130;27619271;41;39259170
27619146;27619081;18;37791277
27619146;27619282;51;39659673
27619160;27618644;156;37859977
27619160;27619074;35;37859843
27619160;27619295;60;37859842
27619169;27619287;70;38760096
27619227;27618973;157;39559725
27619257;27618945;88;37500418
27619257;27619271;11;39439828
27619259;27619042;73;39617962
27619259;27619061;61;39617967
27619259;27619126;60;39617961
27619271;27619330;13;39659670
27619271;27619361;35;39559746
27619271;27619567;106;38801965
27619282;27619380;40;37506876
27619282;27619429;39;39659674
27619287;27618655;199;38760098
27619287;27619169;70;38760097
27619287;27619391;62;38760094
27619293;27618995;89;39546865
27619293;27619257;62;39439827
27619295;27619160;60;37859841
27619309;27619257;13;39659671
27619309;27619349;50;37641823
27619329;27619227;82;39559741
27619330;27619309;10;39659677
27619330;27619569;51;37791386
27619349;27619429;56;39659683
27619349;27619600;64;38448642
27619361;27619329;306;39439824
27619375;27619629;429;37506875
27619375;27620278;642;37540291
27619380;27619293;37;39439826
27619391;27618915;128;39247753
27619391;27619287;62;38760095
27619428;27619146;81;39659164
27619429;27619380;17;39659623
27619429;27619448;12;39439823
27619429;27619600;41;37506715
27619448;27619429;12;39439822
27619534;27619309;52;37791402
27619569;27619584;11;37791406
27619569;27619605;9;39659350
27619573;27618965;168;39295000
27619575;27619330;60;39295003
27619584;27619534;7;37791405
27619584;27619648;46;37791407
27619592;27619330;74;39439832
27619605;27619569;9;39659351
27619605;27619682;58;37791388
27619648;27619534;49;37791401
27620218;27618762;375;39222271
27620333;27619329;672;39439831
