id1;id2;dist;edge_id
27305303;27310569;618;39409819
27308208;27310446;258;38164207
27309381;27311928;241;39409814
27309530;27309930;79;39062721
27309930;27309530;79;39062720
27309930;27310578;70;39698030
27310446;27308208;258;38164208
27310446;27310569;12;38942335
27310569;27305303;618;39409818
27310569;27310446;12;38942336
27310569;27311639;115;38942333
27310578;27309930;70;39698029
27310578;27310706;19;39698028
27310578;27310848;31;37625180
27310706;27310578;19;39698027
27310706;27310738;3;39698026
27310706;27310848;27;39061729
27310738;27310706;3;39698025
27310738;27310934;23;37781676
27310793;27313265;241;37625158
27310848;27310738;28;39061728
27310934;27310738;23;37781675
27310934;27312648;184;38942842
27311639;27310569;115;38942334
27311639;27314092;319;38164216
27311639;27314686;451;39714393
27311928;27313955;215;39409816
27311958;27309412;241;39409817
27312107;27313265;162;37625154
27312298;27313243;264;39409811
27312648;27310934;184;38942841
27312648;27313156;61;38942840
27312984;27313105;42;39485756
27312984;27313348;152;39485755
27312984;27313473;113;39485279
27313105;27312984;42;39485757
27313105;27313498;46;39485903
27313105;27313607;94;39485902
27313156;27312648;61;38942839
27313156;27313672;82;37625166
27313156;27313678;94;38942838
27313243;27312298;264;39409810
27313243;27313886;79;38819000
27313265;27310793;241;37625157
27313265;27312107;162;37625153
27313265;27313794;55;37625156
27313348;27312984;152;39485754
27313348;27313473;31;39485137
27313348;27314827;242;39485130
27313473;27312984;113;39485280
27313473;27313348;31;39485136
27313473;27313697;55;39485135
27313498;27313105;46;39485904
27313498;27313697;96;39485833
27313498;27313820;47;39485832
27313607;27313105;94;39485901
27313607;27314186;69;39485678
27313607;27314700;145;39485900
27313672;27313156;82;37625167
27313678;27313156;94;38942837
27313678;27313794;27;38942836
27313697;27313473;55;39485134
27313697;27313498;96;39485834
27313697;27313730;15;39485622
27313697;27314310;88;39485578
27313730;27313697;15;39485623
27313730;27314623;110;39485620
27313730;27314623;130;39485770
27313794;27313265;55;37625155
27313794;27313678;27;38942835
27313794;27313889;23;38942834
27313820;27313498;47;39485831
27313820;27314186;43;39485830
27313820;27314310;59;39485579
27313886;27313243;79;38819001
27313889;27313794;23;38942833
27313955;27315151;149;39409815
27313955;27315995;290;37741384
27314028;27314092;126;39485010
27314045;27314370;81;37625130
27314092;27311639;319;38164215
27314092;27314028;126;39485011
27314092;27314405;49;39485843
27314092;27316184;255;38164214
27314130;27311958;225;37741373
27314186;27313607;69;39485679
27314186;27313820;43;39485829
27314186;27314484;42;39485676
27314186;27314700;64;39485828
27314310;27313697;88;39485577
27314310;27313820;59;39485580
27314310;27314484;36;39485801
27314310;27314574;42;39485800
27314370;27314045;81;37625129
27314370;27314686;60;37796577
27314405;27314092;49;39485844
27314405;27314816;49;39485811
27314405;27314914;93;39485841
27314484;27314186;42;39485677
27314484;27314310;36;39485802
27314484;27314795;65;39485797
27314484;27314857;56;39485674
27314574;27314310;42;39485799
27314574;27314827;38;39485796
27314574;27314857;34;39485399
27314623;27313730;130;39485771
27314623;27313730;110;39485621
27314686;27311639;451;39714394
27314686;27314370;60;37796578
27314686;27314877;32;37796575
27314686;27316548;229;37625135
27314700;27313607;145;39485899
27314700;27314186;64;39485827
27314700;27314795;16;39485133
27314700;27314877;19;39485206
27314795;27314484;65;39485798
27314795;27314700;16;39485132
27314795;27315264;79;39485127
27314816;27314405;49;39485812
27314816;27315270;55;39485809
27314816;27316205;148;39485588
27314827;27313348;242;39485131
27314827;27314574;38;39485795
27314827;27315116;35;39485128
27314857;27314484;56;39485675
27314857;27314574;34;39485400
27314857;27315067;31;39485397
27314857;27315116;46;39485672
27314877;27314686;32;37796576
27314877;27314700;19;39485205
27314877;27315857;162;37796573
27314914;27314405;93;39485842
27315067;27314857;31;39485398
27315116;27314827;35;39485129
27315116;27314857;46;39485673
27315116;27315264;115;39485124
27315117;27315264;21;39485334
27315151;27317472;292;37741371
27315227;27314130;144;37741368
27315264;27314795;79;39485126
27315264;27315116;115;39485125
27315264;27315117;21;39485333
27315270;27314816;55;39485810
27315588;27315833;167;39485060
27315588;27315857;36;39485183
27315616;27318736;1054;39411316
27315823;27316205;55;39485723
27315833;27315588;167;39485061
27315833;27316205;124;39485058
27315833;27316296;77;39485772
27315857;27314877;162;37796574
27315857;27315588;36;39485182
27315857;27315990;18;37796571
27315979;27316184;61;39485320
27315979;27317205;288;39697998
27315990;27315857;18;37796572
27315990;27316252;33;37796569
27315990;27316296;93;39698020
27316184;27314092;255;38164213
27316184;27315979;61;39485321
27316184;27316210;2;38164212
27316205;27314816;148;39485587
27316205;27315823;55;39485722
27316205;27315833;124;39485059
27316205;27316228;3;39697994
27316210;27316184;2;38164211
27316210;27316228;38;38164451
27316210;27316741;64;38164210
27316228;27316205;3;39697993
27316228;27316210;38;38164450
27316228;27316332;153;38164449
27316228;27316418;16;39697992
27316252;27315990;33;37796570
27316252;27316724;73;39485898
27316252;27317510;159;37796567
27316296;27315833;77;39485773
27316296;27315990;93;39698019
27316296;27316332;11;39698018
27316332;27316228;153;38164448
27316332;27316296;11;39698017
27316332;27317226;114;38163984
27316418;27316228;16;39697991
27316418;27316741;36;39697990
27316418;27317130;87;39698024
27316463;27316681;27;39485518
27316463;27316724;37;39485766
27316495;27318281;342;38164205
27316499;27317021;75;38164548
27316514;27314130;289;37500744
27316514;27315995;85;37500742
27316548;27314686;229;37625136
27316548;27316514;144;37625133
27316550;27316898;57;37500739
27316550;27318036;158;37741367
27316681;27316463;27;39485517
27316681;27316780;11;39485516
27316681;27316825;27;39485895
27316724;27316252;73;39485897
27316724;27316463;37;39485767
27316724;27316825;33;39485894
27316724;27316825;21;39485764
27316741;27316210;64;38164209
27316741;27316418;36;39697989
27316741;27317635;105;39697988
27316749;27316548;199;37625134
27316749;27316922;26;37734230
27316780;27316681;11;39485515
27316780;27316749;13;37734231
27316825;27316681;27;39485896
27316825;27316724;21;39485765
27316825;27316724;33;39485893
27316836;27316514;43;37500740
27316836;27316980;41;37625132
27316844;27317070;24;39714362
27316898;27316836;28;37500738
27316922;27317007;9;37734229
27316954;27317070;23;39714364
27316980;27316922;296;37625131
27316980;27318736;239;39268950
27317007;27317171;26;37734228
27317007;27319004;219;39484836
27317021;27316499;75;38164547
27317021;27317178;18;39698008
27317021;27317258;117;39698003
27317070;27316844;24;39714361
27317070;27316954;23;39714363
27317070;27317224;18;39714360
27317082;27317203;19;38842908
27317129;27317130;7;38164267
27317130;27316418;87;39698023
27317130;27317129;7;38164266
27317130;27317554;52;38164265
27317171;27316780;57;37734227
27317178;27317021;18;39698007
27317178;27317205;24;38164333
27317178;27317739;63;39698002
27317203;27317082;19;38842907
27317203;27317258;33;39698006
27317205;27315979;288;39697997
27317205;27317178;24;38164332
27317205;27317635;99;38164331
27317205;27317739;73;39697996
27317224;27317070;18;39714359
27317226;27316332;114;38163983
27317226;27317510;55;38164186
27317226;27317554;37;38163982
27317258;27317021;117;39698004
27317258;27317203;33;39698005
27317258;27318936;222;39698010
27317472;27318036;59;37741376
27317505;27315227;289;37741383
27317510;27316252;159;37796568
27317510;27317226;55;38164187
27317510;27318122;95;37796565
27317514;27317681;21;39698022
27317554;27317130;52;38164264
27317554;27317226;37;38163981
27317554;27317701;21;38163980
27317635;27316741;105;39697987
27317635;27317205;99;38164330
27317635;27318117;50;39697986
27317681;27317514;21;39698021
27317681;27317701;5;38164287
27317681;27318116;66;38164286
27317701;27317554;21;38163979
27317701;27317681;5;38164288
27317701;27318062;47;38163978
27317739;27317178;63;39698001
27317739;27317205;73;39697995
27317739;27319918;299;39698000
27318036;27318234;20;37741375
27318062;27317701;47;38163977
27318062;27318116;5;38163976
27318062;27318143;37;38164197
27318085;27319163;194;39714358
27318116;27317681;66;38164285
27318116;27318062;5;38163975
27318116;27318150;4;38163974
27318117;27317635;50;39697985
27318117;27318150;69;38164166
27318117;27319040;97;39697984
27318122;27317510;95;37796566
27318122;27318143;3;37796563
27318122;27319311;134;38163670
27318143;27318062;37;38164198
27318143;27318122;3;37796564
27318143;27318614;69;37796561
27318150;27318116;4;38163973
27318150;27318117;69;38164167
27318150;27318614;48;38163972
27318159;27316898;143;37741382
27318159;27317505;67;38164226
27318231;27318159;9;38164225
27318234;27320214;209;38163628
27318281;27316495;342;38164206
27318281;27320229;230;39737860
27318427;27318769;174;39268945
27318427;27319074;77;39715462
27318560;27318574;11;39411307
27318574;27318560;11;39411308
27318574;27318769;70;39411305
27318574;27319163;59;39411312
27318614;27318143;69;37796562
27318614;27318150;48;38163971
27318614;27318898;32;37796559
27318736;27315616;1054;39411315
27318736;27316980;239;39268949
27318736;27318769;8;39268948
27318769;27318427;174;39268946
27318769;27318574;70;39411306
27318769;27318736;8;39268947
27318898;27318614;32;37796560
27318898;27319040;17;37796557
27318898;27319311;133;38163665
27318936;27317258;222;39698009
27318936;27319588;79;39714388
27319004;27319414;49;39484833
27319040;27318117;97;39697983
27319040;27318898;17;37796558
27319040;27319918;97;39697982
27319074;27318427;77;39715461
27319074;27319177;13;39268952
27319163;27318085;194;39714357
27319163;27318574;59;39411311
27319163;27319561;46;39411310
27319177;27319074;13;39268951
27319177;27320404;189;39268944
27319311;27318122;134;38163671
27319311;27318898;133;38163664
27319311;27319514;29;38163668
27319414;27319424;12;39484832
27319414;27320037;67;37734254
27319424;27317171;261;37734240
27319424;27319430;8;39634124
27319430;27319424;8;39634125
27319436;27319893;95;39364728
27319514;27319311;29;38163669
27319514;27320101;148;37734267
27319514;27320416;185;37734266
27319561;27319163;46;39411309
27319561;27319626;7;39411314
27319586;27319588;105;39714390
27319587;27320404;485;38381563
27319588;27318936;79;39714387
27319588;27319586;105;39714389
27319588;27320362;83;39697980
27319626;27319561;7;39411313
27319626;27320731;126;39411304
27319893;27319436;87;37781689
27319893;27319996;32;39364580
27319911;27319893;77;37500779
27319911;27320132;58;39678279
27319918;27317739;299;39697999
27319918;27319040;97;39697981
27319918;27320416;51;39737859
27319934;27319911;31;37500778
27319939;27319436;130;37500998
27319939;27319934;79;39678169
27319996;27319019;141;37500780
27319996;27319893;32;39364579
27319996;27320644;182;39364587
27320027;27320362;53;39714392
27320037;27320583;75;39305467
27320037;27320583;56;37734253
27320061;27320301;40;38381548
27320101;27319514;148;37734268
27320101;27320648;87;39698077
27320102;27320521;122;37500999
27320129;27320857;97;39485562
27320132;27319911;58;39678278
27320184;27318231;207;38164274
27320214;27320748;53;38163627
27320229;27318281;230;39737861
27320229;27320265;11;38842909
27320236;27320731;120;39411299
27320265;27320229;11;38842910
27320265;27320543;91;38842915
27320301;27320980;108;38381764
27320302;27321208;178;37592542
27320362;27319588;83;39697979
27320362;27320027;53;39714391
27320362;27320543;19;39697978
27320404;27319177;189;39268943
27320404;27319587;485;38381564
27320404;27320644;40;38381561
27320407;27320821;75;38381634
27320416;27319514;185;37734265
27320416;27319918;51;39737858
27320416;27320940;50;39737857
27320427;27319939;252;37739819
27320427;27321846;135;37860573
27320457;27320648;76;38164276
27320543;27320265;91;38842916
27320543;27320362;19;39697977
27320543;27320548;10;38842913
27320548;27320543;10;38842914
27320548;27320940;361;38842911
27320548;27321157;68;39697976
27320561;27320648;74;38164310
27320561;27320825;26;37734264
27320583;27321332;73;37734252
27320586;27320407;48;38381729
27320594;27320666;32;39678283
27320616;27320427;47;37739818
27320644;27319996;182;39364586
27320644;27320404;40;38381562
27320644;27320665;23;39364585
27320644;27321317;99;38163814
27320648;27320101;87;39698078
27320648;27320457;76;38164275
27320648;27320561;74;38164311
27320665;27320644;23;39364584
27320665;27320926;214;37741379
27320666;27320594;32;39678282
27320666;27320703;39;39678310
27320666;27320812;29;39678309
27320703;27320666;39;39678311
27320722;27320616;22;37739808
27320731;27319626;126;39411303
27320731;27320236;120;39411300
27320731;27320884;16;39411297
27320742;27321264;58;38942326
27320748;27322012;120;37741366
27320785;27320184;59;37741387
27320810;27320812;4;38164378
27320810;27320818;11;38164377
27320810;27322233;132;38163700
27320812;27320666;29;39678308
27320812;27320810;4;38164379
27320812;27320836;56;38164374
27320818;27320810;11;38164376
27320818;27320867;46;38164371
27320821;27319957;103;38381520
27320825;27320561;26;37734263
27320825;27321300;45;37734262
27320825;27321729;176;37734246
27320836;27320812;56;38164375
27320836;27320857;91;38164372
27320836;27321336;48;39678248
27320857;27320129;97;39485561
27320857;27320836;91;38164373
27320857;27321613;227;38164364
27320867;27320818;46;38164370
27320867;27321197;92;38164369
27320867;27321226;34;39485866
27320868;27321401;54;38164627
27320868;27321531;96;39485689
27320876;27320884;42;39411301
27320884;27320731;16;39411298
27320884;27320876;42;39411302
27320884;27321079;19;39411295
27320926;27320665;214;37741378
27320926;27321079;23;38842941
27320940;27320416;50;39737856
27320940;27320548;361;38842912
27320940;27322320;127;39737855
27320980;27321208;42;39364729
27321029;27321898;96;38164483
27321041;27320586;59;37582480
27321041;27322995;321;39363861
27321066;27321157;32;38164257
27321079;27320884;19;39411296
27321079;27320926;23;38842940
27321079;27324005;332;38842939
27321157;27320548;68;39697975
27321157;27321066;32;38164256
27321157;27323427;332;38164255
27321180;27321722;106;38381464
27321180;27323177;235;37873734
27321197;27320867;92;38164368
27321197;27321317;132;38163811
27321197;27321512;60;38164367
27321208;27321662;70;39364583
27321226;27320867;34;39485865
27321226;27321407;35;39485232
27321226;27321850;95;39485864
27321264;27320742;58;38942325
27321264;27321966;66;38164526
27321300;27320825;45;37734261
27321300;27321424;87;37734237
27321300;27321697;42;37734260
27321317;27320644;99;38163813
27321317;27321197;132;38163812
27321317;27321401;63;39485590
27321326;27321336;47;39678259
27321332;27321783;43;39484834
27321336;27320836;48;39678247
27321336;27321326;47;39678260
27321336;27321605;27;39678246
27321394;27320722;95;37873738
27321394;27321606;28;39678331
27321401;27320868;54;38164626
27321401;27321317;63;39485591
27321401;27321641;24;38164625
27321407;27321226;35;39485231
27321424;27321300;87;37734236
27321424;27321697;58;37734235
27321424;27322036;82;39485721
27321447;27321606;29;39678277
27321512;27321197;60;38164366
27321512;27321700;24;38164363
27321512;27321850;88;39485262
27321526;27321180;157;37873737
27321526;27322064;50;39363805
27321531;27320868;96;39485688
27321591;27321605;47;39678271
27321592;27321919;30;39648335
27321605;27321336;27;39678245
27321605;27321591;47;39678272
27321605;27321928;27;39678244
27321606;27321394;28;39678330
27321606;27321447;29;39678276
27321606;27321820;20;39678329
27321613;27320857;227;38164365
27321613;27321846;57;38164360
27321613;27322267;60;39678274
27321641;27321401;24;38164624
27321641;27321898;64;39737849
27321641;27321932;41;38164623
27321662;27321874;43;39364582
27321662;27321975;36;39363796
27321697;27321300;42;37734259
27321697;27321424;58;37734234
27321697;27322036;30;37734258
27321698;27321729;4;39485824
27321700;27321512;24;38164362
27321700;27321815;32;39678233
27321700;27322117;48;38164359
27321722;27321180;106;38381463
27321722;27321847;34;39363806
27321722;27322064;53;38381462
27321729;27320825;176;37734245
27321729;27321698;4;39485823
27321729;27321967;20;37734244
27321755;27321526;48;37873736
27321755;27321546;23;39648334
27321764;27321394;38;37873735
27321764;27322100;105;38822622
27321783;27321864;12;39484831
27321783;27322600;113;39484835
27321815;27321700;32;39678234
27321820;27321606;20;39678328
27321838;27321755;8;37873716
27321846;27320427;135;37860572
27321846;27321613;57;38164361
27321846;27322507;85;38164354
27321847;27321722;34;39363807
27321850;27321226;95;39485863
27321850;27321512;88;39485263
27321850;27322065;21;39485862
27321864;27319424;246;37734239
27321864;27321967;138;37734226
27321866;27322995;129;39363855
27321874;27321919;19;39364575
27321898;27321029;96;38164482
27321898;27321641;64;39737850
27321898;27323073;145;38164481
27321917;27321928;45;39678253
27321919;27321959;32;37873714
27321928;27321605;27;39678243
27321928;27321917;45;39678254
27321928;27322236;76;39678242
27321932;27321641;41;38164622
27321932;27322281;64;38164184
27321932;27322291;48;38164621
27321935;27320785;111;37741372
27321959;27321838;15;37873715
27321959;27321980;18;38381582
27321966;27321264;66;38164525
27321966;27322174;18;38164524
27321967;27321729;20;37734243
27321967;27321864;138;37734225
27321967;27323174;120;37734242
27321975;27321662;36;39363797
27321980;27321838;14;38381583
27321980;27322064;72;38381459
27321980;27322487;52;38381698
27322012;27324235;264;37741370
27322036;27321424;82;39485720
27322036;27321697;30;37734257
27322036;27322564;57;37734256
27322064;27321526;50;39363804
27322064;27321722;53;38381461
27322064;27321980;72;38381460
27322065;27321850;21;39485861
27322065;27322339;27;38163762
27322100;27320519;149;37501274
27322100;27321764;105;38822623
27322117;27321700;48;38164358
27322117;27322134;72;38164039
27322117;27322291;20;38164357
27322134;27322117;72;38164040
27322174;27321966;18;38164523
27322174;27322840;136;38942357
27322233;27322518;73;39678313
27322233;27322924;79;38163699
27322236;27321928;76;39678241
27322240;27322487;59;39363888
27322267;27321613;60;39678273
27322281;27321932;64;38164185
27322291;27321932;48;38164620
27322291;27322117;20;38164356
27322291;27322629;48;38164353
27322320;27320940;127;39737854
27322320;27322366;5;39737853
27322320;27322564;67;37734280
27322339;27322065;27;38163761
27322339;27322343;99;39485208
27322339;27322428;67;38163760
27322343;27320818;144;38164479
27322343;27322339;99;39485207
27322366;27322320;5;39737852
27322366;27322795;45;39698038
27322403;27322428;40;38164016
27322428;27322339;67;38163759
27322428;27322403;40;38164015
27322428;27322637;26;38163758
27322487;27321980;52;38381699
27322487;27322240;59;39363887
27322487;27322927;69;39363886
27322507;27321846;85;38164355
27322507;27322100;40;37501273
27322518;27322233;73;39678312
27322564;27322036;57;37734255
27322564;27322320;67;37734279
27322564;27322722;41;37734278
27322592;27322945;202;38164381
27322600;27322735;37;37734251
27322629;27322291;48;38164352
27322629;27322662;7;38163961
27322629;27323073;56;38164351
27322637;27322428;26;38163757
27322637;27322662;95;38164180
27322637;27322729;17;38163756
27322662;27322629;7;38163962
27322662;27322637;95;38164181
27322662;27322848;22;38163959
27322722;27322564;41;37734277
27322722;27323174;110;37734276
27322729;27322637;17;38163755
27322729;27322797;109;39485708
27322729;27323038;31;38163754
27322734;27321864;115;37734238
27322734;27322600;18;37734250
27322735;27322921;18;37734249
27322795;27322722;94;39698035
27322795;27322918;39;39737851
27322795;27325554;283;39698037
27322797;27322729;109;39485709
27322840;27322174;136;38942358
27322840;27323044;26;38942353
27322848;27322662;22;38163960
27322848;27323148;80;38163957
27322848;27323749;112;39485246
27322918;27322366;65;38164194
27322921;27323024;18;37734248
27322921;27323740;87;37734281
27322924;27323054;59;38164070
27322924;27323828;109;39678210
27322924;27323828;135;38164042
27322927;27322487;69;39363885
27322945;27322592;202;38164380
27322945;27322918;9;38164435
27322977;27323054;53;39485354
27322995;27321041;321;39363860
27322995;27321866;129;39363854
27322995;27323069;11;39363859
27323024;27322734;46;37734247
27323038;27322729;31;38163753
27323038;27323148;32;39737848
27323038;27323243;72;39737845
27323044;27322840;26;38942354
27323045;27323720;154;38942360
27323054;27322343;81;38164478
27323054;27322924;59;38164069
27323054;27322977;53;39485353
27323054;27323243;45;38164068
27323069;27322995;11;39363858
27323069;27323274;47;39363857
27323069;27323787;76;39363864
27323073;27321898;145;38164480
27323073;27322629;56;38164350
27323073;27323700;87;38164349
27323087;27323560;50;39485913
27323098;27323560;71;39714356
27323148;27322848;80;38163958
27323148;27323038;32;39737847
27323148;27323820;94;39737844
27323174;27321967;120;37734241
27323174;27322722;110;37734275
27323174;27323266;23;37734274
27323177;27323196;19;38822614
27323177;27323727;61;37873733
27323243;27323038;72;39737846
27323243;27323054;45;38164067
27323243;27323338;17;38164066
27323266;27323174;23;37734273
27323266;27323376;31;37734272
27323266;27323376;50;39485655
27323274;27323069;47;39363856
27323274;27323964;69;38020089
27323276;27321041;299;37582479
27323276;27324803;171;39268989
27323315;27323338;72;38164024
27323337;27323359;5;38163662
27323337;27323541;34;38163659
27323337;27323998;124;39678339
27323338;27323243;17;38164065
27323338;27323315;72;38164023
27323338;27323780;71;38164064
27323359;27323337;5;38163663
27323359;27323422;36;38163660
27323359;27323541;33;39678302
27323376;27323266;31;37734271
27323376;27323266;50;39485656
27323376;27323400;5;37734270
27323400;27323376;5;37734269
27323400;27324665;327;39698033
27323403;27323786;44;39485225
27323422;27323359;36;38163661
27323422;27323609;56;39678337
27323422;27323649;33;39678257
27323427;27321157;332;38164254
27323427;27323962;56;38164253
27323427;27324147;85;38163931
27323453;27324286;86;38164385
27323541;27323337;34;38163658
27323541;27323359;33;39678303
27323541;27323866;40;38163657
27323556;27323817;29;38436659
27323560;27323087;50;39485914
27323560;27323098;71;39714355
27323560;27324005;61;39485911
27323609;27323422;56;39678336
27323609;27323649;6;39678335
27323609;27323826;32;39678252
27323645;27323796;22;39678347
27323645;27323996;83;39678307
27323649;27323422;33;39678258
27323649;27323609;6;39678334
27323649;27323816;23;39678267
27323676;27324628;98;38381571
27323700;27323073;87;38164348
27323700;27323749;46;38164298
27323700;27323848;23;38164347
27323712;27323796;14;39678266
27323720;27323045;154;38942359
27323720;27324246;72;38942332
27323727;27324105;63;37873731
27323727;27324392;76;37560496
27323740;27324377;64;37741386
27323749;27322848;112;39485245
27323749;27323700;46;38164297
27323749;27323786;40;38164296
27323780;27323338;71;38164063
27323780;27324061;44;38164062
27323780;27324490;103;38164190
27323781;27323989;79;39485626
27323786;27323403;44;39485224
27323786;27323749;40;38164295
27323786;27323820;35;38164294
27323787;27323069;76;39363865
27323796;27323645;22;39678346
27323796;27323712;14;39678265
27323796;27323826;5;39678345
27323816;27323649;23;39678268
27323817;27321764;205;37873732
27323817;27324086;91;38436658
27323820;27323148;94;39737843
27323820;27323786;35;38164293
27323820;27324024;29;38163853
27323820;27324061;65;38164292
27323826;27323609;32;39678251
27323826;27323796;5;39678344
27323826;27323886;9;39678343
27323828;27322924;135;38164041
27323828;27322924;109;39678211
27323828;27323916;10;39678208
27323848;27323700;23;38164346
27323848;27323989;25;38164345
27323848;27324209;123;38164546
27323866;27323541;40;38163656
27323866;27323998;16;38163655
27323866;27324467;80;39678230
27323886;27323826;9;39678342
27323886;27323996;16;39678341
27323886;27324076;27;39678292
27323896;27323024;94;37741374
27323916;27323828;10;39678209
27323916;27323995;20;38381522
27323956;27324622;243;37739755
27323956;27324854;99;38164540
27323962;27323427;56;38164252
27323962;27324147;50;38164324
27323962;27324690;127;38164251
27323964;27323274;69;38020088
27323964;27324107;14;38020093
27323973;27324202;76;39710973
27323973;27324374;41;39066902
27323973;27324460;142;39710970
27323989;27323781;79;39485625
27323989;27323848;25;38164344
27323989;27324209;45;38164343
27323993;27324024;40;39678239
27323995;27323956;15;37739758
27323996;27323645;83;39678306
27323996;27323886;16;39678340
27323996;27324076;20;38164586
27323998;27323337;124;39678338
27323998;27323866;16;38163654
27323998;27324226;31;38163653
27324005;27321079;332;38842938
27324005;27323560;61;39485912
27324005;27324037;12;38842937
27324012;27322945;165;38164434
27324012;27324859;116;38164164
27324024;27323820;29;38163852
27324024;27323993;40;39678240
27324024;27324116;16;38163851
27324037;27324005;12;38842936
27324037;27325084;140;39010453
27324037;27325260;254;38842935
27324050;27324213;23;39678262
27324061;27323780;44;38164061
27324061;27323820;65;38164291
27324061;27324652;103;38164060
27324076;27323886;27;39678291
27324076;27323996;20;38164585
27324076;27324279;28;38164582
27324086;27324150;23;38436657
27324086;27324378;29;38381539
27324093;27323916;18;38381501
27324093;27323995;19;37739757
27324105;27324310;162;37873730
27324107;27323964;14;38020092
27324107;27324471;36;38020101
27324116;27324024;16;38163850
27324116;27324270;34;39678300
27324116;27324270;24;38163849
27324147;27323427;85;38163932
27324147;27323962;50;38164325
27324147;27324286;41;39698045
27324147;27325124;118;39698042
27324150;27324287;66;38436656
27324150;27324378;29;38381538
27324202;27323973;76;39710974
27324202;27324447;50;39710971
27324202;27324509;42;39066900
27324209;27323848;123;38164545
27324209;27323989;45;38164342
27324209;27324697;61;38164341
27324213;27324050;23;39678261
27324213;27324279;10;38164583
27324213;27324430;35;38164578
27324226;27323998;31;38163652
27324226;27324402;27;38164580
27324226;27324467;57;38164573
27324229;27324315;91;39737787
27324229;27324505;39;38164161
27324235;27325148;135;37741369
27324235;27325289;153;38163854
27324246;27323720;72;38942331
27324246;27326213;223;37526796
27324270;27324116;24;38163848
27324270;27324116;34;39678301
27324270;27324355;15;38163847
27324278;27324665;77;39485434
27324279;27324076;28;38164581
27324279;27324213;10;38164584
27324279;27324307;4;39678319
27324286;27323453;86;38164384
27324286;27324147;41;39698046
27324286;27324321;7;39698043
27324287;27322507;183;37501272
27324287;27324622;122;38436662
27324287;27325149;94;38086084
27324307;27324279;4;39678318
27324307;27324430;51;39678317
27324307;27324490;26;39714354
27324310;27323817;114;37873729
27324310;27324865;58;38163871
27324315;27324229;91;39737788
27324315;27324337;5;38164053
27324315;27324678;44;38164052
27324321;27324012;40;38164433
27324321;27324286;7;39698044
27324337;27324315;5;38164054
27324337;27324706;45;38164049
27324337;27324868;91;39737789
27324352;27324374;25;39066895
27324352;27324566;48;39066892
27324352;27324598;148;39066898
27324355;27324270;15;38163846
27324355;27324393;24;39485352
27324355;27324428;15;38163845
27324363;27324675;56;39678327
27324374;27323973;41;39066901
27324374;27324352;25;39066896
27324374;27324509;45;39066893
27324377;27325084;77;37741381
27324378;27324086;29;38381540
27324378;27324150;29;38381537
27324378;27324586;30;38163743
27324378;27324686;33;39678220
27324392;27324105;38;38381726
27324392;27324650;31;38381530
27324393;27324355;24;39485351
27324402;27324093;55;37739756
27324402;27324226;27;38164579
27324408;27324428;32;39678294
27324428;27324355;15;38163844
27324428;27324408;32;39678293
27324428;27324626;44;38163843
27324430;27324213;35;38164577
27324430;27324307;51;39678316
27324430;27324467;5;38164576
27324447;27324202;50;39710972
27324447;27324756;42;39710966
27324447;27325175;134;39710967
27324460;27323973;142;39710969
27324460;27324471;253;38381586
27324460;27324928;74;39066920
27324460;27326186;230;38381769
27324467;27323866;80;39678229
27324467;27324226;57;38164574
27324467;27324430;5;38164575
27324471;27324107;36;38020100
27324471;27324460;253;38381587
27324471;27325374;131;38020099
27324476;27324675;28;39678223
27324490;27323780;103;38164191
27324490;27324307;26;39714353
27324490;27325106;99;38164188
27324505;27324229;39;38164160
27324505;27324678;34;38164159
27324505;27324802;41;38164002
27324509;27324202;42;39066899
27324509;27324374;45;39066894
27324509;27324598;25;39066889
27324548;27323896;67;37741385
27324566;27324352;48;39066891
27324566;27324928;44;39066886
27324566;27325154;68;39758793
27324584;27324697;62;39485346
27324586;27324378;30;38163744
27324586;27324686;21;38381589
27324586;27324802;33;38163741
27324598;27324352;148;39066897
27324598;27324509;25;39066890
27324598;27324756;27;39066887
27324622;27324287;122;38436663
27324622;27325256;159;39678206
27324626;27324428;44;38163842
27324626;27324684;35;39485462
27324626;27324833;48;38163841
27324628;27325518;98;38381772
27324634;27323673;99;37560502
27324650;27324392;31;38381531
27324650;27325388;86;38381758
27324652;27324061;103;38164059
27324652;27324936;32;39485425
27324662;27324859;29;38163808
27324665;27323400;327;39698034
27324665;27324278;77;39485435
27324665;27324990;35;39485597
27324675;27324363;56;39678326
27324675;27324476;28;39678224
27324675;27325256;72;39678221
27324676;27324548;13;39484827
27324678;27324315;44;38164051
27324678;27324505;34;38164158
27324678;27324706;5;38164157
27324684;27324626;35;39485461
27324686;27324586;21;38381590
27324686;27325169;49;39678219
27324687;27324912;64;38381710
27324687;27324956;50;38381707
27324687;27324992;42;38381734
27324690;27323962;127;38164250
27324690;27325124;118;38164533
27324690;27325436;139;39698055
27324690;27325906;150;38164249
27324697;27324209;61;38164340
27324697;27324584;62;39485345
27324697;27324939;26;38164339
27324705;27325161;52;39678236
27324706;27324337;45;38164050
27324706;27324678;5;38164156
27324706;27324823;33;38164155
27324727;27324321;65;38164432
27324727;27326000;175;38164021
27324728;27324803;19;38707745
27324756;27324447;42;39710965
27324756;27324598;27;39066888
27324756;27325219;74;39710964
27324802;27324505;41;38164001
27324802;27324586;33;38163742
27324802;27325225;92;38163739
27324803;27323276;171;39268988
27324803;27324728;19;38707746
27324823;27324706;33;38164154
27324823;27324868;39;38164151
27324823;27325225;42;38164038
27324833;27324626;48;38163840
27324833;27324871;22;39485464
27324833;27325201;43;38163839
27324854;27323956;99;38164539
27324854;27325256;50;38164538
27324854;27325674;121;39678227
27324859;27324012;116;38164165
27324859;27324662;29;38163807
27324859;27325168;41;38164162
27324865;27324310;58;38163872
27324865;27324868;8;38164152
27324865;27325270;42;38163869
27324868;27324337;91;39737790
27324868;27324823;39;38164150
27324868;27324865;8;38164153
27324871;27324833;22;39485463
27324885;27324652;44;39485487
27324885;27324936;28;37739750
27324912;27324650;30;37560501
27324912;27324687;64;38381709
27324928;27324460;74;39066919
27324928;27324566;44;39066885
27324928;27325154;61;39066918
27324932;27324991;20;39679743
27324935;27324885;9;37739749
27324936;27324984;6;37739748
27324939;27324697;26;38164338
27324939;27324991;52;39485786
27324939;27325201;51;38164337
27324954;27325161;33;39678280
27324956;27324687;50;38381708
27324984;27325109;12;37739747
27324990;27324665;35;39485596
27324990;27325107;13;39485259
27324991;27324697;42;39485613
27324991;27324932;20;39679742
27324992;27324687;42;38381733
27324992;27325234;45;38381697
27325072;27321935;392;37500781
27325084;27324037;140;39010454
27325084;27325289;160;37741380
27325088;27325168;29;38164604
27325106;27324402;85;37739754
27325106;27324490;99;38164189
27325107;27324990;13;39485258
27325107;27325260;18;39485406
27325109;27325286;28;37739745
27325109;27326657;202;37734219
27325124;27324147;118;39698041
27325124;27324690;118;38164534
27325124;27325137;6;38164535
27325125;27325173;11;38822633
27325125;27325175;21;38942887
27325137;27324727;60;38164431
27325137;27325124;6;38164536
27325148;27325386;46;37741377
27325149;27324287;94;38086085
27325149;27325290;181;39678184
27325149;27325484;38;38086082
27325150;27324992;16;38381714
27325154;27324566;68;39758792
27325154;27324928;61;39066917
27325154;27325209;15;39066916
27325161;27324705;52;39678235
27325161;27324954;33;39678281
27325161;27325303;30;39678289
27325161;27325415;28;39678288
27325168;27324859;41;38164163
27325168;27325088;29;38164603
27325168;27325366;34;38164602
27325169;27325359;36;38164504
27325169;27325950;81;39678218
27325173;27325125;11;38822632
27325173;27326171;109;38381484
27325175;27324447;134;39710968
27325175;27325125;21;38942888
27325175;27325312;50;38942885
27325198;27324935;73;39484830
27325198;27325201;32;38164334
27325199;27325106;10;37739753
27325199;27325303;29;38163918
27325201;27324833;43;38163838
27325201;27324939;51;38164336
27325201;27325198;32;38164335
27325209;27325154;15;39066915
27325209;27325242;15;39066914
27325209;27325431;25;39066884
27325211;27325436;27;38163693
27325219;27324756;74;39710963
27325219;27325242;25;39710962
27325219;27325393;21;39758791
27325225;27324802;92;38163740
27325225;27324823;42;38164037
27325225;27325259;24;38163737
27325234;27325150;24;38381510
27325234;27325333;13;38381696
27325242;27325209;15;39066913
27325242;27325219;25;39710961
27325242;27325393;26;39066912
27325255;27324935;37;37739746
27325255;27325420;150;37734233
27325256;27324675;72;39678222
27325256;27324854;50;38164537
27325256;27325743;62;37501271
27325259;27325225;24;38163738
27325259;27325270;32;39737785
27325259;27325498;33;39737782
27325260;27324037;254;38842934
27325260;27325107;18;39485405
27325260;27327264;457;38842933
27325270;27324865;42;38163870
27325270;27325259;32;39737786
27325270;27325328;6;38163867
27325282;27325198;67;39484829
27325286;27325255;19;37739744
27325289;27325282;29;39484828
27325290;27325149;181;39678185
27325290;27325430;28;39678182
27325290;27325690;43;38086078
27325303;27325161;30;39678290
27325303;27325199;29;38163917
27325303;27325415;31;38163916
27325312;27325175;50;38942886
27325312;27325576;119;39066903
27325312;27325825;69;38942883
27325316;27325072;46;39677802
27325328;27325270;6;38163868
27325328;27325498;30;39737784
27325328;27325656;35;38163865
27325333;27325150;29;38381713
27325341;27325602;37;39275599
27325342;27325814;49;39698062
27325359;27325169;36;38164505
27325359;27325662;121;39737776
27325359;27325662;67;38164502
27325366;27325168;34;38164601
27325366;27325554;117;38164440
27325366;27326000;72;38164600
27325374;27324471;131;38020098
27325374;27325913;343;38020081
27325374;27325964;76;38020097
27325386;27325624;116;37500787
27325388;27325708;43;37560521
27325388;27325830;50;38381757
27325393;27325219;21;39758790
27325393;27325242;26;39066911
27325393;27325617;26;39066910
27325415;27325161;28;39678287
27325415;27325303;31;38163915
27325415;27325459;6;38163914
27325420;27324676;243;37734232
27325420;27325624;295;38164514
27325421;27325199;28;37739752
27325421;27326657;212;39678362
27325430;27325290;28;39678183
27325430;27325533;20;39678180
27325430;27325690;39;39737812
27325431;27325209;25;39066883
27325431;27326426;115;39758783
27325431;27326538;121;39066882
27325436;27324690;139;39698056
27325436;27325211;27;38163692
27325436;27325676;67;39698053
27325436;27325906;48;38163691
27325459;27325415;6;38163913
27325459;27325674;33;38163912
27325459;27326338;94;38163781
27325464;27324912;69;37560500
27325484;27325149;38;38086083
27325484;27325834;44;38086231
27325484;27325950;62;38086080
27325498;27325259;33;39737781
27325498;27325328;30;39737783
27325498;27325656;32;38164596
27325498;27325786;45;39737774
27325518;27325464;31;37560519
27325518;27325708;26;38381771
27325533;27325430;20;39678181
27325533;27325633;18;39678178
27325533;27325880;48;39737814
27325554;27325366;117;38164441
27325554;27325689;14;39698036
27325564;27324634;98;37560522
27325576;27325312;119;39066904
27325576;27325617;53;39758778
27325576;27325825;56;39758777
27325585;27325137;50;38164430
27325585;27325726;122;38163937
27325602;27325341;37;39275598
27325617;27325393;26;39066909
27325617;27325576;53;39758779
27325617;27326325;84;39066908
27325624;27327780;420;37500786
27325633;27325533;18;39678179
27325633;27325714;17;39678176
27325633;27325978;49;39737816
27325656;27325328;35;38163866
27325656;27325498;32;38164595
27325656;27325758;10;38163863
27325662;27325359;67;38164503
27325662;27325359;121;39737775
27325662;27325786;38;38164500
27325671;27325539;14;38815299
27325671;27325660;13;38815303
27325674;27324854;121;39678228
27325674;27325459;33;38163911
27325674;27325784;16;38163910
27325676;27325436;67;39698054
27325676;27325728;30;39698060
27325682;27325913;34;38020121
27325689;27325975;28;38842919
27325690;27325290;43;38086079
27325690;27325430;39;39737811
27325690;27325832;14;38086076
27325692;27326491;78;38164141
27325708;27325464;28;37560499
27325708;27325564;33;37560520
27325708;27325830;11;38381770
27325714;27325633;17;39678177
27325714;27325818;19;39678174
27325714;27326075;49;39737818
27325726;27325585;122;38163938
27325726;27325926;58;38163935
27325726;27325973;28;38164170
27325728;27325676;30;39698059
27325728;27325814;103;39698058
27325728;27326010;31;39698051
27325743;27325952;44;39678171
27325743;27325958;24;37501270
27325758;27325656;10;38163864
27325758;27326341;56;38163861
27325758;27327164;201;39707402
27325780;27325671;12;38815300
27325783;27325585;25;38164429
27325783;27326491;241;38164138
27325784;27325674;16;38163909
27325784;27325958;57;38163908
27325784;27326402;65;38163666
27325786;27325498;45;39737773
27325786;27325662;38;38164501
27325786;27326141;52;39737772
27325807;27326652;159;39704714
27325814;27325342;49;39698061
27325814;27325728;103;39698057
27325814;27327387;154;37500801
27325818;27325714;19;39678175
27325818;27325952;23;39678172
27325818;27326180;50;39737820
27325825;27325312;69;38942884
27325825;27325576;56;39758776
27325825;27326603;86;38942881
27325830;27326667;101;38381756
27325832;27325690;14;38086077
27325832;27325880;9;39737805
27325832;27325918;12;39737832
27325834;27325484;44;38086232
27325834;27325858;51;38086224
27325834;27326883;198;38086225
27325858;27325834;51;38086223
27325858;27325863;9;38086222
27325858;27326007;20;39678198
27325863;27325858;9;38086221
27325863;27326007;13;38086220
27325863;27326015;37;39678201
27325880;27325533;48;39737813
27325880;27325832;9;39737806
27325880;27325914;6;39737803
27325906;27324690;150;38164248
27325906;27325436;48;38163690
27325906;27325926;3;38163689
27325906;27325968;8;38164247
27325913;27325374;343;38020080
27325913;27325682;34;38020120
27325913;27326709;102;38020083
27325914;27325880;6;39737804
27325914;27325978;12;39737801
27325914;27326102;20;39737829
27325918;27325832;12;39737831
27325926;27325726;58;38163936
27325926;27325906;3;38163688
27325926;27325968;6;38163933
27325926;27326502;54;38163687
27325950;27325484;62;38086081
27325950;27326052;14;38163713
27325950;27326717;75;39678284
27325952;27325743;44;39678170
27325952;27325818;23;39678173
27325952;27326214;41;39737810
27325952;27327034;110;38164393
27325958;27325784;57;38163907
27325958;27326369;45;37501269
27325964;27325374;76;38020096
27325964;27326172;21;38381616
27325968;27325906;8;38164246
27325968;27325926;6;38163934
27325968;27326229;43;38164245
27325973;27325726;28;38164171
27325973;27326252;28;38164224
27325975;27326993;102;38164113
27325978;27325633;49;39737815
27325978;27325914;12;39737802
27325978;27326030;9;39737799
27326000;27324727;175;38164022
27326000;27325366;72;38164599
27326000;27326230;26;38164598
27326007;27325858;20;39678199
27326007;27325863;13;38086219
27326007;27326015;25;39678205
27326007;27327425;141;38086218
27326010;27325728;31;39698052
27326010;27326229;62;38164382
27326010;27326641;64;39698049
27326015;27325863;37;39678200
27326015;27326007;25;39678204
27326015;27326654;64;39678203
27326030;27325978;9;39737800
27326030;27326075;9;39737797
27326030;27326236;24;39737822
27326052;27325950;14;38163714
27326052;27326141;90;38163711
27326052;27326658;59;38164411
27326053;27326381;196;39737893
27326053;27326515;47;38164633
27326075;27325714;49;39737817
27326075;27326030;9;39737798
27326075;27326139;11;39737795
27326099;27326249;239;37526779
27326099;27326347;25;37924151
27326102;27325914;20;39737830
27326116;27326432;138;38020111
27326116;27326709;138;38020078
27326132;27325564;57;37560518
27326132;27325708;45;37560498
27326134;27325964;27;38381618
27326134;27326172;19;38381555
27326139;27326075;11;39737796
27326139;27326180;7;39737793
27326139;27326748;66;39678187
27326141;27325786;52;39737771
27326141;27326052;90;38163712
27326141;27326703;63;38163709
27326171;27325173;109;38381483
27326171;27326277;22;39205950
27326171;27326378;20;38381706
27326172;27326237;10;38381554
27326180;27325818;50;39737819
27326180;27326139;7;39737794
27326180;27326267;15;39737791
27326186;27324460;230;38381768
27326186;27326437;28;38381608
27326213;27324246;223;37526795
27326213;27326505;27;38815295
27326214;27325952;41;39737809
27326214;27326267;12;39737808
27326214;27326927;73;39678325
27326229;27325968;43;38164244
27326229;27326010;62;38164383
27326229;27326497;31;38164243
27326230;27326000;26;38164597
27326235;27325783;94;38164428
27326235;27326638;40;38164446
27326236;27326030;24;39737821
27326236;27326319;18;39737825
27326236;27326319;9;39737824
27326237;27326186;20;38381609
27326237;27326437;19;38381553
27326249;27326099;239;37526778
27326249;27326468;39;38815304
27326252;27325973;28;38164223
27326252;27326235;3;38164427
27326267;27326180;15;39737792
27326267;27326214;12;39737807
27326267;27326842;64;39678264
27326277;27326291;7;37582384
27326282;27326709;71;38020094
27326319;27326236;9;39737823
27326319;27326236;18;39737826
27326319;27326463;15;39737827
27326320;27326617;56;38086230
27326325;27325617;84;39066907
27326325;27326426;41;39758786
27326325;27326603;31;39066906
27326338;27325459;94;38163782
27326338;27326402;32;39737834
27326338;27327117;81;38163779
27326341;27325758;56;38163862
27326341;27326615;45;39707404
27326341;27326615;27;38163859
27326347;27326674;57;37924109
27326348;27326252;22;38164426
27326348;27326546;31;39035886
27326369;27326626;36;38164273
27326369;27327483;126;37501268
27326378;27326171;20;38381705
27326378;27326277;21;39205981
27326378;27326476;8;38381704
27326381;27326053;196;39737894
27326402;27325784;65;38163667
27326402;27326338;32;39737833
27326426;27325431;115;39758782
27326426;27326325;41;39758787
27326426;27326538;21;39758784
27326426;27326729;32;39758781
27326428;27326213;23;38815298
27326428;27326473;9;37526792
27326432;27326116;138;38020110
27326432;27326912;92;38020109
27326436;27325780;112;38815306
27326436;27326249;24;39737872
27326437;27326731;36;38381551
27326438;27325421;126;37739751
27326463;27326319;15;39737828
27326468;27326442;4;37526793
27326471;27326497;18;39737871
27326471;27326502;48;38164424
27326471;27326546;58;39737868
27326473;27326505;4;37526791
27326476;27326378;8;38381703
27326476;27326745;43;38381702
27326491;27325692;78;38164140
27326491;27325783;241;38164139
27326491;27327201;151;38163817
27326497;27326229;31;38164242
27326497;27326471;18;39737870
27326497;27326691;27;39737867
27326502;27325926;54;38163686
27326502;27326348;36;38164425
27326505;27326548;5;37526790
27326515;27326053;47;38164632
27326515;27326767;219;38164238
27326515;27327182;70;38164631
27326527;27326626;26;39678255
27326538;27325431;121;39066881
27326538;27326426;21;39758785
27326538;27326616;8;39066880
27326546;27326348;31;39035887
27326546;27326471;58;39737869
27326546;27326969;92;39737864
27326548;27326644;10;37526788
27326548;27326684;18;38822359
27326575;27326134;62;38381552
27326589;27326436;19;38815305
27326589;27326468;14;37526789
27326595;27326912;41;38020116
27326599;27326617;24;38086215
27326603;27325825;86;38942882
27326603;27326325;31;39066905
27326603;27326723;15;38942879
27326615;27326341;45;39707403
27326615;27326341;27;38163860
27326615;27327066;43;38163857
27326616;27326538;8;39066879
27326616;27326897;43;39066878
27326616;27327051;51;39758789
27326617;27326320;56;38086229
27326617;27326599;24;38086216
27326617;27326883;26;38086228
27326626;27326369;36;38164272
27326626;27326527;26;39678256
27326626;27327117;58;38164271
27326638;27326235;40;38164447
27326638;27326768;13;38164444
27326638;27327046;61;39698074
27326641;27326010;64;39698050
27326641;27326691;6;39698047
27326641;27327387;181;39698066
27326644;27326677;5;37526786
27326652;27325807;159;39704713
27326652;27326686;9;37560591
27326652;27326693;30;37560590
27326654;27326015;64;39678202
27326654;27326687;40;39678195
27326654;27326687;8;39678196
27326657;27325421;212;39678361
27326657;27326894;42;37734218
27326658;27326052;59;38164412
27326658;27326703;82;39737770
27326658;27326717;13;39737767
27326666;27326476;28;38381523
27326666;27326690;22;38822613
27326667;27326132;63;37560497
27326667;27329415;351;38381457
27326673;27326589;11;37526787
27326674;27326347;57;37924108
27326674;27326831;20;38978829
27326677;27326673;17;37526785
27326677;27327694;96;37500997
27326684;27326644;14;38822374
27326684;27327325;75;39304846
27326686;27326652;9;37560592
27326686;27327005;144;39704711
27326687;27326654;8;39678197
27326687;27326654;40;39678194
27326690;27326745;27;38822612
27326690;27327535;84;38381730
27326691;27326497;27;39737866
27326691;27326641;6;39698048
27326691;27326969;26;39737863
27326693;27326652;30;37560589
27326693;27327280;74;37560596
27326703;27326141;63;38163710
27326703;27326658;82;39737769
27326703;27326742;5;38163677
27326709;27325913;102;38020082
27326709;27326116;138;38020079
27326709;27326282;71;38020095
27326717;27326658;13;39737768
27326717;27327157;40;38381474
27326723;27326603;15;38942880
27326723;27327526;77;38942877
27326723;27327705;105;39758774
27326729;27326426;32;39758780
27326731;27326872;26;38381550
27326731;27327108;35;38381630
27326742;27326703;5;38163676
27326742;27327038;34;39737778
27326742;27327142;55;38163675
27326745;27326476;43;38381701
27326745;27327389;137;38381449
27326748;27326139;66;39678188
27326748;27326842;18;38164400
27326748;27327425;116;38086092
27326752;27327005;165;39704716
27326767;27326515;219;38164239
27326768;27326638;13;38164445
27326768;27326793;3;38164442
27326768;27330296;425;39698075
27326793;27326768;3;38164443
27326831;27326674;20;38978830
27326831;27327001;32;38978832
27326831;27327337;54;38978827
27326842;27326267;64;39678263
27326842;27326748;18;38164401
27326842;27326910;14;38164398
27326865;27326883;24;38086235
27326872;27326575;49;38381549
27326872;27330179;601;38381465
27326883;27325834;198;38086226
27326883;27326617;26;38086227
27326883;27326865;24;38086236
27326894;27327078;32;38164406
27326894;27328317;283;37734217
27326897;27326616;43;39066877
27326910;27326842;14;38164399
27326910;27326927;3;38164396
27326910;27328556;185;38164300
27326912;27326432;92;38020108
27326912;27326595;41;38020117
27326912;27328258;174;38020114
27326927;27326214;73;39678324
27326927;27326910;3;38164397
27326927;27327034;21;38164394
27326964;27326993;20;39698040
27326969;27326546;92;39737865
27326969;27326691;26;39737862
27326993;27325975;102;38164112
27326993;27326964;20;39698039
27326993;27327264;52;38164111
27327001;27326831;32;38978831
27327005;27326686;144;39704712
27327005;27326752;165;39704715
27327005;27327152;63;39704709
27327034;27325952;110;38164392
27327034;27326927;21;38164395
27327034;27327107;7;39678351
27327038;27326742;34;39737777
27327038;27327187;63;38163794
27327038;27327397;51;38163791
27327046;27326638;61;39698073
27327051;27326616;51;39758788
27327066;27326615;43;38163858
27327066;27327164;14;39737765
27327078;27325286;250;37734212
27327107;27327034;7;39678350
27327107;27327658;57;39678358
27327107;27327769;66;39678349
27327108;27326872;27;38381656
27327108;27328271;109;38381683
27327117;27326338;81;38163780
27327117;27326626;58;38164270
27327117;27327400;34;38164269
27327142;27326742;55;38163674
27327142;27327368;29;38164283
27327142;27327374;33;38163673
27327152;27327005;63;39704710
27327152;27327553;173;39704707
27327152;27328192;127;37734200
27327157;27327187;35;38164017
27327157;27327846;64;38381473
27327164;27325758;201;39707401
27327164;27327066;14;39737766
27327164;27327374;30;39737763
27327182;27326515;70;38164630
27327182;27327348;248;38164172
27327182;27327553;37;38164629
27327187;27327038;63;38163793
27327187;27327157;35;38164018
27327187;27327872;63;38163790
27327201;27326491;151;38163818
27327214;27328727;447;38978826
27327264;27325260;457;38842932
27327264;27326993;52;38164110
27327264;27327629;41;38842931
27327280;27326693;74;37560595
27327280;27327857;78;38164388
27327280;27327965;73;37560594
27327319;27327599;26;38381628
27327325;27326684;75;39304845
27327325;27327380;6;39304844
27327325;27327694;83;38822349
27327337;27326831;54;38978828
27327337;27328257;230;39285973
27327348;27327182;248;38164173
27327368;27327142;29;38164284
27327368;27327397;4;38164281
27327368;27327611;30;39737780
27327374;27327142;33;38163672
27327374;27327164;30;39737764
27327374;27327611;34;39737761
27327380;27327325;6;39304843
27327384;27327658;49;39678232
27327387;27325814;154;37500800
27327387;27326641;181;39698065
27327387;27328435;110;39698064
27327389;27326745;137;38381450
27327389;27327602;43;38381447
27327389;27328388;97;37580345
27327391;27326438;107;37739737
27327397;27327038;51;38163792
27327397;27327368;4;38164282
27327397;27327961;79;38164279
27327400;27327117;34;38164268
27327419;27325701;167;39364558
27327419;27326666;88;37651334
27327425;27326007;141;38086217
27327425;27326748;116;38086093
27327425;27327871;44;38086089
27327425;27327973;127;38086090
27327483;27327508;3;37501267
27327483;27327672;24;38164520
27327508;27327856;35;37739738
27327526;27326723;77;38942878
27327526;27327602;20;37651339
27327535;27326690;84;38381731
27327535;27327599;15;39737755
27327553;27327152;173;39704708
27327553;27327182;37;38164628
27327553;27327770;109;39704705
27327553;27328006;47;37560573
27327586;27325316;532;37739743
27327599;27327319;26;38381627
27327599;27327535;15;39737756
27327599;27327887;29;39737753
27327602;27327389;43;38381448
27327602;27327797;20;37651336
27327611;27327368;30;39737779
27327611;27327374;34;39737762
27327611;27328324;110;39737759
27327629;27327264;41;38842930
27327629;27327660;5;38164044
27327629;27331477;621;37500799
27327658;27327107;57;39678357
27327658;27327384;49;39678231
27327658;27327906;33;39678356
27327660;27327629;5;38164043
27327660;27327857;31;38164010
27327672;27328317;95;38164519
27327684;27327672;6;38164014
27327685;27327526;16;37651338
27327694;27327325;83;38822350
27327694;27328644;91;37500996
27327705;27326723;105;39758775
27327726;27327685;4;37651337
27327726;27328748;361;39715415
27327769;27327107;66;39678348
27327770;27327553;109;39704706
27327770;27328054;92;39704703
27327770;27328418;123;39704765
27327780;27330945;403;37500785
27327780;27332397;510;37500790
27327797;27327726;20;37651335
27327797;27328721;90;39677653
27327846;27328170;29;38381472
27327856;27327873;2;37739767
27327857;27327280;78;38164389
27327857;27327660;31;38164009
27327871;27327425;44;38086088
27327871;27328546;199;39678360
27327871;27329004;131;38086087
27327872;27327187;63;38163789
27327872;27327961;22;38164321
27327872;27328215;29;38163788
27327873;27328728;99;37739766
27327887;27327599;29;39737754
27327887;27328760;101;37580346
27327887;27329348;162;39737751
27327906;27327658;33;39678355
27327932;27327684;27;38164222
27327937;27328552;76;39698068
27327961;27327397;79;38164280
27327961;27327872;22;38164320
27327961;27328215;28;38164277
27327965;27327280;73;37560593
27327965;27329262;129;37560572
27327972;27327873;22;38164405
27327972;27327932;4;38164011
27327973;27327425;127;38086091
27327973;27327846;22;38086075
27327973;27328170;22;39678189
27327984;27328395;60;39678315
27328006;27329018;101;38705634
27328012;27327972;6;38164404
27328054;27327770;92;39704704
27328054;27328525;128;39704701
27328054;27328712;64;37854136
27328060;27327391;70;37854130
27328060;27328291;73;38164541
27328067;27328140;9;38164309
27328140;27328067;9;38164308
27328140;27328291;39;38164544
27328140;27328654;63;38164307
27328170;27328215;36;39678193
27328170;27328825;65;38381471
27328179;27328271;70;39737733
27328179;27328842;162;39701663
27328179;27329001;90;39737732
27328192;27327152;127;37734201
27328192;27328469;72;37734198
27328192;27328487;128;37734206
27328215;27327872;29;38163787
27328215;27327961;28;38164278
27328215;27328170;36;39678192
27328215;27328324;22;39678191
27328229;27328012;18;39678354
27328229;27328242;7;39678238
27328242;27327972;23;39678366
27328242;27328229;7;39678237
27328257;27326673;147;38822913
27328257;27327337;230;39285972
27328258;27326912;174;38020115
27328258;27328609;48;38020087
27328258;27328653;61;38020112
27328271;27327108;109;38381684
27328271;27328179;70;39737734
27328271;27328437;142;39737757
27328271;27328748;50;38381681
27328282;27328388;67;39363792
27328291;27328060;73;38164542
27328291;27328140;39;38164543
27328291;27328654;36;39737836
27328317;27328395;12;37734216
27328324;27327611;110;39737760
27328324;27328215;22;39678190
27328332;27328012;51;38164403
27328332;27328373;15;39678353
27328350;27327419;102;39364557
27328350;27328760;85;39710978
27328373;27328229;30;39678352
27328373;27328405;6;39678365
27328388;27327389;97;37580344
27328388;27328282;67;39363793
27328388;27329348;103;37580343
27328395;27327984;60;39678314
27328395;27328666;51;37734215
27328405;27328229;28;39678275
27328405;27328447;7;39678364
27328418;27327770;123;39704764
27328418;27328491;36;38164456
27328418;27328698;28;38164455
27328435;27327387;110;39698063
27328435;27328627;21;39035883
27328437;27328271;142;39737758
27328447;27328242;36;39678363
27328447;27328242;29;39678295
27328469;27328006;61;39704717
27328469;27328192;72;37734199
27328487;27328192;128;37734205
27328487;27329013;85;37734204
27328487;27329262;248;37734221
27328491;27328418;36;38164457
27328525;27328054;128;39704702
27328525;27328784;82;39704699
27328525;27328984;49;37854144
27328529;27328257;26;38822912
27328529;27328727;33;38164314
27328546;27327871;199;39678359
27328552;27326969;174;39035885
27328552;27327937;76;39698067
27328556;27326910;185;38164301
27328568;27327078;296;37734211
27328568;27328332;54;38164402
27328601;27328652;35;39704773
27328601;27328712;28;39704777
27328601;27328734;14;39704772
27328609;27328258;48;38020086
27328627;27328435;21;39035882
27328627;27329344;75;38822382
27328627;27329703;114;38163970
27328644;27328949;34;38822914
27328652;27328601;35;39704774
27328652;27328734;22;39704769
27328652;27329077;43;39704776
27328653;27328258;61;38020113
27328654;27328140;63;38164306
27328654;27328291;36;39737835
27328654;27328996;38;38164305
27328666;27328830;25;38164413
27328666;27329441;194;37734214
27328688;27328529;17;38822911
27328694;27328825;43;38164558
27328698;27328418;28;38164454
27328698;27328771;33;38164029
27328698;27329018;52;38164453
27328712;27328054;64;37854137
27328712;27328601;28;39704778
27328712;27329220;55;37854134
27328721;27327797;90;39677654
27328721;27328962;25;39677651
27328721;27329028;35;38381436
27328727;27327214;447;38978825
27328727;27328529;33;38164315
27328727;27329573;93;38164312
27328728;27329080;50;37739765
27328728;27329937;159;38164421
27328734;27328601;14;39704771
27328734;27328652;22;39704770
27328748;27327726;361;39715414
27328748;27328271;50;38381682
27328748;27329217;84;39715413
27328748;27330328;158;37537189
27328760;27327887;101;37580347
27328760;27328350;85;39710977
27328760;27328815;37;39710976
27328771;27328698;33;38164030
27328784;27328060;71;37854129
27328784;27328525;82;39704700
27328784;27328996;61;39737839
27328815;27328760;37;39710975
27328820;27327586;203;37541911
27328825;27328694;43;38164557
27328825;27329098;28;39678207
27328830;27328568;48;37734210
27328842;27328179;162;39701662
27328886;27329492;202;38381469
27328949;27329497;62;38822909
27328962;27328721;25;39677652
27328962;27330772;183;39677649
27328981;27328830;41;37734209
27328984;27328525;49;37854145
27328984;27329323;36;39704768
27328996;27328654;38;38164304
27328996;27328784;61;39737840
27328996;27329212;62;39737837
27329001;27328179;90;39737731
27329001;27329427;57;39701661
27329004;27327871;131;38086086
27329004;27329441;73;38086233
27329009;27328688;34;38822910
27329013;27328487;85;37734203
27329018;27328698;52;38164452
27329018;27329846;86;38705633
27329028;27328962;25;37651340
27329028;27329548;85;37580341
27329034;27328984;12;39704766
27329069;27329034;21;37854153
27329069;27329323;36;37854131
27329077;27328652;43;39704775
27329080;27329212;16;37739764
27329080;27329811;116;38164521
27329098;27329004;73;39678186
27329098;27329329;24;39760374
27329137;27330042;93;37563971
27329212;27328996;62;39737838
27329212;27330286;129;37739763
27329217;27328748;84;39715412
27329217;27329506;44;39715411
27329217;27331521;233;37537207
27329219;27330621;142;37580777
27329220;27328712;55;37854135
27329243;27328469;79;38705635
27329256;27328350;99;39364556
27329262;27327965;129;37560571
27329262;27328487;248;37734220
27329262;27330691;144;37560570
27329305;27328981;100;37734208
27329305;27329384;24;39595358
27329323;27330114;115;39704767
27329329;27329098;24;39760375
27329344;27328627;75;38822381
27329344;27329497;33;38822378
27329344;27329538;21;38822380
27329348;27327887;162;39737752
27329348;27328388;103;37580342
27329348;27329548;23;39737749
27329367;27328820;58;37541910
27329373;27329427;58;39701659
27329384;27329567;80;39595357
27329384;27330021;97;39671040
27329415;27326667;351;38381458
27329415;27329484;12;38381455
27329427;27329001;57;39701660
27329427;27329373;58;39701658
27329427;27329506;12;39701657
27329441;27329004;73;38086234
27329441;27329682;38;37734213
27329484;27329415;12;38381456
27329484;27329776;79;38381453
27329484;27330053;102;37560514
27329492;27328886;202;38381470
27329492;27329498;112;38381467
27329492;27329833;37;38381514
27329497;27329344;33;38822377
27329497;27330074;73;38822908
27329498;27329492;112;38381468
27329506;27329217;44;39715410
27329506;27329427;12;39701656
27329506;27331261;324;39715409
27329538;27329344;21;38822379
27329548;27329028;85;37580340
27329548;27329348;23;39737750
27329548;27330978;149;39737747
27329567;27328981;98;38164605
27329567;27329974;171;39595360
27329573;27328727;93;38164313
27329575;27329243;44;39002938
27329575;27329846;33;37560598
27329596;27329243;37;37734202
27329596;27329575;35;37734197
27329664;27329415;117;37560515
27329664;27330053;51;37559945
27329682;27329664;15;37559949
27329703;27328552;196;39035884
27329703;27328627;114;38163969
27329703;27330184;132;38163968
27329713;27330020;34;39704692
27329776;27329484;79;38381454
27329776;27329870;20;37560503
27329790;27329811;22;39595366
27329790;27330122;42;38163696
27329793;27329305;87;37734207
27329793;27329682;19;37559948
27329811;27329080;116;38164522
27329811;27329937;21;39595364
27329833;27329492;37;38381513
27329833;27329896;20;38381560
27329839;27329793;5;37559947
27329846;27330947;152;37560597
27329867;27329790;14;39595365
27329870;27329776;20;37560504
27329870;27330103;36;38381602
27329872;27330014;120;38163802
27329896;27326575;580;38381466
27329896;27330179;33;38381558
27329926;27329839;10;37559946
27329937;27328728;159;38164420
27329937;27329974;13;39595363
27329974;27329567;171;39595359
27329974;27330122;44;38164552
27329981;27330014;205;39704697
27329981;27330273;26;39704696
27329981;27330333;67;39704693
27330014;27329872;120;38163801
27330014;27329981;205;39704698
27330014;27330020;7;38163806
27330020;27329713;34;39704691
27330020;27330014;7;38163805
27330020;27330273;39;38163804
27330021;27330110;31;39747287
27330021;27331270;130;39671038
27330032;27329867;36;39595362
27330042;27329137;93;37563972
27330042;27330328;45;37563968
27330042;27330736;67;37563969
27330053;27330220;28;37559944
27330074;27330126;6;37526777
27330103;27329870;36;38381603
27330103;27330260;19;38381508
27330104;27330829;110;38163716
27330110;27330160;18;39747286
27330110;27331416;143;39747299
27330114;27329069;137;37854152
27330114;27330938;81;37854132
27330122;27330151;10;38164551
27330126;27330176;6;37526776
27330126;27330521;59;37526770
27330131;27329833;64;38381559
27330151;27329867;35;39671039
27330151;27330250;34;38164550
27330160;27330251;34;39747285
27330176;27330358;19;37526773
27330179;27330196;8;38381557
27330182;27329009;132;37526784
27330182;27330074;31;37526775
27330184;27329703;132;38163967
27330184;27330296;72;39698071
27330184;27331001;89;38163966
27330196;27330131;30;38381556
27330196;27330513;38;38381642
27330220;27330229;3;37559943
27330229;27329926;47;37559942
27330229;27330953;106;37559941
27330231;27330053;18;38381631
27330250;27330032;27;38164217
27330250;27330308;50;38164549
27330251;27330305;17;39747284
27330251;27331797;165;39747297
27330260;27330103;19;38381509
27330260;27330953;85;37560509
27330273;27329981;26;39704695
27330273;27330020;39;38163803
27330273;27330852;72;38163800
27330274;27329926;34;37560513
27330282;27330505;23;38163651
27330282;27330654;273;38163798
27330282;27330692;63;39716211
27330286;27330536;38;39709941
27330286;27330787;60;37739762
27330288;27330182;9;37526774
27330288;27330688;39;37526783
27330289;27330220;21;38381605
27330296;27326768;425;39698076
27330296;27330184;72;39698072
27330296;27330301;16;39698069
27330301;27330296;16;39698070
27330305;27330451;57;39747283
27330308;27330032;47;39595361
27330308;27330536;42;38164074
27330328;27328748;158;37537190
27330328;27330042;45;37563967
27330328;27332923;256;37537187
27330333;27329981;67;39704694
27330335;27330231;10;38381534
27330335;27330289;10;37796553
27330335;27330585;32;37796707
27330358;27330385;11;37526772
27330385;27330288;16;37526771
27330385;27330688;34;37526782
27330392;27330721;49;39363875
27330423;27329367;109;37500792
27330423;27330945;236;37500793
27330437;27331477;158;38815296
27330451;27330501;19;39747282
27330451;27332343;202;39747295
27330501;27330717;90;39747281
27330505;27330282;23;38163650
27330505;27331102;102;38164475
27330505;27331198;115;38163649
27330513;27330131;37;38381643
27330513;27330966;48;38381754
27330516;27330521;6;39306867
27330516;27330749;103;39306853
27330516;27330749;52;39306864
27330521;27330516;6;39306866
27330521;27330924;63;37526769
27330536;27330286;38;39709942
27330536;27330308;42;38164073
27330536;27330927;74;38164072
27330585;27330335;32;37796706
27330585;27330692;12;39737842
27330621;27329256;136;37580781
27330621;27336427;634;37580780
27330643;27330699;20;39704737
27330654;27330282;273;38163797
27330654;27330829;63;38163646
27330654;27330922;57;38163645
27330688;27331393;81;38842918
27330691;27329262;144;37560569
27330691;27330699;8;39704735
27330691;27331498;83;37560568
27330692;27330282;63;39716212
27330692;27330585;12;39737841
27330692;27331445;119;39716216
27330699;27330643;20;39704736
27330699;27330691;8;39704734
27330699;27330862;24;39704733
27330717;27331106;101;39747280
27330717;27331795;112;39747290
27330721;27330392;49;39363876
27330721;27330891;38;39363874
27330721;27330919;91;39363871
27330736;27330042;67;37563970
27330741;27329256;150;39364555
27330749;27330516;52;39306865
27330749;27330516;103;39306854
27330749;27330924;20;39306862
27330772;27328962;183;39677650
27330772;27330978;70;37580349
27330772;27332289;204;39677647
27330774;27331105;42;38164290
27330787;27330927;14;37739761
27330797;27330801;17;37854151
27330797;27331190;140;39704722
27330797;27331901;122;38164076
27330797;27332361;176;39704724
27330801;27330797;17;37854150
27330801;27330852;164;37854149
27330801;27331188;41;39737892
27330829;27330104;110;38163715
27330829;27330654;63;38163647
27330829;27331243;48;38163640
27330852;27330273;72;38163799
27330852;27330801;164;37854148
27330852;27330883;61;37854147
27330861;27328784;227;37734224
27330861;27330787;103;37560576
27330862;27330699;24;39704732
27330883;27330852;61;37854146
27330883;27330895;31;37560532
27330891;27330721;38;39363873
27330895;27329596;128;37734196
27330895;27330947;158;37560531
27330919;27330721;91;39363872
27330919;27331261;123;37563977
27330919;27331391;83;39363809
27330919;27331546;122;37563976
27330922;27330654;57;38163644
27330922;27331105;77;38163643
27330922;27331897;113;38164078
27330924;27330749;20;39306863
27330924;27331134;50;37526768
27330927;27330536;74;38164071
27330927;27331508;80;37739760
27330938;27330114;81;37854133
27330938;27330861;77;37560575
27330945;27332890;204;37500784
27330947;27330960;67;37560530
27330953;27330260;85;37560510
27330953;27331046;14;37560507
27330960;27330938;20;37560574
27330960;27331450;50;37560528
27330966;27330513;48;38381755
27330966;27331243;100;39715419
27330966;27331546;62;38381752
27330978;27329548;149;39737748
27330978;27330772;70;37580348
27330978;27331139;18;39737745
27331001;27330184;89;38163965
27331001;27331264;30;39306829
27331008;27330423;145;37541918
27331046;27330274;88;37560512
27331046;27330953;14;37560508
27331046;27331352;53;37560505
27331101;27332397;269;37541917
27331102;27330505;102;38164474
27331102;27331198;13;38164473
27331102;27331371;36;38164227
27331105;27330774;42;38164289
27331105;27330922;77;38163642
27331105;27331298;40;38163639
27331106;27331914;79;39747276
27331106;27331914;206;39747293
27331109;27331008;92;37500791
27331109;27331101;84;37541916
27331134;27331001;30;39306831
27331134;27331264;27;39648333
27331136;27331567;41;39704727
27331139;27330978;18;39737746
27331139;27331242;23;38487890
27331139;27332178;107;39737743
27331162;27331487;31;39704731
27331188;27330801;41;39737891
27331190;27330797;140;39704723
27331190;27331567;50;38163732
27331190;27332203;100;39704720
27331198;27330505;115;38163648
27331198;27331102;13;38164472
27331198;27331452;32;38164471
27331229;27331109;57;37541924
27331240;27332654;275;37541915
27331242;27331139;23;38487889
27331243;27330829;48;38163641
27331243;27330966;100;39715418
27331243;27331937;74;38163695
27331251;27331240;81;37541913
27331251;27331278;44;37540974
27331261;27329506;324;39715408
27331261;27330919;123;37563978
27331261;27331391;25;39363884
27331264;27331366;9;39648332
27331270;27330274;146;39671041
27331278;27331350;45;39303182
27331284;27331306;28;37854142
27331284;27331901;81;37854139
27331284;27331973;68;38163815
27331298;27331105;40;38163638
27331298;27331452;22;38163637
27331298;27331905;71;38164513
27331306;27331284;28;37854143
27331306;27331308;18;37854140
27331306;27332037;68;38164517
27331308;27331306;18;37854141
27331308;27331340;86;39704746
27331308;27332037;95;39704739
27331340;27331308;86;39704747
27331340;27331365;63;39704744
27331340;27331930;76;39704742
27331350;27331994;323;37541912
27331352;27331046;53;37560506
27331352;27331789;51;37560511
27331365;27330883;51;37560529
27331365;27331340;63;39704745
27331366;27331477;230;37500796
27331366;27331485;11;39648330
27331371;27331102;36;38164228
27331375;27331752;43;38487888
27331377;27330358;162;37500802
27331377;27331134;38;39648331
27331391;27330919;83;39363808
27331391;27331261;25;39363883
27331391;27332970;170;39363882
27331393;27330688;81;38842917
27331393;27332457;117;38942315
27331393;27332457;119;38979392
27331416;27331270;21;39747279
27331445;27330692;119;39716215
27331445;27332036;67;39716214
27331445;27332604;146;38164565
27331450;27331471;86;37854126
27331450;27331979;48;37560524
27331452;27331198;32;38164470
27331452;27331298;22;38163636
27331452;27331712;39;38163635
27331471;27330861;63;37734223
27331477;27327629;621;37500798
27331477;27330437;158;38815297
27331477;27331366;230;37500797
27331485;27331612;19;39648328
27331485;27331827;37;37739742
27331487;27331162;31;39704730
27331487;27331513;41;38163736
27331487;27331567;15;38163733
27331487;27331826;33;39704729
27331498;27330691;83;37560567
27331498;27331513;9;39704761
27331498;27333680;260;37560566
27331508;27331471;54;37854128
27331508;27332539;113;37739759
27331513;27331487;41;38163735
27331513;27331498;9;39704760
27331513;27332071;70;39704759
27331521;27329217;233;37537208
27331521;27332687;124;37537205
27331521;27332814;162;38489073
27331535;27331377;15;39648329
27331546;27330919;122;37563975
27331546;27330966;62;38381753
27331546;27331937;157;37563974
27331567;27331136;41;39704726
27331567;27331190;50;38163731
27331567;27331487;15;38163734
27331567;27332071;47;38164008
27331612;27331625;6;39648327
27331614;27330160;150;39747298
27331614;27331416;31;39747278
27331625;27331535;23;39648326
27331625;27331779;45;39306828
27331712;27331452;39;38163634
27331712;27331905;22;38164033
27331712;27332036;47;38163633
27331719;27331778;149;38487881
27331752;27331375;43;38487887
27331778;27330741;104;37652680
27331778;27331719;149;38487882
27331779;27331535;33;39306830
27331779;27335507;467;37560058
27331789;27331925;13;38381516
27331795;27331967;16;39747289
27331795;27332051;86;39747292
27331797;27331614;27;39747277
27331826;27331487;33;39704728
27331827;27331229;316;37500795
27331827;27333203;191;37739740
27331872;27331251;152;37560602
27331872;27332890;307;37500789
27331892;27331352;71;37796776
27331897;27330922;113;38164077
27331897;27331903;5;37563965
27331897;27333104;250;37563962
27331901;27330797;122;38164075
27331901;27331284;81;37854138
27331901;27331973;23;39704741
27331903;27331897;5;37563966
27331903;27331937;30;37563963
27331903;27333278;138;39363877
27331905;27331298;71;38164512
27331905;27331712;22;38164034
27331905;27332026;16;38164511
27331914;27332051;13;39747274
27331924;27331365;52;37560527
27331924;27332759;178;37560330
27331925;27332865;94;37795982
27331925;27333765;206;37959384
27331930;27331340;76;39704743
27331931;27331924;9;37560526
27331931;27332334;40;37560315
27331937;27331243;74;38163694
27331937;27331546;157;37563973
27331937;27331903;30;37563964
27331937;27333182;128;39363845
27331945;27330305;173;39747296
27331945;27331797;21;39747275
27331952;27331931;122;37560525
27331952;27332255;30;39720540
27331967;27332757;80;39747288
27331973;27331284;68;38163816
27331973;27331901;23;39704740
27331973;27332037;56;38164516
27331979;27331952;126;37560523
27331994;27327586;526;37739741
27332026;27331905;16;38164510
27332036;27331445;67;39716213
27332036;27331712;47;38163632
27332036;27332374;102;38163837
27332036;27333104;110;38163631
27332037;27331306;68;38164518
27332037;27331308;95;39704738
27332037;27331973;56;38164515
27332039;27332374;52;38163996
27332051;27332219;19;39747273
27332071;27331513;70;39704758
27332071;27331567;47;38164007
27332071;27332147;15;39704757
27332147;27332071;15;39704756
27332147;27332203;12;39704755
27332147;27332234;11;39704762
27332178;27331139;107;39737744
27332178;27332688;89;38487886
27332178;27332763;63;39737741
27332203;27331190;100;39704721
27332203;27332147;12;39704754
27332203;27332361;42;39704753
27332219;27331967;86;39747291
27332219;27332757;161;39747269
27332234;27332147;11;39704763
27332250;27333251;115;39760381
27332255;27331952;30;39720541
27332257;27333251;119;38221862
27332289;27330772;204;39677648
27332289;27334490;292;39677645
27332289;27334705;528;38487891
27332334;27332562;22;37560314
27332343;27331945;59;39747272
27332351;27331892;46;38381661
27332353;27331924;43;37560319
27332361;27330797;176;39704725
27332361;27332203;42;39704752
27332361;27332528;41;39704751
27332374;27332036;102;38163836
27332374;27332039;52;38163995
27332374;27333104;159;38163835
27332380;27332658;26;37560587
27332388;27332837;501;39704719
27332392;27332528;21;39704748
27332392;27332759;76;38163920
27332397;27332740;51;37560600
27332453;27331872;86;37560601
27332457;27331393;117;38942314
27332457;27331393;119;38979393
27332457;27337561;521;38942313
27332472;27332353;20;39677753
27332472;27332613;20;39677754
27332500;27332334;22;39677750
27332500;27332562;18;39677749
27332500;27332648;18;37560321
27332506;27330501;207;39747294
27332506;27332343;28;39747271
27332528;27332361;41;39704750
27332528;27332392;21;39704749
27332528;27333529;132;38164594
27332539;27331471;103;37734222
27332539;27332670;13;37559754
27332551;27331229;229;37541923
27332562;27332712;14;39704936
27332604;27331445;146;38164566
27332607;27332733;95;39363903
27332608;27332353;24;37560318
27332608;27332472;19;37560312
27332613;27332472;20;39677755
27332613;27333687;105;39677719
27332648;27332500;18;37560320
27332648;27333943;126;39677730
27332654;27332680;5;37541914
27332658;27332380;26;37560588
27332658;27332686;22;39737887
27332658;27333286;76;37560585
27332670;27331979;114;37854127
27332670;27332539;13;37559755
27332670;27333178;48;37559752
27332680;27332985;66;37541919
27332686;27332658;22;39737888
27332687;27331521;124;37537206
27332687;27332814;56;37537224
27332687;27333763;162;37537203
27332688;27332178;89;38487885
27332693;27332453;32;37541909
27332704;27332608;9;37560317
27332712;27335934;329;39677695
27332733;27332607;95;39363904
27332733;27332920;19;39363901
27332733;27333205;105;39363822
27332740;27333572;168;37650952
27332740;27334280;265;37560599
27332753;27332892;396;39418033
27332757;27332506;96;39747270
27332759;27332392;76;38163919
27332759;27333529;84;37560329
27332763;27332178;63;39737742
27332763;27332816;10;37580339
27332763;27333098;53;39737739
27332778;27332351;50;38381660
27332814;27332687;56;37537223
27332814;27332923;46;37537222
27332816;27332763;10;37580338
27332816;27333652;83;38487884
27332816;27334347;208;37580337
27332820;27332551;63;37541922
27332837;27332388;501;39704718
27332865;27333068;27;38381611
27332877;27332962;106;39716224
27332877;27332962;7;39716223
27332877;27332970;11;39716221
27332884;27332778;19;37559951
27332884;27333068;85;37558591
27332890;27333437;146;37500783
27332892;27332995;189;39418030
27332920;27332733;19;39363902
27332920;27333082;17;39363899
27332920;27333205;97;39363832
27332923;27330328;256;37537188
27332923;27332814;46;37537221
27332923;27334516;162;37537185
27332962;27332877;7;39716222
27332962;27332877;106;39716225
27332970;27331391;170;39363881
27332970;27332877;11;39716220
27332970;27333188;37;38381653
27332985;27333152;144;37541921
27332992;27333188;46;39701665
27332995;27332820;154;37541925
27333015;27333765;179;37559529
27333044;27332351;200;37559950
27333044;27334245;372;37558595
27333046;27333044;20;37558596
27333067;27332953;396;39418032
27333068;27333840;80;37558586
27333082;27332920;17;39363900
27333082;27333191;33;39363820
27333082;27333278;24;39363897
27333098;27332763;53;39737740
27333098;27333285;81;38489066
27333098;27333285;35;39737737
27333104;27331897;250;37563961
27333104;27332036;110;38163630
27333104;27332374;159;38163834
27333104;27333570;51;37563960
27333126;27332884;41;37558590
27333126;27333015;27;37558581
27333132;27332693;57;37869563
27333152;27333155;23;37541920
27333155;27333067;183;38152620
27333174;27333243;118;37537245
27333174;27333243;18;37537246
27333178;27332670;48;37559753
27333178;27333258;8;37559750
27333178;27333337;236;39677745
27333182;27331937;128;39363844
27333182;27333249;7;39363843
27333182;27333295;160;39363866
27333188;27332970;37;38381652
27333188;27332992;46;39701664
27333188;27333349;32;38381651
27333191;27333082;33;39363821
27333191;27333365;18;39363791
27333191;27333389;64;39363818
27333194;27333387;66;37558593
27333203;27331994;275;37739739
27333203;27332654;269;37500794
27333205;27332733;105;39363823
27333205;27332920;97;39363833
27333205;27333389;19;39363830
27333231;27333252;102;39677784
27333231;27333420;95;39677779
27333231;27333434;20;39677713
27333243;27333174;18;37537247
27333243;27333174;118;37537244
27333243;27333763;55;37537248
27333249;27333182;7;39363842
27333249;27333519;64;39363863
27333249;27333773;52;39363841
27333251;27332250;115;39760380
27333251;27332257;119;38221861
27333251;27333286;3;38221860
27333252;27333231;102;39677783
27333252;27333258;17;39677782
27333252;27333715;101;39677775
27333258;27333178;8;37559751
27333258;27333252;17;39677781
27333258;27333954;109;37559748
27333274;27333104;18;37959331
27333274;27334021;221;39701653
27333278;27331903;138;39363878
27333278;27333082;24;39363898
27333278;27333365;40;39363851
27333278;27334010;83;39363880
27333285;27333098;81;38489065
27333285;27333098;35;39737738
27333285;27333729;78;39737735
27333286;27332658;76;37560586
27333286;27333251;3;38221859
27333286;27335237;203;37560583
27333295;27333349;22;39715417
27333295;27333773;169;39716210
27333302;27333387;94;37558598
27333337;27333178;236;39677746
27333349;27333188;32;38381650
27333349;27333295;22;39715416
27333349;27333819;54;37537217
27333356;27333680;60;39737890
27333365;27333191;18;39363790
27333365;27333278;40;39363850
27333365;27333505;46;39363849
27333387;27334272;307;37558592
27333389;27333191;64;39363819
27333389;27333205;19;39363831
27333398;27333126;28;37558589
27333420;27333231;95;39677780
27333434;27333231;20;39677714
27333437;27331625;287;37500782
27333437;27333152;290;37500788
27333477;27333800;78;39363867
27333505;27333365;46;39363848
27333519;27333249;64;39363862
27333519;27333278;27;37559251
27333525;27333554;146;39697974
27333525;27334679;155;37605860
27333529;27332528;132;38164593
27333529;27333668;15;37560328
27333539;27333398;14;37558588
27333554;27333525;146;39697973
27333570;27333104;51;37563959
27333570;27333865;29;38381431
27333572;27333598;19;37560069
27333579;27333980;41;39704688
27333598;27333750;92;37560309
27333598;27333828;37;37560068
27333603;27333791;72;37563980
27333652;27332816;83;38487883
27333665;27331778;185;37652679
27333665;27333709;29;39648318
27333668;27333692;83;39704689
27333668;27333750;8;37560327
27333677;27333302;86;37558597
27333677;27333539;14;37558587
27333680;27331498;260;37560565
27333680;27333356;60;39737889
27333680;27334019;36;37560564
27333687;27332613;105;39677720
27333687;27334022;32;37560322
27333692;27333566;11;39704687
27333692;27333668;83;39704690
27333699;27333519;19;37559250
27333699;27333928;35;38381430
27333699;27334010;56;37959330
27333715;27333252;101;39677774
27333720;27333570;27;38381432
27333720;27333865;22;37559678
27333729;27333285;78;39737736
27333729;27333665;8;39648317
27333750;27333927;65;37560308
27333763;27332687;162;37537204
27333763;27333243;55;37537249
27333763;27334159;110;37537201
27333763;27334493;79;37537220
27333765;27334245;91;37559528
27333773;27333249;52;39363840
27333773;27333928;18;39363839
27333778;27334058;27;39677788
27333791;27333603;72;37563979
27333791;27333720;22;37559679
27333800;27333477;77;39363868
27333800;27334276;50;39363817
27333803;27334103;134;39363795
27333816;27334426;186;37559498
27333816;27334520;230;37559918
27333819;27333349;54;37537218
27333819;27334103;78;37965386
27333819;27334602;86;37537215
27333828;27334044;22;37560067
27333840;27334258;83;37558583
27333850;27334017;29;39648313
27333865;27334097;30;37559676
27333927;27333692;30;39704686
27333927;27333941;7;37560307
27333928;27333699;35;38381429
27333928;27333773;18;39363838
27333928;27335110;124;38381428
27333941;27333980;22;37560306
27333943;27332648;126;39677729
27333943;27334114;16;37560311
27333954;27333258;109;37559749
27333954;27334286;122;37982428
27333954;27334632;73;37559746
27333980;27334022;19;37560305
27333989;27333729;29;39648314
27333989;27334163;89;37501266
27334010;27333278;83;39363879
27334010;27334072;15;37959328
27334015;27333791;22;37559677
27334017;27333989;7;39648312
27334019;27333680;36;37560563
27334019;27334360;115;37560076
27334019;27335237;188;37560562
27334021;27333274;221;39701652
27334021;27333274;93;37959329
27334022;27333687;32;37560323
27334022;27334114;64;37560304
27334026;27334038;16;37558682
27334026;27334074;16;37560986
27334038;27333840;253;37558683
27334044;27334330;31;37560066
27334044;27334674;273;37560340
27334058;27333778;27;39677787
27334058;27334115;14;39677706
27334058;27334286;46;39677786
27334063;27333677;42;37558585
27334066;27334360;59;37560087
27334066;27334735;78;37560086
27334072;27334021;114;37959327
27334074;27333539;112;37560987
27334097;27334015;22;37559675
27334097;27334221;24;38381606
27334101;27334192;11;39697972
27334103;27333803;134;39363794
27334103;27333819;78;37965387
27334103;27334569;53;37965384
27334105;27333046;371;37560337
27334114;27333943;16;37560310
27334114;27334378;40;37560302
27334114;27334415;109;37560303
27334115;27334058;14;39677705
27334159;27332970;156;37582388
27334159;27333763;110;37537202
27334159;27334602;124;37558379
27334163;27334193;16;37501265
27334163;27334312;16;38381532
27334176;27334017;25;38728164
27334192;27334101;11;39697971
27334192;27334405;23;39697969
27334192;27335390;158;39697968
27334193;27334302;83;37501264
27334215;27334276;78;37537193
27334217;27333828;162;37560326
27334217;27333941;35;37560301
27334221;27334015;22;38381591
27334221;27334576;41;37559490
27334241;27334063;42;37558584
27334241;27334763;68;37559760
27334245;27336485;280;37558594
27334252;27333816;166;37559499
27334252;27334632;134;37559500
27334258;27334241;14;37558582
27334258;27335346;137;37546512
27334272;27334862;342;37560338
27334276;27333800;50;39363816
27334276;27334215;78;37537194
27334276;27334581;42;37537191
27334280;27334674;257;37560335
27334286;27333954;122;37982429
27334286;27334058;46;39677785
27334286;27334415;46;37982426
27334302;27333729;188;37500964
27334302;27334338;12;37501262
27334312;27334193;16;38381496
27334312;27335580;169;38381739
27334329;27333132;161;37650951
27334329;27333572;100;37560065
27334330;27334604;46;37560063
27334330;27334933;79;39720538
27334338;27334302;12;37501263
27334338;27334412;39;37501260
27334338;27334538;90;39677662
27334347;27332816;208;37580336
27334347;27334476;18;39363802
27334360;27334019;115;37560075
27334360;27334735;64;37560074
27334378;27334217;96;37560325
27334381;27334428;7;38381763
27334393;27334063;38;37559764
27334405;27334192;23;39697970
27334412;27334338;39;37501261
27334412;27334688;98;39363785
27334415;27334286;46;37982427
27334415;27334378;110;37560324
27334426;27334827;45;38381435
27334428;27334537;20;38381762
27334428;27334686;38;38381415
27334438;27334338;82;39677659
27334438;27334412;25;39363789
27334452;27334679;74;37605862
27334470;27332693;310;37541908
27334476;27334438;14;39363788
27334490;27332289;292;39677646
27334490;27334705;24;37582486
27334490;27334730;38;39677643
27334493;27334159;130;37537219
27334493;27335112;70;37537199
27334516;27332923;162;37537186
27334516;27334864;37;39737729
27334520;27333302;168;37559919
27334520;27334393;20;39760373
27334537;27334381;26;38381761
27334555;27334329;31;37560064
27334569;27334103;53;37965385
27334569;27334870;33;37965382
27334569;27335030;123;37965389
27334576;27334221;41;37559489
27334576;27334913;39;37559488
27334576;27335565;115;38381575
27334581;27334276;42;37537192
27334581;27334516;22;39716219
27334581;27334864;33;38950563
27334597;27334347;35;39363803
27334597;27334476;38;39363787
27334602;27333819;86;37537216
27334602;27334159;124;37558380
27334602;27334870;78;37965390
27334602;27335516;131;37537213
27334604;27334606;27;37560061
27334604;27335123;384;38020084
27334606;27334555;16;37560062
27334606;27334758;32;37560070
27334632;27333954;73;37559747
27334632;27334252;134;37559501
27334632;27334783;17;37559744
27334674;27334105;254;37560336
27334679;27333525;155;37605859
27334679;27334452;74;37605861
27334679;27335291;79;37605858
27334686;27334537;41;38381416
27334686;27334913;59;37563958
27334688;27334597;21;39363786
27334688;27335379;208;39363783
27334705;27332289;528;38487892
27334705;27334867;17;37582485
27334730;27334490;38;39677644
27334730;27335275;78;39677641
27334735;27334360;64;37560073
27334735;27334758;85;37560072
27334744;27335346;75;38381735
27334758;27334329;47;37560060
27334758;27334735;85;37560071
27334763;27334848;8;37559759
27334763;27334892;26;39023555
27334765;27335505;79;37537260
27334768;27335215;51;39397562
27334777;27334176;75;38728163
27334777;27334176;85;38381741
27334783;27334632;17;37559745
27334783;27335034;31;37559742
27334783;27335453;186;39704684
27334811;27334393;47;37559763
27334827;27335500;73;37560603
27334837;27334991;43;38020105
27334837;27335168;68;38020106
27334839;27334021;94;37559249
27334839;27334938;22;39363827
27334842;27334252;64;37559497
27334842;27335696;139;37546513
27334848;27336645;296;37559761
27334862;27334066;372;37560085
27334862;27334470;182;37560339
27334864;27334516;37;39737730
27334864;27334581;33;38950562
27334864;27335060;23;38950561
27334867;27334730;37;38381414
27334867;27335604;85;37582386
27334870;27334569;33;37965383
27334870;27335069;62;37965380
27334897;27334926;17;37524090
27334913;27334576;39;37559487
27334913;27334686;59;37563957
27334913;27335172;32;37559486
27334926;27334777;19;38728162
27334926;27334897;17;37524089
27334926;27334976;21;37537151
27334933;27334330;79;39720539
27334938;27334839;22;39363826
27334938;27335452;56;39363825
27334938;27335495;71;39363815
27334976;27334777;24;38381601
27334976;27334926;21;37537150
27334976;27335216;99;37537149
27334991;27334837;43;38020104
27334991;27335237;238;38020118
27335019;27335034;14;39704679
27335019;27335035;71;39704681
27335030;27335110;23;37965388
27335034;27334783;31;37559743
27335034;27335418;50;37559740
27335035;27335037;16;39704678
27335037;27335080;9;39704677
27335060;27334864;23;38950560
27335060;27335173;32;37537173
27335060;27335275;24;38950559
27335069;27334870;62;37965381
27335069;27335030;76;37965391
27335069;27335669;69;37965378
27335080;27335019;15;39704676
27335110;27333928;124;38381427
27335110;27335593;93;37564056
27335110;27336088;99;38381426
27335112;27334493;70;37537200
27335112;27334581;158;39716218
27335112;27335596;56;39716217
27335121;27335168;14;38020103
27335123;27334604;384;38020085
27335131;27333194;497;37559276
27335131;27334026;271;37558681
27335144;27335035;13;39704675
27335154;27335161;1;38381504
27335154;27335288;54;38381597
27335161;27335154;1;38381503
27335161;27335172;20;38381776
27335168;27334837;68;38020107
27335168;27335121;14;38020102
27335168;27335171;12;38020090
27335171;27335168;12;38020091
27335172;27334913;32;37559485
27335172;27335245;7;37559484
27335173;27335596;129;37537172
27335182;27335037;18;39704682
27335182;27335144;7;39704674
27335207;27335161;6;38381775
27335215;27334768;51;39397561
27335215;27335144;11;39704680
27335215;27335606;47;39397560
27335216;27334976;99;37537148
27335216;27335580;153;37537147
27335216;27336412;122;37580775
27335237;27333286;203;37560584
27335237;27334019;188;37560561
27335237;27334991;238;38020119
27335237;27335411;88;37560581
27335245;27335172;7;37559483
27335245;27335207;12;38381629
27335245;27335546;37;37559482
27335248;27335080;19;39704683
27335248;27335182;10;39704673
27335275;27334730;78;39677642
27335275;27335060;24;38950558
27335275;27335930;74;38950557
27335277;27334926;43;39364562
27335277;27336412;180;37572585
27335288;27334744;118;38381588
27335288;27335154;54;38381598
27335288;27335623;37;38381542
27335291;27334679;79;37605857
27335291;27335353;78;37605865
27335291;27335507;25;37605856
27335305;27335112;55;37537176
27335339;27335390;94;38221847
27335339;27335462;30;38221844
27335339;27335585;137;39760384
27335346;27335438;13;37546511
27335353;27335291;78;37605866
27335353;27335451;80;37605863
27335353;27335808;51;37605867
27335379;27334688;208;39363784
27335379;27335604;63;38381389
27335390;27334192;158;39697967
27335390;27335339;94;38221848
27335390;27335411;10;38221845
27335411;27335237;88;37560582
27335411;27335390;10;38221846
27335411;27335713;154;37560579
27335418;27335034;50;37559741
27335418;27335248;23;39704672
27335418;27335606;23;37559738
27335438;27335500;6;37546510
27335438;27335762;41;38381689
27335451;27335353;80;37605864
27335452;27334938;56;39363824
27335453;27334783;186;39704685
27335462;27335339;30;38221843
27335462;27335597;42;39760382
27335462;27335713;34;38221842
27335495;27334938;71;39363814
27335500;27335762;31;37546509
27335505;27334765;79;37537261
27335505;27335845;215;37537256
27335505;27336156;65;37537258
27335507;27331779;467;37560059
27335507;27335291;25;37605855
27335507;27335709;35;37560056
27335516;27334602;131;37537214
27335516;27335669;52;37537211
27335516;27335805;32;37537184
27335546;27335207;39;38381774
27335546;27335245;37;37559481
27335546;27335772;27;37559480
27335565;27335288;93;38381641
27335580;27334312;169;38381738
27335580;27335216;153;37537146
27335580;27336156;119;37537145
27335585;27335339;137;39760385
27335593;27334072;201;37564053
27335593;27335110;93;37564057
27335593;27336087;50;37564054
27335596;27335699;28;37537171
27335597;27335462;42;39760383
27335604;27334867;85;37582387
27335604;27335379;63;38381390
27335604;27335930;94;38381391
27335606;27335215;47;39397559
27335606;27335418;23;37559739
27335606;27336183;66;37559736
27335623;27335288;37;38381541
27335623;27335737;13;38381622
27335646;27335805;43;39363800
27335669;27335069;69;37965379
27335669;27335516;52;37537212
27335669;27336088;108;37537209
27335675;27335173;57;39677640
27335696;27334842;139;37546514
27335696;27336220;88;37559955
27335696;27336644;152;37559503
27335699;27335790;28;37537170
27335699;27336256;58;37537198
27335709;27335507;35;37560057
27335709;27336333;76;37605818
27335709;27336404;80;37560054
27335713;27335411;154;37560580
27335713;27335462;34;38221841
27335713;27336404;185;37560577
27335737;27335839;12;38381712
27335753;27335623;14;38381617
27335762;27336704;97;37546508
27335772;27335546;27;37559479
27335772;27335844;12;37546521
27335772;27336440;73;37959365
27335790;27335305;56;37537225
27335790;27336167;102;37537169
27335798;27336251;48;39701709
27335805;27335646;43;39363801
27335805;27336123;32;37537183
27335805;27336221;129;39363837
27335808;27335353;51;37605868
27335813;27335753;7;38381751
27335839;27335844;20;38381639
27335839;27335924;9;38381711
27335844;27335772;12;37546522
27335844;27335924;19;37546519
27335845;27335505;215;37537257
27335845;27336078;49;37537254
27335845;27336177;37;39677759
27335924;27335813;15;38381570
27335924;27335844;19;37546520
27335924;27336028;23;37546517
27335927;27332704;329;39677696
27335929;27335983;9;39529728
27335930;27335275;74;38950556
27335930;27335604;94;38381392
27335930;27336571;66;37537157
27335930;27336624;191;38950554
27335934;27336113;16;37560316
27335983;27335907;6;39704671
27335983;27335929;9;39529729
27335983;27336086;20;39529726
27336028;27335813;25;38381750
27336028;27335924;23;37546518
27336028;27336441;102;37546515
27336078;27335845;49;37537255
27336078;27336588;68;39363853
27336078;27336588;57;37537252
27336086;27335983;20;39529727
27336086;27337236;125;39720536
27336087;27335593;50;37564055
27336087;27336472;89;39363846
27336087;27337899;189;37959314
27336088;27335110;99;38381425
27336088;27335669;108;37537210
27336095;27335927;16;37560313
27336095;27336113;22;38625884
27336113;27336434;43;38625883
27336123;27335305;233;37537175
27336123;27336649;56;37537182
27336156;27335505;65;37537259
27336156;27335580;119;37537144
27336156;27336866;183;37537143
27336163;27336202;46;39737896
27336167;27336649;132;37537168
27336167;27336755;63;37537228
27336177;27335845;37;39677760
27336177;27336232;86;39677778
27336177;27336232;17;39677757
27336183;27335606;66;37559737
27336183;27336760;64;37559758
27336202;27336163;46;39737895
27336202;27336312;24;39683694
27336202;27336455;56;39683693
27336220;27335696;88;37559954
27336220;27336557;60;39720526
27336220;27337162;200;37559953
27336221;27335805;129;39363836
27336232;27336177;86;39677777
27336232;27336177;17;39677758
27336251;27335798;48;39701708
27336256;27335675;155;38381434
27336256;27335699;58;37537197
27336256;27336624;39;37537196
27336296;27335277;126;39364561
27336312;27336202;24;39683695
27336333;27335709;76;37605819
27336333;27336778;125;37605816
27336333;27337270;133;37605821
27336368;27334842;178;37559496
27336404;27335709;80;37560055
27336404;27335713;185;37560578
27336404;27336500;10;37560083
27336412;27335216;122;37580774
27336412;27335277;180;37572586
27336412;27336767;54;37572583
27336427;27330621;634;37580779
27336434;27336455;106;37560297
27336434;27336549;11;38625881
27336440;27335772;73;37959364
27336440;27337241;205;37558685
27336440;27337404;103;37959363
27336441;27336028;102;37546516
27336441;27336861;104;37559493
27336450;27336767;40;39677660
27336455;27336202;56;39683692
27336455;27336434;106;37560296
27336455;27336457;19;37560299
27336457;27336183;78;38436676
27336457;27336455;19;37560298
27336472;27336087;89;39363847
27336474;27336095;54;38625882
27336485;27337736;127;37559274
27336500;27336404;10;37560084
27336500;27336559;6;37560081
27336500;27338301;324;39756451
27336505;27335131;147;37559275
27336507;27336789;31;39529716
27336507;27337738;273;37605700
27336525;27336569;4;38021109
27336549;27336474;108;38625880
27336549;27340534;393;37560053
27336557;27336220;60;39720527
27336559;27336500;6;37560082
27336559;27336923;40;37560088
27336564;27336574;10;39710768
27336569;27336525;4;38021108
27336569;27336819;27;38021111
27336571;27335930;66;37537156
27336571;27336945;40;37537155
27336571;27337176;174;37537242
27336574;27336564;10;39710767
27336574;27337922;131;37572608
27336588;27336078;57;37537253
27336588;27336078;68;39363852
27336588;27336945;94;37537250
27336603;27336088;54;37959320
27336603;27336123;171;37537174
27336611;27337190;60;37605825
27336624;27335930;191;38950555
27336624;27336256;39;37537195
27336624;27337083;130;38950552
27336628;27336368;193;37559495
27336644;27336760;52;37559502
27336644;27337796;155;39677794
27336645;27336368;85;37559762
27336649;27337124;146;37537167
27336649;27337184;58;37537181
27336695;27336167;62;37537229
27336695;27336256;122;38381433
27336704;27336751;5;37546507
27336704;27336858;40;37559048
27336751;27337241;53;37559050
27336755;27337083;42;37537226
27336760;27337155;41;37559757
27336767;27336412;54;37572584
27336767;27336450;40;39677661
27336767;27336913;21;37572581
27336771;27336507;68;37605704
27336771;27337737;95;37605707
27336778;27336333;125;37605817
27336778;27337258;94;37605826
27336778;27338251;211;37605814
27336789;27336507;31;39529717
27336789;27336887;24;39529712
27336789;27336890;86;39529714
27336819;27336569;27;38021110
27336819;27336827;9;37605702
27336827;27336771;43;37605703
27336841;27336810;21;39668980
27336858;27336628;30;37559158
27336861;27336441;104;37559494
27336861;27337162;115;37559491
27336866;27336156;183;37537142
27336866;27337000;32;37537141
27336866;27337261;70;38486711
27336875;27336841;12;38492184
27336875;27336972;10;37547925
27336887;27336789;24;39529713
27336890;27336789;86;39529715
27336896;27336875;19;37547927
27336911;27336896;12;37547926
27336913;27336767;21;37572582
27336913;27337429;69;37580773
27336913;27337922;145;37572579
27336914;27336751;39;37558799
27336914;27336858;6;37559157
27336923;27336559;40;37560089
27336923;27337069;16;37560079
27336945;27336571;40;37537154
27336945;27336588;94;37537251
27336945;27337522;59;37537153
27336964;27336980;14;39677744
27336964;27337051;15;39677792
27336964;27337148;41;39677739
27336972;27337002;18;37547923
27336972;27337251;29;38020076
27336980;27336964;14;39677743
27336980;27336998;35;39677742
27336980;27337051;7;39677715
27336984;27336911;50;38020077
27336984;27336911;42;37547924
27336998;27336980;35;39677741
27336998;27337051;58;39677789
27336998;27337557;82;39677738
27337000;27336866;32;37537140
27337000;27337075;20;37537139
27337000;27337434;126;39701654
27337002;27336896;12;39648304
27337002;27336984;62;37547922
27337020;27337137;44;39720525
27337051;27336964;15;39677791
27337051;27336980;7;39677716
27337051;27336998;58;39677790
27337069;27336923;16;37560080
27337069;27337990;164;37605847
27337069;27338215;119;37560077
27337075;27337000;20;37537138
27337075;27337434;84;37537137
27337075;27338729;171;37572587
27337082;27338001;100;37959317
27337083;27336624;130;38950553
27337083;27336695;42;37537227
27337083;27337107;8;38950550
27337107;27337083;8;38950551
27337107;27337632;127;37981631
27337124;27337181;34;37537166
27337124;27337184;206;37537164
27337137;27334839;300;37559248
27337137;27337020;44;39720524
27337137;27337404;54;37558800
27337137;27338095;98;38409990
27337148;27336964;41;39677740
27337148;27337556;51;39677751
27337148;27337796;96;39677735
27337149;27337236;17;39704668
27337150;27337002;15;39648303
27337150;27337214;8;38021100
27337155;27336457;76;37560300
27337155;27341451;444;37559756
27337162;27336220;200;37559952
27337162;27336861;115;37559492
27337162;27337299;64;37559270
27337176;27336571;174;37537241
27337176;27337393;22;37537240
27337181;27336603;60;37959319
27337184;27336755;123;37537165
27337184;27337550;35;37537180
27337190;27336611;60;37605824
27337190;27337258;42;37605829
27337190;27337777;100;37605823
27337197;27337289;24;39529732
27337197;27337367;97;38021103
27337201;27337266;5;38021113
27337214;27337150;8;38021099
27337214;27337251;22;39648311
27337236;27336086;125;39720537
27337236;27337149;17;39704667
27337236;27337738;69;39720534
27337241;27336440;205;37558684
27337241;27339065;195;37559049
27337251;27337392;31;38021105
27337251;27337502;23;38712450
27337258;27336778;94;37605827
27337258;27337190;42;37605828
27337258;27337960;78;39382669
27337261;27336866;70;38486712
27337261;27337922;209;38486709
27337261;27338261;98;39720470
27337265;27337150;36;38020075
27337265;27337214;36;39648336
27337266;27337197;87;38021107
27337266;27337367;14;38021112
27337270;27336333;133;37605820
27337289;27336819;95;37605701
27337289;27337197;24;39529731
27337299;27337162;64;37559269
27337299;27338673;156;37560545
27337367;27337478;63;38712454
27337376;27337478;42;38172580
27337381;27336296;140;39205986
27337381;27336427;132;37580776
27337392;27337266;78;38021106
27337392;27337341;46;38172583
27337393;27337552;52;37537238
27337393;27338069;68;37537239
27337402;27336505;89;37541892
27337404;27336440;103;37959362
27337404;27337137;54;37558801
27337404;27338273;92;37959361
27337429;27336913;69;37580772
27337429;27337381;5;38728137
27337434;27337000;126;39701655
27337434;27337075;84;37537136
27337434;27337522;23;37537135
27337478;27337502;33;38712453
27337502;27337530;14;39648310
27337502;27338366;88;38021102
27337522;27336945;59;37537152
27337522;27337434;23;37537134
27337522;27337707;76;37537133
27337530;27337214;30;38021104
27337550;27337107;127;37541907
27337550;27337632;10;37981634
27337552;27337176;55;39720518
27337556;27337148;51;39677752
27337557;27336998;82;39677737
27337557;27337889;60;39677703
27337557;27338380;184;39677702
27337561;27332457;521;38942312
27337561;27337694;17;38942311
27337561;27337777;23;38221549
27337592;27336827;90;37605705
27337592;27337289;41;37604083
27337601;27337991;48;39320143
27337627;27337530;10;38731688
27337632;27337550;10;37981635
27337632;27338216;61;37537179
27337632;27338296;181;37981630
27337674;27338227;66;37605837
27337694;27337561;17;38942310
27337694;27350107;1464;38942309
27337707;27337522;76;37537132
27337707;27337868;43;37537131
27337707;27339324;173;37872764
27337720;27338117;45;37605853
27337736;27338330;70;37559273
27337736;27338483;184;37537243
27337737;27336771;95;37605706
27337737;27337755;2;39677865
27337738;27337236;69;39720535
27337738;27337782;8;39720532
27337738;27337802;7;39704669
27337742;27337986;33;39677708
27337755;27337592;115;37604082
27337755;27337737;2;39677864
27337777;27337190;100;37605822
27337777;27337694;22;38221548
27337777;27338158;62;39760389
27337782;27337738;8;39720533
27337782;27338573;111;39720530
27337782;27338573;138;39529772
27337791;27337755;12;37604081
27337791;27338888;168;39529740
27337796;27336644;155;39677793
27337796;27337148;96;39677736
27337796;27338108;38;39677733
27337802;27337738;7;39704670
27337806;27337299;72;37558908
27337812;27337986;20;39677773
27337868;27337707;43;37537130
27337868;27338069;56;37537129
27337868;27339072;126;39710716
27337889;27337557;60;39677704
27337889;27338066;71;39677721
27337899;27336087;189;37959315
27337899;27337903;3;37959326
27337899;27338001;124;37959323
27337903;27337899;3;37959325
27337903;27338010;55;37959313
27337922;27336574;131;37572609
27337922;27336913;145;37572580
27337922;27337261;209;38486710
27337922;27338505;87;37572577
27337959;27337181;73;37959318
27337960;27337258;78;39382668
27337986;27337742;33;39677707
27337986;27337812;20;39677772
27337986;27338108;15;39677771
27337990;27337069;164;37605846
27337990;27338227;32;38944519
27337990;27338494;62;37605848
27337991;27337601;48;39320144
27337991;27337806;35;38221850
27338001;27337082;100;37959316
27338001;27337899;124;37959324
27338001;27338013;26;37959321
27338008;27337552;83;39720517
27338008;27338589;62;37648644
27338010;27337903;55;37959312
27338010;27339058;124;37959333
27338013;27338001;26;37959322
27338027;27337550;124;37541906
27338066;27337889;71;39677722
27338066;27338673;133;39677723
27338069;27337868;56;37537128
27338069;27338233;51;37537127
27338095;27337137;98;38409989
27338095;27338273;48;38409988
27338095;27338475;41;37558803
27338098;27337627;47;38731687
27338108;27337796;38;39677734
27338108;27337986;15;39677770
27338108;27338563;67;39677731
27338117;27337720;45;37605852
27338117;27338519;60;37605851
27338132;27338505;68;39696524
27338158;27337777;62;39760388
27338158;27338251;94;37605812
27338158;27339552;227;39760387
27338165;27338027;59;39677769
27338165;27338027;45;37541905
27338199;27337959;32;38792019
27338199;27338165;12;37541904
27338214;27337627;60;39428506
27338214;27338098;31;37547908
27338215;27337069;119;37560078
27338215;27337265;175;37547911
27338216;27338761;58;37537178
27338216;27338861;174;37537230
27338227;27337674;66;37605836
27338227;27337990;32;38944518
27338227;27338308;8;38944517
27338233;27338069;51;37537126
27338233;27338589;80;37537125
27338233;27339606;144;37648658
27338251;27336778;211;37605815
27338251;27338158;94;37605813
27338251;27338314;63;37605810
27338261;27337261;98;39720469
27338261;27338454;86;38487880
27338273;27337404;92;37959360
27338273;27338095;48;38409987
27338273;27338426;36;37559509
27338273;27339414;120;37537267
27338292;27337959;38;37981626
27338292;27338199;27;37541903
27338296;27338199;10;39720521
27338296;27338359;15;37981629
27338301;27336500;324;39756452
27338301;27338348;6;39756445
27338308;27338227;8;38944516
27338308;27338490;18;39428503
27338308;27338570;61;37605834
27338314;27338251;63;37605811
27338330;27338776;360;37580325
27338330;27340642;288;37559272
27338348;27338301;6;39756446
27338348;27339457;151;39756443
27338359;27338521;42;37981628
27338359;27338754;42;37501440
27338366;27338902;58;38021101
27338366;27339347;128;38655530
27338380;27337557;184;39677701
27338380;27338852;71;39677698
27338380;27338852;66;39677747
27338426;27338273;36;37559508
27338426;27338533;12;39677728
27338426;27338921;129;37559507
27338430;27338570;42;37605833
27338453;27338533;20;39677766
27338454;27338261;86;38487879
27338475;27338095;41;37558802
27338483;27338292;48;37541902
27338490;27338308;18;39428502
27338490;27338494;52;39428501
27338490;27340090;180;37605830
27338494;27337990;62;37605849
27338494;27338490;52;39428500
27338494;27338807;62;39428499
27338505;27337922;87;37572578
27338505;27338132;68;39696523
27338505;27338645;20;37572575
27338519;27338117;60;37605850
27338519;27338215;70;39107531
27338521;27338754;38;39188123
27338521;27338776;77;37981627
27338533;27338426;12;39677727
27338533;27338453;20;39677765
27338533;27339010;129;39677764
27338563;27338108;67;39677732
27338570;27338308;61;37605835
27338570;27338430;42;37605832
27338570;27339226;121;39698080
27338573;27337782;111;39720531
27338573;27337782;138;39529771
27338573;27338888;49;39720528
27338589;27338008;62;37648645
27338589;27338233;80;37537124
27338589;27338712;29;37537123
27338645;27338505;20;37572576
27338645;27338803;25;37572573
27338645;27340307;235;37572666
27338663;27339573;117;39701677
27338673;27337299;156;37560544
27338673;27338066;133;39677724
27338673;27339800;162;37872431
27338673;27340852;256;37545751
27338688;27338483;61;37541901
27338710;27339831;117;37572604
27338712;27338589;29;37537122
27338712;27339127;103;37648653
27338725;27338521;95;39188124
27338725;27338688;13;38372628
27338729;27337075;171;37572588
27338729;27338867;136;37572570
27338729;27339324;184;37572567
27338729;27340815;288;37872783
27338754;27340642;211;37501441
27338761;27338008;147;39720516
27338761;27339185;47;37537177
27338776;27338972;64;38372629
27338803;27338645;25;37572574
27338803;27338867;13;37572571
27338803;27339397;65;39710766
27338807;27338494;62;39428498
27338807;27338519;40;39107530
27338807;27338982;19;39428497
27338822;27338894;15;37558692
27338822;27339076;29;39677712
27338850;27338852;5;39677699
27338852;27338380;71;39677697
27338852;27338380;66;39677748
27338852;27338850;5;39677700
27338861;27338296;63;39720520
27338867;27338729;136;37572569
27338867;27338803;13;37572572
27338867;27340815;194;37872740
27338868;27338725;47;38372627
27338888;27337791;168;39529739
27338888;27338573;49;39720529
27338888;27339573;106;39529738
27338888;27340669;200;37605691
27338894;27338822;15;37558691
27338894;27339048;52;37558690
27338894;27339483;63;37559244
27338902;27338913;4;38492182
27338902;27340362;154;38712460
27338913;27338902;4;38492183
27338913;27338923;5;38944520
27338921;27338426;129;37559506
27338921;27339010;12;39677718
27338921;27339065;39;37559505
27338923;27338098;88;38731686
27338923;27338913;5;38944521
27338923;27339747;253;37547909
27338958;27338214;187;37547907
27338958;27338215;76;38172582
27338972;27339201;77;39647871
27338982;27338807;19;39428496
27338982;27339596;70;39428495
27339010;27338533;129;39677763
27339010;27338921;12;39677717
27339010;27339091;18;39677762
27339048;27338894;52;37558689
27339048;27339092;3;37559246
27339048;27339131;78;37558688
27339058;27338010;124;37959332
27339058;27339247;22;38492174
27339059;27337402;200;37541891
27339059;27338868;268;37537335
27339065;27338921;39;37559504
27339065;27339925;93;39647900
27339072;27337868;126;39710715
27339076;27338822;29;39677711
27339091;27339010;18;39677761
27339092;27339048;3;37559247
27339092;27339500;42;39677725
27339127;27338712;103;37648654
27339127;27339185;17;37648651
27339127;27342777;459;37558177
27339131;27339048;78;37558687
27339185;27339127;17;37648652
27339185;27339368;39;37648649
27339188;27338761;75;39720515
27339196;27336914;247;37559156
27339196;27339065;38;37558798
27339201;27339235;11;39647870
27339223;27337402;199;37965363
27339223;27338868;121;39720063
27339226;27338570;121;39698079
27339226;27339540;65;38722420
27339235;27339498;82;39647869
27339247;27339223;8;39720062
27339277;27340147;83;37559150
27339307;27339058;29;38492173
27339307;27339247;20;39720061
27339324;27337707;173;37872765
27339324;27338729;184;37572568
27339324;27339412;20;37572602
27339324;27339879;55;37872762
27339347;27338366;128;38655531
27339361;27337806;171;37558907
27339361;27337991;256;38221849
27339368;27339185;39;37648650
27339368;27339966;123;37648647
27339368;27339978;76;39703341
27339397;27338803;65;39710765
27339412;27339324;20;37572601
27339412;27339718;92;37572600
27339412;27339719;31;39710742
27339414;27339307;23;39720060
27339414;27339498;9;37537266
27339457;27338348;151;39756444
27339457;27339493;28;37605839
27339457;27340381;123;39756449
27339483;27338894;63;37559245
27339483;27339414;28;39720059
27339493;27339457;28;37605838
27339493;27339540;17;38722421
27339498;27339594;37;39647868
27339498;27340005;53;37537265
27339500;27339092;42;39677726
27339500;27339618;13;39677709
27339521;27338982;89;39428494
27339521;27340090;92;37605843
27339526;27339196;74;37558811
27339526;27339361;17;37558906
27339540;27339226;65;38722419
27339540;27339493;17;38722422
27339552;27338158;227;39760386
27339554;27339877;42;37581057
27339563;27338589;110;37648646
27339563;27338712;111;37572605
27339573;27338663;117;39701676
27339573;27338888;106;39529737
27339573;27340040;71;39529736
27339594;27339610;19;37559765
27339594;27339962;124;39647867
27339596;27339521;109;37605854
27339596;27339747;36;37605845
27339606;27339563;5;39710717
27339606;27340083;58;37648639
27339610;27339909;105;38944537
27339618;27339483;52;39720058
27339618;27339500;13;39677710
27339638;27339235;51;37922278
27339638;27340147;62;37922280
27339700;27339526;21;37546524
27339700;27340058;70;38221864
27339718;27339412;92;37572599
27339718;27339831;26;37572598
27339718;27340224;59;39677658
27339719;27339412;31;39710741
27339731;27339646;51;39677776
27339747;27338923;253;37547910
27339747;27338958;78;38172581
27339747;27339596;36;37605844
27339747;27340172;43;37547920
27339800;27338673;162;37872430
27339800;27340487;85;37537339
27339831;27338710;117;37572603
27339831;27339718;26;37572597
27339831;27340055;36;37572596
27339849;27334811;542;38012320
27339877;27337429;250;38728136
27339879;27339324;55;37872763
27339879;27340968;146;37572606
27339879;27340968;120;37872760
27339889;27338861;114;39720519
27339889;27339188;99;37648657
27339889;27339989;36;39720523
27339909;27339849;64;38492191
27339925;27339618;109;39720057
27339925;27340048;14;37537232
27339962;27340048;26;39647866
27339962;27340495;54;39677756
27339966;27339368;123;37648648
27339966;27339889;10;37546506
27339966;27340818;114;38792020
27339978;27339368;76;39703342
27339978;27340019;7;39703354
27339978;27340643;80;39703339
27339989;27339889;36;39720522
27339989;27340151;98;37537237
27340005;27339638;93;37922277
27340005;27340772;78;37537264
27340019;27339978;7;39703353
27340019;27340031;19;39703351
27340019;27340179;21;39703348
27340031;27340019;19;39703352
27340031;27340165;12;39703349
27340040;27339573;71;39529735
27340040;27340923;135;39529734
27340040;27341500;144;37604062
27340048;27340324;49;39704839
27340048;27340495;48;39704841
27340054;27340512;100;39704810
27340055;27339831;36;37572595
27340055;27340309;25;39677656
27340058;27339700;70;38221863
27340083;27339606;58;37648638
27340083;27340137;10;37536160
27340083;27340702;74;37648643
27340090;27338490;180;37605831
27340090;27339521;92;37605842
27340090;27340512;59;37605841
27340102;27341088;131;37605699
27340125;27339059;127;37541890
27340125;27339201;226;37546525
27340137;27340055;26;39677655
27340137;27340083;10;37536159
27340137;27340309;33;37536158
27340147;27339277;83;37559151
27340147;27339638;62;37922279
27340147;27341073;94;37559148
27340151;27339989;98;37537236
27340165;27340031;12;39703350
27340165;27340179;6;39703345
27340165;27340461;47;39703344
27340172;27339747;43;37547921
27340172;27340434;110;39146367
27340172;27342912;275;37547918
27340179;27340019;21;39703347
27340179;27340165;6;39703346
27340179;27340643;102;39703356
27340188;27339196;102;39647901
27340188;27339925;47;39647902
27340224;27339718;59;39677657
27340233;27339877;37;38756881
27340233;27340307;66;37572667
27340286;27340498;31;38221858
27340307;27338645;235;37572665
27340307;27340233;66;37572668
27340307;27341344;118;39696509
27340309;27340137;33;37536157
27340309;27340474;30;37536156
27340324;27340188;15;39647882
27340324;27341415;196;38372636
27340362;27340397;9;38492186
27340362;27340755;41;38712459
27340379;27339849;71;38944538
27340381;27339457;123;39756450
27340381;27340550;45;39756447
27340381;27341990;215;39760391
27340397;27338923;155;37621602
27340397;27340362;9;38492187
27340397;27340824;128;39146376
27340420;27341073;156;37648656
27340434;27340172;110;39146368
27340434;27340934;55;37605716
27340437;27340498;7;39737908
27340461;27340165;47;39703343
27340465;27340956;67;38722417
27340474;27340309;30;37536155
27340474;27340702;32;37572594
27340474;27341501;193;37536154
27340484;27340609;13;39737904
27340487;27340783;32;37537345
27340487;27340825;41;37537338
27340488;27339700;91;37546523
27340488;27340188;52;38372646
27340495;27340845;40;39704840
27340498;27340286;31;38221857
27340498;27340437;7;39737907
27340498;27340609;20;38221856
27340498;27340612;13;39737906
27340503;27340825;158;38979230
27340503;27341242;79;38979234
27340503;27341454;142;38979227
27340512;27340054;100;39704809
27340512;27340090;59;37605840
27340524;27339800;77;37536218
27340524;27340538;101;37537341
27340527;27336474;399;37561619
27340527;27340534;78;39360964
27340534;27340924;41;37560052
27340538;27340753;24;37559615
27340538;27340796;72;37537347
27340547;27340758;55;39760392
27340550;27340381;45;39756448
27340553;27340488;11;38372645
27340553;27340695;44;39677768
27340586;27340708;14;39737900
27340609;27340484;13;39737903
27340609;27340498;20;38221855
27340609;27340708;19;38221854
27340609;27340717;13;39737902
27340612;27340498;13;39737905
27340642;27343710;400;37559271
27340643;27339978;80;39703340
27340643;27340179;102;39703355
27340643;27341181;70;39703337
27340669;27340963;47;39529769
27340669;27341290;64;37605690
27340695;27340553;26;38372644
27340695;27340553;44;39677767
27340702;27340083;74;37648642
27340702;27340474;32;37572593
27340702;27342635;237;37648641
27340707;27340219;48;39345363
27340707;27340233;46;38756880
27340708;27340586;14;39737899
27340708;27340609;19;38221853
27340708;27340808;12;39737898
27340708;27340852;27;38221852
27340717;27340609;13;39737901
27340753;27341845;116;37559614
27340755;27340956;205;37605696
27340755;27341622;91;38712458
27340758;27340547;55;39760393
27340772;27341433;71;37537263
27340783;27340524;70;37537340
27340783;27341034;29;37537344
27340796;27340524;29;37536217
27340796;27341034;70;37537346
27340808;27340708;12;39737897
27340815;27338729;288;37872782
27340815;27338867;194;37872739
27340815;27340866;7;37872738
27340818;27339966;114;38792021
27340818;27341052;34;37541899
27340824;27340397;128;39146375
27340824;27340934;55;39146374
27340824;27341118;31;37605713
27340825;27340503;158;38979229
27340825;27341161;42;37537337
27340845;27340005;174;37922312
27340845;27340978;30;37922308
27340845;27341465;80;37537235
27340852;27340708;27;38221851
27340852;27341125;34;37545750
27340866;27340815;7;37872737
27340866;27341316;45;37872736
27340866;27341695;134;39696517
27340923;27340040;135;39529733
27340923;27340527;41;37561618
27340923;27340924;78;37561626
27340924;27341527;59;37561624
27340934;27340434;55;37605717
27340934;27340824;55;39146373
27340934;27341350;87;39146372
27340956;27340465;67;38722418
27340956;27340755;205;37605697
27340956;27341088;19;37605694
27340963;27340669;47;39529770
27340968;27339879;146;37572607
27340968;27339879;120;37872761
27340968;27341847;92;37872758
27340978;27341057;17;37922307
27340978;27341615;62;37537282
27341012;27340753;72;37558814
27341012;27340796;26;37536216
27341020;27340379;133;37558693
27341020;27340695;68;38372643
27341034;27341314;28;37537343
27341052;27340818;34;37541900
27341052;27341822;93;39647942
27341052;27341890;106;37559147
27341057;27340324;85;37558686
27341073;27340147;94;37559149
27341073;27340420;156;37648655
27341073;27342135;121;37649737
27341088;27340102;131;37605698
27341088;27340956;19;37605695
27341088;27341357;78;37605692
27341105;27340397;75;37621601
27341105;27341118;148;37605714
27341118;27340824;31;37605712
27341118;27341105;148;37605715
27341118;27341691;89;37605711
27341125;27341020;16;38372642
27341161;27341879;85;37537336
27341169;27341190;4;39708337
27341181;27340643;70;39703338
27341181;27341653;58;39703335
27341181;27342034;108;39703358
27341190;27341169;4;39708338
27341206;27341242;8;38979237
27341242;27340503;79;38979233
27341242;27341206;8;38979238
27341242;27341444;23;38979232
27341242;27341454;59;38979235
27341274;27341501;26;39710722
27341281;27341350;29;39146369
27341290;27341471;19;39529705
27341314;27341012;71;37558813
27341314;27342071;79;37537342
27341316;27340866;45;37872735
27341316;27341632;31;37872734
27341316;27341919;238;38489063
27341344;27340307;118;39696510
27341344;27342340;143;39736151
27341350;27340934;87;39146371
27341350;27341281;29;39146370
27341350;27341691;71;37605708
27341357;27341088;78;37605693
27341357;27341471;15;39529706
27341415;27341613;33;38372635
27341417;27341695;34;39696522
27341433;27342066;120;37537272
27341433;27342135;72;37537262
27341437;27341125;61;38372641
27341444;27341242;23;38979231
27341451;27341527;39;38944534
27341454;27340503;142;38979228
27341454;27341242;59;38979236
27341454;27341628;42;38979250
27341454;27341694;24;38979248
27341465;27340772;146;37537270
27341465;27342066;74;37537234
27341471;27341357;15;39529707
27341471;27341553;9;39529704
27341500;27340040;144;37604061
27341500;27341503;101;37501661
27341500;27341531;115;37561629
27341501;27340474;193;37536153
27341501;27341274;26;39710721
27341501;27341847;70;37536152
27341503;27340923;57;37561625
27341503;27341500;101;37501660
27341527;27341871;33;37561623
27341531;27341500;115;37561630
27341531;27341964;109;37604058
27341531;27342058;107;37561627
27341550;27341451;56;37561631
27341550;27342562;103;37537357
27341551;27341161;42;37537350
27341551;27341314;71;37558812
27341553;27342612;151;39529730
27341612;27341471;15;39529708
27341613;27341437;45;37981632
27341613;27341851;44;38372634
27341615;27341465;67;37537269
27341615;27342187;59;37537281
27341622;27341641;9;38492178
27341622;27342389;81;38712457
27341628;27341550;56;38979247
27341632;27341316;31;37872733
27341632;27341901;26;37872732
27341632;27342106;76;39696513
27341641;27341105;56;37621600
27341641;27341622;9;38492177
27341641;27341710;72;39737876
27341653;27341181;58;39703336
27341690;27341914;30;39760397
27341691;27341118;89;37605710
27341691;27341350;71;37605709
27341691;27341710;163;39737873
27341691;27342504;132;39701681
27341694;27341454;24;38979249
27341694;27341628;48;38979246
27341695;27340866;134;39696518
27341695;27341417;34;39696521
27341695;27342106;68;39696520
27341695;27342377;92;39696515
27341710;27341641;72;39737875
27341710;27341691;163;39737874
27341710;27342303;83;39701678
27341724;27341694;18;38979245
27341724;27341959;23;39704790
27341732;27341437;49;38372640
27341732;27341851;33;37981633
27341765;27341057;138;37922309
27341765;27341844;15;37922480
27341822;27341052;93;39647943
27341822;27342200;83;39710709
27341822;27342311;64;39647940
27341836;27341968;23;39710719
27341836;27343319;154;39737728
27341844;27341765;151;37922481
27341844;27341765;15;37922479
27341844;27341991;25;37922478
27341845;27341732;21;38372639
27341847;27340968;92;37872759
27341847;27341501;70;37536151
27341847;27341982;14;37872756
27341849;27342482;77;37604074
27341851;27342098;47;38372633
27341871;27341874;68;37561622
27341871;27343836;193;37560605
27341874;27341876;9;37561620
27341874;27342405;56;38722447
27341876;27341503;35;37561621
27341879;27341724;84;38979244
27341879;27342206;35;39704792
27341890;27343166;158;37559146
27341901;27341632;26;37872731
27341901;27342149;26;37650807
27341903;27341914;14;39760399
27341914;27341690;30;39760396
27341914;27341903;14;39760398
27341914;27342084;49;39760395
27341919;27341316;238;38489064
27341919;27341836;97;39710720
27341959;27341724;23;39704789
27341959;27342018;12;39704788
27341959;27342315;42;39704807
27341964;27341531;109;37604059
27341968;27341901;20;39710142
27341968;27342149;24;39710143
27341970;27341551;44;37537349
27341970;27341879;77;38979243
27341982;27341847;14;37872757
27341982;27341919;37;39710718
27341982;27342635;124;37872751
27341990;27340381;215;39760390
27341991;27341415;80;37537311
27341991;27341844;25;37922477
27342018;27341959;12;39704787
27342018;27342155;20;39704786
27342018;27342669;65;39704799
27342034;27341181;108;39703357
27342058;27341531;107;37561628
27342058;27341612;45;39529701
27342058;27342232;32;39529759
27342066;27342187;101;37537271
27342066;27342704;77;37537233
27342071;27341970;79;38979242
27342071;27342138;61;38979240
27342071;27342480;44;38979239
27342084;27341914;49;39760394
27342098;27342132;6;38372632
27342098;27342977;94;37537309
27342106;27341632;76;39696514
27342106;27341695;68;39696519
27342106;27342445;38;39736155
27342106;27342571;62;39696511
27342132;27342229;44;38372631
27342132;27342549;76;37981625
27342135;27341073;121;37649736
27342135;27342704;93;37537268
27342138;27342071;61;38979241
27342143;27342269;26;39529694
27342149;27343020;81;37650805
27342155;27342018;20;39704785
27342155;27342277;18;39704784
27342155;27342695;52;39704797
27342156;27341012;121;37536215
27342156;27341845;70;38372638
27342187;27342197;13;37922310
27342187;27342941;71;37537280
27342197;27341057;115;39647873
27342197;27341765;152;37537312
27342197;27342187;13;37922311
27342200;27341822;83;39710710
27342206;27342808;78;39704791
27342216;27342156;9;38372637
27342216;27342480;65;38944533
27342229;27342156;9;37536214
27342229;27342216;12;38372630
27342232;27342058;32;39529760
27342232;27342603;37;39698089
27342232;27342612;99;39529757
27342267;27340707;169;38756879
27342267;27343146;240;37496815
27342269;27342143;26;39529693
27342269;27342362;17;39529698
27342277;27342155;18;39704783
27342277;27342338;16;39704782
27342277;27342764;46;39704795
27342303;27341710;83;39701679
27342311;27341822;64;39647941
27342311;27343934;187;39647938
27342315;27341959;42;39704808
27342338;27342277;16;39704781
27342338;27342562;38;39704780
27342338;27342813;44;39704794
27342340;27341344;143;39736152
27342340;27342377;14;39736154
27342362;27342269;17;39529697
27342362;27342389;7;39529696
27342369;27342939;66;39352385
27342377;27341695;92;39696516
27342377;27342340;14;39736153
27342389;27342362;7;39529695
27342389;27343091;68;38712456
27342393;27341876;55;38722452
27342403;27342709;93;39760400
27342405;27342393;10;38722433
27342415;27341890;65;37546530
27342415;27343405;138;37546532
27342445;27342106;38;39736156
27342480;27342216;65;38944532
27342480;27342811;73;38944531
27342482;27341849;77;37604073
27342482;27342603;71;37604072
27342482;27342939;53;37604079
27342504;27341691;132;39701680
27342549;27342216;32;37500963
27342549;27343565;107;39188121
27342562;27341550;103;37537356
27342562;27342338;38;39704779
27342562;27343585;107;37537355
27342569;27342803;23;39701673
27342571;27342106;62;39696512
27342603;27342232;37;39698088
27342603;27342482;71;37604071
27342603;27342805;20;39698087
27342612;27342232;99;39529758
27342612;27343000;69;39529755
27342635;27340702;237;37648640
27342635;27341982;124;37872750
27342635;27342712;45;37872749
27342635;27343569;108;39710712
27342659;27341876;76;37560294
27342661;27343091;66;39704664
27342669;27342018;65;39704800
27342669;27342695;15;39704805
27342669;27342842;19;39701675
27342695;27342155;52;39704798
27342695;27342669;15;39704806
27342695;27342764;17;39704803
27342704;27342941;137;39647890
27342704;27343299;76;39709918
27342709;27342403;93;39760401
27342712;27342635;45;37872748
27342712;27342777;52;37872747
27342712;27343569;132;37572592
27342763;27341991;77;37537310
27342763;27343664;133;37537321
27342764;27342277;46;39704796
27342764;27342695;17;39704804
27342764;27342813;16;39704801
27342777;27342712;52;37872746
27342777;27342871;62;37872745
27342803;27342569;23;39701672
27342803;27342808;12;39701671
27342803;27342842;12;39701668
27342805;27342603;20;39698086
27342808;27342803;12;39701670
27342808;27343393;65;38709193
27342809;27342267;55;37541888
27342811;27341970;85;37537348
27342811;27342480;73;38944530
27342811;27343101;67;38944529
27342813;27342338;44;39704793
27342813;27342764;16;39704802
27342842;27342669;19;39701674
27342842;27342803;12;39701669
27342842;27343123;65;39701666
27342863;27341968;92;39710141
27342871;27342777;62;37872744
27342871;27343527;225;37872743
27342871;27344356;152;39710713
27342912;27340172;275;37547919
27342912;27344276;141;37547916
27342913;27342197;67;39647872
27342939;27342369;66;39352384
27342939;27342482;53;37604080
27342939;27343198;34;37604077
27342941;27342913;16;39508931
27342941;27343467;54;37537279
27342955;27343198;38;38722443
27342955;27343240;33;38655616
27342977;27343162;62;37537306
27342978;27342863;10;37650806
27343000;27342612;69;39529756
27343000;27343121;12;39529741
27343013;27342311;107;39647884
27343013;27342415;67;37546529
27343020;27342978;52;39710144
27343020;27343323;34;37650804
27343091;27342661;66;39704663
27343091;27343520;47;38712455
27343101;27342206;92;37537351
27343101;27342811;67;38944528
27343101;27343393;76;38944527
27343121;27343629;57;39529753
27343121;27343648;57;39529762
27343123;27342842;65;39701667
27343146;27343125;207;39427347
27343150;27342763;63;37537308
27343150;27343874;76;37537328
27343162;27343150;11;37537307
27343166;27343405;46;37559154
27343166;27344267;149;37559145
27343169;27343720;60;37604070
27343198;27342939;34;37604078
27343198;27342955;38;38722444
27343198;27343347;22;37604075
27343240;27342955;33;38655615
27343240;27343347;34;38655618
27343240;27343717;67;38655614
27343258;27343386;32;39709924
27343261;27343273;67;39427336
27343273;27343338;128;39427340
27343273;27343528;310;37496814
27343299;27342704;76;39709917
27343299;27344021;94;39709916
27343299;27344163;189;37558676
27343319;27341836;154;39737727
27343319;27343569;153;37572589
27343323;27342978;41;37650803
27343323;27344217;90;37572564
27343329;27344147;90;39720548
27343338;27343547;261;39427339
27343347;27343198;22;37604076
27343347;27343240;34;38655617
27343347;27343850;62;39720544
27343347;27344258;117;39720546
27343383;27343146;321;39427341
27343386;27343258;32;39709923
27343386;27343554;41;39709921
27343386;27343574;21;39709920
27343393;27343101;76;38944526
27343393;27343574;47;38944525
27343393;27344448;118;37501609
27343405;27342415;138;37546533
27343405;27343166;46;37559155
27343405;27343763;47;37559152
27343429;27343383;32;38756884
27343467;27343483;8;37922313
27343467;27344163;73;37537278
27343483;27343467;8;37922314
27343483;27343490;7;38944539
27343490;27342913;59;37537288
27343490;27343483;7;38944540
27343520;27343609;17;37560050
27343527;27342871;225;37872742
27343528;27342809;82;37541887
27343547;27343559;18;39427335
27343554;27343386;41;39709922
27343559;27343593;32;39427337
27343565;27342549;107;39188122
27343565;27344071;52;37500959
27343569;27342635;108;39710711
27343569;27342712;132;37572591
27343569;27343319;153;37572590
27343574;27343386;21;39709919
27343574;27343393;47;38944524
27343574;27343791;57;38944523
27343581;27343013;70;37546528
27343581;27344341;134;37546534
27343585;27342562;107;37537354
27343585;27343791;24;37537353
27343585;27343836;183;37564982
27343593;27344262;277;39427346
27343609;27343000;69;39704901
27343609;27343629;3;39704900
27343629;27343648;4;39704899
27343629;27343861;23;39529752
27343648;27344153;59;39529761
27343655;27342912;304;37501672
27343664;27343490;116;38944542
27343664;27345244;169;37537320
27343682;27343729;68;39633085
27343692;27343655;13;37501671
27343692;27344255;58;37501668
27343702;27344687;150;39737712
27343708;27341641;215;37621599
27343710;27344527;238;37496785
27343710;27346351;305;37541897
27343717;27343240;67;38655613
27343717;27344041;39;38655577
27343720;27343169;60;37604069
27343720;27344194;48;37604068
27343729;27343682;68;39633086
27343729;27343831;118;39633083
27343729;27343924;19;37598811
27343763;27343013;136;39647883
27343763;27343405;47;37559153
27343772;27343664;63;38944541
27343791;27343574;57;38944522
27343791;27343585;24;37537352
27343791;27343897;24;39316480
27343819;27343763;9;37546527
27343819;27344402;72;37872730
27343831;27343729;118;39633084
27343836;27344117;60;37537359
27343836;27344470;73;37560604
27343848;27343609;25;39704902
27343848;27343708;15;39704903
27343850;27343347;62;39720545
27343850;27343933;36;37604057
27343850;27344196;39;39720542
27343861;27343848;6;39529718
27343861;27344049;21;39529751
27343870;27343924;70;39633081
27343874;27343772;59;37537317
27343890;27343162;77;37537329
27343890;27343874;11;37537316
27343897;27343791;24;39316479
27343897;27344369;118;39316478
27343897;27345033;134;37515113
27343924;27343729;19;37598810
27343924;27343870;70;39633082
27343924;27344018;116;39633079
27343924;27344101;19;37598809
27343933;27343850;36;37604056
27343933;27344194;113;37604055
27343933;27344324;87;38655580
27343934;27342311;187;39647939
27343934;27344054;14;39647936
27343934;27344283;110;37546531
27343941;27343848;11;39529754
27343980;27343565;46;39737882
27343980;27344071;33;39188120
27343998;27343890;64;37537315
27343998;27345872;207;37537332
27344018;27343924;116;39633080
27344021;27343299;94;39709915
27344021;27344054;16;37537231
27344041;27343717;39;38655578
27344041;27344258;37;38655583
27344041;27344595;73;38655575
27344045;27344101;75;38714380
27344045;27345655;175;38714379
27344045;27345655;217;38714383
27344049;27344097;5;39529747
27344054;27343934;14;39647937
27344054;27344142;11;38944563
27344071;27344269;19;37500958
27344084;27342977;129;37537324
27344084;27343998;58;37537314
27344086;27343692;174;37501670
27344086;27343941;17;39529743
27344086;27344097;9;39529721
27344089;27342659;156;37560295
27344094;27343429;281;37572630
27344097;27344123;11;39529720
27344097;27344203;12;39529746
27344101;27343924;19;37598808
27344101;27344045;75;38714381
27344101;27344162;100;37598807
27344101;27345717;176;38714374
27344117;27343836;60;37537358
27344121;27344687;120;39723414
27344121;27344756;77;39737710
27344121;27345482;369;37572610
27344123;27344153;14;37560334
27344142;27344021;18;39709914
27344142;27344054;11;38944564
27344142;27344786;75;38944561
27344147;27343329;90;39720549
27344153;27344202;15;37560333
27344162;27344101;100;37598806
27344162;27344217;53;37576439
27344163;27345248;118;37537277
27344194;27343720;48;37604067
27344194;27343933;113;37604054
27344194;27344650;50;37604066
27344196;27343850;39;39720543
27344202;27343720;243;37604060
27344202;27344650;204;37560332
27344203;27344757;74;39529745
27344207;27343655;56;38722415
27344207;27344255;13;38722434
27344217;27343323;90;37572563
27344217;27344162;53;37576438
27344217;27346359;244;37572562
27344246;27344276;8;39760403
27344255;27344207;13;38722435
27344255;27344758;58;37501667
27344258;27343347;117;39720547
27344258;27344041;37;38655584
27344258;27344324;14;38655581
27344262;27344589;117;39427332
27344267;27344381;12;37559144
27344267;27344672;56;39707056
27344269;27344084;93;37537313
27344269;27346069;202;37500957
27344276;27342912;141;37547917
27344276;27344246;8;39760402
27344276;27344372;10;37547914
27344283;27343581;84;39647932
27344323;27344595;50;37564983
27344324;27343933;87;38655579
27344324;27344258;14;38655582
27344324;27344578;42;38655586
27344341;27343763;70;37872741
27344341;27344402;9;39710705
27344341;27344421;13;39710707
27344353;27344372;7;39708344
27344356;27342871;152;39710714
27344369;27343897;118;39316477
27344369;27344470;34;39316476
27344369;27345273;136;37537363
27344372;27344276;10;37547915
27344372;27344353;7;39708343
27344372;27344866;58;37547912
27344381;27344672;47;37559648
27344402;27344341;9;39710706
27344402;27345586;130;38732954
27344421;27344341;13;39710708
27344448;27345741;155;37501608
27344470;27344369;34;39316475
27344470;27344730;72;39316474
27344527;27344094;146;39427331
27344529;27344695;47;38158683
27344529;27344786;76;38158682
27344562;27344773;49;37563456
27344578;27344324;42;38655585
27344589;27345028;154;37496786
27344589;27346351;277;37496787
27344595;27344041;73;38655576
27344595;27344323;50;37564984
27344595;27345183;79;37564985
27344650;27344194;50;37604065
27344650;27345183;208;37560331
27344650;27345594;121;37604064
27344653;27345106;54;39703362
27344672;27343819;157;37546526
27344672;27345586;196;39707055
27344687;27343702;150;39737711
27344687;27344121;120;39723413
27344687;27345145;52;39723412
27344695;27344529;47;38158684
27344720;27344207;59;38722414
27344720;27344758;13;38722428
27344730;27344089;76;37560051
27344730;27344470;72;39316473
27344730;27344875;37;39647906
27344736;27345569;157;37537376
27344747;27345193;53;39703376
27344756;27344121;77;39737709
27344756;27345145;66;39633092
27344756;27345145;47;39737708
27344757;27344904;19;39529749
27344758;27344720;13;38722429
27344758;27345330;64;37501666
27344773;27344562;49;37563455
27344773;27345091;78;37563454
27344773;27345149;43;37580333
27344786;27344142;75;38944562
27344786;27344529;76;38158681
27344786;27346834;237;38944559
27344866;27344372;58;37547913
27344866;27345070;22;39268938
27344875;27344730;37;39647905
27344875;27345183;81;39647904
27344876;27344086;101;38944536
27344904;27344876;4;37501676
27344904;27345105;27;39529748
27344907;27343101;204;37501610
27344907;27343980;107;39737881
27344935;27344527;122;39427334
27344955;27345524;68;38749530
27344956;27345099;18;39703372
27344975;27345149;44;37580331
27344995;27340125;622;37541889
27345028;27345262;65;39427333
27345033;27344448;121;37515114
27345033;27345214;32;37559569
27345070;27344866;22;39268937
27345070;27345279;35;37501659
27345070;27345283;24;39268936
27345091;27344773;78;37563453
27345091;27345324;70;37563452
27345091;27345455;45;37580335
27345099;27344956;18;39703371
27345099;27345189;20;39703373
27345099;27345256;20;39703370
27345103;27345181;8;38683137
27345105;27347195;294;39529750
27345106;27344653;54;39703361
27345106;27345193;17;39703365
27345106;27346249;149;39703360
27345145;27344687;52;39723411
27345145;27344756;66;39633091
27345145;27344756;47;39737707
27345145;27345284;26;39723409
27345145;27345856;84;39737706
27345149;27344773;43;37580332
27345149;27344975;44;37580330
27345149;27345455;75;37580329
27345153;27345181;21;38683152
27345153;27345353;73;38683151
27345153;27345353;22;38683143
27345181;27345103;8;38683136
27345181;27345153;21;38683153
27345181;27345497;35;38683135
27345181;27345561;59;38683140
27345183;27344595;79;37564986
27345183;27344875;81;39647903
27345183;27345563;112;37501589
27345188;27344935;65;37541898
27345189;27345099;20;39703374
27345193;27344747;53;39703375
27345193;27345106;17;39703366
27345193;27345256;18;39703363
27345200;27345708;90;39708355
27345214;27345033;32;37559568
27345233;27345484;29;38749534
27345244;27345328;64;38789117
27345244;27346188;108;37537319
27345248;27345390;15;37537276
27345256;27345099;20;39703369
27345256;27345193;18;39703364
27345256;27345394;16;39703368
27345262;27345616;227;39345141
27345271;27343490;191;37537287
27345271;27345248;14;39508930
27345273;27345569;44;37537372
27345273;27345863;89;37537362
27345279;27345520;39;37501658
27345283;27345070;24;39268935
27345283;27345279;28;39144867
27345283;27345711;48;39268934
27345284;27345145;26;39723410
27345284;27345508;40;39723408
27345288;27344720;64;38722413
27345288;27344866;293;37501669
27345288;27345330;13;38722432
27345321;27345872;110;38756043
27345323;27345461;17;38749528
27345324;27343528;212;39750213
27345324;27345091;70;37563451
27345328;27343772;167;37537327
27345330;27345288;13;38722431
27345330;27345731;48;37501665
27345335;27345070;34;39144866
27345335;27345283;17;39144868
27345337;27345376;13;39205993
27345353;27345153;22;38683142
27345353;27345153;73;38683150
27345353;27345497;24;38683149
27345376;27345324;6;39750212
27345376;27345337;13;39205992
27345390;27345404;14;39508929
27345390;27346646;139;37537275
27345394;27345256;16;39703367
27345404;27345271;14;37537286
27345431;27345335;11;39144865
27345431;27345511;37;38683147
27345455;27345091;45;37580334
27345455;27345149;75;37580328
27345455;27345598;39;37580327
27345461;27345323;17;38749527
27345461;27345484;5;38749526
27345461;27345524;13;38749537
27345482;27344121;369;37572611
27345482;27345871;52;39737725
27345482;27346471;145;39703378
27345484;27345233;29;38749533
27345484;27345461;5;38749525
27345484;27345821;44;38749532
27345497;27345181;35;38683134
27345497;27345353;24;38683148
27345497;27345561;20;37501652
27345500;27345511;6;38683139
27345508;27345284;40;39723407
27345508;27345709;24;39723406
27345511;27345431;37;38683146
27345511;27345500;6;38683138
27345511;27345673;23;38683145
27345520;27346867;212;39529725
27345524;27344955;68;38749529
27345524;27345461;13;38749538
27345524;27345600;24;38749535
27345531;27346379;100;39647926
27345561;27345181;59;38683141
27345561;27345497;20;37501653
27345561;27345708;19;39760405
27345561;27345860;142;37501650
27345563;27345183;112;37501588
27345563;27345703;40;37501587
27345563;27345921;42;37499101
27345569;27344736;157;37537375
27345569;27345273;44;37537371
27345569;27345863;110;37537374
27345569;27346052;74;37537370
27345586;27344402;130;38732953
27345586;27346074;241;37558345
27345586;27346398;90;38732952
27345594;27344650;121;37604063
27345598;27345455;39;37580326
27345600;27345524;24;38749536
27345616;27344995;70;39345140
27345629;27345431;26;39144864
27345655;27344045;175;38714378
27345655;27344045;217;38714382
27345655;27345717;72;38714377
27345673;27345511;23;38683144
27345673;27345629;7;39144870
27345681;27345520;32;39144862
27345695;27345288;48;38722412
27345695;27345731;14;38722438
27345703;27345563;40;37501586
27345703;27345921;37;39359827
27345703;27346120;116;37501585
27345708;27345200;90;39708356
27345708;27345561;19;39760404
27345709;27345508;24;39723405
27345709;27345857;27;39723403
27345711;27345283;48;39268933
27345711;27345629;32;39144863
27345711;27346596;95;38979117
27345717;27344101;176;38714375
27345717;27345655;72;38714376
27345717;27347400;251;37598805
27345731;27345695;14;38722439
27345731;27346178;53;37501664
27345740;27344904;136;37501675
27345740;27345994;33;39529765
27345741;27344907;100;39737880
27345755;27346231;137;37568259
27345767;27345821;16;38749524
27345821;27345484;44;38749531
27345821;27345767;16;38749523
27345821;27345944;31;38749522
27345856;27345145;84;39737705
27345856;27345857;17;39633087
27345856;27346774;120;39737704
27345857;27345709;27;39723404
27345857;27345856;17;39633088
27345857;27345858;4;39633089
27345858;27345857;4;39633090
27345858;27345875;29;39723402
27345860;27345561;142;37501651
27345860;27346417;260;37501648
27345860;27346648;118;38979105
27345863;27345569;110;37537373
27345863;27346221;52;37537361
27345871;27345482;52;39737726
27345871;27346101;30;37563470
27345871;27346249;103;39737723
27345872;27345321;110;38756042
27345872;27347062;132;37537331
27345875;27345858;29;39723401
27345875;27346359;116;38714384
27345880;27346019;15;39737927
27345880;27346437;315;37600879
27345921;27346461;59;37499100
27345937;27345994;29;39529768
27345944;27345821;31;38749521
27345950;27344084;206;37537323
27345950;27345872;54;37537334
27345963;27346019;36;39716252
27345994;27345740;33;39529766
27345994;27345937;29;39529767
27345994;27346381;44;39529763
27346000;27344283;201;39647933
27346000;27346074;12;38164852
27346019;27345880;15;39737928
27346019;27345963;36;39716253
27346019;27346289;30;39737925
27346052;27344875;192;37561634
27346052;27345569;74;37537369
27346069;27345950;95;37537333
27346069;27347263;130;37500956
27346074;27346000;12;38164851
27346074;27346552;95;37558344
27346101;27345871;30;37563469
27346101;27346285;20;37563468
27346101;27346637;140;39736166
27346120;27345703;116;37501584
27346120;27346190;19;37501583
27346148;27345695;53;38722411
27346148;27346178;14;38722436
27346178;27346148;14;38722437
27346178;27346671;52;37501663
27346188;27346805;64;37537318
27346190;27346120;19;37501582
27346190;27346292;23;39744785
27346221;27346475;41;39360965
27346221;27346907;96;37537360
27346225;27346231;80;37892492
27346231;27345755;137;37568260
27346231;27346225;80;37892491
27346231;27347840;171;37568257
27346244;27346289;35;39716249
27346249;27345106;149;39703359
27346249;27345871;103;39737724
27346249;27346667;88;39737721
27346256;27346404;22;38749449
27346276;27345328;107;37537326
27346276;27346188;65;38789118
27346283;27345188;173;39345142
27346285;27346101;20;37563467
27346285;27346471;23;37563466
27346285;27347128;275;39736160
27346289;27346019;30;39737926
27346289;27346244;35;39716248
27346289;27346386;10;39737923
27346292;27346190;23;39744784
27346292;27346624;84;39744783
27346294;27345708;70;39760409
27346294;27346453;20;38749542
27346351;27348943;271;37541896
27346359;27344217;244;37572561
27346359;27345875;116;38714385
27346359;27347213;98;37572560
27346374;27346052;51;37561633
27346374;27346437;86;37600877
27346379;27346231;169;37566214
27346379;27346422;14;37563450
27346379;27346866;79;37567178
27346379;27347160;89;39647925
27346381;27345994;44;39529764
27346386;27346289;10;39737924
27346386;27346461;66;37600880
27346386;27346566;19;39737921
27346398;27345586;90;38732951
27346398;27346501;12;39647889
27346398;27346504;42;38710027
27346401;27346673;28;38749545
27346404;27346256;22;38749450
27346414;27346453;16;38749544
27346417;27345673;95;38979120
27346417;27345860;260;37501649
27346422;27345376;124;39750211
27346422;27346379;14;37563449
27346422;27346466;16;39075319
27346437;27345880;315;37600878
27346437;27347373;117;37940290
27346453;27346294;20;38749541
27346453;27346414;16;38749543
27346453;27346523;8;38749540
27346461;27346386;66;37600881
27346461;27348489;215;37499099
27346466;27346422;16;39075318
27346466;27347890;159;38720771
27346471;27345482;145;39703377
27346471;27346285;23;37563465
27346471;27346694;23;37563464
27346475;27346221;41;39360966
27346475;27346551;11;39360970
27346475;27346652;93;39360967
27346485;27346120;40;38441281
27346485;27346292;37;38441284
27346501;27346398;12;39647888
27346501;27346567;6;39647887
27346501;27346790;157;37546559
27346503;27346615;11;38749433
27346504;27346567;42;37559534
27346504;27346757;95;38710030
27346510;27346566;36;39716251
27346511;27346700;31;38854827
27346523;27346453;8;38749539
27346529;27346585;6;38749431
27346551;27346475;11;39360969
27346552;27346000;94;38164822
27346552;27346834;93;37558343
27346552;27347247;81;37546569
27346566;27346386;19;39737922
27346566;27346510;36;39716250
27346566;27346848;30;39737919
27346567;27346501;6;39647886
27346567;27347341;85;37558342
27346585;27346529;6;38749430
27346596;27345711;95;38979116
27346596;27346417;78;38979119
27346596;27347285;76;38979111
27346615;27346503;11;38749432
27346624;27346292;84;39744782
27346624;27347056;118;37501581
27346632;27346148;52;38722410
27346632;27346671;14;38722424
27346637;27346101;140;39736165
27346637;27346667;59;39736163
27346646;27346668;15;37561898
27346646;27347337;78;37537274
27346648;27345860;118;38979104
27346648;27347015;140;37501639
27346652;27346475;93;39360968
27346661;27346485;18;37501674
27346661;27346999;87;39744787
27346667;27346249;88;39737722
27346667;27346637;59;39736164
27346667;27346847;35;39737719
27346668;27345404;140;37537285
27346668;27346646;15;37561897
27346668;27346805;116;37537305
27346671;27346632;14;38722425
27346671;27347118;51;37501662
27346673;27346401;28;38749546
27346694;27346471;23;37563463
27346694;27347117;115;37572616
27346694;27347214;62;37563462
27346700;27346511;31;38854826
27346700;27346823;139;38854824
27346700;27346847;19;38854823
27346757;27346504;95;38710031
27346757;27346849;45;38710028
27346757;27347057;36;39709912
27346774;27345856;120;39737703
27346774;27348391;207;37572566
27346790;27346501;157;37546560
27346790;27347247;145;37546557
27346790;27349815;307;37546562
27346792;27345681;129;37501657
27346792;27346596;86;39529711
27346793;27346979;43;37560989
27346793;27347085;98;37558615
27346805;27346875;64;37537304
27346807;27346848;35;39716246
27346823;27346700;139;38854825
27346834;27344786;237;38944560
27346834;27347453;77;38944557
27346844;27345741;128;39737879
27346844;27346876;28;37561878
27346844;27347196;41;37558613
27346847;27346667;35;39737720
27346847;27346700;19;38854822
27346847;27347178;59;39737717
27346848;27346566;30;39737920
27346848;27346807;35;39716247
27346848;27347114;30;39737917
27346849;27346757;45;38710029
27346849;27347099;69;37559565
27346866;27346992;17;37871696
27346866;27347840;143;37567177
27346867;27347032;23;39144869
27346867;27347052;32;39529724
27346875;27346276;65;37537325
27346875;27347062;134;37537303
27346875;27347275;45;37559606
27346876;27346844;28;37561879
27346907;27347104;30;39737878
27346956;27347366;52;38749810
27346969;27347229;100;39716239
27346979;27346793;43;37560990
27346979;27346793;31;37558616
27346992;27347436;58;37871695
27346999;27346661;87;39744786
27346999;27347464;54;38655554
27347015;27346417;72;38979118
27347015;27347285;111;38979109
27347032;27346792;127;39529710
27347052;27346632;49;38722409
27347052;27347118;16;39529723
27347053;27347085;29;37558619
27347056;27346624;118;37501580
27347056;27347432;66;37501579
27347057;27346757;36;39709913
27347062;27347115;31;37537302
27347070;27347114;30;39716245
27347085;27347053;29;37558618
27347085;27347301;25;37558804
27347091;27347300;45;38655541
27347099;27346849;69;37559566
27347099;27347214;27;37559563
27347104;27346844;33;39720175
27347114;27346848;30;39737918
27347114;27347070;30;39716244
27347114;27347229;12;39737915
27347115;27347154;31;37537301
27347115;27347693;61;37559533
27347117;27346694;115;37572617
27347117;27347461;94;37572614
27347117;27347650;62;37872775
27347118;27347250;25;39529722
27347119;27345616;168;39345139
27347119;27346283;97;37496784
27347128;27346285;275;39736159
27347128;27347178;14;39736161
27347154;27345950;132;37537322
27347154;27347263;92;37537300
27347157;27344876;320;38944535
27347160;27347436;47;37651044
27347160;27347832;75;39647924
27347172;27346374;128;37561632
27347172;27346907;111;39737877
27347178;27346847;59;39737718
27347178;27347128;14;39736162
27347178;27347839;71;39737715
27347195;27347250;11;39529744
27347196;27346979;48;37558614
27347196;27347505;36;37558612
27347213;27346359;98;37572559
27347213;27347431;28;37572558
27347213;27348086;97;39724114
27347214;27346694;62;37563461
27347214;27347099;27;37559564
27347214;27347374;48;37559561
27347214;27347777;67;37563460
27347229;27346969;100;39716238
27347229;27347114;12;39737916
27347229;27347392;19;39737913
27347234;27345740;213;38655532
27347234;27347056;52;37501145
27347247;27346552;81;37546568
27347247;27346790;145;37546558
27347247;27349848;259;37546567
27347250;27347032;71;39529709
27347250;27347157;12;39529742
27347250;27347378;17;39529703
27347250;27347680;91;37563725
27347260;27347511;61;38754825
27347263;27347301;39;37501146
27347263;27349007;174;37500962
27347275;27346875;45;37559605
27347275;27347394;52;39706252
27347275;27347939;102;37559604
27347281;27347299;22;37580322
27347285;27346596;76;38979110
27347285;27347626;132;38979108
27347285;27348042;78;38979113
27347286;27347234;15;37501144
27347286;27347432;22;38722416
27347299;27347281;22;37580321
27347299;27347317;38;37580320
27347299;27347597;32;39737885
27347300;27347091;45;38655542
27347300;27347464;45;38655539
27347300;27347546;27;38655548
27347301;27347492;145;37558810
27347317;27347299;38;37580319
27347317;27347341;44;37580318
27347317;27347636;34;39737884
27347321;27347392;56;39716243
27347327;27347616;43;39364688
27347335;27347172;132;37537368
27347335;27347918;59;39360415
27347337;27347453;24;37537273
27347337;27347532;21;38012319
27347341;27346567;85;37558341
27347341;27347317;44;37580317
27347341;27347677;34;37558340
27347344;27346466;277;39242097
27347344;27347434;115;39364751
27347345;27347406;7;38749811
27347366;27346294;149;39760408
27347366;27346956;52;38749809
27347373;27347335;68;37537367
27347374;27347214;48;37559562
27347374;27347573;23;37581085
27347374;27347650;69;37559559
27347378;27347250;17;39529702
27347378;27347491;12;37501591
27347388;27345708;252;37501647
27347388;27347410;5;39305371
27347392;27347229;19;39737914
27347392;27347321;56;39716242
27347392;27347714;33;39737911
27347394;27347275;52;39706253
27347400;27345717;251;37598804
27347400;27347431;10;37576437
27347406;27347345;7;38749812
27347410;27347388;5;39305370
27347410;27347605;39;38756984
27347422;27347378;8;39529719
27347431;27347213;28;37572557
27347431;27347400;10;37576436
27347431;27348068;68;37572556
27347432;27347589;22;39308338
27347434;27347344;115;39364752
27347436;27346992;86;39758244
27347436;27347832;49;37651043
27347453;27346834;77;38944558
27347453;27347494;5;38944555
27347461;27347117;94;37572615
27347461;27347839;95;37572612
27347461;27348031;63;37572625
27347464;27346999;54;38655553
27347464;27347300;45;38655540
27347464;27347737;29;38655552
27347481;27347693;87;39706255
27347484;27347627;36;38655537
27347491;27347378;12;37501590
27347491;27347708;21;37499088
27347492;27347505;15;37558809
27347492;27348034;55;37558211
27347494;27347453;5;38944556
27347494;27347532;15;37537298
27347494;27347876;44;38944553
27347505;27347579;57;37558808
27347507;27347388;18;37501646
27347507;27347919;79;38756986
27347511;27347260;61;38754826
27347517;27347605;19;38756981
27347529;27346648;140;37501654
27347529;27347015;67;38979106
27347532;27347494;15;37537297
27347532;27347581;13;37537296
27347533;27347597;72;37580316
27347546;27347300;27;38655547
27347546;27347627;8;38655546
27347546;27347737;45;38702272
27347560;27347507;7;37501645
27347560;27347897;64;38756988
27347573;27347374;23;37581084
27347573;27347868;68;39737702
27347573;27348003;46;37581083
27347579;27347104;60;37558617
27347579;27347709;89;37558807
27347581;27346668;102;37537284
27347581;27347532;13;37537295
27347581;27347939;120;37537294
27347589;27348258;90;39308337
27347597;27347299;32;39737886
27347597;27347533;72;37580315
27347597;27347636;37;37580314
27347598;27348211;65;39364613
27347605;27347410;39;38756985
27347605;27347517;19;38756980
27347605;27347889;52;38756982
27347616;27347327;43;39364687
27347616;27347937;76;39364736
27347616;27347944;113;39364735
27347626;27346792;99;37501656
27347626;27347917;102;38979107
27347627;27347484;36;38655538
27347627;27347546;8;38655545
27347627;27347961;33;38655544
27347628;27347714;56;39716241
27347636;27347317;34;39737883
27347636;27347597;37;37580313
27347636;27347677;45;37580312
27347638;27347373;73;37537366
27347638;27347878;25;39716236
27347650;27347117;62;37872774
27347650;27347374;69;37559560
27347650;27347846;46;37559557
27347650;27347868;23;37872773
27347677;27347341;34;37558339
27347677;27347636;45;37580311
27347677;27347982;30;37558338
27347680;27347286;107;37501143
27347693;27347115;61;37559532
27347693;27347481;87;39706254
27347693;27347728;67;37559531
27347701;27347422;32;37501568
27347701;27347708;22;38441316
27347708;27349247;154;37499087
27347709;27347172;57;37501607
27347709;27347781;55;37558806
27347714;27347392;33;39737912
27347714;27347628;56;39716240
27347714;27347865;14;39737909
27347728;27347693;67;37559530
27347737;27347464;29;38655551
27347737;27347546;45;38702273
27347737;27348056;32;38655550
27347759;27347344;130;39242096
27347759;27348011;25;39356580
27347777;27347214;67;37563459
27347777;27348003;47;37581066
27347777;27348242;49;37563458
27347781;27347918;79;37558805
27347781;27348907;111;37600838
27347832;27348146;33;39647923
27347839;27347178;71;39737716
27347839;27347461;95;37572613
27347839;27348525;66;39737713
27347840;27346231;171;37568258
27347840;27348146;97;37572517
27347840;27349615;210;37572509
27347842;27347865;91;37537365
27347846;27347650;46;37559558
27347846;27348031;47;37559555
27347846;27348061;23;37581072
27347865;27347638;123;37537364
27347865;27347714;14;39737910
27347868;27347573;68;39737701
27347868;27347650;23;37872772
27347868;27348289;47;37872771
27347876;27347494;44;38944554
27347876;27347581;29;37537283
27347876;27348537;76;38944551
27347878;27347638;25;39716237
27347882;27347961;31;38655535
27347889;27347605;52;38756983
27347890;27346466;159;38720770
27347890;27348002;35;39364618
27347890;27348178;32;38720769
27347897;27347560;64;38756989
27347902;27347491;90;39742845
27347902;27347680;22;37563728
27347903;27347759;34;39242095
27347903;27348011;26;39356579
27347917;27347701;32;37501635
27347918;27347335;59;39360414
27347918;27348257;257;39360413
27347919;27347507;79;38756987
27347927;27347982;79;39709909
27347937;27347616;76;39364737
27347937;27348062;39;39364614
27347937;27348382;86;39364605
27347939;27347275;102;37559603
27347939;27347581;120;37537293
27347939;27348333;133;37537292
27347939;27348537;97;37537299
27347944;27347616;113;39364734
27347944;27348062;13;39364674
27347944;27348211;84;39364673
27347955;27347902;7;37563724
27347955;27348201;42;38441346
27347961;27347627;33;38655543
27347961;27347882;31;38655536
27347961;27348056;46;38655533
27347982;27347677;30;37558337
27347982;27347927;79;39709908
27347982;27348334;34;37558336
27348000;27348230;29;38761054
27348002;27347890;35;39364619
27348002;27348025;10;39364616
27348002;27348701;72;39364693
27348003;27347573;46;37581082
27348003;27347777;47;37581067
27348003;27348080;20;37581064
27348011;27348963;98;37567899
27348025;27348002;10;39364617
27348025;27348249;69;39364610
27348025;27348701;71;39364684
27348027;27347529;56;39760406
27348027;27348916;86;38164715
27348031;27347461;63;37572624
27348031;27347846;47;37559556
27348031;27348252;24;37572623
27348031;27348326;68;37559553
27348034;27348266;31;39701691
27348034;27348283;25;37558210
27348042;27347285;78;38979112
27348042;27347529;144;37501638
27348042;27348564;172;38979114
27348042;27349069;98;39424126
27348056;27347737;32;38655549
27348056;27347961;46;38655534
27348056;27348740;90;38655556
27348061;27347846;23;37581073
27348061;27348252;47;38667784
27348061;27348513;47;37581070
27348062;27347937;39;39364615
27348062;27347944;13;39364675
27348062;27348211;97;39364608
27348068;27347431;68;37572555
27348068;27347903;46;39242094
27348068;27348086;6;37559707
27348080;27348003;20;37581065
27348080;27348200;31;37581062
27348080;27348547;48;37872768
27348086;27347213;97;39724113
27348086;27348068;6;37559706
27348086;27348391;75;37559705
27348088;27348230;36;38761050
27348146;27347840;97;37572516
27348146;27349659;158;39647922
27348154;27348230;15;38761051
27348156;27348527;41;38761058
27348173;27348228;14;37580310
27348178;27347890;32;38720768
27348178;27348949;78;39356578
27348200;27348080;31;37581063
27348200;27348289;17;37581060
27348200;27348689;49;37872779
27348201;27347902;42;38441343
27348211;27347598;65;39364612
27348211;27347944;84;39364672
27348211;27348062;97;39364609
27348223;27348436;28;37600854
27348228;27348173;14;37580309
27348228;27348280;46;37580308
27348228;27348280;104;39709910
27348230;27348000;29;38761053
27348230;27348088;36;38761049
27348230;27348154;15;38761052
27348242;27347777;49;37563457
27348242;27348452;43;39737698
27348242;27348776;49;37872776
27348249;27348025;69;39364611
27348249;27348382;32;39364606
27348249;27348503;23;39364649
27348252;27348031;24;37572622
27348252;27348061;47;38667783
27348252;27348555;67;38667782
27348252;27348704;45;37572621
27348257;27348489;140;39360412
27348258;27347955;47;37563723
27348258;27349146;84;37563726
27348266;27348034;31;39701690
27348266;27348283;9;39701688
27348266;27348746;50;39701687
27348280;27348228;46;37580307
27348280;27348228;104;39709911
27348280;27348334;81;37580306
27348282;27347560;97;37501644
27348282;27348027;51;38164716
27348283;27348266;9;39701689
27348283;27348746;44;37558209
27348289;27347868;47;37872770
27348289;27348200;17;37581061
27348289;27348513;47;37581058
27348326;27348031;68;37559554
27348326;27348525;44;37559551
27348326;27348555;23;37581081
27348333;27347939;133;37537291
27348333;27349007;222;37537290
27348334;27347982;34;37558335
27348334;27348280;81;37580305
27348334;27350474;218;37558334
27348382;27347937;86;39364604
27348382;27348249;32;39364607
27348382;27348683;31;39364749
27348391;27346774;207;37572565
27348391;27348086;75;37559704
27348391;27348913;170;37559697
27348425;27348614;22;38761056
27348436;27348223;28;37600853
27348436;27348764;226;37796196
27348436;27348883;44;37600852
27348452;27348242;43;39737697
27348454;27348746;41;39701685
27348489;27346661;206;37501673
27348489;27348740;177;39360411
27348489;27349415;90;37558222
27348503;27348249;23;39364650
27348503;27349029;58;39364741
27348503;27349029;59;39364742
27348513;27348061;47;37581071
27348513;27348289;47;37581059
27348513;27348960;47;37581068
27348525;27347839;66;39737714
27348525;27348326;44;37559552
27348525;27348693;40;37559702
27348525;27349450;126;37559549
27348527;27348156;41;38761057
27348533;27348567;278;38854818
27348533;27348567;5;38854821
27348533;27348693;63;38854815
27348537;27347876;76;38944552
27348537;27348635;12;38944549
27348547;27348080;48;37872769
27348547;27348738;18;37872767
27348555;27348252;67;38667781
27348555;27348326;23;37581080
27348555;27348986;46;37581079
27348564;27347626;97;37501655
27348564;27347917;92;37501634
27348564;27348042;172;38979115
27348567;27348533;278;38854819
27348567;27348533;5;38854820
27348567;27348882;38;38854816
27348614;27348425;22;38761055
27348635;27348537;12;38944550
27348635;27348945;53;37546551
27348635;27349517;119;38944547
27348683;27348382;31;39364750
27348683;27348884;64;39364747
27348683;27348928;36;39364670
27348689;27348200;49;37872778
27348689;27348960;66;37559602
27348693;27348525;40;37559703
27348693;27348533;63;38854814
27348693;27348766;15;37559700
27348701;27348002;72;39364694
27348701;27348025;71;39364683
27348701;27349076;38;39364691
27348704;27348252;45;37572620
27348704;27348986;66;37581074
27348704;27349184;50;37572619
27348710;27348282;54;37501643
27348710;27349373;127;38164713
27348738;27348547;18;37872766
27348740;27348056;90;38655555
27348740;27348856;70;39360410
27348746;27348266;50;39701686
27348746;27348454;41;39701684
27348746;27348905;16;37558208
27348755;27348776;42;39737700
27348764;27348257;46;37499112
27348766;27348693;15;37559701
27348766;27348882;33;37559698
27348766;27349191;46;39736158
27348776;27348242;49;37872777
27348776;27348755;42;39737699
27348789;27348852;60;39701697
27348848;27347918;90;37600840
27348852;27348789;60;39701696
27348852;27348886;16;39701699
27348856;27348938;65;39360409
27348868;27347701;124;37501567
27348868;27348564;49;39701682
27348878;27348905;69;39701693
27348882;27348567;38;38854817
27348882;27348766;33;37559699
27348882;27348913;44;37559694
27348883;27348436;44;37600851
27348883;27348848;35;37501679
27348884;27348683;64;39364748
27348886;27348852;16;39701698
27348886;27348907;5;39701695
27348888;27349951;142;39724110
27348905;27348878;69;39701692
27348905;27349477;64;37558207
27348907;27348886;5;39701694
27348907;27348959;6;37600837
27348913;27348391;170;37559696
27348913;27348882;44;37559695
27348916;27348710;29;37501642
27348921;27348963;13;38705681
27348928;27348683;36;39364669
27348938;27349146;130;39360408
27348938;27350296;252;37499102
27348943;27351164;249;37501235
27348943;27354807;685;37541895
27348945;27349371;75;37546550
27348949;27348178;78;39356577
27348949;27349004;15;39364654
27348949;27349174;22;39356576
27348959;27349219;86;37600850
27348959;27349367;43;37600836
27348960;27348513;47;37581069
27348960;27348689;66;37559601
27348960;27349184;47;37559600
27348963;27348921;13;38705682
27348963;27349687;79;37567898
27348986;27348555;46;37581078
27348986;27348704;66;37581075
27348986;27349238;26;37581077
27349004;27348949;15;39364653
27349004;27349076;28;39364704
27349004;27349097;34;39364709
27349007;27348333;222;37537289
27349007;27349477;164;39720172
27349007;27350130;118;37500961
27349029;27348503;58;39364740
27349029;27348503;59;39364743
27349045;27349068;32;39364726
27349045;27349097;18;39364636
27349045;27349162;29;39364707
27349062;27349091;8;39364765
27349068;27349045;32;39364725
27349068;27349084;4;39364724
27349068;27349162;9;39364706
27349069;27348042;98;39424125
27349069;27349166;128;37501636
27349069;27350051;104;39424124
27349076;27348701;38;39364692
27349076;27349004;28;39364703
27349076;27349097;4;39364702
27349079;27349219;18;37600846
27349079;27349396;32;39716259
27349084;27349068;4;39364723
27349084;27349137;63;39364732
27349091;27349084;62;39364727
27349091;27349137;4;39364764
27349097;27349004;34;39364710
27349097;27349045;18;39364637
27349097;27349076;4;39364701
27349105;27347579;156;39720174
27349105;27349367;151;37600839
27349129;27347366;189;39760407
27349129;27348282;156;38164714
27349137;27349062;20;39364763
27349146;27348258;84;37563727
27349146;27349247;74;39360407
27349162;27349045;29;39364708
27349162;27349068;9;39364705
27349162;27349349;85;39364719
27349166;27348564;71;37501633
27349166;27349069;128;37501637
27349174;27348949;22;39356575
27349174;27349419;27;39356574
27349184;27348704;50;37572618
27349184;27348960;47;37559599
27349184;27349450;70;37559598
27349191;27348766;46;39736157
27349219;27348959;86;37600849
27349219;27349079;18;37600845
27349219;27349344;19;37600844
27349225;27348916;40;37501641
27349225;27349260;9;38761435
27349227;27348764;46;37499111
27349227;27348883;232;37501678
27349227;27349829;62;39716254
27349238;27348986;26;37581076
27349238;27349316;9;39744149
27349247;27349548;70;37558722
27349247;27350296;116;37501578
27349260;27349225;9;38761436
27349260;27349301;100;38761433
27349260;27349334;8;38761528
27349270;27348868;43;37501566
27349290;27349349;21;39364677
27349301;27349260;100;38761434
27349316;27349238;9;39744150
27349334;27349416;9;38761527
27349344;27349219;19;37600843
27349344;27349396;23;37600847
27349344;27350196;105;37600842
27349349;27349162;85;39364720
27349349;27349290;21;39364676
27349349;27349486;15;39364721
27349367;27350061;76;37600835
27349371;27350132;113;37546549
27349371;27350624;179;37546554
27349372;27348913;49;37559693
27349372;27349951;73;39724106
27349373;27349571;47;38164711
27349373;27349575;37;38761437
27349396;27349079;32;39716258
27349396;27349344;23;37600848
27349396;27349503;82;39716256
27349415;27349227;142;37501677
27349415;27349704;251;39360406
27349415;27350685;137;39360405
27349416;27349824;42;38761506
27349419;27349174;27;39356573
27349419;27349766;39;39647865
27349450;27348525;126;37559550
27349450;27349184;70;37559597
27349450;27349605;19;37559547
27349477;27349007;164;39720171
27349477;27349628;57;39720170
27349486;27349349;15;39364722
27349486;27349519;9;39364632
27349486;27349826;37;39364717
27349503;27349396;82;39716257
27349517;27348333;165;37537330
27349517;27348635;119;38944548
27349517;27350052;82;38944545
27349518;27349532;96;39744155
27349518;27349532;97;39744154
27349518;27349605;88;39744151
27349519;27349486;9;39364633
27349532;27349518;97;39744153
27349532;27349518;96;39744156
27349548;27349270;72;39701683
27349548;27350086;107;37558721
27349571;27349129;51;38164712
27349571;27350212;115;38761529
27349575;27349373;37;38761438
27349578;27349643;33;37568182
27349578;27349737;78;37568181
27349578;27349833;31;39356586
27349605;27349450;19;37559548
27349605;27349518;88;39744152
27349605;27349761;16;37559545
27349615;27347840;210;37572510
27349615;27349643;29;37568185
27349615;27349763;22;37572507
27349617;27349301;35;38944501
27349628;27349105;58;39720173
27349628;27349477;57;39720169
27349628;27350061;157;37501604
27349640;27349174;59;39364671
27349643;27349578;33;37568183
27349643;27349615;29;37568184
27349643;27349833;24;39356583
27349659;27349737;20;39356582
27349659;27349915;27;39647921
27349672;27349864;42;38376134
27349672;27349864;40;38376131
27349672;27349918;90;38376135
27349687;27351157;175;37567897
27349704;27348856;87;38944490
27349737;27349578;78;37568180
27349737;27349915;20;39356581
27349748;27350382;431;37616851
27349754;27349761;9;37872754
27349754;27350177;191;37872753
27349754;27350644;95;39703386
27349761;27349605;16;37559546
27349761;27349754;9;37872755
27349761;27350646;95;37559543
27349763;27349615;22;37572508
27349763;27349849;133;37572285
27349763;27350144;55;37572505
27349766;27349419;39;39647864
27349766;27349867;8;39647863
27349815;27346790;307;37546561
27349815;27349825;25;37558350
27349824;27349617;100;38761505
27349825;27349815;25;37558351
27349825;27349873;73;37558348
27349826;27349486;37;39364718
27349829;27349227;62;39716255
27349833;27349578;31;39356585
27349833;27349643;24;39356584
27349833;27350820;114;37568186
27349848;27347247;259;37546566
27349848;27349878;32;39508504
27349848;27349985;16;37546565
27349849;27349763;133;37572286
27349864;27349672;40;38376132
27349864;27349672;42;38376133
27349867;27349766;8;39647862
27349867;27349925;24;38376142
27349873;27349825;83;37561052
27349873;27349825;73;37558349
27349873;27349878;8;37558346
27349878;27349873;8;37558347
27349878;27349985;34;39508507
27349906;27349824;8;38944498
27349906;27349967;18;38944499
27349915;27350945;119;39647920
27349918;27349672;90;38376136
27349918;27349935;7;39364571
27349925;27349994;24;38376141
27349925;27350219;73;39364733
27349935;27349766;51;39364572
27349935;27349994;8;39364570
27349951;27348888;142;39724109
27349951;27349372;73;39724105
27349951;27350014;9;39724108
27349951;27350087;40;39724112
27349967;27349617;111;38944500
27349967;27350280;42;39747265
27349983;27349225;108;37501640
27349983;27349906;91;38944497
27349985;27349848;16;37546564
27349985;27350185;48;39508505
27349994;27350046;8;39364568
27350006;27349270;86;37501565
27350014;27349951;9;39724107
27350014;27350365;50;39701536
27350014;27350467;59;39701538
27350031;27349918;16;39364569
27350031;27350247;67;38376143
27350046;27350031;7;39364567
27350046;27350219;18;38376139
27350051;27349069;104;39424123
27350051;27350125;16;39424129
27350051;27350256;25;38765295
27350052;27349517;82;38944546
27350052;27352021;304;38944543
27350061;27349628;157;37501603
27350061;27350196;50;37501602
27350073;27350177;10;37872792
27350086;27350006;16;38436677
27350086;27350332;29;38766416
27350087;27349951;40;39724111
27350107;27337694;1464;38942308
27350107;27354411;468;38859986
27350125;27349983;21;38944496
27350130;27350623;119;37501612
27350130;27351905;198;37500960
27350132;27350185;8;38732948
27350144;27349763;55;37572506
27350177;27349754;191;37872752
27350177;27350073;10;37872793
27350177;27351561;184;37872790
27350185;27349985;48;39508506
27350185;27351491;183;38732947
27350196;27349344;105;37600841
27350196;27350061;50;37501601
27350196;27350349;57;37501600
27350212;27349571;115;38761530
27350219;27350046;18;38376140
27350219;27350896;173;38376137
27350242;27350051;21;39424128
27350242;27350125;16;38944495
27350247;27350031;67;38376144
27350247;27350289;34;38376145
27350247;27350289;35;38376148
27350256;27350317;76;37501559
27350268;27348945;195;37546556
27350268;27350052;51;38732986
27350278;27350726;90;39621568
27350280;27349967;42;39747266
27350280;27350563;36;39747267
27350289;27350247;35;38376147
27350289;27350247;34;38376146
27350296;27350448;16;37501577
27350317;27349166;137;37501632
27350317;27350318;47;37501560
27350318;27350329;33;37501558
27350318;27350507;29;38436678
27350328;27350242;9;39424127
27350328;27350256;13;38765296
27350328;27351294;110;37501555
27350329;27350006;36;38766419
27350329;27350332;8;37501557
27350332;27350379;7;38766415
27350332;27350448;199;37501556
27350349;27350196;57;37501599
27350349;27350726;145;37501598
27350349;27351250;273;37558220
27350365;27350014;50;39701537
27350365;27351449;149;39723418
27350369;27350132;92;37546553
27350369;27350648;47;37580323
27350379;27350329;6;38766418
27350379;27350507;24;38766414
27350382;27350461;34;37501544
27350392;27350623;52;38707066
27350439;27350820;64;37568189
27350448;27350565;224;37499110
27350448;27351229;92;37501576
27350456;27349841;430;38489577
27350461;27350472;4;38730689
27350467;27350014;59;39701539
27350472;27351256;251;37501543
27350474;27348334;218;37558333
27350474;27350506;51;39709906
27350474;27351142;79;37558332
27350502;27350268;52;38732985
27350506;27350474;51;39709907
27350507;27351746;147;37501561
27350541;27350379;17;38766417
27350562;27347119;355;37496781
27350563;27350280;37;39747268
27350565;27349704;91;38944489
27350565;27350685;253;38944494
27350609;27350644;65;39703382
27350614;27346422;456;38756882
27350616;27351449;112;39356590
27350623;27350392;52;38707067
27350623;27350929;84;37501611
27350624;27350502;35;38732984
27350639;27350456;32;38489579
27350639;27350461;26;38730688
27350644;27349754;95;39703385
27350644;27350609;65;39703381
27350644;27350646;8;39703380
27350644;27351697;117;39703384
27350646;27349761;95;37559544
27350646;27350644;8;39703379
27350646;27351701;117;37559541
27350648;27350369;47;37580324
27350648;27351107;65;38164853
27350685;27350759;140;38944493
27350685;27351564;94;39360404
27350721;27349867;103;39075321
27350721;27350111;70;39364680
27350726;27350278;90;39621569
27350726;27350349;145;37501597
27350726;27350806;32;37501596
27350734;27350639;12;37501547
27350734;27351161;124;38729907
27350759;27350788;68;38944492
27350759;27351119;43;37559608
27350788;27350806;53;38944491
27350788;27350948;20;39566713
27350806;27350726;32;37501595
27350806;27350948;55;37499098
27350820;27349833;114;37568187
27350820;27350439;64;37568188
27350820;27351196;45;37576800
27350826;27350541;36;38709991
27350826;27350980;95;37499105
27350896;27350219;173;38376138
27350902;27350369;83;37546552
27350902;27350624;72;38732983
27350902;27351569;70;37546543
27350929;27349628;150;39720168
27350945;27351496;61;37581233
27350945;27351806;97;39647919
27350948;27351119;69;37499097
27350980;27351019;5;39420202
27350980;27351134;83;37499104
27350998;27351142;62;39701651
27351017;27351039;29;37872785
27351019;27350980;5;39420203
27351019;27351181;18;39420200
27351029;27351256;45;38761540
27351039;27349372;230;37559692
27351039;27351017;29;37872784
27351053;27350317;92;37501631
27351107;27350648;65;38164854
27351107;27351425;33;38164855
27351113;27351182;129;39668808
27351113;27351727;101;39668698
27351119;27351564;151;38944476
27351119;27352424;142;37499107
27351134;27351185;5;39420211
27351134;27351229;39;37499103
27351139;27350721;52;39075320
27351142;27350474;79;37558331
27351142;27350998;62;39701650
27351142;27351517;35;37558330
27351157;27351485;38;38705678
27351157;27352161;112;37567896
27351161;27350734;124;38729908
27351161;27351743;112;38164709
27351161;27351982;85;38729905
27351164;27351765;93;37501234
27351164;27352181;150;37501236
27351181;27351019;18;39420201
27351181;27351244;6;39420204
27351182;27351113;129;39668809
27351182;27351183;38;39668786
27351182;27351183;36;39668726
27351183;27351182;38;39668787
27351183;27351182;36;39668725
27351183;27351678;97;39668784
27351185;27351134;5;39420210
27351185;27351359;16;39420209
27351196;27350820;45;37576799
27351196;27351412;75;37576798
27351196;27352034;95;38332964
27351229;27351988;82;37501575
27351244;27351181;6;39420205
27351250;27350929;79;37558221
27351250;27352265;151;37558219
27351256;27351029;45;38761539
27351256;27351294;10;37501542
27351287;27351321;3;39415975
27351294;27350328;110;37501554
27351294;27352152;94;37501553
27351313;27351229;33;39009630
27351313;27351280;3;39415973
27351321;27351313;3;39009629
27351359;27351185;16;39420208
27351359;27351419;7;39420213
27351362;27351053;30;38722445
27351382;27350502;107;37546547
27351382;27351569;138;37546548
27351405;27351053;36;37501630
27351408;27351321;42;39009628
27351412;27351196;75;37576797
27351419;27351359;7;39420212
27351425;27350902;130;37546537
27351425;27351107;33;38164856
27351426;27349687;238;38705676
27351426;27351582;110;39672319
27351431;27351408;10;39009627
27351431;27351509;10;39415974
27351449;27350365;149;39723417
27351449;27350616;112;39356589
27351449;27351755;34;39723416
27351449;27351778;81;39356588
27351480;27351425;12;37546536
27351482;27351581;19;37530463
27351485;27351426;17;38705675
27351485;27352161;78;38705677
27351491;27351480;129;37546535
27351491;27351510;87;37558383
27351495;27350734;90;37501546
27351495;27351904;88;39747779
27351496;27350614;101;38720772
27351496;27351139;41;37563571
27351496;27351914;138;37530486
27351501;27351408;9;39415976
27351507;27351510;89;37558386
27351507;27351517;64;37558381
27351507;27352212;131;37561614
27351510;27349815;186;37546563
27351510;27351491;87;37558384
27351510;27351507;89;37558385
27351517;27351142;35;37558329
27351517;27351507;64;37558382
27351517;27351901;135;38732955
27351517;27352801;143;37561008
27351527;27351946;46;39029644
27351536;27351688;31;38765414
27351561;27350177;184;37872791
27351561;27351697;78;37872788
27351561;27352327;167;37872780
27351564;27351946;155;38944475
27351569;27350902;70;37546542
27351569;27353008;156;37546541
27351581;27351482;19;37530464
27351581;27352034;96;37572513
27351581;27352283;80;37568176
27351582;27351426;110;39672320
27351582;27351661;27;39672317
27351582;27351999;48;39672321
27351655;27350565;121;38944486
27351655;27351431;111;39009626
27351661;27351582;27;39672318
27351678;27351183;97;39668785
27351678;27351890;25;38705690
27351688;27351536;31;38765413
27351690;27351726;4;39420214
27351697;27350644;117;39703383
27351697;27351561;78;37872789
27351697;27351701;8;37872786
27351701;27350646;117;37559542
27351701;27351697;8;37872787
27351701;27351737;89;37559688
27351701;27352327;67;37559539
27351726;27351690;4;39420215
27351726;27351858;15;39420218
27351727;27351113;101;39668697
27351727;27351678;17;38705691
27351737;27351701;89;37559689
27351737;27351755;37;37559686
27351737;27351966;22;38666708
27351743;27351161;112;38164710
27351746;27352006;28;37501562
27351755;27351449;34;39723415
27351755;27351737;37;37559687
27351755;27351778;47;37559684
27351765;27352637;132;37501246
27351778;27351449;81;39356587
27351778;27351755;47;37559685
27351778;27351820;125;37559682
27351785;27351746;64;38944484
27351793;27351902;45;39668781
27351793;27351978;45;39668796
27351793;27353142;173;39668845
27351803;27351785;25;38944483
27351803;27351842;6;38784938
27351806;27352561;85;39205978
27351806;27352576;87;39647918
27351820;27351039;86;37559691
27351820;27351778;125;37559683
27351820;27352339;68;39723422
27351824;27351785;6;38784937
27351829;27351888;6;39420207
27351831;27350826;117;38709990
27351831;27351803;34;38944482
27351848;27350562;145;38880220
27351858;27351726;15;39420219
27351858;27351930;7;39420216
27351888;27351829;6;39420206
27351888;27351831;76;38944481
27351890;27351727;27;38705689
27351890;27352067;20;38705687
27351901;27351517;135;38732956
27351902;27351793;45;39668780
27351902;27351978;8;39668663
27351902;27352118;59;39668779
27351904;27351495;88;39747780
27351905;27352021;12;39720167
27351914;27352067;49;37530485
27351914;27352136;26;39668630
27351930;27351858;7;39420217
27351930;27351888;51;38944480
27351946;27351527;46;39029643
27351946;27352088;112;38944474
27351966;27351737;22;38666709
27351966;27351969;28;38666710
27351966;27352431;52;38666706
27351969;27351966;28;38666711
27351969;27352438;68;38666713
27351978;27351793;45;39668797
27351978;27351902;8;39668662
27351978;27352118;58;39668794
27351982;27351161;85;38729906
27351982;27353047;116;38302958
27351982;27353221;142;38729903
27351988;27351930;69;38944479
27351988;27352337;42;37501574
27351999;27351582;48;39672322
27352006;27352022;2;37628760
27352006;27352153;26;39714925
27352021;27350052;304;38944544
27352021;27352139;13;39720166
27352022;27354176;232;38172588
27352034;27351196;95;38332965
27352034;27352576;111;37572512
27352041;27351988;92;38944478
27352041;27352094;6;39416738
27352046;27351405;69;39714926
27352046;27351555;67;38722453
27352067;27351890;20;38705688
27352067;27352255;63;37530484
27352068;27352181;95;37501242
27352068;27354267;309;37501240
27352088;27351655;48;38944485
27352088;27352041;79;38944477
27352094;27352041;6;39416737
27352118;27351902;59;39668778
27352118;27351978;58;39668795
27352118;27352136;6;39668691
27352121;27352298;23;39709903
27352136;27351914;26;39668629
27352136;27352118;6;39668692
27352136;27352169;10;39668689
27352139;27352219;9;39720215
27352139;27352696;132;39720162
27352152;27351294;94;37501552
27352152;27352311;49;37545740
27352153;27352046;23;39714924
27352153;27352855;108;37501563
27352154;27352271;13;39748267
27352161;27352272;12;37567895
27352164;27351905;143;39720165
27352169;27352136;10;39668690
27352169;27352328;64;39668817
27352169;27352387;63;39668790
27352172;27352588;93;37861931
27352181;27353226;128;37501241
27352201;27352298;26;39709905
27352212;27351480;229;37561613
27352219;27350268;335;37546555
27352219;27352892;72;39720214
27352243;27350929;151;37501135
27352243;27352164;32;37501142
27352244;27352350;12;39668632
27352254;27352311;7;39748270
27352255;27352466;24;39668773
27352255;27352479;68;37530483
27352265;27352243;17;37499109
27352271;27352154;13;39748266
27352271;27352320;6;39748268
27352272;27352799;59;37567894
27352283;27351581;80;37568177
27352283;27353520;147;39717406
27352298;27352121;23;39709902
27352298;27352201;26;39709904
27352298;27352517;29;39709901
27352306;27352265;161;37499108
27352306;27352375;234;37558180
27352311;27352152;49;37545741
27352311;27352254;7;39748271
27352311;27352320;4;37545738
27352316;27352330;107;38796032
27352320;27352271;6;39748269
27352320;27352311;4;37545739
27352320;27352612;98;37545736
27352324;27352337;24;38796102
27352327;27351561;167;37872781
27352327;27351701;67;37559540
27352327;27352869;58;37559537
27352328;27352169;64;39668816
27352328;27352350;6;39668815
27352328;27352387;7;39668674
27352330;27352316;107;38796033
27352331;27352339;22;38671911
27352337;27352365;3;37501573
27352339;27351820;68;39723421
27352339;27352331;22;38671912
27352339;27353499;124;39723420
27352350;27352244;12;39668631
27352350;27352328;6;39668814
27352350;27352466;31;39668813
27352353;27352172;47;37558642
27352365;27352346;24;38796103
27352365;27352414;6;37501572
27352375;27352306;234;37558181
27352375;27352424;203;37558178
27352375;27352946;121;37597271
27352387;27352169;63;39668791
27352387;27352328;7;39668675
27352387;27352466;39;39668788
27352405;27352414;5;39126615
27352414;27352443;3;37501571
27352424;27352375;203;37558179
27352424;27352474;132;38944487
27352431;27351966;52;38666707
27352435;27352272;35;38705680
27352438;27351969;68;38666712
27352443;27352428;5;39126614
27352443;27352989;60;37501570
27352456;27352336;43;38796101
27352456;27352390;42;38796104
27352466;27352255;24;39668749
27352466;27352350;31;39668812
27352466;27352387;39;39668789
27352466;27352634;20;39668696
27352474;27352424;132;38944488
27352474;27353032;65;37583583
27352479;27352670;47;38705679
27352479;27352734;77;37530482
27352482;27352474;17;38526496
27352482;27352715;183;38501550
27352484;27352466;10;39668658
27352495;27352164;42;39720164
27352495;27352243;29;39704937
27352517;27352298;29;39709900
27352517;27352801;77;39709898
27352529;27352068;98;38634071
27352552;27353193;76;39668799
27352555;27352529;6;38880218
27352561;27352598;16;39205977
27352576;27352561;6;37572511
27352576;27352669;10;39647917
27352580;27352495;10;39720163
27352588;27352629;7;38634073
27352598;27351496;125;39647881
27352612;27351495;133;37501545
27352612;27352320;98;37545737
27352612;27352775;48;37545734
27352612;27353651;112;37501550
27352629;27352555;7;37501239
27352629;27353398;150;38634072
27352634;27352466;20;39668695
27352634;27352702;17;39668830
27352634;27353094;49;39668694
27352637;27352353;62;37558643
27352638;27351831;92;38709989
27352638;27352456;68;38796100
27352643;27353009;52;39747782
27352656;27352977;36;39668618
27352659;27352859;73;39723778
27352659;27352859;128;39723779
27352669;27352895;26;39647916
27352696;27352580;41;39720161
27352696;27352845;34;37501141
27352702;27352634;17;39668829
27352702;27352745;11;39668828
27352702;27352745;76;39668736
27352715;27353088;40;38712560
27352716;27352484;77;39668793
27352716;27352764;6;39668642
27352734;27352776;16;37530481
27352734;27352960;29;39668716
27352742;27352989;85;39029646
27352745;27352702;11;39668827
27352745;27352702;76;39668737
27352745;27352807;21;39668826
27352764;27352484;76;39668783
27352764;27352716;6;39668643
27352775;27352612;48;37545735
27352775;27352844;27;37545732
27352775;27353299;57;38730606
27352776;27352799;7;37530480
27352776;27353114;35;39668768
27352776;27353114;35;39668744
27352799;27352921;15;39668722
27352799;27353560;175;37530479
27352801;27351517;143;37561007
27352801;27352517;77;39709899
27352801;27353248;49;37561006
27352807;27352745;21;39668825
27352807;27352861;23;39668824
27352807;27352987;21;39668646
27352815;27352482;37;38724723
27352844;27352775;27;37545733
27352844;27353009;45;37545730
27352844;27353269;71;39092145
27352845;27352580;31;39720160
27352845;27353638;173;37644164
27352855;27352152;86;37501551
27352855;27354280;176;37501564
27352859;27352659;128;39723780
27352859;27352913;14;39723776
27352861;27352807;23;39668823
27352861;27352985;33;39668822
27352861;27353012;15;39668668
27352869;27352327;58;37559538
27352869;27353171;28;37559536
27352870;27353339;128;39356592
27352892;27354211;134;39720213
27352895;27352659;64;39723777
27352895;27352913;2;39647915
27352896;27352716;55;39668792
27352896;27352764;55;39668782
27352896;27352960;7;39668864
27352909;27352815;16;39103432
27352913;27354035;116;39647914
27352920;27351382;169;37546546
27352920;27352892;222;37546545
27352921;27352799;15;39668721
27352921;27353164;72;39668670
27352925;27352353;82;37558641
27352925;27352972;57;39704873
27352946;27353145;74;39714863
27352946;27353483;93;37597257
27352947;27353023;20;39668622
27352960;27352734;29;39668715
27352960;27352896;7;39668865
27352960;27353151;17;39668862
27352962;27352815;16;38724722
27352962;27353032;13;39188116
27352964;27352962;11;39188117
27352965;27352909;10;39103431
27352965;27352964;9;39103430
27352972;27353076;30;37501244
27352977;27352656;36;39668617
27352977;27353023;6;39668616
27352977;27353094;28;39668613
27352985;27352861;33;39668821
27352985;27353138;14;39668872
27352985;27353151;40;39668820
27352987;27352807;21;39668647
27352989;27352742;85;39029645
27352989;27353842;86;37501569
27352998;27352965;7;39103429
27353008;27351569;156;37546540
27353008;27352920;162;37546544
27353008;27353831;80;37546539
27353009;27352643;52;39747781
27353009;27352844;45;37545731
27353009;27353047;9;37545728
27353012;27352861;15;39668667
27353013;27352925;28;37501232
27353023;27352947;20;39668621
27353023;27352977;6;39668615
27353023;27353307;30;39668612
27353032;27353721;66;37583582
27353047;27353009;9;37545729
27353047;27353083;6;37545726
27353064;27353088;5;39418364
27353073;27352598;49;39647880
27353073;27353533;62;39668833
27353076;27353109;24;37501233
27353076;27353191;26;37501243
27353083;27353047;6;37545727
27353083;27353395;53;37545724
27353083;27354892;203;39733757
27353088;27353064;5;39418365
27353088;27353556;50;38712559
27353094;27352634;49;39668693
27353094;27352977;28;39668614
27353094;27353445;37;39668626
27353109;27351848;152;38880219
27353114;27353168;6;39668776
27353134;27352799;36;39668735
27353134;27352921;20;39668713
27353138;27353240;13;39668871
27353142;27351793;173;39668844
27353142;27353193;44;39668843
27353142;27353347;24;39668759
27353145;27352424;79;37559607
27353145;27353721;184;37499106
27353151;27352960;17;39668863
27353151;27352985;40;39668819
27353151;27353266;13;39668860
27353160;27352669;66;39205989
27353160;27353073;9;39647879
27353164;27352921;72;39668669
27353168;27353114;6;39668777
27353168;27353134;9;39668650
27353168;27353527;39;39668774
27353171;27353374;21;39572136
27353171;27353414;27;37559535
27353173;27353013;26;38880207
27353191;27353303;22;37501245
27353193;27352552;76;39668798
27353193;27353142;44;39668842
27353193;27353258;21;39668841
27353221;27351982;142;38729904
27353221;27353684;49;38729901
27353221;27354588;153;38860682
27353226;27353173;18;37558656
27353226;27353254;11;38880209
27353235;27353258;2;39668707
27353235;27353307;117;39668685
27353235;27353558;92;39668641
27353239;27351848;216;37559570
27353239;27352555;138;38880217
27353240;27353372;13;39668870
27353240;27353393;43;39668628
27353247;27353880;65;37597270
27353248;27352212;194;37561612
27353248;27352801;49;37561005
27353248;27353425;16;37561004
27353254;27353226;11;38880208
27353254;27353342;42;38753799
27353254;27354267;125;37501231
27353258;27353193;21;39668840
27353258;27353235;2;39668708
27353258;27353797;55;39668705
27353266;27353138;42;39668637
27353266;27353151;13;39668861
27353266;27353393;13;39668858
27353269;27352844;71;39092146
27353299;27352775;57;38730605
27353303;27352629;86;37501238
27353303;27353692;63;37546572
27353307;27353023;30;39668611
27353307;27353235;117;39668686
27353307;27353558;25;39668610
27353310;27353239;12;38880216
27353339;27352870;128;39356591
27353339;27353499;149;37580303
27353339;27353580;38;37580302
27353342;27352869;47;37559567
27353342;27353254;42;38753798
27353342;27353374;9;37558633
27353347;27353142;24;39668760
27353347;27353572;28;39668752
27353347;27353593;25;39668757
27353354;27353790;48;39748929
27353372;27353502;13;39668869
27353374;27353342;9;37558632
27353374;27353414;16;37558631
27353393;27353266;13;39668859
27353393;27353530;13;39668856
27353395;27353083;53;37545725
27353395;27354706;157;38729893
27353398;27353653;45;38880211
27353414;27353374;16;37558630
27353414;27353580;59;37558629
27353425;27353248;16;37561003
27353425;27353729;33;37561002
27353432;27354354;98;38667790
27353440;27353532;28;39668657
27353445;27353094;37;39668627
27353483;27352946;93;37597258
27353483;27353738;25;39714862
27353483;27354857;211;37597256
27353499;27352339;124;39723419
27353499;27353339;149;37580304
27353499;27354487;113;37580299
27353502;27353532;4;39668868
27353502;27353665;46;39668651
27353520;27352283;147;39717405
27353524;27353566;5;39668623
27353527;27353168;39;39668775
27353527;27353968;56;39668811
27353530;27353372;45;39668659
27353530;27353393;13;39668857
27353530;27353665;13;39668854
27353532;27353440;28;39668656
27353532;27353629;9;39668867
27353533;27353073;62;39668834
27353533;27353572;12;39668634
27353533;27353687;15;39668831
27353536;27353791;26;39714837
27353547;27353738;64;38526494
27353556;27352998;135;38723317
27353556;27353679;29;39647899
27353556;27354174;68;38725177
27353558;27353235;92;39668640
27353558;27353307;25;39668609
27353558;27353674;12;39668608
27353560;27353596;6;37530478
27353560;27353777;32;39611053
27353566;27353527;15;39668673
27353566;27353968;41;39668660
27353572;27353347;28;39668753
27353572;27353533;12;39668633
27353572;27353593;6;39668750
27353576;27353679;10;39416761
27353580;27353339;38;37580301
27353580;27353414;59;37558628
27353580;27353890;43;37530498
27353593;27353347;25;39668758
27353593;27353572;6;39668751
27353593;27353797;59;39668755
27353596;27353614;3;37530477
27353596;27353989;49;39611052
27353614;27353796;28;37530476
27353617;27353791;44;39714839
27353626;27353310;57;38880210
27353629;27353862;45;39668866
27353638;27352306;143;37547808
27353651;27353691;9;39748931
27353651;27353696;4;37501549
27353653;27353967;168;38880214
27353665;27353530;13;39668855
27353665;27353922;26;39668852
27353674;27353558;12;39668607
27353674;27353816;169;39668818
27353674;27353816;15;39668606
27353679;27353556;29;39647898
27353679;27353576;10;39416762
27353679;27354102;114;39647897
27353684;27353221;49;38729902
27353687;27353533;15;39668832
27353691;27353651;9;39748930
27353691;27353720;5;39748923
27353692;27354047;64;37546571
27353692;27354221;58;39724936
27353696;27353733;9;39748933
27353696;27354280;76;37501548
27353716;27352088;165;37499096
27353716;27353730;7;39418876
27353720;27353691;5;39748922
27353720;27353728;3;39748925
27353721;27353849;17;39188115
27353721;27354987;143;37583581
27353724;27351820;298;39704874
27353728;27353720;3;39748924
27353728;27353835;27;39748921
27353729;27353425;33;37561001
27353729;27353857;20;37561000
27353730;27353716;7;39418875
27353730;27353749;10;39418879
27353733;27353696;9;39748932
27353738;27353483;25;39714861
27353738;27353547;64;38526493
27353738;27354030;33;39714860
27353745;27353831;117;38732950
27353749;27353730;10;39418880
27353749;27353795;20;39418881
27353758;27354142;64;39724935
27353773;27353829;16;39668620
27353777;27353560;32;39611054
27353785;27353629;46;39668655
27353790;27353354;48;39748928
27353790;27353879;90;39748891
27353790;27353879;9;39748894
27353791;27353536;26;39714836
27353791;27353617;44;39714838
27353791;27353880;32;37597262
27353795;27353749;20;39418882
27353796;27353724;24;37559708
27353796;27354028;46;39670720
27353797;27353258;55;39668706
27353797;27353593;59;39668756
27353797;27354134;93;39668747
27353803;27352638;123;38709988
27353804;27353939;106;37583572
27353816;27353674;15;39668605
27353816;27354133;51;39668604
27353829;27353773;16;39668619
27353829;27353876;12;39668734
27353829;27354449;73;39668851
27353831;27353008;80;37546538
27353831;27353908;115;38733002
27353835;27353728;27;39748920
27353835;27353879;11;39748927
27353842;27354368;166;37915005
27353842;27354447;70;39647891
27353849;27352962;86;38724721
27353849;27353804;21;39188114
27353857;27353729;20;37560999
27353857;27353885;27;37546590
27353862;27353896;9;39668703
27353862;27353965;11;39668766
27353876;27353829;12;39668733
27353876;27353919;14;39668732
27353879;27353790;90;39748892
27353879;27353790;9;39748893
27353879;27353835;11;39748926
27353880;27353247;65;37597269
27353880;27353791;32;37597261
27353880;27354030;90;37597260
27353880;27354192;38;37597268
27353885;27353692;95;37560712
27353885;27353857;27;37546591
27353885;27354047;48;37546588
27353890;27353580;43;37530499
27353890;27354632;113;37530496
27353890;27355317;187;38671913
27353896;27353862;9;39668704
27353896;27353922;8;39668701
27353896;27354607;89;39668666
27353901;27354124;29;39419274
27353908;27353626;330;38733003
27353908;27353980;9;37559613
27353919;27353876;14;39668731
27353919;27353965;14;39668730
27353919;27354509;73;39668688
27353922;27353665;26;39668853
27353922;27353896;8;39668702
27353939;27354057;15;39102699
27353939;27354174;34;37583570
27353943;27353831;56;38880215
27353943;27354510;130;39760369
27353949;27353745;99;38732949
27353965;27353862;11;39668765
27353965;27353919;14;39668729
27353965;27354546;73;39668764
27353967;27353980;174;38880213
27353968;27353524;73;39668810
27353968;27353566;41;39668661
27353976;27354091;16;39668599
27353979;27353724;34;37559690
27353980;27353943;62;38880212
27353980;27354319;40;37559612
27353986;27354932;125;39092139
27353989;27353614;48;39608243
27353989;27354642;172;39608908
27354004;27354076;12;39418883
27354010;27354133;15;39668665
27354014;27354999;138;39668712
27354026;27353729;35;39724931
27354026;27353857;21;37546587
27354028;27354823;152;39670719
27354030;27353738;33;39714859
27354030;27353880;90;37597259
27354030;27354285;28;39714858
27354032;27354352;46;39510249
27354035;27354241;34;39205948
27354035;27354455;47;39647913
27354047;27353885;48;37546589
27354047;27354972;122;37546570
27354048;27354076;10;37589428
27354049;27354121;29;39668684
27354049;27354121;40;39668699
27354057;27354204;19;39103452
27354064;27353638;102;37644163
27354064;27354357;192;37588472
27354064;27354664;79;37501594
27354076;27354004;12;39418884
27354076;27354048;10;37589429
27354076;27354187;28;37589426
27354081;27354240;17;39418362
27354090;27354363;38;37561444
27354091;27353976;16;39668600
27354091;27354152;18;39668672
27354091;27355126;224;39668593
27354102;27353679;114;39647896
27354102;27353716;45;37499095
27354102;27354214;29;39647895
27354121;27354049;40;39668700
27354121;27354049;29;39668683
27354121;27354134;38;39668682
27354122;27353804;43;37583571
27354122;27353849;32;38724720
27354124;27353901;29;39419275
27354124;27354214;9;39419276
27354133;27353816;51;39668603
27354133;27354010;15;39668664
27354133;27354251;36;39668602
27354134;27353797;93;39668748
27354134;27354121;38;39668681
27354134;27354379;27;39668745
27354142;27353758;64;39724934
27354142;27354026;12;37546586
27354151;27354192;31;37597266
27354152;27354091;18;39668671
27354166;27354520;46;39724933
27354174;27354219;5;38725176
27354176;27355100;106;38172587
27354187;27354076;28;37589427
27354187;27354259;9;39101715
27354187;27354282;31;37589424
27354191;27353949;123;37825991
27354192;27353880;38;37597267
27354192;27354151;31;37597265
27354192;27354285;99;37597264
27354204;27354235;12;39103451
27354211;27353949;150;39720158
27354211;27356046;203;39720212
27354214;27354102;29;39647894
27354214;27354124;9;39419277
27354214;27354447;70;39647893
27354215;27354204;14;39102700
27354219;27354235;3;38716607
27354219;27354297;32;38712547
27354221;27353692;58;39724937
27354225;27353847;76;38045323
27354225;27354122;10;38724719
27354235;27355073;99;38716606
27354240;27354081;17;39418363
27354240;27354297;8;39418877
27354241;27354354;80;39205990
27354241;27354455;29;39205951
27354251;27354133;36;39668601
27354251;27354299;21;39668728
27354259;27354187;9;39101714
27354259;27354370;14;39101717
27354267;27354807;75;37501230
27354280;27354394;171;38725178
27354280;27354613;81;37547807
27354282;27354187;31;37589425
27354285;27354030;28;39714857
27354285;27354192;99;37597263
27354285;27354766;59;39714856
27354286;27354415;37;39668837
27354297;27354240;8;39418878
27354297;27354448;50;38712546
27354299;27354251;17;39668754
27354299;27354449;46;39668806
27354319;27354790;56;37559611
27354319;27355423;200;37825989
27354342;27354286;12;39668839
27354342;27354785;154;37621594
27354344;27354618;34;37565828
27354352;27354032;46;39510248
27354352;27354357;17;37588475
27354352;27354414;27;39714864
27354354;27353432;98;38667789
27354354;27354241;80;39205991
27354354;27355130;87;38680419
27354357;27354064;192;37588473
27354357;27354352;17;37588474
27354357;27354981;73;37588861
27354363;27353967;59;37560720
27354368;27353803;68;39506060
27354370;27354259;14;39101716
27354370;27354448;8;39101719
27354379;27354134;27;39668746
27354379;27354489;13;39668625
27354379;27354560;140;39668835
27354394;27354176;101;38172584
27354394;27356901;285;38172589
27354402;27354886;82;38671920
27354411;27350107;468;38859985
27354411;27355804;161;39732748
27354411;27355804;157;38859984
27354412;27354487;47;39701541
27354414;27354352;27;39714865
27354415;27354342;7;39668838
27354415;27354845;60;39668772
27354446;27354064;92;37644162
27354446;27354794;100;37583593
27354447;27354214;70;39647892
27354447;27354841;50;38709987
27354447;27354939;159;39647945
27354448;27354370;8;39101718
27354448;27354567;58;38712545
27354449;27354299;46;39668807
27354449;27354481;13;39668804
27354449;27354637;27;39668850
27354455;27356231;192;39647912
27354481;27353876;73;39668724
27354481;27354449;13;39668805
27354481;27354509;13;39668802
27354487;27353499;113;37580300
27354487;27354412;47;39701540
27354489;27354379;13;39668624
27354489;27354586;227;39668676
27354489;27354586;13;39668635
27354509;27354481;13;39668803
27354509;27354546;16;39668800
27354509;27354873;44;39668687
27354510;27353943;130;39760370
27354520;27354090;82;37560719
27354520;27354166;46;39724932
27354531;27353342;132;37561616
27354539;27354890;47;38728830
27354546;27353965;73;39668763
27354546;27354509;16;39668801
27354546;27354906;42;39668762
27354547;27353160;155;39647878
27354547;27354560;146;37580252
27354560;27354379;140;39668836
27354560;27354574;58;37580253
27354560;27354902;38;37580269
27354567;27354102;58;37583595
27354567;27354841;102;38712548
27354574;27354560;58;37580254
27354586;27354489;13;39668636
27354586;27354700;101;39668678
27354588;27353221;153;38860683
27354588;27354763;26;39732830
27354599;27354489;108;39668680
27354607;27353922;97;39668727
27354607;27354719;13;39668742
27354613;27355012;96;37547806
27354618;27354344;34;37565827
27354618;27355039;121;37565463
27354618;27355321;73;37565826
27354632;27353890;113;37530497
27354632;27354776;50;37621597
27354632;27355419;81;37530494
27354637;27354599;13;39668679
27354637;27354747;13;39668849
27354641;27352845;197;39720159
27354641;27354211;137;39720157
27354642;27355054;61;39610862
27354642;27355276;96;39608907
27354664;27355147;139;37501592
27354664;27355401;83;37501593
27354669;27354692;3;39416783
27354671;27354191;182;37825997
27354692;27354663;8;38868949
27354692;27354669;3;39416784
27354697;27354613;12;38723328
27354697;27355615;153;39305503
27354699;27354363;60;37576796
27354699;27355008;51;37565459
27354700;27354599;15;39668767
27354700;27354747;14;39668677
27354706;27353395;157;38729894
27354706;27355232;68;38729891
27354716;27354692;6;38868948
27354716;27355174;49;38775554
27354719;27354607;13;39668743
27354719;27354897;32;39668770
27354719;27354897;19;39668740
27354731;27354960;53;39015437
27354747;27354832;16;39668848
27354762;27354857;127;39714853
27354763;27354588;26;39732829
27354763;27355274;63;39732827
27354766;27354285;59;39714855
27354766;27354762;31;39714854
27354774;27354766;25;37583594
27354774;27355314;157;37597272
27354776;27354632;50;37621598
27354776;27354785;11;37621595
27354776;27354920;14;39737688
27354781;27354810;3;39416781
27354785;27354342;154;37621593
27354785;27354776;11;37621596
27354785;27354916;14;39737693
27354790;27355220;65;37565461
27354790;27355756;97;37559610
27354794;27354774;126;37583592
27354794;27356050;130;37528316
27354807;27356523;210;37541894
27354810;27354716;24;38868950
27354810;27354781;3;39416782
27354823;27354963;23;39703393
27354823;27355066;28;39668590
27354827;27355126;31;39668645
27354832;27354481;45;39668723
27354832;27354873;14;39668847
27354841;27355797;102;38709986
27354845;27353979;170;39668592
27354845;27354415;60;39668771
27354857;27354987;52;39714852
27354859;27354697;19;38723327
27354859;27355615;124;38723333
27354860;27355169;39;38723323
27354873;27354906;17;39668846
27354882;27354965;22;39090113
27354886;27354402;82;38671919
27354886;27355306;63;38671918
27354886;27355321;149;37598531
27354890;27354539;47;38728831
27354890;27355324;54;38728828
27354890;27355361;47;38728832
27354892;27354932;15;38730328
27354892;27355012;13;39733756
27354897;27354719;32;39668769
27354897;27354719;19;39668741
27354897;27354906;10;39668738
27354902;27354560;38;37580270
27354902;27354921;58;37580255
27354902;27354997;10;37580267
27354906;27354546;42;39668761
27354906;27354897;10;39668739
27354916;27354785;14;39737694
27354916;27354920;4;39737691
27354916;27355230;46;39737690
27354920;27354776;14;39737687
27354920;27354916;4;39737692
27354920;27355168;26;39737686
27354921;27354902;58;37580256
27354924;27356541;190;38671916
27354930;27354990;64;39416780
27354932;27353986;125;39092140
27354932;27355070;14;39092137
27354939;27354368;70;39647931
27354939;27354447;159;39647944
27354939;27355174;59;38868947
27354940;27354845;13;39668591
27354940;27354963;8;39670717
27354950;27354940;4;39670718
27354960;27354859;10;38723326
27354963;27355066;12;39670715
27354965;27354882;22;39090112
27354972;27355039;11;37560716
27354972;27355194;32;37560997
27354981;27354357;73;37588862
27354981;27354641;110;39720156
27354981;27354671;89;37825996
27354981;27355614;64;39197686
27354987;27355102;10;37583580
27354990;27354810;44;37589431
27354990;27354930;64;39416779
27354997;27354902;10;37580268
27354997;27355041;189;37580265
27354997;27355282;27;38667787
27354999;27354014;138;39668711
27354999;27355026;14;39668598
27354999;27355706;70;39668719
27355008;27354699;51;37565458
27355008;27355275;164;37565457
27355008;27355447;49;39707058
27355012;27355070;11;37547805
27355013;27354142;102;37546585
27355013;27354520;82;37560718
27355018;27355041;17;39668653
27355026;27354999;14;39668597
27355026;27355126;25;39668596
27355026;27355363;34;39668710
27355035;27354950;11;39670716
27355035;27355122;29;39703392
27355039;27355335;36;37560715
27355039;27355399;80;37546583
27355041;27354997;189;37580266
27355041;27355018;17;39668652
27355041;27355430;42;37580263
27355054;27354642;61;39610863
27355066;27355112;4;39670714
27355068;27350562;550;37496780
27355068;27353303;281;37501237
27355070;27354932;14;39092138
27355070;27355232;37;37547804
27355073;27355797;253;37499094
27355084;27354225;96;38724718
27355100;27355148;6;38172586
27355100;27355169;38;38723320
27355102;27355648;55;38756878
27355102;27356645;162;37583585
27355112;27355180;12;39670712
27355112;27355243;14;39670709
27355122;27355484;137;38164857
27355126;27354091;224;39668594
27355126;27354827;31;39668644
27355126;27355026;25;39668595
27355127;27355035;9;39670713
27355127;27355122;30;39670710
27355130;27354354;87;38680420
27355147;27354446;79;39714937
27355148;27354990;34;37589430
27355148;27355603;47;38172585
27355168;27354920;26;39737685
27355169;27354860;39;38723322
27355169;27355100;38;38723321
27355169;27355354;51;38723329
27355171;27354731;46;38723324
27355174;27354939;59;38868946
27355174;27355404;60;38756874
27355180;27355127;13;39670711
27355194;27354972;32;37560998
27355194;27355231;7;37560995
27355194;27355375;24;37560717
27355220;27354699;123;37576795
27355220;27354790;65;37565462
27355230;27354916;46;39737689
27355230;27354950;101;39670708
27355231;27355013;22;37546584
27355231;27355194;7;37560996
27355231;27355275;6;37560993
27355232;27354706;68;38729892
27355232;27355274;15;37913513
27355232;27355658;47;37559774
27355243;27355180;13;39043400
27355243;27355602;40;38965915
27355244;27353989;229;39608242
27355274;27354763;63;39732828
27355274;27355232;15;37913512
27355274;27355324;16;37913511
27355275;27355008;164;37565456
27355275;27355231;6;37560994
27355275;27355436;22;37560991
27355276;27355319;39;39668648
27355276;27355663;110;39608910
27355282;27354997;27;38667788
27355282;27355308;59;37580257
27355282;27356278;106;38667785
27355306;27354886;63;38671917
27355308;27355282;59;37580258
27355314;27354774;157;37597273
27355314;27355355;17;39714842
27355317;27353890;187;38671914
27355319;27355276;39;39668649
27355321;27354618;73;37565825
27355321;27354886;149;37598530
27355321;27355507;20;37565824
27355324;27354890;54;38728829
27355324;27355274;16;37913510
27355324;27355521;77;37913509
27355335;27355375;5;37560714
27355335;27355425;11;37546580
27355354;27355169;51;38723330
27355355;27355314;17;39714843
27355355;27355406;41;39714840
27355355;27355736;42;37597274
27355361;27354890;47;38728833
27355363;27355026;34;39668709
27355375;27355436;35;37560713
27355387;27354531;92;37561615
27355399;27355507;39;37546582
27355399;27355649;28;37565822
27355401;27354981;132;37583579
27355404;27355174;60;38756873
27355404;27355603;47;38756872
27355406;27354766;65;39714851
27355406;27355355;41;39714841
27355419;27354632;81;37530495
27355419;27355230;72;39670707
27355419;27355484;7;37530492
27355422;27355765;59;38753794
27355422;27355765;60;38753795
27355423;27355494;141;37558622
27355425;27355575;34;39724938
27355425;27356520;160;37546579
27355430;27355041;42;37580264
27355430;27355462;59;37580271
27355430;27355803;39;37580261
27355436;27355275;22;37560992
27355436;27355534;14;38732996
27355446;27356723;135;38019248
27355447;27355008;49;39707057
27355447;27355220;160;39707059
27355462;27355430;59;37580272
27355484;27355419;7;37530493
27355484;27355791;32;39704871
27355494;27353745;190;38944448
27355494;27356046;228;38944449
27355507;27355321;20;37565823
27355507;27356106;226;37546581
27355521;27355324;77;37913508
27355524;27355805;38;39703389
27355534;27355436;14;38732995
27355534;27356527;149;38732994
27355546;27355628;12;39308454
27355550;27355084;46;37583590
27355575;27355425;34;39724939
27355590;27355550;14;39083744
27355602;27355243;40;38965914
27355602;27356008;50;38965913
27355603;27355404;47;38756871
27355603;27355656;5;38638083
27355605;27355654;7;39732423
27355610;27355685;14;39714847
27355614;27356639;344;37588860
27355614;27356654;113;39197685
27355615;27354697;153;39305502
27355615;27354859;124;38723334
27355615;27355640;5;38723331
27355621;27355649;38;39701649
27355628;27355546;12;39308453
27355635;27355603;8;39704838
27355635;27355758;18;39188104
27355640;27355615;5;38723332
27355648;27355084;57;38501549
27355648;27357612;205;37758093
27355649;27355621;38;39701648
27355649;27356520;98;37565821
27355654;27355605;7;39732422
27355656;27355758;12;38775882
27355656;27356835;129;38638082
27355658;27355232;47;37559775
27355658;27355733;8;37559772
27355658;27355841;57;38724205
27355663;27355244;42;39668714
27355663;27355276;110;39608909
27355669;27355736;27;37597276
27355685;27355406;29;39714850
27355685;27355610;14;39714846
27355687;27357235;168;38019246
27355688;27354641;109;39720155
27355688;27355614;117;37588879
27355706;27354999;70;39668720
27355706;27355711;26;39668638
27355706;27356102;45;39668717
27355711;27355706;26;39668639
27355733;27355658;8;37559773
27355733;27355948;27;37559770
27355736;27355355;42;37597275
27355736;27355669;27;37597277
27355736;27355762;37;39714844
27355756;27356033;32;37559609
27355756;27356043;47;37576790
27355758;27355995;29;38775881
27355762;27355685;13;39714849
27355762;27355736;37;39714845
27355765;27355422;60;38753796
27355765;27355422;59;38753793
27355765;27356249;52;38674208
27355791;27355484;32;39704872
27355791;27355958;21;37572749
27355791;27356215;60;37559596
27355797;27356202;56;37499093
27355797;27356291;54;38709985
27355803;27355430;39;37580262
27355803;27355833;116;38710044
27355803;27356213;44;37580259
27355804;27354411;157;38859983
27355804;27354411;161;39732747
27355804;27356446;69;38859982
27355805;27355524;38;39703388
27355805;27355916;14;39703391
27355833;27355803;116;38710043
27355841;27355658;57;38724206
27355902;27355550;40;37583589
27355902;27355862;14;39083743
27355916;27355602;168;37580298
27355916;27355805;14;39703390
27355928;27355805;32;39703387
27355928;27355916;27;37580297
27355948;27355733;27;37559771
27355948;27356132;45;38164708
27355948;27356930;100;37559768
27355958;27355791;21;37572750
27355958;27355928;9;37580296
27355958;27356215;49;37572751
27355958;27356410;47;37572747
27355966;27355068;115;37496779
27355995;27356338;126;39575854
27356000;27355147;92;39714936
27356000;27355401;194;37583578
27356001;27354960;110;38723325
27356001;27355171;114;39553569
27356008;27355602;50;38965912
27356008;27356056;89;37563448
27356008;27357254;137;37572742
27356015;27356407;163;38422972
27356020;27355447;72;37565460
27356020;27356326;80;38732990
27356020;27356527;63;37576787
27356033;27356065;72;37560722
27356033;27357387;140;37546595
27356043;27356033;31;37576789
27356043;27356326;66;37576791
27356046;27356370;116;37547609
27356046;27357615;162;39720211
27356050;27356000;61;37558411
27356053;27355762;36;39714848
27356053;27356050;110;37558410
27356053;27356700;71;37501284
27356055;27354762;134;37559777
27356055;27356053;71;37558409
27356055;27356706;65;38724650
27356056;27356008;89;37563447
27356056;27356070;74;37563446
27356056;27359331;328;39724865
27356065;27356075;30;37560721
27356065;27356427;35;37825988
27356070;27355663;48;39668654
27356070;27356056;74;37563445
27356070;27356097;64;37563444
27356075;27355423;71;37825990
27356093;27356105;11;39542093
27356097;27356070;64;37563443
27356097;27356102;20;37563442
27356097;27356165;6;38658194
27356102;27355706;45;39668718
27356102;27356097;20;37563441
27356102;27356158;178;37563440
27356105;27355635;91;39704837
27356105;27356093;11;39542094
27356106;27355387;79;37530501
27356132;27355733;79;38164707
27356132;27356482;57;38723335
27356154;27356302;25;39079323
27356155;27356222;6;39418360
27356158;27356102;178;37563439
27356158;27356166;23;37563438
27356165;27356097;6;38658195
27356165;27356475;35;39222744
27356165;27356487;39;38658192
27356166;27356158;23;37563437
27356166;27356213;97;37563436
27356166;27356396;23;38658215
27356187;27356410;24;39737696
27356202;27356212;7;37499092
27356202;27356874;86;38790472
27356212;27356222;3;37499091
27356212;27356273;6;39306081
27356213;27355803;44;37580260
27356213;27356166;97;37563435
27356213;27356272;163;37563434
27356215;27356428;38;37559595
27356219;27355404;102;37529848
27356222;27356155;6;39418361
27356222;27356287;67;37499090
27356226;27356431;94;39538617
27356231;27356311;18;37581234
27356231;27356419;20;39647911
27356249;27355765;52;38674207
27356249;27356055;84;38753797
27356263;27354939;144;37915009
27356272;27356213;163;37563433
27356272;27356278;22;37563432
27356273;27356212;6;39306082
27356273;27356602;50;38790031
27356278;27355282;106;38667786
27356278;27356272;22;37563431
27356278;27356311;63;37563430
27356287;27356263;37;37499089
27356287;27356375;14;38790559
27356291;27356414;44;39079010
27356291;27356414;46;39079012
27356291;27356652;53;38709984
27356292;27355494;84;38944447
27356302;27356403;36;37583576
27356311;27354547;186;39647877
27356311;27356278;63;37563429
27356311;27356419;17;37581235
27356324;27356302;4;37583577
27356324;27356497;33;39079363
27356326;27356020;80;38732989
27356326;27356043;66;37576792
27356326;27357342;109;37576794
27356338;27356554;39;38322488
27356370;27355688;76;39720154
27356370;27356654;119;39720153
27356388;27356158;23;38658216
27356388;27356507;21;38658183
27356396;27356388;22;38658214
27356397;27356876;50;38710041
27356403;27356715;74;37583574
27356403;27356796;46;37501283
27356407;27356015;163;38422971
27356407;27356446;19;37547803
27356410;27355958;47;37572748
27356410;27356187;24;39737695
27356410;27356984;64;37572745
27356414;27356225;29;39079011
27356419;27356631;25;39647910
27356422;27356427;29;37825994
27356427;27356422;29;37825995
27356427;27356439;30;37825986
27356428;27356541;23;37559594
27356428;27357169;111;39703395
27356431;27356105;36;39704836
27356431;27356226;94;39538618
27356439;27356075;35;37825987
27356439;27356756;79;37825992
27356446;27355804;69;38859981
27356446;27356407;19;37547802
27356446;27356686;26;38859980
27356452;27356462;52;38859988
27356460;27356249;38;38756876
27356462;27356452;52;38859987
27356471;27356572;19;38790033
27356471;27356602;29;38790038
27356475;27356165;35;39222743
27356475;27356786;34;39222742
27356475;27356813;42;39222731
27356482;27356132;57;38723336
27356487;27356165;39;38658193
27356487;27356553;165;38658205
27356487;27356646;21;38658190
27356507;27356388;21;38658182
27356507;27356553;8;38658181
27356507;27356638;46;38658167
27356520;27357631;158;37546578
27356523;27357724;125;37541893
27356523;27358890;249;37501222
27356527;27355534;149;38732993
27356527;27356020;63;37576788
27356527;27357338;119;38732992
27356541;27354924;190;38671915
27356541;27356601;15;37559593
27356553;27356487;165;38658204
27356553;27356507;8;38658180
27356553;27356657;15;38658179
27356554;27356219;65;38723318
27356554;27356895;59;38785775
27356572;27356471;19;38790034
27356575;27356723;13;38769967
27356582;27356001;66;37501629
27356582;27357235;218;39188101
27356601;27356983;67;37530491
27356602;27356273;50;38790032
27356602;27356471;29;38790037
27356602;27356630;10;38790035
27356625;27356639;139;37558627
27356630;27356602;10;38790036
27356631;27356749;14;38710040
27356631;27356773;14;39647909
27356638;27356396;26;37580280
27356638;27356507;46;38658166
27356639;27356653;25;37558625
27356645;27356460;68;38756875
27356645;27356736;7;39647857
27356646;27356487;21;38658191
27356646;27356747;133;38658185
27356646;27356813;29;39222724
27356646;27356821;21;38658188
27356650;27355902;77;37583588
27356650;27356645;12;37758091
27356652;27356324;63;37583575
27356653;27356000;68;39714935
27356653;27356700;175;37558624
27356654;27356625;191;37558626
27356654;27357222;189;38791610
27356654;27357979;137;39197684
27356657;27356553;15;38658178
27356657;27356747;11;38658177
27356657;27356812;64;38658197
27356686;27356446;26;38859979
27356686;27357320;79;38859978
27356686;27358099;152;37589804
27356700;27356706;53;37558623
27356700;27358275;188;38477012
27356701;27356650;40;37758090
27356701;27356715;98;39083746
27356706;27356730;97;39647856
27356706;27358279;160;39647858
27356715;27356701;98;39083745
27356715;27356796;47;38441217
27356723;27355446;135;38019247
27356723;27356575;13;38769968
27356723;27357245;59;38769965
27356730;27356460;38;37583591
27356730;27356736;78;39647855
27356734;27356701;40;38724617
27356736;27356734;12;39647854
27356736;27357877;117;38756877
27356747;27356646;133;38658184
27356747;27356657;11;38658176
27356747;27356856;18;38658175
27356749;27356773;15;39205988
27356749;27356876;85;38942928
27356756;27356439;79;37825993
27356773;27358171;160;39647908
27356786;27356475;34;39222741
27356786;27356797;45;39724884
27356786;27357518;76;39222740
27356790;27355534;165;37558621
27356790;27357274;81;37564060
27356796;27357073;61;37501536
27356797;27356786;45;39724885
27356812;27356638;17;37580279
27356812;27356657;64;38658196
27356813;27356475;42;39222732
27356813;27356646;29;39222723
27356813;27357540;122;39222729
27356821;27356646;21;38658189
27356821;27356856;107;39222728
27356821;27357207;74;38658186
27356835;27356996;18;38638081
27356835;27356996;22;39356439
27356848;27356962;77;37643815
27356856;27356747;18;38658174
27356856;27356821;107;39222727
27356856;27357199;53;38658209
27356856;27357207;56;38658173
27356874;27356202;86;38790473
27356874;27356652;39;37583573
27356876;27356397;50;38710042
27356876;27356749;85;38942927
27356895;27356263;67;38789806
27356895;27356554;59;38785776
27356901;27356431;64;39704835
27356923;27357344;82;39062559
27356923;27357344;83;39062556
27356930;27355948;100;37559769
27356930;27356946;4;37559766
27356930;27357450;60;37589814
27356946;27356930;4;37559767
27356946;27356973;8;37545744
27356962;27356874;32;37643816
27356962;27357353;45;39075007
27356973;27356946;8;37545745
27356973;27357005;16;37545742
27356973;27357448;49;37589818
27356979;27356106;92;37530500
27356979;27357562;61;37559591
27356982;27356979;99;37530502
27356982;27358495;152;38958387
27356983;27356982;31;37530503
27356984;27356410;64;37572746
27356984;27357169;77;38844591
27356984;27358221;162;37572743
27356996;27357426;46;38638080
27357005;27356582;70;37501628
27357005;27356973;16;37545743
27357005;27357405;178;39356432
27357028;27357073;6;39079362
27357034;27356848;54;37643814
27357034;27356895;15;38789805
27357034;27357042;6;38322492
27357042;27356848;57;38322493
27357073;27357223;34;37501535
27357079;27357034;6;37915008
27357079;27357042;7;38790469
27357149;27356901;34;39704834
27357168;27357149;2;39704833
27357169;27356428;111;39703394
27357169;27356984;77;38844590
27357169;27358090;92;39724894
27357196;27357225;41;39188103
27357196;27357225;41;39356437
27357199;27356856;53;38658208
27357199;27357203;41;38658207
27357199;27357302;16;38658203
27357203;27356812;43;37580278
27357203;27357199;41;38658206
27357207;27356821;74;38658187
27357207;27356856;56;38658172
27357207;27357439;27;39222755
27357222;27356625;64;37547611
27357222;27357837;206;38791609
27357223;27357319;10;39074771
27357223;27357382;45;37501533
27357225;27357263;19;39188102
27357235;27355687;168;38019245
27357235;27357263;3;38668707
27357245;27356723;59;38769966
27357245;27357149;18;39202187
27357254;27356008;137;37572741
27357254;27357504;83;39724866
27357254;27358221;98;37572740
27357263;27357235;3;38668706
27357263;27357380;10;38668705
27357273;27357393;25;38723374
27357273;27357396;14;39732017
27357274;27356790;81;37564061
27357274;27357344;48;39062561
27357274;27358618;201;37564058
27357283;27357273;10;38723375
27357302;27357199;16;38658202
27357302;27357497;29;38658170
27357302;27357616;43;38658201
27357311;27357196;16;39506061
27357311;27357245;17;39202186
27357320;27356686;79;38859977
27357320;27359094;176;37500804
27357327;27357377;6;39084668
27357338;27356527;119;38732991
27357338;27357475;19;38732999
27357342;27357338;15;37546594
27357342;27357475;11;37576793
27357344;27356923;82;39062558
27357344;27356923;83;39062557
27357344;27357274;48;39062560
27357346;27357348;4;39202194
27357346;27357365;33;39202191
27357346;27357365;38;39356436
27357348;27357311;10;39202185
27357348;27357346;4;39202193
27357353;27356962;45;39075006
27357353;27357687;70;37643822
27357363;27357353;25;37643824
27357363;27358411;112;37643812
27357365;27357346;33;39202192
27357365;27357380;22;39202189
27357377;27356796;79;37499086
27357377;27357327;6;39084669
27357380;27357263;10;38668704
27357380;27357365;22;39202190
27357380;27357405;11;39356431
27357382;27357363;14;37501534
27357387;27357342;89;37546593
27357393;27357396;21;37796144
27357393;27357624;50;39731589
27357396;27357532;55;38859745
27357405;27357005;178;39356433
27357405;27357380;11;39356430
27357405;27357647;72;38723379
27357405;27357967;75;39188099
27357426;27357034;157;39647851
27357426;27357740;30;38737073
27357439;27357207;27;39222756
27357439;27357616;27;38658213
27357439;27357694;28;39222753
27357448;27357588;13;38724128
27357450;27356930;60;37589815
27357450;27357545;9;37589812
27357452;27358141;71;39724889
27357465;27357387;199;37546592
27357465;27357489;50;37501214
27357465;27357972;176;38732988
27357475;27358130;93;37541411
27357481;27357283;49;38724143
27357487;27357493;6;39724871
27357489;27356292;124;37564062
27357489;27357465;50;37501215
27357489;27357615;203;37501212
27357493;27357487;6;39724870
27357493;27357504;15;39724869
27357493;27357504;133;39724872
27357497;27357302;29;38658171
27357497;27357503;30;38658168
27357497;27357895;40;39222725
27357501;27357450;5;38859736
27357501;27357481;5;38859734
27357503;27357203;28;37580277
27357503;27357497;30;38658169
27357504;27357254;83;39724867
27357504;27357493;133;39724873
27357504;27357493;15;39724868
27357518;27356786;76;39222739
27357518;27358089;58;39222738
27357518;27358089;83;39724891
27357532;27357501;6;38859735
27357536;27357382;14;39074770
27357540;27356813;122;39222730
27357545;27357450;9;37589813
27357545;27357501;5;38859733
27357545;27357596;5;37589810
27357562;27356979;61;37559592
27357562;27357631;95;37546577
27357562;27359102;151;37559590
27357571;27357426;91;39647850
27357588;27357644;6;38724127
27357589;27357168;41;38723319
27357589;27357348;55;38725127
27357596;27357545;5;37589811
27357596;27358227;79;38739209
27357596;27358441;336;37589819
27357604;27357571;24;39647849
27357606;27357079;53;37915007
27357612;27355648;205;37758092
27357612;27357877;27;37583584
27357614;27356734;92;37583587
27357614;27357617;12;39074873
27357615;27357489;203;37501213
27357615;27357804;112;37501210
27357615;27358480;88;39720210
27357616;27357302;43;38658200
27357616;27357439;27;38658212
27357616;27357694;11;38658199
27357616;27357797;22;38658211
27357617;27357614;12;39074872
27357618;27357606;6;38789804
27357618;27357662;7;38322491
27357624;27357393;50;39731590
27357624;27357644;10;38859746
27357624;27357821;70;37589809
27357629;27357604;16;39647848
27357629;27357921;42;38736981
27357631;27357562;95;37546576
27357631;27357738;94;37546575
27357644;27357624;10;38859747
27357644;27357870;24;38724126
27357647;27357405;72;38723378
27357647;27357821;66;38723377
27357647;27358230;77;37589816
27357662;27357606;5;37915006
27357662;27357740;157;38742129
27357674;27357662;15;37643823
27357674;27358437;104;37499043
27357677;27357604;46;39356438
27357677;27357629;25;38742133
27357687;27357701;6;37643821
27357687;27357705;3;38789795
27357694;27357439;28;39222754
27357694;27357616;11;38658198
27357694;27357775;12;39222751
27357696;27356272;147;37580287
27357696;27356311;159;39647876
27357701;27357618;57;38322490
27357701;27357674;39;37643820
27357701;27357705;4;38789801
27357705;27357687;3;38789794
27357705;27357701;4;38789800
27357705;27357733;6;38789799
27357705;27357912;22;38789793
27357724;27362789;492;37501218
27357733;27357705;6;38789798
27357733;27357781;15;38789803
27357733;27357848;16;38789797
27357738;27356790;119;37558620
27357738;27357631;94;37546574
27357740;27357857;91;38742128
27357740;27358454;73;37529345
27357743;27355966;187;37496778
27357757;27357589;17;39704832
27357757;27357677;45;38742132
27357775;27357694;12;39222752
27357775;27357797;12;39222749
27357775;27358408;67;38658218
27357781;27357733;15;38789802
27357797;27357616;22;38658210
27357797;27357775;12;39222750
27357797;27357895;42;39222747
27357804;27356370;149;37501136
27357804;27357615;112;37501211
27357804;27357979;118;37501208
27357811;27357696;13;39647875
27357811;27357840;192;37580283
27357821;27357647;66;38723376
27357837;27356653;122;39714934
27357837;27358249;51;38724652
27357840;27357811;192;37580284
27357840;27357873;73;37580281
27357840;27358738;88;37580286
27357848;27357733;16;38789796
27357857;27357571;43;38737072
27357857;27357921;41;38742127
27357870;27358302;48;38723373
27357870;27358606;89;38724125
27357871;27357612;26;38724616
27357871;27357614;26;37583586
27357873;27357503;37;37580276
27357873;27357840;73;37580282
27357877;27358353;50;38728166
27357895;27357497;40;39222726
27357895;27357797;42;39222748
27357895;27357961;32;39222745
27357912;27357705;22;38789792
27357921;27358014;74;38742130
27357961;27357873;9;37580275
27357961;27357895;32;39222746
27357967;27357405;75;39188100
27357967;27358095;29;39356435
27357967;27360137;292;38741708
27357972;27357465;176;38732987
27357972;27358130;60;38733001
27357972;27358540;57;38644196
27357979;27357804;118;37501209
27357979;27358199;127;37501206
27358014;27357757;27;38742131
27358077;27358234;15;38771957
27358089;27357518;83;39724890
27358089;27357518;58;39222737
27358089;27358937;83;39222736
27358090;27357169;92;39724893
27358090;27358232;40;39724895
27358095;27357967;29;39356434
27358099;27356686;152;37589803
27358099;27358233;19;39305884
27358099;27358983;86;37589802
27358106;27358090;29;39724892
27358106;27358232;11;37576445
27358130;27357475;93;37541410
27358130;27357972;60;38733000
27358130;27358186;16;39704933
27358141;27357452;71;39724888
27358168;27357804;38;39720152
27358168;27358752;75;39219174
27358171;27359000;90;39647907
27358171;27359512;129;37568346
27358186;27358130;16;39704932
27358186;27358295;33;39704931
27358199;27357979;127;37501207
27358199;27358323;58;37501204
27358199;27359522;129;37546658
27358221;27356984;162;37572744
27358221;27357254;98;37572739
27358221;27358724;60;38877352
27358227;27357596;79;38739210
27358227;27358570;35;38724123
27358230;27357647;77;37589817
27358232;27358106;11;37576444
27358232;27359378;251;37576443
27358233;27358099;19;39305885
27358234;27358077;15;38771956
27358234;27358095;27;38741711
27358249;27357837;51;38724651
27358249;27358762;52;37589423
27358253;27358249;19;38724649
27358253;27358790;52;38045322
27358275;27358253;98;37499084
27358279;27358275;58;37499083
27358295;27358186;33;39704930
27358295;27358618;110;39704929
27358302;27359643;155;38723382
27358323;27357222;109;37547610
27358323;27358199;58;37501205
27358323;27358396;43;37501202
27358338;27357871;46;37558196
27358338;27358354;67;37558203
27358340;27358279;15;38728169
27358340;27359174;80;37558206
27358353;27358362;7;37558204
27358354;27357377;123;37499085
27358354;27358411;303;37558202
27358357;27358340;118;38728165
27358362;27358357;27;37558205
27358363;27358234;30;38741710
27358396;27358323;43;37501203
27358396;27358694;98;37501200
27358396;27359057;70;37588875
27358408;27357775;67;38658217
27358411;27358437;163;37558201
27358411;27359032;62;37643811
27358423;27357489;199;37589116
27358437;27358456;61;37558200
27358441;27358570;29;39448221
27358454;27358490;86;37558198
27358454;27358575;14;37529344
27358454;27359337;85;39317394
27358456;27358454;33;37558199
27358456;27358637;25;38737109
27358469;27358481;15;39724877
27358469;27359140;93;39724881
27358480;27358870;38;39720209
27358481;27358469;15;39724876
27358481;27358724;86;39724875
27358481;27359140;64;39724883
27358490;27358512;131;37558197
27358490;27359527;108;38501551
27358495;27356982;152;38958388
27358495;27358498;18;38958392
27358495;27358845;45;38958389
27358498;27358495;18;38958391
27358512;27358014;49;37501532
27358512;27358363;75;39188098
27358540;27357972;57;38644195
27358540;27358423;36;37589115
27358540;27358585;5;37589114
27358570;27358227;35;38724124
27358570;27358441;29;39448220
27358570;27358622;24;38739208
27358575;27358637;11;38737108
27358575;27359179;60;37529343
27358585;27358540;5;37589113
27358585;27358602;75;37589117
27358585;27359383;79;37589112
27358602;27358186;42;37589118
27358602;27358295;67;39704596
27358606;27358622;2;38724144
27358618;27357274;201;37564059
27358618;27358295;110;39704928
27358618;27358669;15;39704927
27358619;27358983;41;39305889
27358622;27358570;24;38739207
27358622;27358606;2;38724145
27358637;27359200;56;38737107
27358665;27358694;24;37589419
27358669;27358618;15;39704926
27358669;27359063;124;39704925
27358669;27360411;186;37589134
27358681;27358738;87;38958386
27358694;27358396;98;37501201
27358694;27358904;56;38724653
27358724;27358481;86;39724874
27358724;27359338;67;38877351
27358738;27358681;87;38958385
27358738;27359693;94;37580285
27358752;27358799;16;39219173
27358752;27358842;14;39219175
27358762;27358790;14;37589417
27358762;27358934;29;37589420
27358784;27358423;276;37589135
27358784;27360015;119;37589194
27358785;27358790;8;39714939
27358790;27358253;52;38045321
27358790;27358762;14;37589418
27358790;27358785;8;39714938
27358790;27358934;58;38045320
27358799;27358168;61;39720151
27358842;27358480;91;37589016
27358845;27358495;45;38958390
27358870;27358784;133;37589136
27358870;27360279;138;39720208
27358874;27358665;55;37589422
27358874;27358994;12;38045318
27358879;27355966;297;37501229
27358890;27358879;91;37501257
27358890;27359602;70;37501221
27358904;27358994;20;37501606
27358904;27359754;87;37588867
27358924;27358937;46;39724887
27358934;27358790;58;38045319
27358934;27358874;21;37589421
27358937;27358089;83;39222735
27358937;27358924;46;39724886
27358937;27359267;239;38680408
27358937;27359978;112;39222734
27358946;27358799;15;39720150
27358946;27358842;26;37589015
27358983;27358099;86;37589801
27358983;27358619;41;39305888
27358983;27359203;21;37589800
27358989;27359064;83;37501216
27358989;27359102;106;39704935
27358989;27359460;45;38791606
27358994;27359293;68;37501605
27359000;27359572;57;39364573
27359032;27359201;18;38799506
27359057;27358396;70;37588876
27359057;27359106;18;37588877
27359057;27359469;87;37588873
27359063;27358669;124;39704924
27359063;27359147;88;39704921
27359063;27359360;30;39704590
27359064;27357738;131;37546573
27359064;27358989;83;37501217
27359064;27359147;79;39704922
27359074;27359255;20;37589133
27359094;27357320;176;37500803
27359094;27359574;51;37500995
27359102;27358989;106;39704934
27359102;27359463;150;37501251
27359106;27359057;18;37588878
27359140;27358469;93;39724880
27359140;27358481;64;39724882
27359140;27359338;53;39724879
27359147;27359063;88;39704920
27359147;27359064;79;39704923
27359147;27360413;158;37546606
27359166;27358946;20;39720149
27359166;27359204;55;39219406
27359166;27360265;134;37589198
27359174;27359466;38;38441190
27359174;27359479;35;38728168
27359179;27363945;454;38722423
27359180;27359208;7;39508503
27359196;27359201;22;38799392
27359200;27359196;173;37643813
27359200;27359312;12;38737106
27359201;27359326;14;38799505
27359203;27358983;21;37589799
27359203;27359323;12;37589798
27359204;27358946;57;37589029
27359204;27359248;96;37589022
27359208;27359180;7;39508502
27359208;27359218;4;39508498
27359208;27359294;9;39508501
27359218;27359208;4;39508499
27359230;27359074;111;39724920
27359230;27359350;50;39704595
27359248;27359204;96;37589021
27359248;27359578;34;39211102
27359248;27359777;126;37589020
27359251;27359643;67;38724169
27359255;27359459;21;37589132
27359255;27359834;106;39724923
27359267;27357961;127;37580274
27359267;27358937;239;38680407
27359277;27359203;9;38726717
27359277;27359323;9;38726715
27359293;27359472;126;37559162
27359293;27359837;61;37589028
27359294;27359208;9;39508500
27359294;27360704;153;38045314
27359300;27359277;19;38726716
27359300;27360515;122;37529852
27359312;27360407;112;38010988
27359323;27359203;12;37589797
27359323;27359437;11;37589795
27359326;27360115;76;37499045
27359331;27356056;328;39724864
27359337;27358454;85;39317395
27359337;27359312;31;37499048
27359338;27359140;53;39724878
27359338;27360163;89;38877350
27359340;27359300;34;38726714
27359350;27359230;50;39704594
27359350;27359391;9;37589122
27359360;27359063;30;39704591
27359378;27358221;113;37576441
27359378;27358232;251;37576442
27359383;27358585;79;37589111
27359383;27359350;56;37589123
27359383;27359528;15;37589110
27359387;27359414;28;38942930
27359391;27359528;45;37589121
27359391;27359766;41;39724914
27359414;27359387;28;38942931
27359414;27359462;50;37651023
27359437;27359323;11;37589796
27359437;27359556;20;39305887
27359437;27360432;97;37589793
27359452;27358338;112;37499059
27359452;27358362;106;37758094
27359459;27359886;61;39724928
27359459;27360411;100;37589127
27359460;27358989;45;38791605
27359460;27361961;232;39703425
27359462;27359414;50;37651024
27359462;27359512;49;37651021
27359462;27360019;55;38680418
27359463;27359102;150;37501250
27359463;27359477;20;37501254
27359466;27359495;86;38728167
27359469;27359057;87;37588874
27359472;27359479;28;37559161
27359472;27359651;29;38441330
27359477;27358879;57;37501228
27359477;27359602;71;37501253
27359479;27359466;35;37583596
27359479;27359651;20;37499082
27359488;27359754;106;37588872
27359495;27359452;47;39647860
27359512;27359462;49;37651022
27359512;27359572;54;37651019
27359516;27359632;39;37501627
27359522;27358199;129;37546659
27359522;27360065;215;37588870
27359527;27359337;54;37499047
27359527;27359732;182;37589432
27359528;27359383;15;37589109
27359528;27359707;45;37589120
27359528;27360358;92;37589108
27359556;27359437;20;39305886
27359558;27359230;36;37589131
27359558;27359766;58;39724918
27359571;27360015;221;39724930
27359572;27359512;54;37651020
27359572;27359579;19;38436309
27359572;27363374;371;38436373
27359574;27359094;51;37500994
27359574;27359340;62;37558567
27359574;27360099;128;37914982
27359574;27360316;80;38786962
27359578;27359248;34;39211103
27359579;27357811;188;39647874
27359579;27359572;19;38436310
27359579;27359648;70;38436307
27359588;27359463;24;37501249
27359588;27359477;12;37501255
27359602;27359713;21;37501252
27359602;27359726;13;37501256
27359632;27359640;27;37501626
27359640;27358512;110;37501531
27359643;27359251;67;38724168
27359643;27359800;19;38723381
27359648;27359579;70;38436308
27359648;27359693;45;38436305
27359648;27362558;276;37572291
27359651;27363322;358;37499081
27359693;27359648;45;38436306
27359693;27359778;83;38436303
27359696;27359516;21;39448226
27359701;27359452;103;38045316
27359701;27361612;178;37499069
27359707;27359528;45;37589119
27359713;27359726;21;37501248
27359713;27359970;85;38965911
27359726;27359588;65;37501247
27359726;27360208;49;37501224
27359732;27359640;11;37501522
27359754;27358904;87;37588868
27359754;27359488;106;37588871
27359754;27360065;28;37588865
27359766;27359391;41;39724915
27359766;27359558;58;39724919
27359766;27360088;31;39724912
27359777;27359248;126;37589019
27359777;27360112;55;37589018
27359777;27360401;71;39199247
27359778;27359267;51;37580273
27359778;27359693;83;38436304
27359778;27359893;125;38436301
27359800;27360196;39;38723380
27359834;27359255;106;39724924
27359837;27359293;61;37589027
27359837;27360045;41;38441327
27359837;27360275;92;37589026
27359846;27359527;33;38737105
27359853;27359558;31;37589130
27359853;27360088;58;39724917
27359886;27359459;61;39724927
27359892;27360045;14;38441383
27359893;27359778;125;38436302
27359893;27359978;69;38436299
27359893;27360972;101;39742975
27359937;27360136;34;39724926
27359942;27360323;106;39704577
27359950;27359701;134;38045315
27359970;27359713;85;38965910
27359970;27360155;73;38965909
27359970;27360889;88;37536212
27359978;27358937;112;39222733
27359978;27359893;69;38436300
27359978;27360163;226;38436297
27360005;27360208;40;37501258
27360010;27360065;118;37588864
27360015;27360279;125;39724929
27360019;27359462;55;38680417
27360019;27360153;131;37651042
27360019;27360494;74;38680416
27360022;27359892;24;38441312
27360022;27359892;55;38441384
27360036;27360410;41;37589290
27360036;27360597;80;37589287
27360037;27359853;18;37589129
27360037;27360088;74;39724911
27360045;27359837;41;38441328
27360045;27360156;23;38441325
27360065;27359522;215;37588869
27360065;27359754;28;37588866
27360065;27360010;118;37588863
27360088;27359766;31;39724913
27360088;27359853;58;39724916
27360088;27360037;74;39724910
27360098;27359495;60;37499062
27360098;27360261;103;38998296
27360099;27360196;29;37914981
27360099;27360298;26;38786964
27360112;27359777;55;37589017
27360112;27360275;186;37589023
27360112;27360401;31;37589044
27360115;27360407;191;37499046
27360115;27360791;65;37499044
27360116;27359846;26;38737104
27360136;27359937;34;39724925
27360136;27360037;10;37589128
27360137;27357967;292;38741709
27360137;27360196;12;38741706
27360137;27360274;17;38726635
27360140;27359588;53;37501227
27360140;27360005;27;37501259
27360153;27360019;131;37651041
27360155;27359378;77;37576440
27360155;27359970;73;38965908
27360155;27360163;139;38965907
27360156;27360022;14;38441382
27360156;27360045;23;38441326
27360161;27359846;167;37501624
27360161;27360731;69;38737116
27360163;27359978;226;38436298
27360163;27360155;139;38965906
27360163;27361029;89;37536175
27360181;27360380;21;39214728
27360185;27360449;56;39704585
27360194;27359579;60;39364576
27360196;27360137;12;38741707
27360196;27360213;7;38743134
27360208;27364744;428;37501223
27360213;27360196;7;38743135
27360213;27360298;24;38743132
27360249;27359732;54;37501521
27360249;27360161;30;38674215
27360260;27359166;109;39720148
27360261;27360098;103;38998295
27360265;27360260;8;37589199
27360274;27360213;11;38726634
27360274;27360695;40;39448222
27360275;27359837;92;37589025
27360275;27360112;186;37589024
27360275;27360854;71;37589284
27360279;27360292;3;37869288
27360279;27360830;53;39720207
27360285;27360249;3;37501520
27360292;27360380;64;37869287
27360296;27359696;102;39448225
27360298;27360213;24;38743133
27360298;27360521;94;38743130
27360316;27359574;79;38786963
27360316;27360475;18;39607604
27360323;27359942;106;39704576
27360323;27360425;15;39704575
27360323;27360425;26;39704589
27360358;27359528;92;37589107
27360358;27360533;83;37589052
27360358;27361520;127;37589106
27360380;27360181;21;39214727
27360380;27360402;12;37869286
27360401;27359777;71;39199248
27360401;27360112;31;37589045
27360401;27360554;13;37589042
27360402;27360265;30;37869285
27360402;27360678;27;37589196
27360407;27360504;45;38638084
27360410;27360036;41;37589291
27360410;27360597;38;37589292
27360410;27360854;46;37589288
27360411;27360477;12;37589125
27360413;27359460;118;39724909
27360413;27360943;61;38981556
27360425;27360323;26;39704588
27360425;27360323;15;39704574
27360425;27360883;57;39704573
27360428;27360136;32;37589126
27360428;27360477;99;39724922
27360432;27359437;97;37589794
27360432;27360515;22;38726637
27360449;27360185;56;39704584
27360449;27360478;11;39704582
27360449;27360528;17;39704579
27360463;27361475;115;39207010
27360475;27360316;18;39607603
27360475;27360537;10;39607418
27360475;27360624;15;39607606
27360477;27360428;89;37589124
27360477;27360428;99;39724921
27360478;27360449;11;39704583
27360478;27360528;4;39704580
27360494;27360019;74;38680415
27360496;27360699;18;39219658
27360504;27360116;42;38669024
27360504;27361095;59;38669026
27360504;27361113;101;37529339
27360515;27360755;25;38726636
27360521;27360298;94;38743131
27360521;27360537;55;38743128
27360528;27360449;17;39704578
27360528;27360478;4;39704581
27360528;27360784;42;39704559
27360532;27360285;26;38674212
27360533;27359571;94;37589049
27360533;27360852;162;37589051
27360537;27360521;55;38743129
27360537;27360624;18;39607417
27360554;27360401;13;37589043
27360554;27360647;50;39192352
27360554;27362175;195;37589030
27360583;27360532;21;38674213
27360593;27359950;63;38045317
27360597;27360036;80;37589286
27360597;27360410;38;37589293
27360597;27360941;62;37589281
27360624;27360475;15;39607605
27360624;27361121;52;37500993
27360647;27360554;50;39192351
27360662;27360593;14;39047242
27360662;27361213;60;38045310
27360678;27361643;105;37589195
27360685;27360521;15;37529857
27360690;27360662;45;38045312
27360695;27361186;49;38726633
27360699;27360496;18;39219659
27360699;27360830;67;39219653
27360699;27360916;21;39219656
27360704;27359294;153;38045313
27360704;27360690;14;37547035
27360714;27360260;42;39720147
27360714;27360678;18;37589197
27360731;27360116;139;37501625
27360731;27360922;23;38737115
27360739;27360927;19;38800132
27360755;27362082;128;37547090
27360764;27361039;28;39253086
27360784;27360528;42;39704558
27360784;27360883;17;39704557
27360784;27360946;24;39704586
27360791;27360704;111;37547034
27360799;27360889;44;37580290
27360825;27360690;17;38045311
27360830;27360292;55;39747678
27360830;27360699;67;39219652
27360830;27361203;37;39720206
27360852;27361203;183;37589050
27360854;27360275;71;37589285
27360854;27360410;46;37589289
27360854;27360941;19;37589282
27360854;27361475;63;38810280
27360883;27360425;57;39704572
27360883;27360784;17;39704556
27360883;27361258;60;39704555
27360883;27361333;67;39704560
27360889;27359970;88;37536213
27360889;27360799;44;37580291
27360889;27361039;86;37580288
27360889;27362310;133;37536210
27360916;27360699;21;39219657
27360916;27361001;9;39219654
27360916;27361011;48;39219660
27360922;27361131;36;38737114
27360922;27361183;34;38737244
27360923;27360791;86;37559779
27360927;27360739;19;38800131
27360927;27360923;71;37547037
27360941;27360597;62;37589280
27360941;27360854;19;37589283
27360941;27361547;56;38810282
27360943;27360413;61;38981555
27360943;27361326;45;39704547
27360943;27361644;65;38981554
27360946;27360784;24;39704587
27360960;27361262;31;39045001
27360966;27360972;15;39742983
27360966;27361385;46;39742986
27360966;27362510;352;39742982
27360971;27360685;28;38786987
27360972;27359893;101;39742976
27360972;27360966;15;39742984
27360972;27362510;229;39742979
27360982;27360989;10;39045201
27360982;27360989;58;39045202
27360982;27361154;17;39045204
27360989;27360982;58;39045203
27360989;27360982;10;39045200
27361001;27360916;9;39219655
27361008;27360285;74;37501519
27361008;27360583;51;38674214
27361011;27360916;48;39219661
27361029;27360163;89;37536176
27361029;27361511;62;39742992
27361029;27361511;45;37536173
27361039;27360764;28;39253085
27361039;27360889;86;37580289
27361039;27361722;59;39253084
27361095;27360927;59;37547036
27361095;27361235;85;37915754
27361095;27361706;60;38669025
27361098;27361349;34;38800349
27361113;27361187;10;38742126
27361121;27360624;52;37500992
27361121;27361085;27;38739444
27361121;27361219;11;37500991
27361131;27361113;21;38737246
27361154;27360989;20;39045205
27361154;27361279;12;38992201
27361157;27361409;22;39212304
27361159;27359512;188;38942929
27361181;27361217;95;37500655
27361181;27362350;130;37529855
27361183;27361131;36;38737245
27361183;27361226;23;39647777
27361186;27361181;30;37500656
27361186;27362684;143;37901666
27361187;27361235;6;38802464
27361187;27361243;5;38742125
27361203;27362187;87;39720205
27361213;27361277;16;39069346
27361213;27361279;7;38045309
27361213;27361628;52;39069338
27361217;27360685;52;37529856
27361217;27361219;98;37500654
27361217;27361910;57;38787221
27361219;27361121;11;37500990
27361219;27362082;80;37500989
27361220;27361008;24;37501518
27361221;27361159;9;38942932
27361226;27361183;23;39647776
27361226;27361403;89;37501526
27361235;27361243;3;37915753
27361235;27361625;34;38802463
27361243;27361825;48;38742124
27361258;27360883;60;39704554
27361258;27361304;6;39704568
27361258;27361373;16;39704565
27361262;27360960;31;39045000
27361263;27359632;165;37529849
27361265;27361326;39;39704549
27361265;27361411;15;39704552
27361270;27361572;34;39704593
27361277;27361213;16;39069347
27361277;27361295;5;39069344
27361279;27360825;67;38045308
27361279;27361154;12;38992200
27361295;27361277;5;39069345
27361295;27361651;93;39069342
27361304;27361258;6;39704569
27361304;27361333;2;39704566
27361326;27360943;45;39704546
27361326;27361398;7;39704545
27361333;27360883;67;39704561
27361333;27361304;2;39704567
27361333;27361373;14;39704562
27361349;27361098;34;38800348
27361352;27361529;15;39212300
27361354;27360714;61;39720146
27361373;27361258;16;39704564
27361373;27361333;14;39704563
27361373;27361411;5;39704570
27361377;27359696;170;37589439
27361377;27361263;21;38728129
27361377;27361394;8;37589437
27361377;27361471;27;37589436
27361385;27360966;46;39742985
27361394;27361377;8;37589438
27361394;27361560;69;37915752
27361398;27361265;30;39704548
27361398;27361326;7;39704544
27361398;27361644;27;39704543
27361403;27361220;19;38737247
27361403;27361226;89;37501525
27361403;27361428;11;37501524
27361409;27361157;22;39212303
27361409;27361529;63;39212309
27361409;27361543;11;39212302
27361411;27361265;15;39704553
27361411;27361373;5;39704571
27361411;27362270;136;39704550
27361425;27360296;181;37529851
27361428;27361403;11;37501523
27361471;27361263;19;38728128
27361471;27361377;27;37589435
27361471;27361485;18;37589434
27361475;27360463;115;39207011
27361475;27360854;63;38810281
27361475;27361547;7;39207008
27361477;27361220;24;37501517
27361477;27361428;10;38737248
27361485;27361471;18;37589433
27361485;27361477;13;38728127
27361487;27361981;153;39212288
27361511;27361029;45;37536174
27361511;27361029;62;39742991
27361511;27362309;76;37536171
27361520;27360358;127;37589105
27361520;27361572;7;37589104
27361523;27360923;85;37559778
27361523;27362086;77;38045307
27361529;27361352;15;39212299
27361529;27361409;63;39212310
27361529;27361679;61;39212307
27361529;27361698;14;39212298
27361542;27361679;12;39212296
27361543;27361354;35;37589047
27361543;27361409;11;39212301
27361547;27360941;56;38810283
27361547;27361475;7;39207009
27361547;27361760;22;39207006
27361560;27361850;102;37915751
27361560;27362314;73;37589442
27361568;27361612;29;39069348
27361572;27361270;34;39704592
27361572;27361520;7;37589103
27361572;27361637;7;37589102
27361584;27361543;8;37589046
27361584;27361698;60;37589041
27361599;27361477;12;38728485
27361599;27361485;12;39202188
27361605;27361629;16;38441389
27361605;27362244;59;38441315
27361605;27362244;91;38441388
27361612;27359701;178;37499070
27361612;27361568;29;39069349
27361612;27361711;8;37499067
27361628;27361213;52;39069339
27361628;27361985;59;39069341
27361629;27361605;16;38441390
27361629;27361651;14;38441279
27361629;27362251;61;38441274
27361637;27361572;7;37589101
27361637;27362554;90;37589100
27361637;27363255;305;39703403
27361643;27361354;25;39720145
27361643;27361584;43;38526495
27361644;27360943;65;38981553
27361644;27361398;27;39704542
27361644;27363099;161;38981552
27361651;27361295;93;39069343
27361651;27361629;14;38441280
27361651;27361685;29;38441277
27361679;27361529;61;39212308
27361679;27361542;12;39212295
27361679;27361866;15;39212294
27361679;27361977;62;39212305
27361685;27361651;29;38441278
27361685;27361711;15;38441275
27361685;27362661;95;38441287
27361698;27361529;14;39212297
27361698;27361584;60;37589040
27361698;27361866;56;37589039
27361706;27361500;37;38674210
27361706;27361523;41;38802465
27361711;27361612;8;37499068
27361711;27361685;15;38441276
27361711;27362675;95;37499065
27361722;27361039;59;39253083
27361722;27361814;46;39253105
27361722;27362414;70;39253082
27361760;27361547;22;39207007
27361814;27361722;46;39253106
27361814;27361883;36;39253103
27361814;27361991;25;39701542
27361825;27361993;24;38737417
27361825;27362105;29;38742123
27361840;27361977;13;39212284
27361850;27361872;10;37915750
27361850;27363084;123;37589440
27361866;27361679;15;39212293
27361866;27361698;56;37589038
27361866;27362033;37;37589037
27361872;27361425;39;38785154
27361883;27361814;36;39253104
27361910;27361217;57;38787222
27361910;27362145;23;38787219
27361913;27361706;35;38802461
27361913;27361993;59;37499077
27361924;27361706;19;39448224
27361924;27361913;31;38802462
27361932;27362211;38;39305893
27361948;27360852;98;37589069
27361948;27361520;299;37589054
27361961;27359460;232;39703424
27361961;27360413;156;39724908
27361961;27362286;33;39703423
27361977;27361679;62;39212306
27361977;27361840;13;39212283
27361977;27362054;7;39212282
27361981;27361487;153;39212287
27361981;27362054;12;39212286
27361985;27361628;58;39069340
27361991;27361814;25;39701543
27361993;27361913;59;37499076
27361993;27362105;31;38737421
27362033;27361866;37;37589036
27362033;27362127;25;37589035
27362033;27362201;25;39198945
27362039;27362067;5;38737250
27362041;27361924;29;38674209
27362052;27363376;143;37589193
27362054;27361977;7;39212281
27362054;27361981;12;39212285
27362054;27362127;7;39212280
27362067;27362039;5;38737249
27362082;27361219;80;37500988
27362082;27362302;24;37500987
27362086;27361924;57;39448223
27362104;27362211;18;39305883
27362105;27362168;7;37558566
27362127;27362033;25;37589034
27362127;27362054;7;39212279
27362127;27362175;56;37589033
27362145;27361910;23;38787220
27362145;27361910;53;38787224
27362145;27362184;4;38787217
27362168;27362830;69;38973268
27362168;27362907;76;38737418
27362175;27360554;195;37589031
27362175;27362127;56;37589032
27362175;27362520;135;37589048
27362184;27362145;4;38787218
27362184;27362419;26;38787215
27362187;27361948;179;37589053
27362187;27363156;98;39720204
27362201;27362033;25;39198946
27362211;27361932;38;39305892
27362211;27362104;18;39305882
27362211;27362997;85;39305891
27362226;27362310;51;37580295
27362226;27363727;187;37580292
27362226;27365108;274;39253146
27362227;27362445;46;39253110
27362244;27361605;91;38441387
27362244;27361605;59;38441314
27362244;27362251;10;38441386
27362251;27361629;61;38441273
27362251;27362244;10;38441385
27362251;27362661;82;38441272
27362255;27362309;33;39742988
27362270;27361411;136;39704551
27362286;27361961;33;39703422
27362286;27362740;224;37559589
27362286;27363423;143;37546614
27362286;27363628;132;39703421
27362302;27362082;24;37500986
27362302;27363124;94;37765759
27362309;27361511;76;37536172
27362309;27362255;33;39742987
27362309;27362354;5;37536169
27362310;27360889;133;37536211
27362310;27362226;51;37580294
27362310;27362414;87;39253111
27362310;27362857;56;37536208
27362314;27361560;73;37589441
27362314;27362507;62;38728005
27362315;27361643;64;39720144
27362315;27362187;111;39197683
27362350;27362525;31;37529854
27362354;27362309;5;37536170
27362354;27362381;32;39742990
27362354;27363303;98;37536167
27362381;27362354;32;39742989
27362414;27361722;70;39253081
27362414;27362310;87;39253112
27362414;27362445;50;39253107
27362419;27362184;26;38787216
27362419;27362184;93;38787223
27362419;27362525;10;38787213
27362434;27361599;95;38728484
27362445;27362227;46;39253109
27362445;27362414;50;39253108
27362445;27363495;110;39742994
27362448;27362830;39;38674211
27362477;27362315;124;39197682
27362477;27363492;151;37589014
27362507;27362434;9;37501530
27362510;27360966;352;39742981
27362510;27360972;229;39742980
27362510;27362837;32;39742977
27362520;27362477;31;39197681
27362525;27362419;10;38787214
27362525;27363124;101;37529853
27362550;27360194;223;39364589
27362550;27362558;57;37572287
27362554;27361637;90;37589099
27362554;27362915;283;37589057
27362554;27363560;98;37589098
27362558;27359648;276;37572292
27362558;27362550;57;37572288
27362558;27364206;469;37572289
27362642;27362507;14;37501529
27362661;27361685;95;38441286
27362661;27362251;82;38441271
27362661;27362675;15;38441270
27362675;27361711;95;37499066
27362675;27362661;15;38441269
27362675;27363670;97;37499063
27362684;27361186;143;37901667
27362684;27363131;77;37540975
27362684;27363192;50;38727937
27362710;27362350;38;37915749
27362710;27362956;54;38727938
27362740;27360140;249;37501226
27362740;27362286;224;37559588
27362763;27357743;488;37501219
27362789;27363834;100;37501220
27362827;27362889;97;37589002
27362827;27362980;17;37588994
27362827;27363165;201;37589000
27362830;27362907;8;38973267
27362837;27362510;32;39742978
27362852;27363116;64;38802448
27362857;27362310;56;37536209
27362857;27363120;66;38710053
27362857;27363494;63;37536206
27362867;27362520;98;39197680
27362867;27362889;31;37589005
27362889;27362827;97;37589003
27362889;27362867;31;37589004
27362889;27363642;71;37588995
27362907;27362924;5;38802444
27362907;27362943;4;38973272
27362915;27361948;98;37589068
27362915;27363076;112;37589056
27362924;27362907;5;38802443
27362924;27362930;5;38802442
27362924;27362943;6;38802457
27362930;27362924;5;38802441
27362930;27362938;9;38802459
27362938;27362930;9;38802460
27362938;27362967;21;38802451
27362943;27362924;6;38802458
27362943;27363052;8;38973271
27362956;27362710;54;38727939
27362967;27362938;21;38802452
27362967;27362986;12;38802453
27362980;27363113;112;39213134
27362980;27363642;119;37588993
27362986;27362967;12;38802454
27362995;27363026;116;38802455
27362997;27362211;85;39305890
27363011;27363120;22;38710064
27363026;27362995;116;38802456
27363040;27362642;45;37501528
27363040;27363078;43;37589609
27363052;27363105;9;37881995
27363052;27363160;12;38973270
27363070;27363260;41;39253101
27363070;27363635;66;39253120
27363072;27363116;69;38802450
27363076;27363156;63;37589055
27363078;27362642;52;38738794
27363078;27363770;162;37589608
27363084;27363103;3;38728013
27363099;27361644;161;38981551
27363099;27363255;22;38981550
27363099;27363423;113;37546610
27363103;27363122;15;38728003
27363103;27363279;46;38728008
27363105;27363052;9;37881994
27363105;27363160;8;38737419
27363105;27363234;51;37881993
27363113;27362980;112;39213135
27363116;27362852;64;38802447
27363116;27363072;69;38802449
27363116;27363484;37;38802446
27363118;27363084;21;38728012
27363119;27363271;31;39317994
27363120;27363011;22;38710065
27363120;27363494;77;39743074
27363122;27362314;126;38728004
27363124;27362302;94;37765758
27363124;27363850;81;37765757
27363131;27362684;77;37540976
27363131;27363143;15;38728010
27363143;27361425;175;37529850
27363143;27363118;13;38728011
27363156;27364091;88;39720203
27363160;27363105;8;38737420
27363160;27363505;34;38973269
27363164;27362710;47;37915748
27363165;27362827;201;37589001
27363165;27363173;117;39207018
27363165;27363376;33;37588998
27363173;27363165;117;39207019
27363192;27363220;3;38727956
27363206;27363164;5;38727957
27363206;27363220;30;38727962
27363210;27363380;29;38816819
27363220;27363206;30;38727961
27363220;27363287;23;38727955
27363229;27363271;16;39317996
27363234;27363105;51;37881992
27363255;27361637;305;39703402
27363255;27363099;22;38981549
27363255;27364102;108;39703401
27363255;27364251;110;38981548
27363259;27363155;12;38441285
27363260;27363070;41;39253102
27363260;27363445;20;39253135
27363260;27363495;46;39253099
27363271;27363119;31;39317993
27363271;27363229;16;39317995
27363271;27363772;47;39317992
27363276;27364190;85;37499058
27363279;27363131;22;38728009
27363287;27363206;13;38727954
27363287;27363388;12;38727958
27363303;27362354;98;37536168
27363303;27363697;63;38710073
27363303;27363865;52;37536165
27363303;27364035;201;37572293
27363320;27363040;160;37501527
27363320;27363505;92;37621608
27363322;27363489;33;38441248
27363322;27363569;22;37499080
27363374;27364010;64;39205957
27363374;27364166;89;39364578
27363376;27362052;143;37589192
27363376;27363165;33;37588999
27363376;27363704;44;37588996
27363380;27363484;34;38816818
27363380;27363781;41;38816820
27363388;27363589;20;38727960
27363393;27363210;101;37546654
27363398;27363122;55;38728006
27363398;27363279;13;38728007
27363423;27362286;143;37546613
27363423;27363099;113;37546609
27363423;27363628;75;37546608
27363423;27364102;76;37546612
27363445;27363260;20;39253136
27363445;27363673;25;39743036
27363445;27363673;25;39253133
27363484;27363116;37;38802445
27363484;27363622;44;38816817
27363489;27363569;26;38441247
27363489;27363704;71;39253459
27363492;27362867;99;37589008
27363492;27363973;55;39207023
27363494;27362857;63;37536207
27363494;27364228;65;37536204
27363495;27362445;110;39742993
27363495;27363260;46;39253100
27363495;27363580;45;39253097
27363495;27363700;21;39253142
27363505;27363320;92;37621607
27363505;27363699;94;37539785
27363550;27363276;78;37643529
27363560;27362554;98;37589097
27363560;27365155;142;37589096
27363569;27364480;127;38738179
27363569;27364921;120;37499079
27363580;27363495;45;39253098
27363580;27363585;4;39253095
27363580;27363763;18;39703397
27363585;27363580;4;39253096
27363585;27363617;20;39253093
27363585;27363763;20;39743032
27363589;27363706;11;38727959
27363617;27363585;20;39253094
27363617;27363662;26;39253091
27363617;27363872;26;39743028
27363622;27363881;29;38816816
27363628;27362286;132;39703420
27363628;27363423;75;37546607
27363628;27364842;115;39703419
27363635;27363070;66;39253119
27363635;27363303;63;39743056
27363635;27363697;7;38710082
27363641;27363078;55;38738793
27363641;27363259;37;38441329
27363642;27364797;118;37588992
27363662;27363617;26;39253092
27363662;27363988;84;39253089
27363670;27362675;97;37499064
27363670;27363550;29;37643528
27363673;27363445;25;39253134
27363673;27363445;25;39743035
27363673;27363885;21;39253131
27363697;27363635;7;38710081
27363697;27363963;47;38710072
27363699;27363622;35;38683451
27363699;27363742;8;37501541
27363700;27363495;21;39253141
27363700;27363949;26;39743034
27363700;27363949;26;39253140
27363704;27363376;44;37588997
27363704;27363489;71;39253458
27363704;27364090;36;37589279
27363706;27365604;186;37589604
27363727;27362226;187;37580293
27363742;27363881;46;37501540
27363742;27364910;103;37529342
27363763;27363495;44;38710076
27363763;27363580;18;39703396
27363763;27363585;20;39743031
27363763;27363946;19;38880230
27363770;27363398;36;37589607
27363772;27363271;47;39317991
27363772;27363856;13;39317990
27363781;27363380;41;38816821
27363799;27363560;197;37589061
27363799;27364899;95;38944401
27363827;27364190;76;39044507
27363833;27363770;6;37589606
27363833;27363939;19;38728001
27363834;27364744;77;37496777
27363834;27365031;105;37572317
27363850;27363124;81;37765756
27363850;27363938;8;37765755
27363856;27363670;52;37643527
27363865;27363303;52;37536166
27363865;27364035;16;37536163
27363865;27364421;94;39253118
27363872;27363617;26;39743027
27363872;27363763;21;38710075
27363878;27362915;91;37589067
27363878;27363799;62;37589060
27363881;27364784;79;37501539
27363885;27363635;46;39743055
27363885;27363673;21;39253132
27363896;27363641;25;38738792
27363896;27363965;153;37589612
27363900;27363662;25;38710063
27363900;27364399;82;38710088
27363905;27363772;13;39317989
27363905;27363856;14;37643526
27363938;27363850;8;37765754
27363938;27364095;28;38873135
27363938;27365367;159;37765753
27363939;27363833;19;38728002
27363945;27364409;39;38010987
27363945;27366023;206;38816916
27363946;27363763;19;38880229
27363946;27364211;26;39743030
27363946;27364211;26;38880228
27363949;27363700;26;39743033
27363949;27363700;26;39253139
27363949;27364141;19;39253138
27363962;27363833;12;37589605
27363963;27364038;16;38710071
27363963;27364125;17;39253129
27363965;27363962;0;37589611
27363965;27364075;15;37589601
27363968;27362550;155;39364588
27363973;27363492;55;39207022
27363973;27364537;50;39207025
27363974;27363885;16;39743054
27363974;27364038;7;39743040
27363988;27363662;84;39253090
27363988;27364228;39;39253087
27363988;27364399;39;39743004
27364003;27363872;24;38710074
27364003;27363900;10;38710062
27364006;27363850;27;38873136
27364006;27364095;8;38873139
27364006;27364095;465;38873138
27364010;27364166;55;39205943
27364010;27364554;171;37651014
27364012;27363076;90;37589212
27364012;27363878;109;37589059
27364024;27362315;165;39720181
27364024;27364205;175;37589006
27364035;27363303;201;37572294
27364035;27363865;16;37536164
27364035;27364206;13;37536161
27364038;27363974;7;39743039
27364038;27364219;28;38710070
27364055;27364180;47;38816918
27364075;27363589;156;37589600
27364075;27364517;144;37589613
27364090;27363704;36;37589278
27364091;27364012;64;37589058
27364091;27365025;82;39720202
27364095;27364006;465;38873137
27364095;27364006;8;38873140
27364102;27363255;108;39703400
27364102;27363423;76;37546611
27364102;27365034;101;39703399
27364125;27363963;17;39253130
27364125;27364421;28;39253127
27364125;27364421;29;39743042
27364141;27363949;19;39253137
27364141;27363974;29;39743053
27364141;27364219;7;39743037
27364180;27363393;70;37643523
27364180;27364055;47;38816917
27364190;27363827;76;39044508
27364190;27366454;221;37499057
27364205;27363492;64;37589007
27364206;27362558;469;37572290
27364206;27364035;13;37536162
27364206;27364279;19;38877428
27364206;27364959;66;38877416
27364211;27363946;26;39743029
27364211;27363946;26;38880227
27364211;27364414;20;38880226
27364219;27364141;7;39743038
27364219;27364379;29;38710069
27364228;27363494;65;37536205
27364228;27363988;39;39253088
27364228;27364817;51;37536202
27364251;27363255;110;38981547
27364251;27365235;110;38981546
27364251;27365682;173;37546615
27364265;27364003;24;38710061
27364265;27364742;82;39743000
27364279;27364206;19;38877427
27364279;27364403;23;38877426
27364282;27364689;47;38749279
27364315;27364327;45;39044505
27364321;27364141;28;39743052
27364321;27364379;7;38880224
27364327;27364315;45;39044506
27364379;27364321;7;38880223
27364379;27364482;15;38710068
27364387;27362740;152;37501225
27364387;27362763;150;39718822
27364399;27363900;82;38710087
27364399;27363988;39;39743003
27364399;27364610;35;38710086
27364399;27364742;33;39743002
27364403;27364279;23;38877425
27364403;27364941;95;38877424
27364403;27365834;158;38710052
27364405;27364205;19;37589011
27364409;27365680;121;38322489
27364414;27364211;20;38880225
27364414;27364321;15;39743051
27364421;27363865;94;39253117
27364421;27364125;28;39253128
27364421;27364125;29;39743041
27364421;27364928;89;39253116
27364423;27364405;2;37589010
27364423;27364537;50;39207021
27364437;27364512;18;38816823
27364480;27360098;420;37499061
27364480;27364628;24;37499071
27364482;27364545;13;38710067
27364482;27364928;46;38710098
27364497;27364414;13;39743050
27364497;27364545;7;38880222
27364512;27364437;18;38816822
27364512;27364530;5;38816825
27364517;27364075;144;37589614
27364530;27364512;5;38816824
27364537;27363973;50;39207024
27364537;27364423;50;39207020
27364537;27364797;22;37589013
27364545;27364497;7;38880221
27364545;27364754;34;38710066
27364554;27364010;171;37651013
27364610;27364399;35;38710085
27364610;27364817;37;38710084
27364610;27364922;34;39253148
27364628;27363905;226;37643525
27364628;27364480;24;37499072
27364643;27364265;37;38710060
27364643;27364815;29;39743047
27364685;27364387;25;37572316
27364687;27364497;34;39743049
27364687;27364643;4;38710059
27364689;27364282;47;38749278
27364689;27365263;67;38441381
27364689;27365800;135;38749277
27364691;27364480;19;37499060
27364691;27364628;25;37643524
27364716;27364687;3;38710058
27364716;27364877;29;38710094
27364742;27364265;82;39742999
27364742;27364399;33;39743001
27364742;27364922;34;39253126
27364742;27364935;21;39743072
27364744;27365013;26;39188135
27364754;27364716;3;38710057
27364774;27364691;32;39647935
27364774;27366261;147;37545679
27364784;27365147;50;37501538
27364784;27365290;53;38332941
27364790;27364754;3;38710056
27364790;27364942;29;39743061
27364797;27364537;22;37589012
27364797;27366518;167;37588991
27364814;27364910;36;38747978
27364815;27364643;29;39743048
27364815;27364877;7;39743070
27364815;27364923;22;39743045
27364817;27364228;51;37536203
27364817;27364610;37;38710083
27364817;27365048;23;37536200
27364825;27365191;54;39213139
27364842;27363628;115;39703418
27364842;27365000;24;39703417
27364842;27365212;39;39703426
27364877;27364716;29;38710093
27364877;27364815;7;39743069
27364877;27364942;7;39743068
27364877;27364986;23;38710092
27364899;27363799;95;38944400
27364899;27365920;93;37589065
27364910;27364814;36;38747977
27364910;27365459;51;37529341
27364921;27364774;87;39647934
27364921;27365821;339;37545749
27364921;27366221;123;37499078
27364922;27364610;34;39253147
27364922;27364742;34;39253125
27364922;27365077;30;39253124
27364923;27364815;22;39743046
27364923;27364986;7;39743066
27364923;27365079;30;39743043
27364928;27364421;89;39253115
27364928;27364482;46;38710097
27364928;27365131;23;38710096
27364928;27365172;46;39253114
27364935;27364742;21;39743071
27364935;27365079;17;37572309
27364935;27365364;42;37572304
27364941;27364403;95;38877423
27364941;27365131;37;38877422
27364941;27365389;47;38251233
27364942;27364790;29;39743062
27364942;27364877;7;39743067
27364942;27365060;23;39743059
27364945;27364012;80;37589211
27364945;27365025;64;37589214
27364959;27364279;66;37572295
27364959;27365834;86;38877357
27364971;27363896;222;37589610
27364972;27363968;109;39364574
27364978;27365016;39;38747961
27364978;27365017;12;38747975
27364978;27365094;36;38747960
27364986;27364877;23;38710091
27364986;27364923;7;39743065
27364986;27365060;8;39743064
27364986;27365134;29;38710090
27365000;27364842;24;39703416
27365000;27365034;5;39703415
27365000;27365212;34;37546621
27365013;27365412;35;37758058
27365016;27364978;39;38747962
27365017;27364978;12;38747976
27365017;27365073;7;38747973
27365025;27365400;33;39720201
27365031;27365440;36;37758028
27365034;27364102;101;39703398
27365034;27365000;5;39703414
27365034;27365734;78;39703413
27365048;27364817;23;37536201
27365048;27365077;28;38710080
27365048;27365174;13;39742997
27365060;27364942;23;39743060
27365060;27364986;8;39743063
27365060;27365218;29;39743057
27365073;27365017;7;38747974
27365073;27365091;2;38747969
27365074;27365108;82;37572320
27365074;27365212;283;37546618
27365077;27364922;30;39253123
27365077;27365048;28;38710079
27365077;27365313;19;38710078
27365079;27364923;30;39743044
27365079;27364935;17;37572310
27365079;27365134;7;37572307
27365091;27365073;2;38747970
27365091;27365123;23;38747971
27365091;27365150;6;38747967
27365094;27363320;158;38975571
27365094;27364978;36;38747959
27365105;27364691;40;37558328
27365108;27362226;274;39253145
27365108;27365074;82;37572321
27365108;27365174;33;37572318
27365108;27366738;158;39253144
27365116;27364685;41;37758049
27365123;27365091;23;38747972
27365131;27364928;23;38710095
27365131;27364941;37;38877421
27365131;27365425;47;38877420
27365134;27364986;29;38710089
27365134;27365079;7;37572308
27365134;27365218;8;37572305
27365144;27364685;46;37758019
27365147;27365680;84;37501537
27365147;27366134;98;38816987
27365150;27365091;6;38747968
27365150;27365253;21;38747963
27365150;27365293;25;38747965
27365155;27363560;142;37589095
27365155;27365235;134;38981557
27365155;27365739;48;37589094
27365160;27365198;92;38873143
27365167;27365094;7;38975570
27365167;27365185;8;38738111
27365172;27364790;43;38710055
27365172;27364928;46;39253113
27365174;27365048;13;39742998
27365174;27365108;33;37572319
27365174;27365268;7;39742995
27365185;27365167;8;38738112
27365185;27365230;7;38738109
27365185;27365293;22;38747957
27365191;27364825;54;39213138
27365191;27365483;24;39213143
27365191;27365667;53;39213137
27365198;27365160;12;38873142
27365198;27365995;112;38873144
27365207;27365549;29;39213147
27365212;27364842;39;39703427
27365212;27365000;34;37546620
27365212;27365074;283;37546619
27365218;27365060;29;39743058
27365218;27365134;8;37572306
27365218;27365403;17;37572301
27365230;27365185;7;38738110
27365230;27365379;17;38738107
27365230;27365448;22;38747867
27365235;27364251;110;38981545
27365235;27366065;92;37546601
27365239;27365432;19;39305867
27365252;27365358;95;38879904
27365253;27365150;21;38747964
27365263;27364689;67;38441380
27365263;27365367;13;38441318
27365263;27365800;69;38441379
27365268;27365174;7;39742996
27365290;27364784;53;38332942
27365293;27365150;25;38747966
27365293;27365185;22;38747958
27365293;27365363;19;38747955
27365313;27365077;19;38710077
27365313;27365268;29;39253072
27365332;27364945;35;37589210
27365358;27365604;27;38739036
27365363;27365293;19;38747956
27365363;27365378;4;38747951
27365364;27364935;42;37572303
27365364;27365313;51;39743073
27365364;27365403;42;37572300
27365367;27363938;159;37765752
27365367;27365263;13;38441319
27365367;27365764;46;37765751
27365376;27364972;47;38877959
27365376;27366247;108;39364758
27365378;27365363;4;38747952
27365378;27365457;18;38747949
27365379;27365230;17;38738108
27365379;27365685;68;38747860
27365386;27366056;82;38043692
27365389;27364941;47;38251234
27365389;27365741;58;39253121
27365389;27366112;77;38251231
27365400;27365332;63;37589213
27365400;27365770;32;39720200
27365403;27365218;17;37572302
27365403;27365364;42;37572299
27365403;27365860;47;37572298
27365406;27365167;20;38975569
27365412;27365470;5;37572314
27365425;27365131;47;38877419
27365425;27365172;23;38710054
27365425;27365642;37;38877418
27365432;27365239;19;39305866
27365432;27365463;3;38747954
27365440;27367289;179;37572315
27365448;27365230;22;38747868
27365457;27365378;18;38747950
27365459;27365569;17;38747856
27365459;27365742;29;37529340
27365463;27365379;28;38747859
27365463;27365432;3;38747953
27365465;27363878;142;37589066
27365465;27364899;114;38944402
27365470;27367301;178;37747992
27365470;27367712;353;39188134
27365483;27365191;24;39213142
27365483;27365549;19;39213144
27365483;27365732;25;39213141
27365501;27365463;16;38747858
27365523;27365116;34;37758024
27365536;27365501;11;38738114
27365549;27365207;29;39213146
27365549;27365483;19;39213145
27365549;27365644;9;39213148
27365554;27365569;7;38747855
27365556;27365144;33;37758045
27365565;27365569;52;38747824
27365566;27364024;133;39720180
27365566;27365957;69;37621551
27365569;27365459;17;38747857
27365569;27365554;7;38747854
27365569;27365565;52;38747825
27365581;27365662;8;38747936
27365604;27365800;24;38739035
27365642;27365425;37;38877417
27365642;27365860;43;39009027
27365642;27366095;48;38876615
27365644;27365549;9;39213149
27365657;27365252;40;38879903
27365658;27364971;75;37589687
27365658;27366782;127;38080716
27365662;27365581;8;38747935
27365662;27365817;17;38747934
27365667;27365191;53;39213136
27365677;27365657;17;38739583
27365680;27365742;11;37539787
27365680;27366134;141;37499054
27365682;27365235;189;38981558
27365682;27365734;31;37546617
27365685;27365379;68;38747861
27365686;27365406;24;37501282
27365686;27365731;10;38747979
27365686;27368423;252;38944302
27365716;27365332;33;37589209
27365716;27365465;54;37589063
27365731;27364971;66;38744630
27365731;27365658;34;38744629
27365732;27365483;25;39213140
27365734;27365034;78;39703412
27365734;27365682;31;37546616
27365734;27366516;102;39703411
27365739;27365155;48;37589093
27365739;27365920;193;37589074
27365739;27366043;33;37589092
27365741;27365389;58;39253122
27365742;27365857;23;37539786
27365752;27365268;42;37572313
27365752;27365860;152;37536198
27365764;27365367;46;37765750
27365764;27365995;40;38873146
27365764;27366987;177;37765749
27365770;27365716;64;37589062
27365770;27366153;39;39720199
27365800;27364689;135;38749276
27365800;27365263;69;38441378
27365800;27366895;153;38749275
27365817;27365406;112;38973266
27365817;27365662;17;38747933
27365819;27366095;56;39750000
27365821;27364921;339;37545748
27365821;27366480;111;37545747
27365821;27368505;269;37565548
27365834;27364403;158;38710051
27365834;27364959;86;38877358
27365834;27365911;10;38877355
27365857;27365907;26;38322522
27365857;27366094;27;38322523
27365860;27365403;47;37572297
27365860;27365642;43;39009026
27365860;27365752;152;37536199
27365860;27366327;54;39720466
27365895;27365686;127;38973273
27365895;27365817;25;38973265
27365907;27365536;56;38738113
27365907;27365895;6;37501281
27365911;27365834;10;38877356
27365911;27366008;20;38710048
27365911;27366494;67;38877353
27365920;27364899;93;37589064
27365920;27365739;193;37589075
27365920;27365935;12;39701706
27365935;27365920;12;39701707
27365935;27365976;47;39701704
27365941;27365907;6;37501280
27365957;27365566;69;37621552
27365957;27366071;72;37621549
27365957;27366343;40;37589176
27365976;27365935;47;39701705
27365976;27366077;94;39701702
27365995;27365160;101;38873141
27365995;27365764;40;38873145
27366008;27365911;20;38710047
27366008;27366872;97;38710050
27366008;27366963;133;38710046
27366023;27366788;79;37758050
27366027;27366062;3;39305505
27366043;27365739;33;37589091
27366043;27366046;11;38981560
27366043;27366762;73;37589090
27366046;27366043;11;38981559
27366046;27366858;81;38981542
27366056;27365105;107;38043690
27366056;27365386;82;38043691
27366062;27366027;3;39305504
27366065;27366046;77;38981541
27366065;27366491;121;38981543
27366065;27367586;157;37546600
27366071;27364024;215;37546657
27366071;27365957;72;37621550
27366077;27365716;38;37589208
27366077;27365976;94;39701703
27366077;27366153;62;39701700
27366094;27365941;19;37501279
27366094;27366788;73;39508508
27366095;27365642;48;38876614
27366095;27365819;56;39750001
27366095;27366384;33;38876613
27366102;27365752;37;37572312
27366102;27366327;136;39720468
27366112;27365389;77;38251232
27366112;27366377;56;39253074
27366127;27364405;175;39197679
27366127;27366071;6;37546656
27366134;27366290;105;37499053
27366135;27366222;9;39696352
27366153;27366077;62;39701701
27366153;27366222;69;39720194
27366153;27366980;83;39720198
27366215;27363550;241;38944305
27366215;27366350;251;37558562
27366215;27366639;115;37499074
27366221;27366621;44;39647853
27366221;27367707;227;38039242
27366222;27366135;9;39696351
27366222;27366153;69;39720195
27366222;27366274;60;39720192
27366245;27366770;197;38251235
27366247;27365376;108;39364757
27366247;27366908;88;39364756
27366261;27366221;66;38040244
27366263;27366261;7;38040243
27366274;27365566;71;39720179
27366274;27366222;60;39720193
27366274;27366343;60;39720190
27366276;27365677;62;37589717
27366276;27366277;2;38879902
27366277;27366276;2;38879901
27366290;27364180;195;37643522
27366290;27366342;39;37499052
27366311;27365105;116;37558327
27366311;27366263;34;38040242
27366311;27366350;83;37558565
27366327;27365860;54;39720465
27366327;27366102;136;39720467
27366327;27366550;25;39720464
27366342;27366395;7;39084675
27366342;27366454;81;37499051
27366343;27365957;40;37589177
27366343;27366274;60;39720191
27366343;27366442;99;39720188
27366350;27366056;30;38043689
27366350;27366215;251;37558563
27366350;27366311;83;37558564
27366352;27365376;113;38877958
27366352;27366247;13;38177622
27366377;27366112;56;39253073
27366384;27366095;33;38876612
27366384;27366616;76;39720461
27366384;27366828;46;38876611
27366395;27366342;7;39084674
27366395;27366593;22;39084677
27366442;27366127;39;37546655
27366442;27366343;99;39720189
27366442;27366474;24;39720186
27366454;27366639;106;37499050
27366454;27368380;174;37499056
27366463;27366770;61;38251240
27366465;27366586;82;38817776
27366474;27364423;196;37589009
27366474;27366442;24;39720187
27366474;27366518;46;39720184
27366480;27365821;111;37545746
27366480;27366521;37;39514921
27366491;27366547;39;39724906
27366491;27366547;75;38981544
27366494;27365911;67;38877354
27366494;27366973;50;39364595
27366508;27366263;30;38040241
27366508;27366311;30;37589190
27366516;27365734;102;39703410
27366516;27366711;24;39703409
27366516;27366889;53;39745077
27366518;27366474;46;39720185
27366518;27366529;11;39720182
27366521;27366523;5;39704911
27366523;27366529;23;39747675
27366523;27366633;17;39704910
27366529;27366518;11;39720183
27366529;27366633;17;39747674
27366547;27366491;39;39724907
27366550;27366327;25;39720463
27366550;27366616;20;38877362
27366550;27366733;23;38877359
27366586;27366465;82;38817775
27366593;27366395;22;39084676
27366593;27367022;40;39084679
27366597;27365935;170;37589071
27366616;27366384;76;39720462
27366616;27366550;20;38877361
27366621;27366838;69;37589191
27366621;27368084;126;39647852
27366633;27367081;43;39704908
27366637;27366696;39;39720557
27366637;27366980;84;39720558
27366639;27366215;115;37499073
27366639;27368470;188;37499049
27366696;27366637;39;39720556
27366696;27366779;18;39720555
27366711;27366516;24;39703408
27366711;27366944;33;39703407
27366711;27367092;52;39745073
27366723;27366480;36;39514922
27366723;27366521;26;39704909
27366733;27366102;160;37572311
27366733;27366550;23;38877360
27366738;27365108;158;39253143
27366762;27366043;73;37589089
27366762;27366597;44;37589070
27366762;27368467;144;37589088
27366770;27366245;197;38251236
27366770;27366463;61;38251239
27366770;27366828;9;38251238
27366779;27366696;18;39720554
27366779;27366780;88;37589264
27366779;27367970;115;37589266
27366780;27366274;53;39720178
27366780;27366779;88;37589263
27366782;27366961;16;38746082
27366782;27367178;81;38080715
27366788;27366094;73;39508509
27366788;27367418;58;39647829
27366808;27366733;30;38251242
27366814;27366889;8;39745083
27366828;27366384;46;38876610
27366828;27366770;9;38251237
27366828;27367045;20;38876609
27366838;27366508;46;37589189
27366858;27367586;69;39720562
27366872;27366008;97;38710049
27366889;27366516;53;39745076
27366889;27366814;8;39745082
27366889;27367092;24;39745081
27366889;27367132;33;39745075
27366895;27365800;153;38749274
27366907;27366494;41;39364597
27366908;27366247;88;39364755
27366908;27367002;83;37572296
27366944;27366711;33;39703406
27366944;27367072;42;39703405
27366944;27368440;159;39549877
27366961;27366782;16;38746081
27366963;27366008;133;38710045
27366973;27366908;77;39364744
27366980;27366637;84;39720559
27366980;27367703;62;39720197
27366987;27365764;177;37765748
27366987;27367822;112;38739619
27366987;27367822;79;37765747
27367002;27366907;11;39364596
27367022;27366593;40;39084678
27367045;27366808;98;38251241
27367045;27366828;20;38876608
27367045;27367428;37;38876607
27367072;27366944;42;39703404
27367072;27367290;68;37546605
27367072;27368250;103;38791608
27367081;27367083;11;39704906
27367081;27367479;36;39622883
27367083;27366723;33;39704907
27367092;27366711;52;39745072
27367092;27366889;24;39745080
27367092;27367148;8;39745079
27367092;27367291;29;39745071
27367132;27366889;33;39745074
27367148;27367092;8;39745078
27367159;27367243;9;39747669
27367178;27366276;96;37589716
27367178;27368830;145;38080714
27367243;27367159;9;39747668
27367243;27367298;19;39747667
27367243;27367298;47;39747671
27367258;27365523;169;37559510
27367273;27367446;36;38897089
27367286;27368071;95;38817796
27367289;27367987;56;37559515
27367290;27367072;68;37546604
27367290;27367586;127;37546603
27367290;27368884;136;39549879
27367291;27367092;29;39745070
27367298;27367243;19;39747666
27367298;27367243;47;39747670
27367298;27367404;18;39747665
27367301;27368007;57;37758043
27367318;27367738;220;37559518
27367357;27364972;258;39043399
27367357;27366352;101;38177621
27367404;27366838;53;37589188
27367404;27367298;18;39747664
27367414;27367446;19;38897086
27367418;27366788;58;39647830
27367418;27367518;20;38722426
27367418;27367964;45;39647827
27367428;27367045;37;38876606
27367428;27367995;46;38876605
27367435;27368459;82;39747663
27367439;27366352;324;38877957
27367439;27366907;166;38877955
27367446;27367273;36;38897088
27367446;27367414;19;38897087
27367446;27367608;14;38897084
27367461;27365976;145;39703433
27367461;27366597;213;37589073
27367479;27367990;41;37501614
27367479;27368671;207;39704905
27367497;27367419;119;38877960
27367497;27367477;119;37747974
27367503;27367497;13;37747973
27367507;27367083;38;39514904
27367518;27367418;20;38722427
27367518;27367830;47;38722442
27367586;27367290;127;37546602
27367586;27368429;69;37546599
27367593;27367507;7;39514903
27367608;27367446;14;38897085
27367608;27367771;12;38897082
27367608;27367908;32;38897122
27367617;27367503;252;39718828
27367636;27367709;163;37747971
27367694;27367439;221;38877956
27367694;27367617;148;39630883
27367702;27367507;19;39747677
27367702;27368505;118;37501619
27367703;27368500;105;39720561
27367703;27368531;68;39720196
27367707;27368084;126;37589178
27367707;27368773;105;39648050
27367709;27367805;257;37559343
27367709;27368028;245;37496836
27367711;27367804;12;39307413
27367712;27367694;72;39630882
27367715;27367974;28;38722430
27367721;27368323;348;37758018
27367721;27368600;307;39718827
27367738;27367712;98;39630881
27367753;27367771;113;38897081
27367756;27367721;20;39718825
27367771;27367608;12;38897083
27367771;27367753;113;38897080
27367771;27368286;42;38897116
27367782;27367593;15;37501615
27367782;27367702;17;39747676
27367800;27367461;27;39703432
27367800;27368192;89;37589082
27367804;27367711;12;39307412
27367804;27367920;15;39307411
27367804;27368671;89;37588857
27367805;27367888;141;39718824
27367814;27368030;20;38722440
27367815;27368839;88;37589792
27367822;27366987;79;37765746
27367822;27368919;94;37765745
27367830;27367518;48;38722446
27367830;27367974;26;38722450
27367843;27369285;127;38937760
27367888;27367756;267;37559516
27367888;27368895;231;37875535
27367902;27367404;41;37589187
27367907;27367908;17;38897113
27367908;27367608;32;38897123
27367908;27367907;17;38897112
27367908;27368044;10;38897120
27367918;27367258;54;37559511
27367920;27367804;15;39307410
27367964;27367418;45;39647828
27367964;27369520;136;38322520
27367970;27366779;115;37589265
27367974;27367830;26;38722451
27367974;27368030;11;38722448
27367987;27369200;99;37559514
27367990;27367782;16;37501613
27367990;27370005;178;39622884
27367995;27367428;46;38876604
27367995;27368801;67;39253080
27368007;27367756;273;39188133
27368007;27369200;99;37747991
27368030;27367859;24;38722441
27368030;27367974;11;38722449
27368044;27367908;10;38897121
27368044;27368095;19;38897108
27368044;27368234;28;38897118
27368071;27367286;95;38817795
27368084;27368333;90;38040239
27368084;27368385;26;38040240
27368095;27368044;19;38897109
27368128;27365556;325;37875493
27368128;27367738;362;37559342
27368192;27368531;78;37589081
27368209;27367318;108;39188132
27368214;27368343;25;37559523
27368234;27368044;28;38897119
27368234;27368258;5;38897106
27368249;27366290;175;37643521
27368249;27367964;179;38045244
27368250;27367072;103;38791607
27368250;27368460;128;37560754
27368250;27369043;70;37546625
27368255;27366215;182;37545673
27368255;27368459;61;37589183
27368258;27368234;5;38897107
27368258;27368286;6;38897110
27368266;27368472;52;38897352
27368286;27367771;42;38897117
27368286;27368258;6;38897111
27368286;27368328;3;38897114
27368323;27367918;33;37758042
27368328;27368286;3;38897115
27368333;27367902;45;38040245
27368333;27368384;31;37536226
27368333;27368955;96;37589179
27368343;27368128;78;37559341
27368343;27368697;31;37559520
27368367;27368214;25;37559522
27368380;27368249;96;38045243
27368380;27369368;84;38045240
27368384;27367902;39;37536225
27368385;27369199;68;38040202
27368423;27365686;252;38944301
27368423;27368472;47;38897354
27368423;27369235;66;38944300
27368429;27368467;21;39703428
27368429;27369003;47;37546598
27368440;27366944;159;39549878
27368440;27368367;19;37560756
27368459;27367435;82;39747662
27368459;27368255;61;37589182
27368459;27369097;262;37589181
27368460;27368250;128;37560753
27368460;27368440;7;37560755
27368467;27366762;144;37589087
27368467;27368608;46;39703439
27368467;27369711;107;37560822
27368470;27368380;52;37499055
27368472;27368351;23;38897351
27368472;27368423;47;38897353
27368485;27368511;16;38082242
27368485;27371989;390;39720457
27368500;27367703;105;39720560
27368504;27368747;43;38897326
27368505;27365821;269;37565549
27368505;27367702;118;37501618
27368505;27368756;20;37501617
27368511;27368485;16;38082241
27368511;27368738;74;38082240
27368511;27368895;145;37758022
27368531;27369518;82;39719566
27368593;27369049;39;39553643
27368600;27368697;20;39718826
27368608;27368467;46;39703438
27368608;27369068;154;39703437
27368608;27369711;93;39703430
27368614;27368367;20;37559521
27368614;27368460;26;38441320
27368642;27368873;43;38897328
27368659;27368814;42;37589200
27368671;27367804;89;37588856
27368671;27368775;20;39704904
27368697;27368614;61;37559519
27368738;27368511;74;38082239
27368738;27369112;42;38082238
27368738;27369266;141;38078024
27368747;27368504;43;38897325
27368756;27368505;20;37501616
27368756;27369053;28;37581093
27368773;27367707;105;39648049
27368773;27369199;169;37896917
27368773;27369614;90;39648048
27368775;27370113;119;37588855
27368801;27367995;67;39253079
27368801;27368971;16;39253078
27368801;27369247;142;39253149
27368809;27368470;31;38045242
27368809;27370119;172;38738197
27368814;27367800;82;39703431
27368814;27368659;42;37589201
27368830;27368839;99;37589790
27368830;27369702;102;38944298
27368831;27368971;39;39720460
27368839;27367815;88;37589791
27368839;27368919;13;37590369
27368873;27368642;43;38897327
27368884;27367290;136;39549880
27368895;27371027;255;37875534
27368919;27367822;94;37765744
27368919;27368839;13;37590370
27368919;27372050;278;37539791
27368920;27368209;66;37559517
27368930;27369003;61;39418358
27368955;27368384;50;37545678
27368964;27370094;104;38897324
27368971;27368801;16;39253077
27368971;27368831;39;39720459
27368971;27369897;85;39253076
27368987;27369868;236;39747673
27369003;27368930;61;39418357
27369003;27369876;79;37546597
27369043;27368250;70;37546624
27369043;27370770;158;37546623
27369043;27370896;207;37546626
27369049;27368593;39;39553642
27369049;27368775;69;37589080
27369053;27368756;28;37581094
27369053;27369614;53;37581096
27369054;27369049;1;37589079
27369062;27368192;91;37589203
27369062;27368814;48;39703434
27369068;27368608;154;39703436
27369068;27368814;22;39703435
27369068;27369170;45;37589086
27369097;27368459;262;37589180
27369097;27368955;14;37545677
27369112;27368738;42;38082237
27369112;27369278;40;39647885
27369112;27369872;69;38077983
27369170;27369062;9;37589202
27369170;27369448;95;37589085
27369172;27369054;28;37589078
27369172;27369054;46;37589267
27369199;27368773;169;37896918
27369199;27369584;34;38040201
27369200;27371027;160;37559513
27369235;27368423;66;38944299
27369235;27369713;41;38944296
27369247;27369408;136;38251224
27369247;27369897;113;38251221
27369266;27368738;141;38078025
27369266;27369326;11;39737960
27369274;27366780;212;39720177
27369274;27369172;21;37589077
27369278;27369688;81;38077985
27369285;27368028;105;39043397
27369285;27369298;26;38937759
27369298;27367805;298;38028157
27369304;27370237;84;38077977
27369326;27369266;11;39737959
27369326;27369621;47;39737962
27369326;27369621;28;39737958
27369368;27368809;75;38045241
27369408;27369247;136;38251223
27369408;27371978;239;39009025
27369414;27368255;96;37545672
27369414;27369841;48;37499075
27369448;27369518;25;39514900
27369448;27370153;144;37589084
27369518;27369448;25;39514901
27369518;27369543;29;39514898
27369518;27370180;57;39719565
27369520;27367964;136;38322521
27369520;27369563;11;37501623
27369520;27369742;22;38322518
27369543;27369274;93;37589076
27369543;27369518;29;39514899
27369563;27369892;51;38900239
27369563;27370094;159;37501621
27369584;27370189;54;37501375
27369584;27370209;53;37559776
27369614;27368773;90;39648047
27369614;27369053;53;37581095
27369614;27370005;105;39648046
27369620;27369097;45;37545676
27369620;27369199;172;37589184
27369621;27369326;28;39737957
27369621;27369326;47;39737961
27369621;27369688;11;39737956
27369625;27371412;157;37546628
27369688;27369621;11;39737955
27369688;27370404;64;38077984
27369702;27368830;102;38944297
27369702;27371392;159;37589789
27369711;27368467;107;37560823
27369711;27368608;93;39703429
27369711;27370070;32;37560820
27369713;27369235;41;38944295
27369713;27371392;148;38979485
27369731;27369620;9;37545675
27369731;27370172;134;37589185
27369742;27369520;22;38322519
27369742;27370419;66;38441225
27369762;27370351;99;38900356
27369841;27369908;47;38441306
27369841;27370739;98;38944309
27369868;27368987;236;39747672
27369868;27370053;17;37588858
27369872;27369112;69;38077982
27369876;27370070;50;37546596
27369876;27370615;66;39418359
27369892;27369563;51;38900240
27369897;27368971;85;39253075
27369897;27369247;113;38251222
27369897;27370404;88;38877429
27369899;27368485;124;38082267
27369908;27369414;45;38944306
27369957;27370831;141;38900839
27370005;27367990;178;39622885
27370005;27369614;105;39648045
27370005;27370008;22;39719563
27370005;27373077;306;37501133
27370008;27370005;22;39719562
27370008;27370050;102;39719561
27370050;27369868;17;37588859
27370050;27370008;102;39719560
27370050;27370053;15;39719559
27370053;27370050;15;39719558
27370053;27370086;84;39719557
27370070;27369711;32;37560821
27370070;27370481;38;37560818
27370086;27370053;84;39719556
27370086;27370113;78;39719555
27370086;27371443;122;37565512
27370094;27368964;104;38897323
27370094;27369235;181;37501622
27370113;27370086;78;39719554
27370113;27370131;87;39719553
27370119;27368809;172;38738196
27370131;27369274;75;39720176
27370131;27369543;98;37588854
27370131;27370113;87;39719552
27370131;27370180;118;39719551
27370153;27369068;94;37589072
27370153;27370228;11;37589083
27370172;27369731;134;37589186
27370180;27370131;118;39719550
27370180;27370228;147;37589301
27370180;27371257;97;39719564
27370189;27369614;202;37501620
27370189;27370209;8;38441305
27370189;27373150;263;37501374
27370209;27370189;8;38441304
27370209;27370672;179;37545686
27370216;27369731;41;37545674
27370228;27370180;147;37589300
27370228;27370481;149;38937668
27370237;27369304;84;38077976
27370237;27369899;89;38077800
27370237;27370255;4;38077981
27370255;27369899;184;38082266
27370255;27370237;4;38077980
27370255;27370472;61;38077979
27370308;27370351;182;38900433
27370308;27370831;73;38900430
27370308;27372523;207;38900432
27370351;27369762;99;38900355
27370351;27370308;182;38900434
27370351;27371724;125;38900354
27370404;27369897;88;38877430
27370404;27371031;91;38077933
27370419;27370442;3;38441224
27370419;27370726;27;38441369
27370442;27369368;185;38980606
27370442;27370795;42;38441223
27370472;27369278;110;38077940
27370472;27370255;61;38077978
27370481;27370070;38;37560819
27370481;27370228;149;38937667
27370481;27370615;74;37589299
27370481;27370903;40;38648924
27370486;27370216;32;37558389
27370486;27370972;95;37545689
27370502;27370994;45;38908411
27370615;27370481;74;37589298
27370615;27370770;84;37589297
27370672;27370216;41;37558390
27370672;27370698;10;37558388
27370698;27370486;26;37558387
27370698;27371006;30;37896921
27370726;27369742;93;39704886
27370726;27370814;8;39704887
27370729;27371190;131;38077975
27370739;27370972;106;37545688
27370739;27371814;117;38944308
27370770;27369043;158;37546622
27370770;27370615;84;37589296
27370770;27370896;78;37589295
27370795;27370726;27;38441226
27370795;27371072;33;37564905
27370795;27371074;144;37564995
27370814;27371072;24;39188113
27370831;27369957;141;38900838
27370831;27370308;73;38900429
27370831;27372565;218;38900428
27370894;27370008;80;37565547
27370894;27373776;266;39703440
27370896;27369043;207;37546627
27370896;27370770;78;37589294
27370896;27371073;87;37501132
27370903;27370481;40;38648923
27370903;27371664;66;37875327
27370972;27370486;95;37545690
27370972;27370739;106;37545687
27370972;27371814;80;37896919
27370994;27370502;45;38908410
27370994;27371103;12;38906525
27371006;27370698;30;37896922
27371006;27371294;36;37896920
27371027;27371519;44;37559512
27371031;27370404;91;38077934
27371031;27371428;37;38077931
27371031;27371524;43;39043407
27371067;27369285;158;39043396
27371067;27369298;159;37496835
27371072;27371256;17;39188112
27371073;27370896;87;37501131
27371073;27371412;191;37501130
27371073;27371974;76;38488475
27371074;27370795;144;37564996
27371074;27371078;3;37564993
27371074;27371558;43;38979834
27371078;27371074;3;37564994
27371078;27371212;81;37564991
27371078;27371652;56;38979832
27371103;27370994;12;38906526
27371103;27371198;38;37589139
27371119;27371006;15;37896929
27371190;27370472;69;38077939
27371190;27370729;131;38077974
27371190;27372944;156;38077929
27371198;27370994;50;38908409
27371198;27371257;21;37589138
27371199;27371280;6;38517198
27371212;27371078;81;37564992
27371212;27371315;8;37590343
27371212;27371357;168;37564989
27371256;27371290;15;38979783
27371256;27371431;15;39188111
27371257;27372408;93;39719570
27371280;27371199;6;38517197
27371280;27371527;102;38980033
27371280;27372186;107;38517196
27371294;27371119;32;37896925
27371294;27372164;87;37896924
27371315;27371212;8;37590344
27371315;27371842;68;38980025
27371357;27369908;136;37501278
27371357;27371212;168;37564990
27371357;27371427;21;38732928
27371363;27368600;363;37758044
27371363;27368920;232;39205963
27371392;27369702;159;37589788
27371392;27369713;148;38979486
27371392;27373773;220;38979483
27371409;27371363;4;37758002
27371412;27369625;157;37546629
27371412;27371073;191;37501129
27371412;27371989;189;37501128
27371427;27371357;21;38732929
27371427;27371437;4;38712435
27371428;27371031;37;38077932
27371428;27371190;60;38078026
27371428;27371524;18;38786419
27371428;27372185;62;38877364
27371431;27371510;24;38733949
27371431;27371992;47;39188110
27371437;27371427;4;38712436
27371437;27371496;19;38712433
27371437;27372459;91;38679934
27371443;27370086;122;37565513
27371443;27370894;264;37565546
27371443;27373060;141;37565510
27371458;27367918;303;37559527
27371496;27371437;19;38712434
27371496;27371909;153;38712429
27371496;27372459;88;37501277
27371510;27371431;24;38733950
27371510;27371724;75;38900319
27371510;27371813;75;38900351
27371519;27372105;45;37559525
27371524;27371031;43;39043408
27371524;27371428;18;38786420
27371524;27372025;80;38786417
27371527;27371280;102;38980032
27371545;27371951;32;39737964
27371558;27371074;43;38979833
27371602;27372893;114;39546721
27371635;27372127;190;38629883
27371652;27371078;56;38979831
27371664;27371712;9;37855548
27371664;27371951;152;38334526
27371664;27372526;69;37875322
27371668;27371671;22;38980026
27371671;27371842;64;38980027
27371712;27371664;9;37855547
27371712;27371759;19;37855546
27371724;27370351;125;38900353
27371724;27371510;75;38900320
27371724;27371813;8;38900350
27371724;27372523;225;38900317
27371759;27370903;78;38732930
27371759;27371712;19;37855545
27371759;27372184;37;38732980
27371811;27371896;15;38980015
27371813;27371510;75;38900352
27371813;27371724;8;38900349
27371813;27372565;217;38900347
27371814;27372046;23;38944307
27371827;27371973;22;38980013
27371842;27371955;13;38980024
27371847;27371759;31;38753665
27371847;27372184;32;38732998
27371855;27371664;81;39719571
27371855;27372393;41;38441309
27371894;27371896;15;38980021
27371896;27371811;15;38980014
27371896;27371894;15;38980020
27371896;27371973;6;38980019
27371909;27371496;153;38712430
27371909;27372046;51;38441241
27371951;27371545;32;39737963
27371951;27372030;33;38334525
27371955;27372048;11;38980023
27371955;27372149;17;38980029
27371957;27371409;44;37758048
27371973;27371827;22;38980012
27371973;27371896;6;38980018
27371973;27372048;35;38980017
27371974;27371073;76;38488476
27371974;27372392;33;39704919
27371978;27369408;239;39009024
27371978;27372198;208;38251226
27371978;27372711;68;39009023
27371989;27368485;390;39720458
27371989;27371412;189;37501127
27371989;27372127;24;37501126
27371992;27372492;62;39349777
27371992;27373146;166;38962021
27372012;27371103;148;37589137
27372012;27371847;62;38753664
27372025;27371524;80;38786418
27372025;27372198;43;38786415
27372025;27372477;218;38251219
27372030;27372136;7;38726380
27372030;27372392;134;39720216
27372044;27371458;46;37559526
27372046;27372095;10;38441240
27372048;27371973;35;38980016
27372048;27372270;16;38980022
27372050;27368919;278;37539790
27372050;27372210;13;37539789
27372050;27374566;232;37590367
27372056;27372722;142;38980030
27372095;27372169;6;38441307
27372095;27372242;38;38441239
27372105;27383922;1177;37559524
27372127;27371635;190;38629882
27372127;27371989;24;37501125
27372127;27372893;196;37501124
27372136;27371855;102;38441182
27372136;27372030;7;38726381
27372136;27372757;57;38726378
27372145;27371909;48;38441238
27372145;27372852;118;37545681
27372149;27371955;17;38980028
27372164;27371294;87;37896923
27372164;27372203;10;37896927
27372169;27372095;6;38441308
27372169;27372145;15;38441237
27372184;27371759;37;38732979
27372184;27371847;32;38732997
27372184;27372928;74;38733005
27372185;27372465;48;39566880
27372185;27373073;86;38877363
27372186;27371280;107;38517195
27372198;27371978;208;38251225
27372198;27372025;43;38786416
27372198;27372477;66;38786413
27372203;27372164;29;37896926
27372210;27372050;13;37539788
27372210;27375791;350;37500653
27372242;27372169;38;38441236
27372242;27372286;9;38441234
27372265;27372793;102;39742966
27372270;27372428;16;38979830
27372286;27371119;100;37896928
27372286;27372242;9;38441235
27372286;27372692;79;38441232
27372332;27371357;82;38732932
27372392;27371974;33;39704918
27372392;27372136;134;38441181
27372392;27372683;181;38771515
27372392;27372759;37;38488491
27372393;27371855;41;38441310
27372408;27372012;134;38753663
27372408;27373026;60;39719569
27372428;27372722;46;38979829
27372459;27371427;87;39188108
27372459;27372332;39;38732931
27372459;27373946;134;38712468
27372465;27372185;48;39566879
27372477;27372025;218;38251220
27372477;27372198;66;38786414
27372477;27372711;71;38786411
27372492;27372916;74;39349776
27372492;27373242;89;37590339
27372506;27371668;113;37590346
27372506;27372332;26;38980036
27372523;27370308;207;38900431
27372523;27371724;225;38900318
27372523;27372533;4;38900315
27372526;27372561;13;38441292
27372526;27374057;155;39720564
27372533;27372523;4;38900316
27372533;27372565;24;38900346
27372561;27371712;69;39720565
27372561;27372526;13;38441293
27372565;27370831;218;38900427
27372565;27371813;217;38900348
27372565;27372533;24;38900345
27372626;27372923;36;39742970
27372683;27372392;181;38771516
27372683;27372723;13;38771513
27372683;27372723;33;39742968
27372692;27372286;79;38441233
27372692;27372834;25;38040235
27372697;27372855;50;39637150
27372711;27371978;68;39009022
27372711;27372477;71;38786412
27372711;27374245;142;39009021
27372722;27372056;142;38980031
27372722;27372902;59;38979827
27372723;27372683;13;38771514
27372723;27372683;33;39742967
27372723;27372793;27;38771511
27372731;27370131;225;38720223
27372731;27372408;137;38753662
27372748;27372506;40;38980035
27372757;27372136;57;38726379
27372757;27372905;77;38815014
27372757;27373477;68;38726376
27372759;27372392;37;38488490
27372759;27372855;9;37855559
27372793;27372265;102;39742965
27372793;27372723;27;38771512
27372793;27372923;71;38771509
27372818;27372748;15;38980034
27372834;27372692;25;38040236
27372834;27373754;160;38040233
27372852;27372145;118;37545680
27372855;27372697;50;39637149
27372855;27372759;9;37855560
27372855;27372913;6;37855557
27372881;27372692;17;38441188
27372893;27371602;114;39546720
27372893;27372127;196;37501123
27372893;27372944;28;37501122
27372902;27372818;41;38979828
27372902;27373034;44;38980425
27372905;27372757;77;38815013
27372908;27372506;49;37590345
27372913;27372855;6;37855558
27372913;27373078;196;38814974
27372913;27373875;87;37855555
27372915;27372834;17;38441189
27372916;27372961;17;39349775
27372916;27373059;16;38964542
27372923;27372626;36;39742969
27372923;27372793;71;38771510
27372928;27372184;74;38733004
27372928;27373026;173;37589145
27372928;27375143;217;38732982
27372944;27371190;156;38077930
27372944;27372893;28;37501121
27372944;27373061;52;37501120
27372961;27373613;138;39349774
27372981;27372332;67;37536224
27372981;27372995;4;38980431
27372995;27372981;4;38980432
27373026;27372928;173;37589144
27373026;27373386;35;39719568
27373034;27372902;44;38980426
27373059;27372916;16;38964541
27373060;27371443;141;37565511
27373060;27372731;132;38753660
27373061;27372944;52;37501119
27373061;27373073;9;37501118
27373061;27375677;233;38177422
27373066;27372881;20;38441186
27373073;27373061;9;37501117
27373073;27373581;112;37501116
27373077;27370005;306;37501134
27373077;27373290;23;39708743
27373078;27372913;196;38814973
27373099;27372915;19;38441187
27373104;27373060;17;38753659
27373128;27373169;90;38900826
27373146;27371992;166;38962020
27373146;27373177;4;38962019
27373146;27373404;52;38962014
27373150;27373190;64;38636618
27373164;27370209;262;37501376
27373164;27373150;12;38636619
27373169;27373128;90;38900827
27373174;27373301;24;38441335
27373176;27373066;12;38040238
27373176;27373099;12;38040237
27373177;27373146;4;38962018
27373177;27373254;10;38962017
27373177;27373681;47;38963062
27373190;27373077;21;39708744
27373190;27373221;9;38636617
27373215;27373104;48;38753658
27373215;27373342;42;38999994
27373221;27373290;12;38636616
27373242;27373967;92;38964546
27373254;27373177;10;38962016
27373279;27373357;41;38726405
27373279;27373473;91;38726404
27373279;27373607;27;38726416
27373290;27373767;51;38636614
27373301;27373174;24;38441334
27373301;27373176;35;38039241
27373342;27373104;25;37589275
27373342;27373973;52;38999993
27373356;27372169;111;38043688
27373356;27373976;61;39349778
27373357;27373279;41;38726406
27373357;27373673;27;38726388
27373357;27373739;59;38726401
27373386;27373542;64;37589268
27373386;27374895;129;39719567
27373404;27373146;52;38962015
27373456;27373176;32;39648059
27373456;27373516;15;39648058
27373473;27373279;91;38726403
27373473;27373607;65;38726424
27373473;27373759;65;38726384
27373473;27374202;57;38726396
27373477;27372757;68;38726377
27373477;27375461;232;38726372
27373516;27373974;95;38039236
27373522;27373613;10;38980429
27373542;27373386;64;37589269
27373543;27374354;101;38879930
27373548;27373215;122;38753657
27373548;27373635;8;38733011
27373581;27373073;112;37501115
27373581;27374245;150;37501114
27373581;27376041;224;38177519
27373607;27373279;27;38726415
27373607;27373473;65;38726423
27373607;27373673;41;38726422
27373613;27373522;10;38980430
27373613;27373686;9;39349773
27373635;27373548;8;38733010
27373635;27374319;211;38678182
27373635;27374404;60;38733009
27373638;27373477;26;38726375
27373673;27373357;27;38726387
27373673;27373607;41;38726421
27373673;27373739;31;38726420
27373679;27373704;9;38963059
27373681;27373177;47;38963061
27373686;27373790;9;39349772
27373686;27374194;74;37590340
27373704;27373679;9;38963060
27373739;27373357;59;38726402
27373739;27373673;31;38726419
27373739;27373880;22;38726399
27373742;27372961;78;38964462
27373742;27374265;45;38964662
27373754;27372834;160;38040234
27373754;27373164;89;38636615
27373759;27373473;65;38726385
27373759;27373875;34;38726382
27373759;27374202;61;38726371
27373767;27374047;22;38636613
27373767;27374094;39;39708745
27373773;27371392;220;38979484
27373773;27374244;50;38979481
27373773;27374391;51;37590359
27373776;27373548;87;38753656
27373787;27373913;80;39349780
27373790;27373932;14;39349771
27373790;27373994;24;38964830
27373817;27373638;28;38726374
27373823;27373932;16;38980427
27373835;27373776;22;38753655
27373852;27373456;39;37501514
27373875;27372913;87;37855556
27373875;27373759;34;38726383
27373875;27375091;111;37855553
27373880;27373739;22;38726400
27373880;27373897;13;38726397
27373880;27374660;65;38726418
27373897;27373880;13;38726398
27373897;27374701;67;38726414
27373897;27374716;81;38726393
27373913;27373787;80;39349779
27373913;27373962;55;37545684
27373932;27373823;16;38980428
27373932;27374131;16;39349770
27373935;27374223;26;39648000
27373946;27372459;134;38712469
27373946;27373913;62;37545685
27373946;27375714;158;38712466
27373962;27373976;93;37545682
27373962;27375768;162;38039237
27373967;27374005;16;38964545
27373967;27374201;18;38963678
27373973;27374380;132;37589276
27373973;27375129;130;38999995
27373974;27373935;13;39647998
27373976;27373977;16;37545683
27373977;27373356;51;38043687
27373977;27374029;39;39188059
27373985;27371067;253;39043395
27373994;27373790;24;38964831
27374005;27373242;110;38963679
27374026;27373985;56;38177623
27374029;27373852;37;38059244
27374029;27373977;39;39188058
27374046;27374266;21;38964666
27374047;27374094;19;39708747
27374047;27374319;21;38636612
27374057;27373817;37;38726373
27374057;27375083;103;39720563
27374081;27373301;116;38039240
27374081;27374308;26;38441347
27374094;27373835;85;39708746
27374124;27374371;33;38441333
27374131;27374235;27;39188109
27374131;27374326;17;39188107
27374168;27374403;21;38964473
27374194;27373686;74;37590341
27374194;27374266;24;38964653
27374201;27374005;18;38964465
27374201;27374372;13;38964464
27374202;27373473;57;38726395
27374202;27373759;61;38726370
27374202;27375019;75;38726392
27374223;27374081;26;38039239
27374223;27374728;46;39647999
27374232;27374660;55;38726412
27374235;27372981;111;37536223
27374235;27373946;113;37564997
27374235;27374326;20;39188106
27374238;27373852;31;37501513
27374238;27374029;35;37501499
27374244;27373773;50;38979482
27374244;27374400;84;37564987
27374244;27375458;142;38979479
27374245;27372711;142;39009020
27374245;27373581;150;37501113
27374245;27374354;27;37501112
27374265;27373742;45;38964661
27374266;27374046;21;38964665
27374266;27374194;24;38964654
27374266;27374368;134;38964651
27374308;27374081;26;38441348
27374319;27375035;72;38636610
27374326;27374235;20;39188105
27374326;27374540;36;37529361
27374354;27373543;101;38879931
27374354;27374245;27;37501111
27374354;27374786;129;37501110
27374358;27372731;138;38720222
27374358;27374917;111;38720274
27374368;27373742;58;38964461
27374368;27374266;134;38964652
27374371;27374143;37;38441321
27374371;27374372;28;37590337
27374372;27374201;13;38964463
27374372;27374368;19;38964460
27374372;27374371;28;37590338
27374380;27373973;132;37589277
27374380;27375129;107;38512269
27374391;27373773;51;37590360
27374391;27374566;30;37590357
27374391;27375376;117;37590361
27374400;27374244;84;37564988
27374403;27374168;21;38964472
27374403;27374405;2;38964474
27374403;27374618;23;38964471
27374404;27373635;60;38733008
27374404;27374380;14;38512270
27374404;27374488;9;38733007
27374405;27374403;2;38964475
27374488;27374404;9;38733006
27374519;27371957;223;37500748
27374519;27372044;220;39718823
27374540;27374326;36;37529360
27374540;27374640;17;37529359
27374543;27374640;11;38964832
27374550;27374705;16;38964836
27374565;27374705;19;38964838
27374566;27372050;232;37590368
27374566;27374391;30;37590358
27374566;27375600;107;37590365
27374599;27374618;2;38964467
27374600;27374238;44;37501516
27374618;27374403;23;38964470
27374618;27374599;2;38964466
27374618;27374656;56;38964469
27374624;27373754;73;38636611
27374624;27374728;47;39648011
27374625;27374488;14;38512282
27374640;27374540;17;37529358
27374640;27374543;11;38964833
27374640;27374727;14;37529357
27374656;27374618;56;38964468
27374660;27373880;65;38726417
27374660;27374232;55;38726411
27374660;27374701;14;38726410
27374674;27373342;180;37589274
27374674;27374358;34;38720221
27374701;27373897;67;38726413
27374701;27374660;14;38726409
27374701;27374716;13;38726408
27374705;27374550;16;38964837
27374705;27374565;19;38964839
27374705;27374727;3;38964834
27374716;27373897;81;38726394
27374716;27374701;13;38726407
27374716;27375019;211;38726389
27374727;27374640;14;37529356
27374727;27374705;3;38964835
27374727;27375950;208;37529355
27374728;27374624;47;39648012
27374728;27374839;47;37501297
27374785;27375498;159;38488499
27374786;27373985;68;39043394
27374786;27374354;129;37501109
27374786;27374842;17;37536032
27374806;27374600;30;37501515
27374839;27374806;62;39704888
27374839;27375014;46;37501299
27374842;27374786;17;37536033
27374895;27374917;63;37565514
27374895;27375275;37;38720268
27374917;27374358;111;38720273
27374917;27374895;63;37565515
27374917;27375659;72;38512280
27374937;27374245;81;39760847
27374937;27376235;151;39720456
27375014;27375285;55;37501298
27375014;27375291;40;38848814
27375019;27374202;75;38726391
27375019;27374716;211;38726390
27375029;27374519;49;39637081
27375035;27375349;56;38636608
27375083;27375316;64;38488485
27375083;27375378;29;38810426
27375091;27373875;111;37855554
27375091;27375461;58;37855551
27375091;27375959;91;37855538
27375116;27375411;36;37590435
27375129;27373973;130;38999996
27375129;27376380;188;38512277
27375143;27372928;217;38732981
27375143;27375879;81;37546630
27375201;27374488;108;38512267
27375201;27375129;8;38720272
27375275;27375143;39;38488466
27375275;27375879;58;38720267
27375285;27374600;79;37501500
27375285;27375382;17;37501511
27375305;27374625;105;38512281
27375305;27375201;12;38720271
27375316;27373817;152;38726368
27375316;27375083;64;38488486
27375316;27375465;44;38488483
27375330;27375659;85;38512271
27375339;27374624;88;38636609
27375339;27376474;143;37540999
27375349;27375425;30;38636607
27375349;27375638;30;37886586
27375349;27376723;134;39720960
27375363;27374235;107;37590428
27375363;27375411;35;37590432
27375376;27374391;117;37590362
27375376;27375458;41;37590356
27375376;27375600;46;38962299
27375378;27375083;29;38810425
27375378;27375462;9;38810424
27375378;27375615;41;37875332
27375382;27375285;17;37501512
27375382;27375825;60;37501509
27375411;27375116;36;37590434
27375411;27375568;57;37590431
27375425;27375440;7;38636606
27375440;27375339;58;38636605
27375441;27374625;116;38512268
27375441;27375305;16;38720270
27375443;27375382;18;38441219
27375457;27376198;91;37590348
27375458;27374244;142;38979480
27375458;27375376;41;37590355
27375458;27375762;27;38979477
27375461;27375091;58;37855552
27375461;27375729;25;37855549
27375462;27375378;9;38810423
27375462;27376044;55;37546635
27375465;27373638;186;38726386
27375465;27375316;44;38488484
27375465;27375639;45;38488481
27375474;27375035;84;38814972
27375477;27375950;45;38965060
27375498;27372561;263;37855544
27375498;27374785;159;38488498
27375518;27375861;44;38848816
27375568;27375587;9;37590430
27375568;27375717;13;39509987
27375587;27374540;110;37590433
27375587;27376815;153;38042285
27375591;27375443;18;38441218
27375597;27375726;42;39720965
27375600;27374566;107;37590366
27375600;27375376;46;38962300
27375600;27376065;95;37590363
27375608;27375942;39;38965067
27375615;27375378;41;37875333
27375615;27376192;187;37545753
27375615;27377052;184;37875330
27375627;27375439;41;38782925
27375627;27375474;13;37545692
27375638;27376716;104;38935372
27375639;27373477;220;38726369
27375639;27375465;45;38488482
27375639;27375729;21;38488479
27375646;27375363;26;37590427
27375647;27375440;26;37886579
27375658;27375942;28;38965064
27375659;27374917;72;38512279
27375659;27375330;85;38512272
27375659;27376840;164;38512276
27375677;27378116;227;38177421
27375714;27373946;158;38712467
27375714;27375646;107;37590429
27375714;27375951;22;38712443
27375717;27375568;13;39509988
27375717;27375797;10;39509993
27375725;27375474;42;38814971
27375726;27375591;30;39188060
27375726;27375597;42;39720964
27375726;27375861;28;39720963
27375729;27375461;25;37855550
27375729;27375639;21;38488480
27375729;27375959;59;38488477
27375736;27377166;137;39458817
27375762;27375458;27;38979478
27375762;27376065;28;38979475
27375762;27376198;67;37590354
27375768;27373962;162;38039238
27375768;27375714;98;37501303
27375777;27375937;40;38848813
27375791;27372210;350;37500652
27375791;27376450;86;37500985
27375797;27375717;10;39509994
27375797;27376406;61;38978729
27375803;27375768;109;37501302
27375806;27375897;115;38965061
27375825;27375382;60;37501510
27375825;27375803;40;37501301
27375825;27375937;13;37501507
27375861;27375518;44;38848815
27375861;27375726;28;39720962
27375861;27376316;74;39458811
27375864;27376235;63;38374581
27375879;27376735;94;37500953
27375892;27375498;35;37855543
27375892;27376044;125;37546636
27375897;27375806;115;38965062
27375897;27376917;128;38221635
27375937;27375825;13;37501508
27375937;27376177;31;37501505
27375942;27375608;39;38965068
27375942;27375658;28;38965063
27375942;27376122;34;38965065
27375950;27374727;208;37529354
27375950;27375477;45;38965059
27375950;27376071;21;37529353
27375951;27375714;22;38712444
27375951;27376174;21;39188051
27375959;27375091;91;37855539
27375959;27375729;59;38488478
27375959;27376192;23;38441336
27375960;27375627;35;37545691
27375960;27377588;189;38441252
27375971;27376456;80;39737953
27376041;27374937;134;39760846
27376044;27376513;49;37546634
27376060;27374674;150;38720220
27376065;27375600;95;37590364
27376065;27375762;28;38979476
27376065;27376209;14;38979473
27376071;27375950;21;37529352
27376071;27376493;75;37529351
27376071;27377468;205;39300713
27376087;27376380;37;38736365
27376122;27375942;34;38965066
27376125;27376687;90;39248832
27376174;27377088;88;39188050
27376174;27377158;95;38712449
27376177;27375803;38;37501300
27376177;27375937;31;37501506
27376177;27376728;76;37501503
27376192;27375615;187;37545754
27376192;27375959;23;38441337
27376198;27375457;91;37590347
27376198;27375762;67;37590353
27376209;27376065;14;38979474
27376209;27376343;14;38979471
27376209;27376917;82;37590349
27376235;27374937;151;39720455
27376235;27375864;63;38374582
27376235;27376456;22;39720454
27376240;27376840;64;37629278
27376246;27376410;18;38751246
27376246;27376730;158;38751241
27376258;27375677;131;38177499
27376258;27376041;28;39760845
27376316;27375861;74;39458810
27376343;27376209;14;38979472
27376343;27376396;6;39307398
27376345;27376258;12;39760844
27376345;27376559;39;38177531
27376370;27375646;151;37590426
27376370;27375951;42;38042305
27376380;27375129;188;38512278
27376380;27376087;37;38736366
27376380;27376840;96;38512273
27376383;27376478;22;38979470
27376384;27375960;56;39732309
27376393;27376478;11;38979467
27376396;27376545;22;39305865
27376396;27376768;34;39307397
27376406;27375797;61;38978730
27376406;27376815;105;38978727
27376406;27377618;136;39188057
27376410;27376246;18;38751245
27376410;27376783;37;38751244
27376450;27375791;86;37500984
27376450;27376343;27;37590412
27376450;27376545;11;37500983
27376456;27375971;80;39737954
27376456;27376235;22;39720453
27376456;27376601;14;39720452
27376467;27376060;47;37869284
27376474;27376316;29;39720961
27376474;27376625;24;39458809
27376478;27376383;22;38979469
27376478;27376393;11;38979468
27376478;27376595;15;38979465
27376493;27376071;75;37529350
27376493;27377583;179;37529349
27376493;27378345;244;37590423
27376510;27376384;52;39307409
27376513;27376730;108;38769371
27376513;27376823;88;38729609
27376513;27378127;154;37546633
27376545;27376450;11;37500982
27376545;27376768;28;37500981
27376559;27376345;39;38177532
27376559;27376740;41;38177529
27376559;27377260;86;39248830
27376580;27375441;122;38720269
27376580;27375725;160;38733013
27376595;27376478;15;38979466
27376601;27376456;14;39720451
27376601;27376687;56;39248835
27376601;27378491;171;39720450
27376625;27376474;24;39458808
27376625;27377166;89;37540998
27376687;27376125;90;39248833
27376687;27376601;56;39248834
27376687;27376740;35;39248837
27376716;27376384;89;39732308
27376716;27378129;128;39720952
27376723;27376716;1;39732307
27376723;27378129;128;39720959
27376728;27376177;76;37501504
27376728;27376924;25;37501501
27376728;27377269;66;38736376
27376728;27377457;120;38736382
27376730;27375892;79;37855542
27376730;27376246;158;38751242
27376730;27376513;108;38769370
27376735;27376931;20;37500952
27376740;27376559;41;38177530
27376740;27376687;35;39248836
27376740;27378703;183;38177430
27376768;27376545;28;37500980
27376768;27377785;111;37500979
27376783;27376410;37;38751243
27376783;27376961;18;38751240
27376815;27375587;153;38042286
27376815;27376406;105;38978728
27376815;27378575;167;38042283
27376823;27376513;88;38729608
27376823;27377240;41;38813991
27376840;27375659;164;38512275
27376840;27376240;64;37629279
27376840;27376380;96;38512274
27376917;27375897;128;38221634
27376917;27376209;82;37590350
27376924;27376728;25;37501502
27376924;27377007;9;38774509
27376931;27377169;28;37500951
27376931;27377500;83;38753134
27376961;27376783;18;38751239
27376961;27377070;10;38724193
27377007;27377301;67;38042288
27377007;27377355;121;38042289
27377052;27375615;184;37875331
27377052;27377079;33;37757355
27377052;27377244;19;38788886
27377070;27376735;73;38488489
27377070;27376961;10;38724192
27377079;27376192;141;37855537
27377079;27377052;33;37757354
27377079;27377572;201;37757353
27377088;27377204;22;38437334
27377088;27377306;20;39188049
27377094;27377921;91;39748424
27377150;27377240;26;38810432
27377158;27377473;33;37501291
27377166;27375736;137;39458816
27377166;27376625;89;37540997
27377166;27377581;64;37540996
27377169;27377348;20;37500950
27377169;27378214;103;38492193
27377171;27376370;75;38042304
27377204;27376924;113;39188055
27377240;27376823;41;38813990
27377240;27377150;26;38810431
27377240;27378044;76;38813989
27377244;27377052;19;38788887
27377244;27377663;35;37572192
27377260;27376559;86;39248831
27377269;27376728;66;38736375
27377301;27377457;13;37545723
27377301;27377720;82;38042287
27377306;27377204;20;39188054
27377306;27377720;36;39188048
27377347;27377171;15;38042302
27377347;27377306;10;39188053
27377348;27377693;33;37500954
27377354;27377798;46;38736389
27377355;27377540;29;38042282
27377393;27377171;30;38042303
27377393;27377347;23;39188052
27377454;27376467;107;37501108
27377454;27376580;146;38733012
27377457;27376728;120;38736381
27377457;27377301;13;37545722
27377457;27378108;74;37545721
27377468;27376071;205;39300714
27377473;27377722;79;38441341
27377483;27377169;45;37545752
27377500;27376931;83;38753135
27377514;27375647;176;38935369
27377540;27377722;82;38042292
27377572;27377079;201;37757352
27377572;27377790;61;37757349
27377581;27377166;64;37540995
27377581;27377916;46;37540994
27377581;27378508;99;37860536
27377583;27376493;179;37529348
27377583;27377785;30;37529347
27377583;27378421;90;37590351
27377588;27377715;13;38441251
27377618;27376406;136;39188056
27377618;27377393;87;37501296
27377642;27378471;78;38177440
27377663;27377244;35;37572193
27377663;27379058;128;37572190
27377663;27379080;138;38726431
27377693;27378402;123;37757350
27377693;27378512;86;38733014
27377715;27378024;94;38937729
27377715;27379012;118;37546644
27377720;27378119;37;39112899
27377722;27379336;173;38042291
27377751;27377070;144;38488488
27377751;27379457;162;38724235
27377780;27377588;74;37891774
27377785;27376768;111;37500978
27377785;27377583;30;37529346
27377785;27378592;90;37500977
27377790;27377572;61;37757348
27377790;27378280;135;38787896
27377798;27377354;46;38736390
27377798;27377819;27;39704659
27377798;27377819;20;38736387
27377819;27377798;20;38736388
27377819;27377798;27;39704660
27377819;27378108;49;38736385
27377891;27377514;33;39720950
27377916;27377581;46;37540993
27377916;27377891;24;38492172
27377916;27378159;37;37540992
27377921;27377094;91;39748425
27377966;27378044;25;38810430
27377981;27377483;51;38937669
27377991;27377618;58;37501295
27378003;27377454;95;39720951
27378003;27378769;80;37546650
27378024;27377454;85;38937730
27378024;27378769;126;37545695
27378037;27376730;119;37855541
27378037;27377751;65;38488487
27378044;27377240;76;38813988
27378044;27377966;25;38810429
27378044;27378408;47;38813987
27378051;27378325;57;38736378
27378051;27378325;54;38736379
27378108;27377457;74;37545720
27378108;27377819;49;38736386
27378108;27378321;18;37545719
27378116;27378163;20;38177455
27378116;27378482;33;39760848
27378119;27377347;68;38042301
27378119;27378983;79;38042299
27378127;27378408;77;38724190
27378127;27378487;37;37546632
27378129;27377780;141;37891773
27378129;27380335;201;39720958
27378159;27375425;259;38935371
27378159;27377891;26;39720949
27378159;27377916;37;37540991
27378159;27378129;10;38441299
27378163;27376345;197;39760843
27378214;27377981;28;38492192
27378214;27379028;94;37733309
27378241;27378421;33;39714932
27378241;27379327;113;37590439
27378252;27378966;80;38937671
27378280;27377790;135;38787895
27378280;27378488;23;37657994
27378280;27378909;132;38787894
27378296;27378488;58;37519009
27378296;27378737;64;38177443
27378296;27378755;140;37519006
27378321;27378108;18;37545718
27378321;27378325;4;38736384
27378321;27381856;466;37545717
27378325;27378051;57;38736377
27378325;27378051;54;38736380
27378325;27378321;4;38736383
27378345;27378241;116;39714929
27378345;27378832;46;37590418
27378346;27378003;60;38733015
27378402;27378252;54;37891857
27378402;27378346;17;38937731
27378408;27378044;47;38813986
27378408;27378127;77;38724191
27378421;27377583;90;37590352
27378421;27378241;33;39714933
27378421;27378592;27;39714930
27378421;27378775;33;39307395
27378433;27374786;357;39043393
27378471;27377642;78;38177439
27378471;27378663;25;39546718
27378471;27378793;30;38177438
27378478;27377991;58;37590436
27378478;27378956;61;38441257
27378482;27378163;34;38374580
27378482;27379592;103;39742964
27378487;27378540;17;37546631
27378487;27378751;52;38724195
27378488;27378280;23;37657993
27378488;27378296;58;37519010
27378488;27378723;59;37519007
27378491;27376601;171;39720449
27378491;27378503;63;38177490
27378491;27378793;99;38177489
27378491;27379394;83;38177420
27378503;27378491;63;38177491
27378508;27377581;99;37860537
27378508;27378834;29;37860534
27378508;27379013;298;39458820
27378512;27379440;88;37546640
27378512;27379803;143;38729610
27378531;27377991;52;37501294
27378531;27378478;24;38441342
27378540;27378037;45;37855540
27378540;27379405;80;37546639
27378575;27376815;167;38042284
27378575;27378638;106;37590419
27378589;27378834;31;38681916
27378591;27378346;31;37500749
27378592;27377785;90;37500976
27378592;27378421;27;39714931
27378592;27379209;66;37500975
27378638;27378575;106;37590420
27378638;27378835;171;37590415
27378638;27378838;47;37536222
27378663;27378471;25;39546719
27378703;27376740;183;38177429
27378703;27378754;63;39248841
27378703;27379529;78;38177428
27378723;27378488;59;37519008
27378723;27378860;37;37519003
27378723;27379228;75;38177449
27378737;27378296;64;38177444
27378751;27378487;52;38724194
27378754;27378703;63;39248842
27378754;27379689;146;39248839
27378755;27378296;140;37519005
27378755;27379392;61;37519002
27378755;27379549;97;38177447
27378765;27378591;18;39509963
27378769;27378024;126;37545696
27378769;27379207;48;37546649
27378769;27379375;103;37545693
27378775;27378421;33;39307396
27378793;27378471;30;38177437
27378793;27378491;99;38177488
27378793;27379277;44;38177436
27378832;27378345;46;37590417
27378832;27378835;7;37590414
27378832;27379301;44;39268940
27378834;27378508;29;37860535
27378834;27378589;31;38681917
27378834;27379013;17;37860532
27378835;27378638;171;37590416
27378835;27378832;7;37590413
27378835;27378855;6;39691941
27378838;27378638;47;37536221
27378838;27378948;43;37590421
27378838;27379446;70;37536220
27378855;27378835;6;39691940
27378860;27378723;37;37519004
27378909;27378280;132;38787893
27378909;27378968;13;38787892
27378948;27378838;43;37590422
27378956;27378478;61;38441258
27378956;27379446;108;38441255
27378956;27379561;59;39741559
27378966;27379526;105;39510048
27378966;27379749;76;38937670
27378968;27378909;13;38787891
27378968;27379592;141;38787890
27378968;27380893;187;38177542
27378983;27378119;79;38042300
27378983;27379086;42;37860468
27378983;27379263;26;38042297
27379012;27379607;64;37546643
27379013;27378508;298;39458821
27379013;27378834;17;37860533
27379013;27379525;50;37860530
27379028;27378214;94;37733310
27379028;27379237;60;38488474
27379028;27379458;49;38750923
27379058;27377663;128;37572191
27379058;27379080;8;38726430
27379058;27379568;49;37572188
27379063;27378433;60;39205945
27379063;27379277;55;38177466
27379080;27379058;8;38726429
27379080;27379491;104;38726428
27379086;27378983;42;37860467
27379086;27379399;55;37860469
27379086;27379399;55;37860472
27379201;27378433;90;39043392
27379201;27379063;82;39205944
27379207;27379791;102;37546651
27379207;27380038;86;37546648
27379209;27378592;66;37500974
27379209;27379701;78;38441391
27379209;27379701;47;37500973
27379228;27378723;75;38177450
27379237;27379028;60;38488473
27379237;27379458;35;38750925
27379237;27379462;120;38488468
27379263;27378983;26;38042298
27379263;27379336;148;37590641
27379263;27382159;263;38042295
27379277;27378793;44;38177435
27379277;27379063;55;38177467
27379277;27379394;86;38177464
27379301;27378832;44;39268939
27379301;27380182;94;37590425
27379327;27378241;113;37590440
27379327;27379464;32;39268942
27379327;27381406;196;37590437
27379336;27380438;96;38042290
27379375;27378591;79;37869291
27379375;27378769;103;37545694
27379390;27378765;62;39509957
27379392;27378755;61;37519001
27379392;27379640;25;37519000
27379392;27380160;89;37658025
27379394;27378491;83;38177419
27379394;27379277;86;38177465
27379394;27379529;101;38177462
27379394;27379580;19;39696501
27379399;27379086;55;37860471
27379399;27379086;55;37860470
27379405;27378540;80;37546638
27379405;27379457;83;38488471
27379405;27381773;214;38488530
27379440;27379749;30;39697349
27379445;27379561;33;39741558
27379446;27378838;70;37536219
27379446;27378956;108;38441256
27379446;27381685;207;38441253
27379457;27377751;162;38724236
27379457;27379405;83;38488472
27379457;27379462;44;38488469
27379458;27379028;49;38750924
27379458;27379237;35;38750926
27379462;27379237;120;38488467
27379462;27379457;44;38488470
27379462;27380727;140;38729601
27379464;27379327;32;39268941
27379491;27379080;104;38726427
27379491;27380183;84;39641894
27379491;27380971;147;38726426
27379492;27380359;115;38177452
27379525;27379013;50;37860531
27379525;27380145;95;39458819
27379525;27380145;54;37860528
27379526;27378966;105;39510049
27379529;27378703;78;38177427
27379529;27379394;101;38177463
27379529;27379639;68;38177460
27379529;27381799;283;38177426
27379549;27378755;97;38177448
27379561;27378956;59;39741560
27379561;27379445;33;39741557
27379561;27379724;29;39741561
27379568;27379058;49;37572189
27379568;27380183;68;38753123
27379568;27380904;156;37572186
27379580;27379394;19;39696502
27379592;27378482;103;39742963
27379592;27378968;141;38787889
27379592;27379689;66;38177459
27379592;27380831;107;39742962
27379607;27377780;172;37891772
27379607;27380658;103;37546642
27379639;27378754;82;39248838
27379639;27379529;68;38177461
27379639;27379689;69;38177456
27379640;27379392;25;37518999
27379640;27380635;87;37518995
27379689;27378754;146;39248840
27379689;27379592;66;38177458
27379689;27379639;69;38177457
27379701;27379209;47;37500972
27379701;27382145;222;37500971
27379720;27379993;26;39704284
27379724;27379561;29;39741562
27379749;27380155;36;39697348
27379791;27379375;45;37869290
27379803;27379935;16;37500955
27379803;27380270;40;38441322
27379935;27379791;14;37869289
27379935;27380071;14;38441215
27379993;27379720;26;39704283
27379993;27380330;28;39704282
27379993;27380410;121;39701546
27380038;27379012;167;37546647
27380071;27379935;14;38441216
27380071;27380270;35;37891852
27380071;27380681;60;38441213
27380145;27379525;54;37860529
27380145;27379525;95;39458818
27380145;27380418;66;37860539
27380145;27381104;83;37860526
27380155;27379390;75;39697350
27380155;27381149;92;37500693
27380160;27379392;89;37658026
27380160;27380359;21;37658023
27380160;27380522;72;38286672
27380182;27379301;94;37590424
27380183;27379491;84;39641895
27380183;27379568;68;38753124
27380183;27380971;88;38753121
27380214;27380038;25;37546646
27380214;27381030;80;39553535
27380249;27378531;154;37501293
27380270;27380071;35;37891851
27380270;27381830;166;39704863
27380330;27379993;28;39704281
27380335;27380437;17;38944311
27380335;27380498;15;39720957
27380359;27379492;115;38177451
27380359;27380160;21;37658024
27380359;27381409;165;37658021
27380362;27380393;11;38488510
27380393;27380362;20;38488509
27380393;27380757;90;38177477
27380410;27379993;121;39701547
27380410;27380495;28;39701544
27380410;27380721;33;39701548
27380418;27380145;66;37860538
27380437;27380658;68;38944310
27380438;27380620;17;37500649
27380438;27382244;162;37501292
27380484;27380831;141;38579954
27380493;27380522;9;38488501
27380495;27380410;28;39701545
27380498;27380437;13;37797026
27380498;27382755;208;39720956
27380522;27380160;72;38286673
27380522;27380493;16;38488500
27380537;27380839;26;38177545
27380562;27378159;219;38935370
27380562;27380498;10;37797025
27380620;27381169;54;37758006
27380635;27379640;87;37518996
27380635;27380922;28;37518993
27380635;27380925;31;37558667
27380658;27382048;231;38937734
27380681;27380071;60;38441214
27380681;27380214;76;37546645
27380681;27382361;173;38441211
27380721;27380410;33;39701549
27380727;27379462;140;38729600
27380727;27382336;202;38750927
27380751;27379201;164;39043391
27380757;27378909;178;38177538
27380757;27380393;90;38177476
27380831;27379592;107;39742961
27380831;27380484;141;38579955
27380831;27381561;69;39742960
27380839;27380911;6;38177544
27380839;27380919;25;39205995
27380845;27380751;12;39043390
27380845;27380839;6;39205996
27380891;27381030;22;39553538
27380893;27381439;52;38177541
27380893;27381563;146;38177533
27380904;27379405;239;37546637
27380904;27379568;156;37572187
27380904;27381466;67;38488497
27380904;27382022;126;37875321
27380911;27380845;7;39043389
27380911;27381016;14;38177543
27380922;27380635;28;37518994
27380922;27380925;28;37558670
27380922;27382476;157;37518991
27380925;27380635;31;37558668
27380925;27380922;28;37558669
27380925;27381724;113;38972748
27380971;27379491;147;38726425
27380971;27380183;88;38753122
27380971;27381680;90;39509050
27380977;27380751;21;38177471
27380977;27380845;16;39205994
27381016;27381061;12;38177469
27381030;27380214;80;39553536
27381030;27380891;22;39553537
27381061;27380977;10;38177470
27381061;27381180;23;38177557
27381104;27380145;83;37860527
27381104;27380562;126;37541713
27381104;27381941;81;37565501
27381113;27380911;21;39043388
27381113;27381016;27;38177468
27381149;27380155;92;37500694
27381149;27381869;72;37500691
27381169;27382191;105;37758038
27381180;27381061;23;38177556
27381180;27381599;48;38177505
27381180;27381634;73;38177555
27381406;27379327;196;37590438
27381406;27381607;27;38441340
27381406;27382116;65;39714927
27381409;27380359;165;37658022
27381409;27380757;62;38177537
27381409;27381439;9;39720439
27381435;27381689;25;39720571
27381439;27381409;9;39720440
27381439;27381563;96;39720437
27381439;27382643;115;38177540
27381466;27380904;67;38488496
27381466;27382069;87;38488495
27381466;27382597;118;38753128
27381561;27380831;69;39742959
27381561;27382008;65;39696507
27381561;27382140;59;39742958
27381563;27380893;146;38177534
27381563;27381439;96;39720438
27381563;27381591;32;39720435
27381563;27381938;36;38972734
27381569;27380562;93;38774619
27381569;27381941;125;37546652
27381590;27381104;131;37541712
27381590;27382544;96;37540328
27381591;27381563;32;39720436
27381591;27382102;51;39742891
27381591;27382140;115;39720433
27381599;27381180;48;38177504
27381599;27381963;42;38177503
27381599;27382088;75;38177517
27381607;27381406;27;38441339
27381607;27382146;49;39710668
27381624;27382142;47;38177434
27381634;27381180;73;38177554
27381634;27381686;15;38177553
27381634;27382088;50;38177442
27381680;27380971;90;39509051
27381685;27379446;207;38441254
27381685;27381996;41;39706731
27381685;27382193;47;37590442
27381686;27381634;15;38177552
27381686;27381861;53;38177551
27381686;27382162;45;38177454
27381689;27381435;25;39720570
27381689;27381988;28;38729596
27381689;27382022;92;38729595
27381724;27380925;113;38972749
27381724;27381968;31;38972746
27381773;27381988;60;38729606
27381773;27382336;52;38488529
27381799;27379529;283;38177425
27381799;27382008;44;38177424
27381799;27382500;71;39704285
27381830;27380270;166;39704862
27381830;27381149;88;39704864
27381830;27382406;97;37891854
27381856;27378321;466;37545716
27381856;27381590;72;37541711
27381861;27381686;53;38177550
27381861;27381965;27;38177549
27381861;27382340;44;38177475
27381869;27381149;72;37500692
27381869;27382734;82;38753661
27381869;27383436;151;37891850
27381888;27381113;91;39043387
27381888;27381655;24;39205958
27381889;27381888;25;39205949
27381921;27381925;6;38488505
27381921;27382087;93;38286670
27381925;27381921;18;38488504
27381938;27381563;36;38972735
27381938;27382224;83;39745095
27381938;27382224;38;38972732
27381941;27381104;81;37565500
27381941;27381569;125;37546653
27381941;27385137;314;37565499
27381963;27381599;42;38177502
27381963;27382124;18;38177501
27381963;27382430;75;38177527
27381965;27381861;27;38177548
27381965;27382142;51;38177547
27381965;27383276;127;39704280
27381968;27381724;31;38972747
27381968;27381997;24;39745088
27381968;27382087;16;38972744
27381988;27381689;28;38729597
27381988;27381773;60;38729607
27381988;27382526;54;38729592
27381995;27382289;33;39637142
27381996;27381685;41;39706732
27381996;27382193;46;37590448
27381996;27382460;79;37590445
27381997;27381724;24;39745089
27381997;27382673;99;38729604
27382008;27381561;65;39696508
27382008;27381799;44;38177423
27382008;27382561;57;39696505
27382022;27380904;126;37875320
27382022;27381689;92;38729594
27382022;27382682;73;37875319
27382048;27382361;45;38783105
27382048;27382755;232;37886581
27382069;27381466;87;38488494
27382069;27382117;8;38488493
27382069;27382597;152;38753125
27382087;27381921;93;38286671
27382087;27381968;16;38972745
27382087;27382180;11;38972742
27382088;27381599;75;38177518
27382088;27381634;50;38177441
27382088;27382208;12;38177515
27382095;27381856;57;37541710
27382095;27382948;83;37753037
27382102;27381591;51;39742892
27382102;27382271;22;39742893
27382102;27382777;184;39742889
27382116;27382145;26;39714928
27382117;27382069;8;38488492
27382117;27382640;82;37572185
27382124;27381963;18;38177500
27382131;27380249;182;37758004
27382140;27381561;59;39742957
27382140;27381591;115;39720434
27382140;27382582;49;39742956
27382142;27381624;47;38177433
27382142;27381965;51;38177546
27382142;27385329;417;38177432
27382145;27379701;222;37500970
27382145;27389346;718;37500646
27382146;27381607;49;39710667
27382146;27382606;46;39710670
27382146;27382920;73;39710666
27382159;27379263;263;38042296
27382159;27382407;181;37590639
27382159;27383266;110;38042293
27382162;27381686;45;38177453
27382162;27382318;14;38177496
27382162;27382340;55;38177495
27382180;27382087;11;38972743
27382180;27382353;16;39720448
27382180;27382363;31;38972740
27382191;27382485;34;37757980
27382193;27381685;47;37590441
27382193;27381996;46;37590447
27382193;27382451;56;37590661
27382208;27382088;12;38177516
27382208;27382318;30;38177486
27382208;27382430;29;38177513
27382224;27381938;83;39745094
27382224;27381938;38;38972733
27382224;27382643;110;38972730
27382236;27380249;178;37758021
27382244;27382612;36;37758025
27382271;27382102;22;39742894
27382289;27381995;33;39637141
27382289;27382732;70;37638475
27382289;27382911;76;37638472
27382318;27382162;14;38177497
27382318;27382208;30;38177487
27382318;27382581;28;38177484
27382336;27380727;202;38750928
27382336;27382526;62;39720568
27382340;27381861;44;38177474
27382340;27382162;55;38177494
27382340;27382391;18;38177493
27382340;27382788;44;38177473
27382353;27382180;16;39720447
27382353;27382363;27;39720446
27382353;27383282;135;39720443
27382361;27380681;173;38441212
27382361;27382048;45;38783106
27382361;27382911;79;38783103
27382361;27383155;88;38441209
27382363;27382180;31;38972741
27382363;27382353;27;39720445
27382363;27382580;43;38972738
27382391;27382340;18;38177492
27382406;27381830;97;37891853
27382406;27381869;50;39694808
27382407;27382159;181;37590640
27382407;27382451;85;37590658
27382408;27382839;42;38177512
27382410;27382095;83;37541709
27382410;27383182;75;37565507
27382430;27381963;75;38177528
27382430;27382208;29;38177514
27382430;27382581;40;38177525
27382430;27382660;22;39742899
27382432;27382131;33;37758037
27382437;27382673;53;38729603
27382443;27382660;45;39742902
27382451;27382193;56;37590660
27382451;27382407;85;37590659
27382451;27383483;102;37883956
27382460;27381996;79;37590446
27382460;27383050;144;39188061
27382460;27386983;441;37590443
27382476;27380922;157;37518992
27382476;27382688;30;37518998
27382485;27386698;906;37757972
27382500;27381799;71;39704286
27382526;27381988;54;38729593
27382526;27382336;62;39720569
27382526;27382981;156;39720566
27382544;27383116;75;37565497
27382544;27383851;138;37540327
27382561;27382008;57;39696506
27382561;27382659;15;39595159
27382561;27383984;166;39696503
27382580;27381409;114;38177536
27382580;27382363;43;38972739
27382580;27382643;10;38972737
27382581;27382318;28;38177485
27382581;27382430;40;38177526
27382581;27382788;54;38177523
27382582;27382140;49;39742955
27382582;27382659;71;39595158
27382582;27383287;77;39742954
27382597;27381466;118;38753127
27382597;27382069;152;38753126
27382597;27382981;50;39720573
27382606;27382146;46;39710669
27382612;27383867;122;37757995
27382620;27381888;82;39043386
27382640;27382117;82;37572184
27382640;27382688;7;39745085
27382643;27382224;110;38972731
27382643;27382580;10;38972736
27382643;27384198;158;38177539
27382659;27382561;15;39595160
27382659;27382582;71;39595157
27382659;27383558;89;39221189
27382660;27382430;22;39742900
27382660;27382443;45;39742901
27382660;27382963;30;39742897
27382664;27382236;41;37758047
27382673;27381997;99;38729605
27382673;27382437;53;38729602
27382673;27383006;43;39745087
27382682;27382022;73;37875318
27382682;27382884;54;37875329
27382688;27382640;7;39745084
27382715;27382410;79;37541708
27382732;27381830;101;38937726
27382732;27382289;70;37638474
27382734;27383439;82;39509960
27382755;27382774;10;37886580
27382755;27382910;16;39720955
27382774;27381569;112;38774618
27382777;27382102;184;39742890
27382788;27382340;44;38177472
27382788;27382581;54;38177524
27382788;27382869;29;38177521
27382839;27382620;25;39043385
27382839;27382819;23;39205953
27382839;27383011;21;38177511
27382869;27382788;29;38177522
27382882;27383411;79;39637156
27382884;27382682;54;37875328
27382884;27383043;133;38488528
27382910;27383460;56;38492185
27382910;27383683;77;39720954
27382911;27382289;76;37638473
27382911;27382361;79;38783104
27382911;27383457;72;38783101
27382919;27382620;28;38177498
27382919;27382839;18;39205952
27382920;27382146;73;39710665
27382920;27383321;41;39710671
27382920;27383759;82;39710664
27382943;27382476;45;37518997
27382943;27382688;42;39704861
27382948;27382095;83;37753036
27382948;27383719;78;37753035
27382952;27383105;60;39637133
27382963;27382660;30;39742898
27382981;27382526;156;39720567
27382981;27382597;50;39720572
27382981;27383191;75;39720574
27383006;27382673;43;39745086
27383011;27383083;17;39205964
27383034;27382839;24;39043384
27383034;27383011;23;38177510
27383043;27382884;133;38488527
27383043;27383390;40;38750937
27383050;27382432;66;37500651
27383083;27382919;19;38177520
27383083;27384411;168;38177483
27383103;27383302;26;39637130
27383103;27383418;90;39637123
27383105;27382952;60;39637134
27383105;27383139;7;39637131
27383105;27383151;89;39637180
27383116;27383719;83;37565496
27383116;27383828;77;37565541
27383122;27383390;42;39742888
27383139;27383105;7;39637132
27383139;27383302;27;39637127
27383139;27383526;43;39637098
27383151;27383105;89;39637179
27383151;27383369;76;39637178
27383151;27383509;34;39637126
27383155;27382361;88;38441210
27383155;27383584;46;38441207
27383155;27383584;62;38847758
27383182;27382948;84;38682385
27383182;27383928;76;37565506
27383191;27382981;75;39720575
27383238;27384027;102;39704277
27383262;27383282;11;39745092
27383262;27383282;18;39745091
27383266;27382159;110;38042294
27383266;27382715;150;37541707
27383266;27384543;130;38774611
27383276;27381965;127;39704279
27383282;27382353;135;39720444
27383282;27383262;18;39745090
27383282;27383262;11;39745093
27383287;27382582;77;39742953
27383287;27383558;87;39595162
27383287;27383733;52;39742952
27383302;27383103;26;39637129
27383302;27383139;27;39637128
27383302;27384159;174;39637181
27383321;27382920;41;39710672
27383369;27383151;76;39637177
27383369;27383464;86;37500733
27383369;27383509;61;37500730
27383369;27383592;20;39637176
27383389;27383483;62;37590644
27383390;27383043;40;38750938
27383390;27383122;42;39742887
27383390;27383464;6;38750935
27383411;27382882;79;39637157
27383411;27383585;24;39637152
27383411;27384271;111;39637161
27383417;27382406;97;39694807
27383417;27383455;19;39637185
27383418;27383103;90;39637124
27383418;27383761;47;39637117
27383436;27383616;18;38753666
27383439;27383394;10;39707047
27383439;27383487;9;39509959
27383455;27383930;114;39637172
27383455;27383930;56;39637184
27383457;27382732;91;38937725
27383457;27382911;72;38783102
27383457;27384834;209;38937694
27383457;27385407;282;38937732
27383460;27382774;70;38774617
27383463;27381869;153;38770843
27383464;27383369;86;37500734
27383464;27383390;6;38750936
27383464;27383568;9;38750933
27383467;27383439;9;39707046
27383467;27383487;17;39510017
27383483;27382451;102;37883957
27383483;27383389;62;37590645
27383483;27384377;87;37883954
27383487;27383624;23;39510016
27383509;27383151;34;39637125
27383509;27383369;61;37500729
27383509;27383526;73;37500732
27383526;27383139;43;39637097
27383526;27383509;73;37500731
27383526;27384159;96;37500728
27383542;27383646;19;39742895
27383558;27382659;89;39221190
27383558;27383287;87;39595161
27383560;27383694;13;39707048
27383568;27383464;9;38750934
27383568;27383585;26;39637155
27383568;27383592;72;39637139
27383568;27384401;81;38750931
27383580;27383417;14;39694806
27383584;27383155;46;38441208
27383584;27385579;218;38441205
27383585;27383411;24;39637153
27383585;27383568;26;39637154
27383585;27383679;14;39637100
27383592;27383369;20;39637175
27383592;27383568;72;39637140
27383592;27383717;16;39637137
27383615;27383761;70;39637169
27383616;27384084;65;38753667
27383624;27383694;8;39510015
27383642;27383463;18;38770840
27383646;27383542;19;39742896
27383654;27383717;105;39637144
27383679;27383585;14;39637099
27383683;27383979;31;39720953
27383683;27384173;71;39307414
27383694;27383847;16;39510014
27383704;27383988;48;38978724
27383717;27383592;16;39637138
27383717;27383654;105;39637143
27383717;27384494;76;39637135
27383719;27382948;78;37753034
27383719;27383928;83;37753032
27383719;27384554;85;37590308
27383733;27383287;52;39742951
27383733;27383822;13;39742950
27383733;27383952;24;39742944
27383759;27382920;82;39710663
27383761;27383418;47;39637118
27383761;27383615;70;39637168
27383818;27375029;900;37867652
27383822;27383733;13;39742949
27383822;27383927;14;38978726
27383828;27383918;47;37590311
27383828;27384554;100;37565540
27383847;27384270;53;39510011
27383847;27384622;97;37500737
27383851;27384260;43;37565544
27383867;27384784;137;37590631
27383867;27384851;96;37757994
27383918;27383828;47;37590312
27383918;27383851;39;37565545
27383922;27384130;29;39547618
27383927;27383822;14;38978725
27383927;27383988;8;37604953
27383928;27384152;82;37753031
27383928;27384682;76;37565505
27383930;27384323;70;39637183
27383952;27383733;24;39742943
27383967;27383467;67;39510013
27383967;27383580;40;39509958
27383979;27384799;80;38774630
27383979;27384832;84;38492179
27383984;27382561;166;39696504
27383988;27383704;48;38978723
27383988;27383927;8;37604952
27383988;27384891;109;37604951
27384027;27383238;102;39704278
27384027;27384395;261;39704274
27384027;27384411;48;39704275
27384047;27384702;342;37500657
27384067;27383967;10;39510012
27384084;27384206;19;38753668
27384129;27383642;67;38770842
27384130;27385984;242;39547619
27384130;27386131;205;39547625
27384150;27382580;157;38177535
27384150;27382943;261;39704860
27384152;27382715;145;37565504
27384152;27384543;141;37753030
27384159;27383302;174;39637182
27384159;27383526;96;37500727
27384159;27384494;103;37500726
27384173;27383683;71;39307415
27384198;27384150;10;37566499
27384206;27385884;232;38753654
27384247;27384198;8;37566498
27384247;27384573;34;37518985
27384247;27384881;124;37566502
27384259;27384129;19;38770841
27384260;27384356;40;37565543
27384260;27385333;106;39736773
27384270;27384289;7;39510010
27384271;27383411;111;39637160
27384272;27383818;63;39547620
27384289;27384067;56;39510009
27384289;27384396;10;39694809
27384313;27384377;34;37590642
27384323;27383580;74;38713299
27384345;27384270;13;39720220
27384345;27384396;23;39694810
27384356;27383918;43;37565542
27384356;27385198;134;37598796
27384377;27383483;87;37883955
27384377;27384313;34;37590643
27384377;27384569;21;37883952
27384395;27384027;261;39704273
27384396;27384928;60;37566558
27384401;27383568;81;38750932
27384401;27384494;88;37500723
27384401;27384622;31;38750929
27384411;27383083;168;38177482
27384411;27384027;48;39704276
27384411;27384618;29;38177481
27384494;27383717;76;39637136
27384494;27384159;103;37500725
27384494;27384401;88;37500724
27384520;27384879;36;37590651
27384543;27383266;130;38774612
27384543;27385864;133;38774609
27384554;27383719;85;37590307
27384554;27384611;28;37565539
27384554;27385198;65;37590306
27384569;27384377;21;37883953
27384569;27384802;27;38767078
27384569;27385350;170;37883950
27384573;27384247;34;37518986
27384573;27384775;39;39720441
27384573;27385382;82;37518983
27384611;27384682;56;37565509
27384618;27384411;29;38177480
27384618;27384823;32;38177446
27384618;27385920;160;38177479
27384622;27384401;31;38750930
27384622;27384746;17;37500736
27384657;27384272;70;37496775
27384682;27384838;83;37565508
27384702;27384995;156;39735743
27384705;27382664;211;37500648
27384705;27384915;22;37590657
27384709;27384152;55;37565503
27384709;27384838;109;37590309
27384742;27384345;59;39720219
27384746;27384657;250;37496774
27384746;27385840;150;37891855
27384746;27385884;148;37500735
27384775;27384573;39;39720442
27384775;27385069;41;39761358
27384775;27385069;41;39761359
27384784;27383867;137;37590632
27384784;27384851;43;37590646
27384784;27385853;101;37590629
27384799;27385201;59;39074094
27384799;27385201;40;38774629
27384802;27384569;27;38767079
27384823;27384618;32;38177445
27384823;27385571;273;38177563
27384823;27386806;277;38177560
27384832;27383460;136;38774616
27384832;27385137;126;37540334
27384834;27383457;209;38937693
27384834;27385458;75;37599816
27384834;27385703;129;38937692
27384838;27384709;109;37590310
27384838;27384709;13;37565502
27384851;27384784;43;37590647
27384851;27384879;34;37758032
27384851;27385639;72;37757993
27384879;27384520;36;37590650
27384879;27384851;34;37758033
27384879;27384915;33;37758030
27384879;27385563;63;37590649
27384881;27384247;124;37566503
27384881;27384891;7;37566500
27384881;27385043;17;38973292
27384891;27383988;109;37604950
27384891;27384881;7;37566501
27384891;27385161;106;38973289
27384915;27384705;22;37590656
27384915;27384879;33;37758031
27384915;27385563;75;37590655
27384928;27385210;27;39694814
27384995;27385021;17;39735085
27385005;27385143;16;39192945
27385005;27385260;52;39192970
27385021;27384705;117;37500647
27385021;27386600;276;37560988
27385026;27384067;94;37796017
27385026;27384323;70;38713298
27385043;27384881;17;38973291
27385043;27385331;66;38973290
27385046;27385231;60;38975230
27385046;27385728;133;38973286
27385069;27384775;41;39761360
27385069;27384775;41;39761357
27385100;27384385;392;39698313
27385137;27381941;314;37565498
27385137;27385333;86;37540333
27385140;27385005;68;39192946
27385140;27385167;19;39192954
27385143;27385260;63;39192943
27385161;27385046;168;38973288
27385161;27385728;72;39720426
27385167;27385140;19;39192955
27385167;27385826;60;38713325
27385191;27385485;43;39707006
27385198;27384554;65;37590305
27385198;27385747;51;37590304
27385201;27384799;59;39074095
27385201;27385635;38;38774628
27385203;27384657;193;37757351
27385210;27385469;119;39709074
27385210;27386195;91;39694813
27385231;27385046;60;38975231
27385231;27385329;17;38638173
27385231;27386103;118;37566494
27385257;27385026;24;38788899
27385260;27385005;52;39192971
27385260;27385140;15;39192944
27385307;27385485;33;39707008
27385329;27382142;417;38177431
27385329;27385231;17;38638172
27385329;27386042;99;38638171
27385331;27385718;35;38973294
27385333;27385529;73;37540332
27385350;27384569;170;37883951
27385350;27385449;124;38764091
27385374;27385043;36;38973287
27385374;27385718;75;39720423
27385382;27384573;82;37518984
27385382;27385540;31;38729598
27385382;27386778;181;37518981
27385407;27383457;282;38937733
27385407;27385257;31;38783108
27385449;27385350;124;38764092
27385458;27384834;75;37599817
27385458;27385843;56;37599818
27385469;27385542;27;39709107
27385469;27386195;123;39709073
27385483;27385203;36;37757347
27385485;27385191;43;39707005
27385485;27385307;33;39707007
27385485;27386686;126;39707004
27385529;27385677;52;37540331
27385529;27385847;30;37540339
27385540;27385382;31;38729599
27385542;27385469;27;39709108
27385563;27384879;63;37590648
27385563;27384915;75;37590654
27385563;27385639;44;37590653
27385571;27384823;273;38177562
27385571;27386806;154;38177508
27385571;27387691;291;38177559
27385579;27383584;218;38441206
27385579;27385703;21;37546641
27385579;27386007;45;38782916
27385614;27386288;136;39699933
27385626;27386039;45;39737968
27385635;27385579;25;38492180
27385635;27386007;38;38774627
27385639;27385563;44;37590652
27385639;27386600;100;37650809
27385662;27385890;58;39279465
27385677;27385747;27;37540330
27385690;27384259;193;37547809
27385690;27384742;137;38770844
27385703;27384834;129;38937691
27385718;27385374;75;39720424
27385718;27386778;147;38973293
27385728;27385161;72;39720425
27385728;27386015;79;38973285
27385747;27385198;51;37590303
27385747;27386491;289;37540329
27385777;27386689;124;39349010
27385787;27385257;47;38788898
27385787;27385407;45;38783107
27385823;27386871;113;39307399
27385826;27386048;23;38713330
27385826;27386181;34;38713324
27385840;27386522;98;37496772
27385843;27385458;56;37599819
27385844;27385853;28;37590638
27385847;27386562;70;37540338
27385853;27384784;101;37590630
27385853;27385844;28;37590637
27385853;27385890;88;37590636
27385864;27384543;133;38774610
27385864;27385890;132;37590633
27385864;27386491;62;38774607
27385884;27386604;100;37756908
27385885;27385677;28;37540344
27385885;27385847;27;37597699
27385890;27385662;58;39279464
27385890;27385853;88;37590635
27385890;27385864;132;37590634
27385893;27384272;210;39547629
27385903;27386048;21;39744386
27385920;27384618;160;38177478
27385943;27385690;34;37756901
27385984;27386486;63;39547623
27386006;27386174;22;38488502
27386007;27387071;108;38774626
27386015;27385374;101;38973284
27386015;27386391;46;39760842
27386039;27385626;45;39737967
27386039;27386686;171;39707001
27386039;27386761;80;39737966
27386042;27385329;99;38638170
27386042;27386560;69;38638169
27386048;27385903;21;39744387
27386048;27386216;26;38713329
27386088;27386707;97;38810428
27386095;27384832;121;38774615
27386095;27385635;47;37501056
27386103;27385231;118;37566495
27386103;27386549;44;39720431
27386120;27386344;38;37597705
27386120;27386484;35;37597697
27386125;27385100;212;39698303
27386131;27387128;106;37496776
27386131;27387585;193;38361336
27386138;27383034;362;39043383
27386138;27385796;37;39205987
27386174;27386006;27;38488503
27386174;27386549;73;37566497
27386181;27386216;34;38025218
27386181;27386340;19;38713323
27386184;27386276;41;39626708
27386195;27386709;53;39694812
27386200;27385167;98;38713326
27386200;27386227;11;38973296
27386216;27386288;41;38025216
27386227;27386181;11;38025217
27386227;27386340;12;39192953
27386276;27386184;41;39626709
27386288;27385614;136;39699934
27386288;27386340;84;39192960
27386288;27386707;104;38025215
27386340;27386726;53;39192952
27386344;27386663;125;37597703
27386350;27386120;193;37597704
27386355;27386689;58;39307407
27386355;27386871;119;39307404
27386391;27386015;46;39760841
27386472;27386042;42;38713361
27386472;27386626;32;38713355
27386484;27386344;24;37597698
27386484;27386986;67;37597708
27386486;27386568;247;37496771
27386486;27388131;218;37867653
27386491;27385864;62;38774608
27386491;27387583;127;38774633
27386509;27386806;224;38177507
27386513;27386713;49;39741556
27386522;27385984;204;38360980
27386522;27387128;90;37891856
27386537;27386200;56;38973295
27386539;27386549;76;39211599
27386549;27386103;44;39720432
27386549;27386174;73;37566496
27386549;27386539;76;39211598
27386549;27386857;34;39720429
27386560;27386042;69;38638168
27386560;27386626;28;38785779
27386562;27386350;92;37597702
27386562;27387153;65;37540337
27386568;27385943;86;37756895
27386600;27388441;332;39698301
27386604;27387344;122;39547622
27386626;27386969;50;38785778
27386663;27386350;31;37597706
27386663;27387153;88;37597701
27386668;27385483;125;37756893
27386686;27385485;126;39707003
27386686;27386039;171;39707002
27386689;27385777;124;39349009
27386689;27386355;58;39307408
27386689;27387324;349;39307405
27386698;27386125;73;39698312
27386707;27386088;97;38810427
27386707;27388782;317;38025214
27386709;27386731;11;38517087
27386709;27388128;150;39694811
27386713;27386513;49;39741555
27386713;27386977;43;38154116
27386713;27386977;38;38154115
27386726;27386775;17;38713331
27386726;27386880;17;39192951
27386731;27385787;94;38788897
27386731;27386709;11;38517086
27386731;27386772;23;38517085
27386761;27386039;80;39737965
27386772;27386731;23;38517084
27386772;27387104;152;38517083
27386772;27387567;88;39458812
27386775;27386537;29;38713328
27386778;27385382;181;37518982
27386778;27387181;67;37518979
27386806;27384823;277;38177561
27386806;27385571;154;38177509
27386806;27386509;224;38177506
27386857;27386549;34;39720430
27386857;27386895;5;39720427
27386857;27387499;82;39701551
27386871;27385823;113;39307400
27386871;27386355;119;39307403
27386871;27387324;53;39307402
27386880;27386775;14;38713327
27386880;27387326;48;37566520
27386895;27386857;5;39720428
27386969;27387753;108;38785777
27386977;27386713;38;38154114
27386977;27386713;43;38154117
27386983;27382460;441;37590444
27386983;27387232;46;39720396
27386983;27387430;50;39720401
27386986;27386095;106;37501055
27386986;27386484;67;37597707
27387010;27387248;55;39704272
27387045;27387232;42;37590665
27387071;27387202;14;38492190
27387071;27387584;58;38636620
27387104;27386772;152;38517082
27387104;27387166;33;38517081
27387104;27388020;98;39458814
27387128;27387344;34;39547624
27387153;27387974;87;37540336
27387157;27386668;82;37756902
27387166;27387104;33;38517080
27387166;27387402;118;38517079
27387166;27389130;206;37599793
27387181;27386778;67;37518980
27387181;27387291;166;38601225
27387181;27388455;207;39704858
27387187;27385885;137;37540343
27387202;27387626;47;38937758
27387215;27386969;43;38713342
27387215;27387314;78;38713336
27387232;27386983;46;39720395
27387232;27387045;42;37590664
27387232;27388410;176;39720394
27387248;27387010;55;39704271
27387248;27387252;93;38993199
27387252;27386560;130;37566510
27387252;27387248;93;38993198
27387252;27387314;61;38713333
27387280;27386986;41;37501054
27387280;27388666;271;39368560
27387291;27387181;166;38601226
27387291;27387499;116;38815545
27387291;27387734;59;38025210
27387293;27387187;17;37598795
27387293;27387469;102;37598803
27387304;27386472;112;38713360
27387304;27387499;89;38815542
27387314;27387215;78;38713335
27387314;27387252;61;38713334
27387314;27387892;60;38713344
27387324;27386689;349;39307406
27387324;27386871;53;39307401
27387326;27386880;48;37566519
27387326;27387639;34;37566517
27387344;27387565;35;37756905
27387345;27387187;18;37540342
27387345;27387293;18;37598797
27387346;27386731;68;38788896
27387402;27387166;118;38517078
27387402;27389395;205;37599794
27387430;27386983;50;39720402
27387430;27388003;60;39701632
27387430;27388457;123;39720399
27387469;27387293;102;37598802
27387469;27387537;128;37598801
27387469;27388034;64;38044891
27387495;27387537;24;37598798
27387499;27386857;82;39701550
27387499;27387291;116;38815546
27387499;27387304;89;38815541
27387519;27387157;146;37540977
27387519;27388131;289;37496769
27387522;27388705;126;39221188
27387537;27387469;128;37598800
27387537;27387495;24;37598799
27387537;27388143;62;38044889
27387550;27387402;116;37599786
27387563;27387326;36;37566518
27387563;27387639;32;38638193
27387563;27388014;115;38638188
27387565;27387585;34;38360979
27387565;27388335;112;39720217
27387567;27386772;88;39458813
27387583;27386491;127;38774634
27387583;27387495;56;37597700
27387583;27389412;184;38774631
27387584;27387550;91;37599787
27387584;27387626;9;37501093
27387584;27389819;233;39289680
27387585;27386537;184;38815547
27387626;27387584;9;37501092
27387626;27387668;7;37501091
27387626;27387979;35;38604349
27387633;27387215;67;38713341
27387639;27387563;32;38638192
27387639;27387923;39;38638191
27387649;27384742;303;37498680
27387649;27385840;477;37496773
27387663;27387304;50;38713359
27387663;27387753;13;38713354
27387668;27386095;165;38774614
27387668;27387626;7;37501090
27387668;27388630;235;37501052
27387691;27385571;291;38177558
27387728;27387668;5;38774613
27387734;27387291;59;38025209
27387734;27387972;31;38025208
27387753;27388560;125;38713353
27387778;27387346;44;38788895
27387778;27387782;19;37796086
27387782;27387346;46;38487933
27387782;27388913;136;38487934
27387840;27388502;91;39701576
27387872;27388278;101;39720422
27387892;27387314;60;38713343
27387892;27387633;33;38713340
27387892;27388786;99;38713338
27387923;27387639;39;38638190
27387923;27388429;72;39702250
27387923;27388957;156;38638187
27387929;27388665;121;39704917
27387929;27390402;298;37883914
27387972;27387734;31;38025207
27387972;27388782;108;38815544
27387974;27387991;9;39736774
27387974;27388746;83;37540335
27387979;27387626;35;38604348
27387979;27387728;28;38636621
27387979;27388205;23;38604347
27387991;27387345;67;37540341
27387991;27387974;9;39736775
27388003;27387430;60;39701633
27388003;27388457;96;39710689
27388014;27387563;115;38638189
27388014;27388269;41;37566515
27388020;27387104;98;39458815
27388034;27387469;64;38044892
27388034;27388099;6;39741535
27388099;27388034;6;39741536
27388099;27388135;12;39741533
27388099;27388400;42;39741545
27388101;27385893;288;39547621
27388107;27388250;17;39741538
27388113;27387663;57;38713358
27388113;27389031;142;38713348
27388123;27388413;37;39701565
27388128;27387778;37;38788894
27388128;27389882;187;37566559
27388129;27386568;239;37873241
27388129;27387519;119;37496770
27388131;27390661;315;37873251
27388135;27388099;12;39741534
27388135;27388200;15;39741541
27388143;27387537;62;38044890
27388200;27388135;15;39741542
27388200;27388250;12;39741539
27388205;27387979;23;38604346
27388205;27388778;60;38492188
27388211;27388400;23;39741544
27388250;27388107;17;39741537
27388250;27388200;12;39741540
27388250;27388348;11;39741547
27388269;27388014;41;37566516
27388269;27388568;38;37566513
27388278;27387872;101;39720421
27388278;27388443;21;39720418
27388278;27388473;26;39720420
27388335;27394213;976;39547632
27388348;27388250;11;39741548
27388400;27388099;42;39741546
27388400;27388211;23;39741543
27388400;27388478;7;39741549
27388410;27387232;176;39720393
27388410;27388799;102;39720392
27388410;27389111;75;37590671
27388413;27388123;37;39701566
27388413;27388443;44;39701569
27388417;27388113;43;38713357
27388429;27387923;72;39702251
27388441;27388573;39;37650811
27388443;27388278;21;39720417
27388443;27388413;44;39701570
27388443;27388473;28;39701573
27388455;27387181;207;39704859
27388455;27388417;60;38713356
27388455;27388869;68;38638167
27388457;27387430;123;39720400
27388457;27388003;96;39710690
27388457;27389111;110;39720397
27388460;27388559;22;39741552
27388473;27388278;26;39720419
27388473;27388443;28;39701574
27388473;27388502;13;39701571
27388478;27388400;7;39741550
27388478;27388559;15;39741553
27388500;27387252;186;37566509
27388500;27389178;72;39724941
27388502;27387840;91;39701575
27388502;27388473;13;39701572
27388502;27388665;56;39701567
27388508;27383050;958;37500650
27388508;27386698;317;39597730
27388524;27388799;32;39710692
27388559;27388460;22;39741551
27388559;27388478;15;39741554
27388560;27388695;50;38713352
27388560;27389031;65;38713346
27388568;27388269;38;37566514
27388568;27388948;48;39704850
27388568;27389013;51;37621612
27388573;27388652;34;39698302
27388601;27388508;30;39597729
27388621;27388129;75;39720218
27388630;27387280;168;37501053
27388630;27388966;55;37501074
27388652;27388886;240;37501057
27388652;27389213;189;37650810
27388665;27387929;121;39704916
27388665;27388502;56;39701568
27388665;27388946;31;39704915
27388666;27387280;271;39368561
27388666;27388630;16;37501076
27388695;27387633;108;38713332
27388695;27388786;13;38713351
27388698;27389498;81;39720579
27388705;27387522;126;39221187
27388705;27388500;44;37566508
27388720;27388601;43;37650808
27388731;27388666;35;37501075
27388731;27388832;15;37501071
27388746;27388731;13;37501073
27388765;27388705;11;37566507
27388765;27389051;32;38638206
27388775;27389408;67;39741522
27388778;27388205;60;38492189
27388778;27389803;108;38377260
27388782;27387972;108;38815543
27388782;27391638;443;38025213
27388786;27389269;84;38713350
27388798;27387991;85;37540340
27388798;27388746;26;37501072
27388799;27388410;102;39720391
27388799;27388524;32;39710691
27388799;27388896;95;37590686
27388799;27389407;73;37590675
27388804;27388798;39;39354063
27388832;27388966;14;37501070
27388847;27387728;117;38636604
27388847;27389089;85;39701640
27388853;27388896;14;37590682
27388863;27389159;46;39720416
27388869;27388417;53;37518990
27388869;27388455;68;38638166
27388876;27389129;168;37590695
27388886;27388804;39;39351749
27388896;27388799;95;37590687
27388896;27388853;14;37590683
27388896;27389407;72;37590684
27388899;27389232;40;38296807
27388913;27387782;136;38487935
27388913;27389061;21;38488507
27388918;27389281;69;39701636
27388928;27389097;81;37501062
27388928;27390546;309;37501066
27388946;27388665;31;39704914
27388946;27389159;37;38789312
27388946;27389378;51;39704913
27388948;27388568;48;39704851
27388948;27389013;45;37596161
27388948;27389652;79;39704848
27388956;27388765;51;37566506
27388956;27389051;54;38713337
27388957;27387923;156;38638186
27388957;27389320;49;39702252
27388957;27391517;399;38638185
27388965;27388913;21;38488508
27388965;27389130;82;39715466
27388966;27389032;20;37501068
27388966;27389232;27;38296801
27389011;27388798;23;37501069
27389011;27388928;27;37501063
27389013;27388568;51;37621611
27389013;27388948;45;37596162
27389013;27389324;42;39704854
27389031;27388113;142;38713347
27389031;27389762;74;38713345
27389032;27389011;26;37501067
27389032;27389331;38;38296813
27389033;27389267;25;38296829
27389051;27388765;32;38638205
27389051;27389178;32;38638204
27389061;27388965;14;38488506
27389061;27390216;141;37599791
27389089;27388847;85;39701641
27389097;27388886;33;39354064
27389097;27389422;47;37540990
27389103;27389368;49;38296826
27389111;27388410;75;37590670
27389111;27388457;110;39720398
27389111;27389399;28;37590669
27389129;27388876;168;37590694
27389129;27389318;35;37590693
27389129;27389405;27;39710694
27389130;27387166;206;37599792
27389130;27388965;82;39715465
27389130;27389395;118;39715464
27389159;27388863;46;39720415
27389159;27388946;37;38789311
27389159;27389502;37;38789310
27389178;27388500;72;39724940
27389178;27389051;32;38638203
27389178;27389197;6;38638202
27389197;27389178;6;38638201
27389197;27389386;54;38638200
27389197;27390311;175;38990851
27389213;27389347;35;37501061
27389218;27389358;28;37590679
27389232;27388899;40;38296808
27389232;27388966;27;38296802
27389232;27389331;13;38296805
27389267;27389033;25;38296830
27389267;27389552;46;38296827
27389267;27389650;79;38296800
27389269;27389458;44;39724942
27389269;27389525;26;38713349
27389281;27388918;69;39701637
27389281;27389363;51;39701634
27389281;27389488;36;39701639
27389286;27388720;193;37501058
27389308;27388621;81;37596129
27389318;27389129;35;37590692
27389318;27389343;6;37590691
27389318;27389405;29;39710695
27389320;27388957;49;39702253
27389324;27389013;42;39704855
27389324;27389308;25;37596128
27389324;27389541;27;39708682
27389331;27389032;38;38296814
27389331;27389232;13;38296806
27389331;27389368;12;38296803
27389343;27389318;6;37590690
27389343;27389358;14;37590689
27389343;27389470;12;39696418
27389346;27382145;718;37500645
27389346;27389818;170;39710662
27389346;27390583;139;37500644
27389347;27391310;424;37501060
27389358;27389218;28;37590678
27389358;27389343;14;37590688
27389358;27389412;49;37590677
27389363;27389281;51;39701635
27389363;27389408;33;38296824
27389363;27389488;15;38296821
27389368;27389103;49;38296825
27389368;27389331;12;38296804
27389368;27389552;33;38296820
27389378;27388946;51;39704912
27389378;27389502;25;37596051
27389378;27390402;188;38517088
27389386;27387892;224;38713339
27389386;27389197;54;38638199
27389386;27389458;72;38638198
27389395;27389130;118;39715463
27389395;27389498;44;39715468
27389399;27389111;28;37590668
27389399;27389407;138;37590667
27389405;27389129;27;39710693
27389405;27389318;29;39710696
27389405;27390395;179;39720403
27389407;27388799;73;37590674
27389407;27388896;72;37590685
27389407;27389399;138;37590666
27389407;27390395;168;37590673
27389408;27388775;67;39741521
27389408;27389363;33;38296823
27389408;27389703;31;38296818
27389412;27387583;184;38774632
27389412;27389358;49;37590676
27389412;27390951;172;38441245
27389421;27389286;38;37501059
27389422;27389097;47;37540989
27389422;27389777;58;39740885
27389422;27390283;147;37540988
27389446;27389650;25;38296811
27389458;27389386;72;38638197
27389458;27389525;32;38638196
27389470;27389343;12;39696419
27389470;27390331;105;39696420
27389470;27390335;100;39696416
27389488;27389281;36;39701638
27389488;27389363;15;38296822
27389488;27389552;209;38296815
27389493;27390283;92;39720581
27389498;27388698;81;39720578
27389498;27389626;64;39715467
27389502;27389159;37;38789309
27389502;27389378;25;37596050
27389502;27389652;30;37596049
27389518;27386138;394;39043382
27389518;27388956;160;37566505
27389525;27389458;32;38638195
27389525;27389718;28;37875325
27389525;27390309;93;37500713
27389541;27389308;22;37596130
27389541;27389324;27;39708683
27389541;27390868;217;39704852
27389552;27389267;46;38296828
27389552;27389368;33;38296819
27389552;27389488;209;38296816
27389576;27389518;19;37566504
27389606;27387550;219;39244764
27389606;27389626;5;39715477
27389606;27389663;9;39715474
27389626;27389606;5;39715478
27389626;27389632;1;39715475
27389632;27389626;1;39715476
27389632;27389694;8;39715471
27389650;27389267;79;38296799
27389650;27389446;25;38296812
27389650;27389842;23;38296809
27389652;27388948;79;39704849
27389652;27389502;30;37596048
27389652;27389746;11;37566540
27389663;27389606;9;39715473
27389663;27389694;7;39715470
27389663;27389819;79;37796282
27389694;27389632;8;39715472
27389694;27389663;7;39715469
27389694;27390092;48;37599803
27389703;27389408;31;38296817
27389718;27389525;28;37875326
27389718;27389808;82;37566491
27389718;27390197;57;37875323
27389746;27389652;11;37566539
27389746;27389893;33;39746587
27389746;27391091;156;37566538
27389762;27388869;159;37518989
27389777;27389422;58;39740886
27389777;27389854;10;39740890
27389777;27389854;35;39740887
27389779;27388847;98;38636603
27389779;27389803;8;37796283
27389803;27388778;108;38377259
27389803;27389779;8;37796284
27389803;27389819;8;37796279
27389803;27389887;12;38377258
27389808;27389718;82;37566490
27389808;27389762;78;37518988
27389818;27389346;170;39710661
27389818;27390450;169;37590698
27389819;27389663;79;37796281
27389819;27389803;8;37796280
27389819;27391627;198;38094945
27389821;27387649;248;39510030
27389821;27388101;206;37873252
27389842;27389650;23;38296810
27389854;27389777;10;39740889
27389854;27389777;35;39740888
27389860;27390095;32;39701645
27389882;27388128;187;37566560
27389882;27390478;71;37566563
27389887;27389803;12;38377257
27389887;27389819;11;38377149
27389887;27390274;45;38377161
27389890;27390042;16;39741526
27389893;27389746;33;39746586
27389964;27390042;21;39741528
27390018;27390192;49;39741529
27390018;27390356;45;39741532
27390039;27389518;73;39043381
27390039;27389863;47;38451155
27390042;27389890;16;39741525
27390042;27389964;21;39741527
27390042;27390231;24;39741524
27390092;27389694;48;37599804
27390092;27390217;62;37599805
27390092;27390460;44;37599801
27390095;27389860;32;39701644
27390095;27390445;45;39701643
27390095;27390486;49;39701647
27390192;27390018;49;39741530
27390197;27389718;57;37875324
27390197;27389808;89;37518987
27390197;27392452;254;38638219
27390216;27389061;141;37599790
27390216;27390549;186;37599815
27390216;27390683;66;37599789
27390217;27390092;62;37599806
27390231;27390042;24;39741523
27390242;27390549;37;39720577
27390255;27390708;74;39211603
27390274;27389887;45;38377160
27390274;27391640;145;38377154
27390283;27389422;147;37540987
27390283;27389493;92;39720580
27390283;27390705;69;37540986
27390309;27390441;138;38990846
27390309;27391357;122;37500712
27390311;27389197;175;38990850
27390311;27390441;52;38990849
27390311;27391125;88;38990852
27390327;27390531;30;39708759
27390331;27389470;105;39696421
27390335;27389470;100;39696417
27390353;27390939;75;38296835
27390354;27389779;69;38094944
27390354;27390274;11;38377171
27390356;27390018;45;39741531
27390356;27390354;109;38492175
27390363;27389421;221;39720792
27390395;27389405;179;39720404
27390395;27389407;168;37590672
27390395;27390450;181;37590700
27390395;27391176;86;37590681
27390402;27387929;298;37883915
27390402;27389378;188;38517089
27390402;27390478;66;37596047
27390402;27391281;106;37596042
27390441;27390309;138;38990847
27390441;27390311;52;38990848
27390441;27391105;71;38990845
27390445;27390095;45;39701642
27390445;27390478;30;37596061
27390445;27390486;38;37596060
27390450;27389818;169;37590699
27390450;27390395;181;37590701
27390450;27391175;89;37590696
27390460;27390092;44;37599802
27390460;27390593;62;37599807
27390460;27390636;19;37599799
27390478;27389882;71;37566564
27390478;27390445;30;37596062
27390478;27392347;204;37566561
27390486;27390095;49;39701646
27390486;27390445;38;37596059
27390486;27390976;69;37596058
27390507;27391066;77;39211601
27390531;27390327;30;39708758
27390540;27391287;120;39708769
27390546;27390356;124;38492176
27390546;27390959;70;37501065
27390548;27390956;52;38296834
27390549;27390216;186;37599814
27390549;27390242;37;39720576
27390549;27390636;40;37599813
27390583;27389346;139;37500643
27390583;27391109;64;38705673
27390583;27391174;66;37500642
27390593;27390460;62;37599808
27390636;27390460;19;37599800
27390636;27390549;40;37599812
27390636;27390853;23;37599797
27390661;27391136;56;37501101
27390661;27391485;126;39720791
27390664;27390808;45;39708757
27390683;27390216;66;37599788
27390705;27390283;69;37540985
27390705;27390931;25;38491338
27390708;27390255;74;39211602
27390708;27390939;44;38296854
27390708;27391066;79;38296851
27390764;27391346;157;38296843
27390808;27390664;45;39708756
27390853;27390636;23;37599798
27390853;27390933;9;37599795
27390853;27390985;62;37599809
27390868;27389541;217;39704853
27390868;27390912;7;39704856
27390868;27391188;48;37596221
27390892;27390977;15;39708752
27390912;27390868;7;39704857
27390912;27391926;152;39702264
27390922;27390705;36;38491331
27390922;27390931;30;38491328
27390931;27390948;3;37501290
27390933;27390853;9;37599796
27390933;27391242;49;37599811
27390936;27390959;243;39747679
27390936;27391510;384;39701577
27390939;27390353;75;38296836
27390939;27390708;44;38296853
27390939;27391154;43;38296850
27390942;27391551;70;39740925
27390948;27391112;52;37501289
27390948;27391225;32;37501288
27390951;27391045;20;38491327
27390951;27391158;22;38441244
27390956;27390548;52;38296833
27390956;27391154;25;38296832
27390956;27391346;60;38296839
27390959;27391310;58;37501064
27390976;27390486;69;37596057
27390976;27391348;56;37596056
27390976;27391396;58;38815018
27390977;27390892;15;39708753
27390985;27390853;62;37599810
27391045;27390922;30;37613534
27391058;27391109;19;38705672
27391066;27390507;77;39211600
27391066;27390708;79;38296852
27391066;27391372;36;38296847
27391091;27389746;156;37566537
27391091;27391431;36;37566536
27391100;27391188;15;39708755
27391105;27390441;71;38990844
27391105;27391357;112;39221181
27391105;27391698;58;38990843
27391109;27390583;64;38705674
27391109;27391058;19;38705671
27391109;27391173;8;38705670
27391112;27391225;47;37501287
27391112;27391372;118;39244768
27391125;27390311;88;38990853
27391125;27391146;27;39509035
27391136;27391348;30;37596063
27391136;27391856;85;37501100
27391146;27391125;27;39509034
27391146;27391148;4;39509182
27391147;27390363;122;37501099
27391148;27391146;4;39509181
27391148;27391189;6;39509087
27391148;27391474;131;39509180
27391154;27390939;43;38296849
27391154;27390956;25;38296831
27391154;27391393;40;38296846
27391158;27391045;23;37613533
27391158;27391906;75;38491339
27391158;27392463;144;37540984
27391163;27391323;24;39702249
27391163;27391323;32;39702248
27391173;27391109;8;38705669
27391174;27390583;66;37500641
27391175;27390450;89;37590697
27391176;27390395;86;37590680
27391188;27390868;48;37596220
27391188;27391100;15;39708754
27391188;27391723;69;37596219
27391189;27391148;6;39509088
27391189;27391548;44;39509135
27391196;27389412;198;38441246
27391196;27391158;9;37613532
27391203;27391306;15;37596138
27391225;27391460;23;37501286
27391242;27391276;17;39715482
27391276;27390933;39;39715481
27391276;27391438;61;39715479
27391281;27390402;106;37596041
27391281;27391857;75;39702256
27391281;27392040;93;37596040
27391287;27390540;120;39708768
27391287;27391350;12;39708764
27391287;27391556;37;39708761
27391306;27391203;15;37596137
27391306;27391389;8;37596136
27391306;27391831;71;39708771
27391310;27389821;635;39720788
27391323;27391748;55;39702246
27391346;27390764;157;38296844
27391346;27390956;60;38296840
27391346;27391393;19;38296841
27391348;27391879;59;39710624
27391350;27391287;12;39708765
27391350;27391389;11;39708766
27391350;27391556;22;39708762
27391357;27391105;112;39221180
27391357;27391722;230;37500710
27391358;27392177;102;38815016
27391372;27391066;36;38296848
27391372;27391112;118;39244767
27391372;27391470;59;39244766
27391385;27391196;151;38712470
27391388;27391189;19;39509140
27391389;27391306;8;37596135
27391389;27391350;11;39708767
27391389;27391831;59;37596134
27391393;27391154;40;38296845
27391393;27391346;19;38296842
27391396;27390976;58;38815019
27391396;27391358;15;38815017
27391412;27391631;42;39746585
27391431;27391091;36;37566535
27391431;27391507;22;37596074
27391431;27391814;39;38441185
27391438;27391276;61;39715480
27391460;27391737;31;38491336
27391460;27391743;37;37501285
27391470;27391372;59;39244765
27391470;27391740;64;39244770
27391474;27390039;194;39043380
27391474;27391148;131;39509179
27391485;27391985;287;39720789
27391507;27391091;44;37596211
27391507;27391431;22;37596073
27391507;27391646;24;37596072
27391510;27390936;59;37501078
27391517;27388957;399;38638184
27391517;27391871;50;39702254
27391517;27393068;286;38638183
27391548;27391388;19;39509044
27391548;27391623;11;39509134
27391551;27390942;70;39740924
27391551;27391566;6;39710630
27391551;27391631;60;39710625
27391556;27391287;37;39708760
27391556;27391350;22;39708763
27391566;27391551;6;39710629
27391567;27391647;12;39760829
27391567;27392143;96;39760836
27391603;27391431;15;38441184
27391603;27391507;23;37596210
27391623;27391388;29;39509139
27391627;27392271;76;37906316
27391631;27391412;42;39746584
27391631;27391551;60;39710626
27391631;27391646;31;39710627
27391638;27391163;57;39702247
27391638;27391748;19;38025212
27391640;27390274;145;38377155
27391640;27392065;51;38377188
27391646;27391507;24;37596071
27391646;27391631;31;39710628
27391646;27392460;113;37596070
27391647;27391567;12;39760830
27391647;27391811;24;39760831
27391657;27390354;137;38094943
27391657;27391510;19;37501077
27391698;27391105;58;38990842
27391699;27391485;150;37501104
27391699;27391856;25;37596043
27391722;27391474;29;39043379
27391722;27391642;32;37500711
27391723;27391188;69;37596218
27391723;27392015;45;37596217
27391723;27392209;85;37596178
27391737;27391743;31;38491337
27391737;27391900;32;38491329
27391740;27391470;64;39244769
27391740;27391808;16;39230461
27391743;27391906;47;38733021
27391748;27392452;128;38025211
27391796;27392118;221;37501083
27391796;27392516;142;37501087
27391801;27392070;36;37501094
27391806;27391147;68;37501096
27391808;27391740;16;39230460
27391808;27392118;92;37501089
27391808;27392442;85;37796351
27391811;27391647;24;39760832
27391811;27391874;9;39760827
27391814;27391603;24;38441183
27391814;27392258;54;37596209
27391830;27391900;14;38491335
27391831;27391306;71;39708770
27391831;27391389;59;37596133
27391831;27392015;30;37596132
27391840;27391699;42;37501103
27391850;27391722;17;39043378
27391850;27391995;20;38487921
27391856;27391961;42;37596045
27391857;27391281;75;39702257
27391871;27391517;50;39702255
27391874;27391811;9;39760828
27391874;27391926;7;39760825
27391879;27391856;51;37596064
27391879;27392262;47;37596055
27391900;27391737;32;38491330
27391900;27391830;14;38491334
27391900;27391964;10;38491333
27391906;27392463;76;38733020
27391906;27392548;84;37540726
27391926;27390912;152;39702265
27391926;27391874;7;39760826
27391926;27392456;97;39702262
27391961;27391840;18;37596046
27391961;27392103;87;37596044
27391964;27391900;10;38491332
27391985;27390363;357;39720790
27391985;27391796;96;37501080
27392015;27391723;45;37596216
27392015;27391831;30;37596131
27392015;27392200;33;37596215
27392040;27391281;93;37596039
27392040;27392136;25;38788893
27392040;27392460;63;37596038
27392065;27391640;51;38377189
27392065;27392270;25;38377378
27392070;27392516;94;37501095
27392098;27391806;38;37501097
27392103;27391840;87;37501102
27392103;27392366;182;37501105
27392110;27391147;137;37501081
27392110;27391801;236;37501085
27392118;27391808;92;37501088
27392118;27392110;19;37501084
27392136;27392040;25;38788892
27392136;27392186;71;38441344
27392136;27392186;15;38788891
27392143;27391567;96;39760835
27392143;27392213;11;39760834
27392148;27393253;311;39647506
27392177;27391396;87;38815015
27392177;27392262;50;38815021
27392186;27392136;15;38788890
27392186;27392136;71;38441345
27392186;27392347;87;38788889
27392200;27392015;33;37596214
27392200;27392643;87;37596181
27392200;27392754;99;37596213
27392209;27391723;85;37596177
27392209;27392643;79;39702259
27392209;27393019;160;37596176
27392213;27392143;11;39760833
27392213;27392358;23;39760838
27392254;27391657;71;37906307
27392258;27391814;54;37596208
27392258;27392754;69;37596207
27392258;27393643;210;37596143
27392260;27392065;22;39736771
27392262;27391879;47;37596054
27392262;27392177;50;38815020
27392262;27392574;44;37596053
27392270;27393226;134;39736772
27392271;27392301;3;37906314
27392279;27392295;3;37540983
27392285;27392467;42;39509058
27392295;27392279;3;37540982
27392295;27392368;19;37540981
27392301;27392366;28;37501107
27392301;27392785;69;37906313
27392347;27390478;204;37566562
27392347;27392186;87;38788888
27392347;27392574;148;37566546
27392347;27392955;86;37566533
27392358;27392213;23;39760837
27392358;27392408;10;39760840
27392366;27392103;182;37501106
27392366;27392785;65;37906308
27392368;27392295;19;37540980
27392368;27392417;16;38441191
27392368;27392606;64;37540979
27392377;27392295;11;38441192
27392408;27392358;10;39760839
27392408;27392456;7;39760824
27392442;27391808;85;37796350
27392442;27393022;124;37796349
27392442;27393397;166;38296837
27392449;27392098;60;37501098
27392449;27392118;165;37501082
27392452;27390197;254;38638220
27392452;27393005;79;39704884
27392455;27392738;51;39211605
27392456;27391926;97;39702263
27392456;27392408;7;39760823
27392456;27394646;358;39702260
27392460;27391646;113;37596069
27392460;27392040;63;37596037
27392460;27392916;97;37596068
27392463;27392553;17;38733023
27392467;27392285;42;39509059
27392467;27392852;100;39221185
27392485;27392254;31;37906321
27392516;27392485;146;37501086
27392548;27391906;84;37540727
27392548;27392553;26;39696422
27392548;27392666;53;37540724
27392553;27392548;26;39696423
27392553;27392634;22;38733022
27392574;27392262;44;37596052
27392574;27392347;148;37566545
27392574;27393117;351;37566544
27392598;27392670;29;39720406
27392606;27391196;173;37501276
27392606;27392368;64;37540978
27392634;27392606;21;38712558
27392634;27392885;64;38441220
27392634;27392948;123;37565524
27392643;27392209;79;39702258
27392643;27393471;160;37596180
27392654;27392449;189;37501079
27392654;27392485;26;37906320
27392666;27392548;53;37540725
27392666;27392670;16;37540722
27392666;27392948;44;37565527
27392670;27392598;29;39720405
27392670;27392666;16;37540723
27392670;27393397;207;37540720
27392724;27391850;141;39043377
27392724;27392467;60;39221186
27392738;27392455;51;39211604
27392738;27392949;289;39741520
27392738;27393022;44;39741517
27392754;27392200;99;37596212
27392754;27392258;69;37596206
27392754;27394495;223;37596205
27392785;27392969;26;37906312
27392798;27393596;134;39708750
27392850;27392910;14;39355544
27392852;27393005;99;39221183
27392852;27393305;93;39221184
27392885;27392606;50;37501275
27392885;27392970;21;38441221
27392910;27392850;14;39355545
27392910;27392942;16;39355542
27392910;27393222;48;39355537
27392916;27392460;97;37596067
27392916;27393100;86;39707049
27392916;27393152;67;37596066
27392916;27393643;131;39701564
27392942;27392910;16;39355543
27392948;27392634;123;37565525
27392948;27392666;44;37565526
27392948;27394696;242;37565522
27392949;27392738;289;39741519
27392949;27393413;108;39741514
27392949;27393660;106;37870278
27392955;27392347;86;37566534
27392955;27393032;48;37597176
27392955;27393152;29;37566531
27392969;27393117;54;37870297
27392969;27393154;27;37906311
27392970;27392885;21;38441222
27393005;27392452;79;39704885
27393005;27392852;99;39221182
27393005;27393986;126;39704882
27393019;27392209;160;37596175
27393019;27393471;77;39398577
27393019;27393670;121;37596174
27393022;27392442;124;37796348
27393022;27392738;44;39741518
27393022;27393121;16;39741515
27393032;27392955;48;37597177
27393068;27391517;286;38638182
27393068;27393253;34;38638181
27393100;27392916;86;39707050
27393117;27392574;351;37566543
27393117;27393154;29;37566542
27393117;27393414;56;37870296
27393121;27393022;16;39741516
27393121;27393818;99;39741511
27393121;27394201;142;37565531
27393152;27392916;67;37596065
27393152;27392955;29;37566532
27393152;27394477;163;37566529
27393154;27393117;29;37566541
27393154;27393414;31;37906310
27393222;27392910;48;39355536
27393222;27393544;75;39355541
27393222;27393544;42;39355535
27393222;27393660;115;39355538
27393226;27392260;136;38377362
27393226;27393154;11;38377143
27393226;27393625;49;38377153
27393246;27392654;81;37906319
27393253;27392148;311;39647505
27393253;27393068;34;38638180
27393253;27393472;37;38638179
27393253;27393554;47;37500716
27393305;27392724;99;39043376
27393397;27392442;166;38296838
27393397;27392670;207;37540721
27393397;27393635;53;37540718
27393413;27392949;108;39741513
27393413;27393246;25;37565533
27393414;27394071;80;37906309
27393471;27393019;77;39398576
27393471;27393788;51;37596191
27393471;27394170;120;39398575
27393472;27393253;37;38638178
27393472;27393474;28;37500722
27393472;27394098;111;38638177
27393474;27393554;32;37500721
27393474;27394025;84;39744384
27393517;27393246;33;37906318
27393517;27393413;21;37565532
27393530;27394164;101;39701557
27393530;27394553;140;39707052
27393544;27393222;42;39355534
27393544;27393222;75;39355540
27393544;27393975;115;39355533
27393550;27393621;13;39708726
27393550;27393900;140;37565521
27393554;27393068;60;37500720
27393554;27393253;47;37500717
27393554;27393829;47;37500714
27393564;27393550;11;39708727
27393596;27392798;134;39708751
27393596;27393152;103;37566549
27393620;27388621;833;38770734
27393625;27393226;49;38377152
27393625;27395371;212;38377174
27393635;27393397;53;37540719
27393635;27393903;73;37540716
27393635;27394097;98;37565528
27393639;27393305;50;39043375
27393643;27392258;210;37596144
27393643;27392916;131;39701563
27393643;27394288;99;37596141
27393657;27393596;15;37566548
27393657;27394076;52;37596540
27393660;27392949;106;37870277
27393660;27393222;115;39355539
27393660;27393805;20;37870276
27393670;27393019;121;37596173
27393670;27393941;50;37596172
27393670;27394170;79;37596146
27393709;27394335;83;37597175
27393720;27393517;26;38720229
27393720;27393625;12;38377168
27393788;27393471;51;37596190
27393788;27394164;49;37596189
27393788;27395503;277;37596195
27393805;27393660;20;37870275
27393805;27393975;23;37870274
27393805;27394051;60;39710632
27393818;27393121;99;39741512
27393818;27393903;16;37565493
27393818;27394201;113;37565492
27393829;27393554;47;37500715
27393829;27394364;84;37559412
27393853;27394130;62;39547937
27393870;27393875;1;37565495
27393900;27393550;140;37565520
27393903;27393635;73;37540717
27393903;27393818;16;37565494
27393903;27394248;52;38850983
27393903;27395245;216;39710645
27393941;27393670;50;37596171
27393941;27393853;18;39547938
27393941;27394253;49;37596170
27393959;27393639;42;37982447
27393975;27393544;115;39355532
27393975;27393805;23;37870273
27393975;27394224;60;38638222
27393975;27394332;47;37870272
27393986;27393005;126;39704883
27393986;27394317;41;37566493
27394025;27393474;84;39744385
27394051;27393805;60;39710631
27394051;27394224;21;38638217
27394051;27394230;43;38638216
27394057;27393620;75;38770733
27394057;27394197;61;37500719
27394071;27393657;416;37566547
27394071;27394537;57;38094953
27394076;27393657;52;37596541
27394076;27394428;72;37596535
27394076;27395316;156;37596538
27394097;27393635;98;37565529
27394097;27394227;74;39710638
27394097;27394247;18;39710655
27394097;27394564;92;39710633
27394098;27393472;111;38638176
27394098;27393986;51;37566492
27394098;27394317;43;37566512
27394130;27393853;46;39547933
27394130;27394253;18;39547936
27394164;27393530;101;39701556
27394164;27393788;49;37596188
27394164;27394504;60;37596187
27394170;27395790;242;39398574
27394197;27393620;69;39746590
27394197;27394413;30;39746589
27394201;27394991;196;37565491
27394201;27395245;130;37565530
27394213;27394750;110;37500697
27394213;27395887;301;38770845
27394224;27393975;60;38638221
27394224;27394051;21;38638218
27394224;27394403;26;38638213
27394227;27394097;74;39710637
27394227;27394248;37;39710648
27394227;27394490;37;39710636
27394230;27394051;43;38638215
27394247;27394097;18;39710656
27394247;27394266;41;39710659
27394247;27394579;42;39710653
27394248;27393903;52;38850984
27394248;27394227;37;39710647
27394248;27394490;38;38850981
27394253;27393941;49;37596169
27394253;27394646;75;37596168
27394266;27394247;41;39710660
27394288;27393643;99;37596142
27394288;27394531;47;37597240
27394288;27394539;47;37596139
27394293;27394057;40;38770732
27394317;27394098;43;37566511
27394317;27395285;135;38638194
27394332;27393975;47;37870271
27394332;27394554;60;38638175
27394335;27393709;83;37597174
27394335;27394428;28;37597171
27394335;27394617;43;37597173
27394364;27393829;84;37559413
27394364;27394432;12;37559410
27394369;27394293;9;39746770
27394392;27394531;79;37597238
27394403;27394224;26;38638214
27394403;27394554;22;38638211
27394403;27394593;52;39701578
27394413;27394432;33;39746588
27394428;27394335;28;37597170
27394428;27395158;132;37596534
27394432;27394364;12;37559411
27394432;27394613;32;37559408
27394432;27394709;34;37500718
27394475;27394537;30;38979252
27394477;27393152;163;37566530
27394477;27394539;21;37596145
27394477;27394681;24;37566527
27394490;27394227;37;39710635
27394490;27394248;38;38850982
27394490;27394608;13;38850979
27394495;27392754;223;37596204
27394495;27394542;21;37597252
27394495;27394683;22;37596203
27394504;27394164;60;37596186
27394504;27394553;26;37596185
27394504;27395096;71;39702268
27394531;27394288;47;37597241
27394531;27394392;79;37597239
27394531;27394677;187;37597208
27394531;27394833;38;37597207
27394537;27394475;30;38979251
27394537;27394966;52;38094952
27394539;27394288;47;37596140
27394539;27394681;23;39708772
27394542;27394495;21;37597253
27394542;27394677;77;37597250
27394542;27394772;29;38441302
27394550;27394900;44;38979254
27394553;27393530;140;39707051
27394553;27394504;26;37596184
27394553;27394683;69;37596183
27394554;27394332;60;38638174
27394554;27394403;22;38638212
27394554;27394747;26;38638209
27394564;27394097;92;39710634
27394564;27395802;155;39720411
27394579;27394247;42;39710654
27394579;27394748;44;39710658
27394579;27394748;20;39710651
27394593;27394403;52;39701579
27394608;27394490;13;38850980
27394608;27394977;43;38850977
27394608;27395343;99;39509131
27394613;27394413;27;37559433
27394613;27394432;32;37559409
27394613;27394803;37;37559406
27394617;27394335;43;37597172
27394646;27392456;358;39702261
27394646;27394253;75;37596167
27394646;27394897;45;37596166
27394677;27394531;187;37597209
27394677;27394542;77;37597251
27394677;27394920;30;37597204
27394681;27394477;24;37566528
27394681;27395135;55;37566525
27394683;27394495;22;37596202
27394683;27394553;69;37596182
27394683;27395945;178;37596201
27394692;27394369;55;39746769
27394692;27394714;49;39746771
27394696;27392948;242;37565523
27394696;27395093;148;37565518
27394696;27396216;272;37565517
27394709;27394613;31;39746594
27394709;27394714;35;39746592
27394714;27394369;44;39746593
27394714;27394709;35;39746591
27394747;27394554;26;38638210
27394747;27394931;46;39701580
27394747;27394991;32;38638207
27394748;27394579;20;39710652
27394748;27394579;44;39710657
27394748;27394875;15;39710649
27394750;27395078;59;39754207
27394750;27395078;56;37500696
27394772;27394542;29;38441303
27394772;27394920;77;37597248
27394772;27395109;42;38441300
27394796;27395274;77;39724944
27394803;27394613;37;37559407
27394803;27395225;87;37559404
27394803;27395274;79;37596094
27394833;27394531;38;37597206
27394833;27394953;22;38441361
27394833;27395055;26;37597203
27394843;27394953;62;37597236
27394854;27394900;16;38979255
27394875;27394748;15;39710650
27394897;27394253;181;37596179
27394897;27394646;45;37596165
27394897;27395225;50;37596164
27394900;27394550;44;38979253
27394900;27394854;16;38979256
27394900;27394966;19;38979257
27394920;27394677;30;37597205
27394920;27394772;77;37597249
27394920;27395670;98;37597198
27394931;27394747;46;39701581
27394953;27394833;22;38441362
27394953;27394843;62;37597237
27394953;27395323;49;38441359
27394966;27394900;19;38979258
27394966;27396006;135;38094951
27394977;27394608;43;38850978
27394977;27395303;106;38850986
27394977;27395343;43;38850975
27394991;27394747;32;38638208
27394991;27395588;95;37565490
27394999;27394258;276;37500949
27395000;27395605;84;38774516
27395000;27395605;86;38774513
27395036;27393639;195;39043374
27395055;27394833;26;37597202
27395055;27395234;90;37597255
27395055;27395323;31;37597201
27395078;27395285;35;37500695
27395093;27394696;148;37565519
27395096;27394504;71;39702269
27395096;27395133;11;39702266
27395096;27395175;12;39702270
27395109;27394772;42;38441301
27395133;27395096;11;39702267
27395135;27394681;55;37566526
27395135;27395158;15;37596550
27395135;27395234;12;37566523
27395147;27395363;49;39720659
27395158;27395135;15;37596551
27395158;27395693;105;37596548
27395175;27395096;12;39702271
27395223;27395322;17;37621609
27395225;27394803;87;37559405
27395225;27394897;50;37596163
27395225;27395326;20;37559402
27395234;27395055;90;37597254
27395234;27395135;12;37566524
27395234;27395914;90;37566521
27395245;27393903;216;39710646
27395245;27395949;109;39710643
27395274;27394796;77;39724943
27395274;27394803;79;37596093
27395274;27396912;267;37596092
27395283;27394999;39;38488040
27395283;27395036;31;39043373
27395285;27395832;115;39746768
27395288;27395322;11;37596158
27395303;27394977;106;38850985
27395307;27395420;75;37597242
27395316;27394076;156;37596539
27395316;27396263;133;37596536
27395322;27395223;17;37621610
27395322;27395288;11;37596157
27395322;27395738;60;37596156
27395323;27394953;49;38441360
27395323;27395055;31;37597200
27395323;27395420;14;39696436
27395326;27395225;20;37559403
27395326;27395412;22;37559400
27395326;27395491;27;39720657
27395343;27394977;43;38850976
27395343;27395600;50;38850973
27395363;27395147;49;39720660
27395371;27393625;212;38377175
27395371;27396035;90;38377344
27395412;27395326;22;37559401
27395412;27395627;57;37559398
27395420;27395307;75;37597243
27395420;27395722;44;39696435
27395491;27395326;27;39720658
27395491;27395557;18;39754209
27395491;27395842;56;39754212
27395503;27393788;277;37596194
27395503;27395678;47;37596151
27395503;27395790;89;37596193
27395523;27394692;145;37559426
27395557;27395491;18;39754210
27395568;27395036;71;39043370
27395568;27395283;40;39043372
27395588;27395933;70;39740916
27395588;27396175;93;37565489
27395600;27395343;50;38850974
27395605;27395963;44;38774515
27395627;27395412;80;39754208
27395627;27395412;57;37559399
27395627;27395704;20;37559396
27395670;27394920;98;37597199
27395670;27395822;82;37597246
27395670;27395945;175;37596529
27395670;27396106;54;37597196
27395678;27395503;47;37596152
27395678;27395738;71;37596159
27395678;27396017;76;37596149
27395693;27395158;105;37596549
27395693;27395316;142;37596542
27395693;27396064;65;39696428
27395704;27395627;20;37559397
27395704;27395790;22;37559394
27395722;27395822;12;37597245
27395722;27395895;79;39696434
27395737;27395949;38;39736168
27395738;27395322;60;37596155
27395738;27395678;71;37596160
27395738;27396017;35;37596154
27395771;27395523;54;39754206
27395771;27395523;52;37559425
27395790;27395503;89;37596192
27395790;27395704;22;37559395
27395790;27395988;46;37558679
27395802;27394564;155;39720412
27395802;27395826;46;39211606
27395802;27396216;223;39720407
27395822;27395670;82;37597247
27395822;27395722;12;37597244
27395822;27395964;24;37597226
27395822;27395987;76;39708733
27395822;27396091;34;39708731
27395826;27395802;46;39211607
27395832;27395568;45;39043371
27395832;27395963;43;39648325
27395842;27395491;56;39754211
27395881;27395964;33;39708741
27395887;27396336;86;37500943
27395895;27395914;12;39696433
27395895;27395987;16;37597225
27395900;27395704;21;39701558
27395900;27395790;25;38937757
27395914;27395234;90;37566522
27395914;27396139;31;37566587
27395933;27395588;70;39740917
27395945;27394683;178;37596200
27395945;27395670;175;37596528
27395945;27396508;86;37596199
27395949;27395245;109;39710644
27395949;27395737;38;39736167
27395949;27396714;117;39710641
27395950;27396326;56;39701583
27395958;27394293;304;37500942
27395964;27395822;24;37597227
27395964;27395881;33;39708740
27395964;27396200;33;37597220
27395987;27395822;76;39708732
27395987;27395895;16;37597224
27395987;27396176;26;37597223
27395988;27395790;46;37558680
27395988;27396525;81;38692833
27395988;27397031;240;37558677
27396006;27396152;19;38377264
27396006;27396402;51;38094950
27396017;27395678;76;37596150
27396017;27395738;35;37596153
27396017;27396508;115;37596147
27396035;27395371;90;38377345
27396035;27396006;8;38377268
27396035;27396152;16;38377342
27396064;27395914;165;37596547
27396064;27396263;131;37596543
27396080;27393720;296;38720228
27396080;27396035;9;38377267
27396091;27395822;34;39708730
27396091;27396176;57;37597234
27396091;27396222;25;39708735
27396106;27395670;54;37597197
27396106;27396247;75;39720413
27396139;27395914;31;37566588
27396139;27396409;34;37566585
27396139;27396878;102;39696430
27396152;27396035;16;38377343
27396152;27396215;10;38720277
27396152;27397132;124;38720278
27396175;27396326;28;37565488
27396175;27396648;99;39740918
27396176;27395987;26;37597222
27396176;27396091;57;37597235
27396176;27396423;32;37597217
27396192;27395771;67;37559424
27396192;27395832;58;39648323
27396194;27396216;6;39720410
27396200;27395964;33;37597221
27396200;27396222;10;39708736
27396200;27396247;5;37597218
27396215;27396080;19;38774595
27396215;27396763;83;37540667
27396216;27394696;272;37565516
27396216;27395802;223;39720408
27396216;27396194;6;39720409
27396222;27396091;25;39708734
27396222;27396200;10;39708737
27396222;27396285;9;39708738
27396247;27396106;75;39720414
27396247;27396200;5;37597219
27396247;27396285;9;37597232
27396247;27396537;40;37597214
27396255;27396192;8;39648322
27396263;27395316;133;37596537
27396263;27396432;65;39696427
27396285;27396222;9;39708739
27396285;27396247;9;37597233
27396285;27396423;69;37597230
27396326;27395950;56;39701582
27396326;27396700;81;37565487
27396388;27395958;85;37500941
27396402;27396470;127;39696424
27396402;27397103;87;38094949
27396409;27396139;34;37566586
27396409;27397216;114;37566583
27396423;27396176;32;37597216
27396423;27396285;69;37597231
27396423;27396689;34;37597213
27396432;27396470;46;39696425
27396432;27396564;50;39704847
27396448;27396255;45;39648320
27396448;27396673;35;37500683
27396470;27396432;46;39696426
27396470;27397103;135;37596544
27396508;27395945;86;37596198
27396508;27396017;115;37596148
27396508;27397031;72;37596197
27396525;27395988;81;38692832
27396525;27396566;10;37596106
27396525;27396643;15;37596127
27396537;27396247;40;37597215
27396537;27396689;77;37597228
27396537;27396689;135;37597210
27396564;27396432;50;39704846
27396564;27396658;19;39704845
27396564;27397632;168;37596530
27396566;27396525;10;37596105
27396566;27396853;63;37596104
27396570;27396673;44;37500679
27396643;27396685;5;37596261
27396643;27396933;112;37596317
27396643;27396936;50;37596126
27396648;27396175;99;39740919
27396658;27396409;308;39709897
27396658;27396564;19;39704844
27396658;27397665;165;39704843
27396667;27396714;10;39701585
27396673;27396816;18;37500682
27396685;27396566;17;39702278
27396685;27396643;5;37596262
27396685;27397040;59;37596259
27396689;27396423;34;37597212
27396689;27396537;135;37597211
27396689;27396537;77;37597229
27396700;27396080;96;38720213
27396700;27396763;16;38377218
27396714;27395949;117;39710642
27396714;27396667;10;39701584
27396714;27397966;181;39710639
27396750;27396255;64;39754217
27396763;27396700;16;38377217
27396763;27398053;182;37540666
27396771;27396215;70;38774594
27396771;27396763;64;37500249
27396816;27397245;57;37500681
27396816;27397389;73;38774517
27396853;27396566;63;37596103
27396853;27397040;34;37596258
27396853;27397067;42;37596102
27396878;27396139;102;39696429
27396878;27397259;64;39689683
27396912;27395274;267;37596091
27396912;27395900;315;38937756
27396933;27396643;112;37596316
27396933;27397202;48;37596320
27396933;27397261;59;37596315
27396936;27396968;6;37596347
27396936;27397202;47;37596125
27396968;27396685;49;39702277
27396968;27396936;6;37596346
27396968;27397236;45;37596345
27397019;27397531;70;37566556
27397019;27398107;238;37566555
27397031;27395988;240;37558678
27397031;27396508;72;37596196
27397031;27397260;37;37566597
27397031;27397263;55;38937723
27397040;27396685;59;37596260
27397040;27396853;34;37596257
27397040;27397331;48;37596256
27397053;27396912;38;38937755
27397053;27397417;42;37558970
27397067;27396853;42;37596101
27397067;27397203;25;37596120
27397067;27397381;60;37596100
27397103;27397132;9;38377177
27397103;27400530;454;38094948
27397132;27396152;124;38720279
27397132;27397174;8;38377176
27397132;27400665;466;38377354
27397174;27396771;50;38774593
27397174;27398053;205;37540668
27397202;27396933;48;37596321
27397202;27397233;5;37596318
27397202;27397333;20;37596124
27397203;27397067;25;37596119
27397203;27397554;135;39708807
27397203;27397554;57;37596118
27397216;27396409;114;37566584
27397216;27397397;42;37566581
27397233;27396968;47;39702276
27397233;27397202;5;37596319
27397236;27396968;45;37596344
27397236;27397331;14;37596343
27397236;27397481;40;37596331
27397245;27397389;16;37500680
27397245;27397589;51;37883913
27397259;27397343;38;39689682
27397259;27397598;40;39696431
27397260;27397442;28;37566596
27397260;27397509;59;37596303
27397261;27396933;59;37596314
27397261;27397442;63;37596312
27397261;27397576;49;37596311
27397263;27397031;55;38937724
27397263;27397509;34;38937702
27397263;27397531;54;38937721
27397296;27396750;74;38774666
27397296;27396750;71;39754216
27397331;27397040;48;37596255
27397331;27397236;14;37596342
27397331;27397596;42;37596341
27397333;27397365;5;37596339
27397333;27397467;22;37596123
27397343;27397216;19;39708742
27397343;27397397;44;39689681
27397365;27397233;20;39702275
27397365;27397333;5;37596338
27397365;27397649;45;37596337
27397381;27397067;60;37596099
27397381;27398078;110;37596098
27397389;27397715;38;38774542
27397397;27397216;42;37566582
27397397;27397507;56;37566579
27397413;27397417;17;39754236
27397413;27397493;11;38709255
27397413;27397851;68;38709268
27397417;27397053;42;37558971
27397417;27397413;17;39754235
27397417;27397494;11;37558968
27397442;27397261;63;37596313
27397442;27397854;67;37566595
27397467;27397488;5;37596307
27397467;27397576;19;37596122
27397481;27397236;40;37596330
27397481;27397649;27;37596329
27397481;27397830;57;37596335
27397488;27397365;22;39702274
27397488;27397467;5;37596306
27397488;27397766;45;37596305
27397493;27397413;11;38709256
27397493;27397494;17;39754237
27397493;27397851;59;38709253
27397494;27397417;11;37558969
27397494;27397493;17;39754238
27397494;27398740;158;37558966
27397507;27397397;56;37566580
27397507;27397665;80;37566577
27397507;27397806;37;39689680
27397509;27397263;34;38937701
27397509;27397889;79;37596302
27397509;27399403;360;38937700
27397531;27397019;70;37566557
27397531;27397263;54;38937722
27397531;27398130;133;38937719
27397554;27397203;57;37596117
27397554;27397203;135;39708806
27397554;27397596;7;37596116
27397576;27397261;49;37596310
27397576;27397614;5;37596309
27397576;27397854;47;37596121
27397589;27397053;141;37566775
27397589;27397296;34;39754215
27397596;27397331;42;37596340
27397596;27397554;7;37596115
27397596;27397654;9;37596114
27397598;27397259;40;39696432
27397598;27397786;99;37597186
27397598;27397934;57;37596527
27397614;27397488;19;39702273
27397614;27397576;5;37596308
27397632;27396564;168;37596531
27397632;27397814;226;37596533
27397649;27397365;45;37596336
27397649;27397481;27;37596328
27397649;27397766;21;37596327
27397654;27397596;9;37596113
27397654;27397830;31;37596112
27397654;27398078;69;39708805
27397665;27396658;165;39704842
27397665;27397507;80;37566578
27397665;27397814;21;37596546
27397692;27397783;22;37540323
27397766;27397488;45;37596304
27397766;27397649;21;37596326
27397766;27397917;26;37596325
27397771;27397589;22;39754214
27397771;27397715;22;37883949
27397783;27397692;22;37540324
27397783;27397919;20;37595686
27397783;27398122;72;37540321
27397786;27397598;99;37597187
27397786;27397806;16;37597184
27397786;27397970;23;39689676
27397806;27397507;37;39689679
27397806;27397786;16;37597185
27397806;27397921;61;37597182
27397806;27397970;22;39689678
27397814;27397632;226;37596532
27397814;27397665;21;37596545
27397814;27398239;60;37566575
27397830;27397481;57;37596334
27397830;27397654;31;37596111
27397830;27398258;74;37596110
27397851;27397413;68;38709267
27397851;27397493;59;38709254
27397851;27398186;94;38709251
27397854;27397893;6;37566594
27397889;27398397;81;39695911
27397889;27398444;111;37596301
27397893;27397614;47;39702272
27397893;27398166;44;37566593
27397917;27397766;26;37596324
27397917;27398166;41;37596323
27397917;27398258;57;37596333
27397919;27397783;20;37595685
27397921;27397806;61;37597183
27397934;27397598;57;37596526
27397934;27398071;64;37597168
27397934;27398273;45;37596525
27397966;27396700;183;38720212
27397966;27396714;181;39710640
27397966;27398053;16;37935619
27397968;27397771;24;39754213
27397968;27398765;116;39754220
27397970;27397786;23;39689675
27397970;27397806;22;39689677
27397970;27398071;10;39689674
27398033;27397968;7;39754218
27398041;27398096;108;39754250
27398041;27398208;29;39724945
27398041;27398277;30;39754241
27398053;27397966;16;37935620
27398053;27398199;21;37540665
27398071;27397934;64;37597169
27398071;27397970;10;39689673
27398071;27398162;55;37597166
27398071;27398321;35;39689672
27398078;27397381;110;37596097
27398078;27397654;69;39708804
27398078;27398767;134;37596096
27398096;27398041;108;39754249
27398096;27398183;12;39754248
27398096;27398387;58;39754225
27398107;27397019;238;37566554
27398107;27398537;70;39617639
27398107;27398813;181;37566553
27398122;27397783;72;37540322
27398122;27398601;117;37540319
27398122;27398807;104;37595683
27398130;27397531;133;38937720
27398130;27398444;51;38692751
27398130;27398537;105;38937717
27398162;27398071;55;37597167
27398166;27397917;41;37596322
27398166;27398430;57;37566592
27398183;27398096;12;39754247
27398183;27398328;28;39754228
27398183;27398488;44;39754246
27398186;27397851;94;38709252
27398186;27398196;39;38709245
27398186;27398888;99;38709249
27398196;27398186;39;38709246
27398196;27398208;23;38709243
27398196;27398426;32;39754260
27398199;27399097;137;37540664
27398208;27398041;29;39724946
27398208;27398196;23;38709244
27398208;27398277;23;38709241
27398225;27397174;126;38774592
27398239;27397814;60;37566576
27398239;27398418;112;37596501
27398239;27398530;49;37566573
27398247;27398425;25;39754256
27398258;27397830;74;37596109
27398258;27397917;57;37596332
27398258;27398430;36;37596108
27398273;27397934;45;37596524
27398273;27398321;41;37597190
27398273;27398494;32;37596523
27398277;27398041;30;39754242
27398277;27398208;23;38709242
27398277;27398499;32;39754239
27398321;27398071;35;39689671
27398321;27398273;41;37597191
27398321;27398372;38;37597188
27398328;27398183;28;39754227
27398372;27398321;38;37597189
27398387;27398096;58;39754226
27398387;27398692;67;39754224
27398387;27398692;47;39754222
27398397;27397889;81;39695912
27398397;27398726;81;37596289
27398397;27399128;148;37596286
27398418;27398239;112;37596502
27398418;27398441;18;37596499
27398418;27398575;23;37596496
27398425;27398247;25;39754255
27398425;27398426;11;39754251
27398425;27398576;22;39754254
27398426;27398196;32;39754259
27398426;27398425;11;39754252
27398426;27398888;109;39754258
27398430;27398258;36;37596107
27398430;27398767;72;37566591
27398441;27398418;18;37596500
27398441;27398485;35;37596497
27398441;27398571;23;39403694
27398444;27398130;51;38692750
27398444;27398641;36;37596300
27398444;27398658;34;37596282
27398485;27398441;35;37596498
27398488;27398183;44;39754245
27398488;27398499;63;39754244
27398488;27398630;20;39754232
27398494;27398273;32;37596522
27398494;27398568;55;37597192
27398494;27398718;31;37596521
27398499;27398277;32;39754240
27398499;27398488;63;39754243
27398499;27398888;165;38709248
27398530;27398239;49;37566574
27398530;27398739;128;37596494
27398530;27398841;51;37566571
27398537;27398107;70;39617640
27398537;27398130;105;38937718
27398537;27399443;225;38937715
27398568;27398494;55;37597193
27398571;27398441;23;39403695
27398571;27398623;29;39689663
27398571;27398652;12;39403692
27398575;27398652;43;39689661
27398575;27398739;21;37596495
27398576;27398425;22;39754253
27398601;27398122;117;37540320
27398601;27398971;95;37558217
27398601;27399156;80;37540690
27398623;27398571;29;39689664
27398630;27398488;20;39754231
27398630;27398811;28;39754234
27398630;27398819;31;39754230
27398641;27398678;6;37596299
27398652;27398571;12;39403693
27398652;27398575;43;39689662
27398652;27398812;27;39403690
27398658;27398444;34;37596281
27398658;27398641;39;37596235
27398658;27398852;31;37596280
27398678;27399231;87;37596298
27398678;27399387;107;39708789
27398692;27398387;47;39754221
27398692;27398387;67;39754223
27398718;27398494;31;37596520
27398718;27398795;40;39689669
27398718;27398813;15;37596519
27398726;27398397;81;37596290
27398726;27398852;32;37596287
27398726;27399284;95;39707053
27398739;27398812;63;39689667
27398739;27399043;48;37596493
27398740;27397494;158;37558967
27398740;27399686;156;39704895
27398740;27400299;213;38937703
27398765;27397968;116;39754219
27398767;27398078;134;37596095
27398767;27399249;97;37566590
27398795;27398718;40;39689670
27398807;27398122;104;37595684
27398811;27398630;28;39754233
27398812;27398652;27;39403691
27398812;27398739;63;39689668
27398812;27398871;30;39689665
27398812;27398943;18;39403688
27398813;27398107;181;37566552
27398813;27398718;15;37596518
27398813;27399006;47;37566551
27398819;27398630;31;39754229
27398841;27398530;51;37566572
27398841;27399006;27;37566569
27398852;27398658;31;37596279
27398852;27398726;32;37596288
27398852;27399682;149;37596278
27398871;27398812;30;39689666
27398888;27398186;99;38709250
27398888;27398426;109;39754257
27398888;27398499;165;38709247
27398928;27398225;102;38774591
27398943;27398812;18;39403689
27398943;27399043;38;37596516
27398971;27398601;95;37558218
27398971;27399301;94;37558215
27398971;27399472;74;38441201
27399006;27398813;47;37566550
27399006;27398841;27;37566570
27399006;27399195;28;37566567
27399021;27397966;159;38720211
27399021;27399097;18;38417186
27399043;27399153;14;37596515
27399097;27399021;18;38417187
27399097;27399306;33;37540663
27399112;27399152;85;37596504
27399117;27399393;77;37595697
27399128;27398397;148;37596285
27399128;27399371;111;39720582
27399128;27400318;194;37596284
27399152;27398943;36;37596514
27399152;27399112;85;37596503
27399153;27398841;178;37596517
27399153;27399503;51;37596512
27399156;27398601;80;37540691
27399156;27399393;39;37540688
27399156;27399441;89;38720219
27399158;27399021;43;38441317
27399158;27399252;29;38441338
27399195;27399006;28;37566568
27399195;27399385;126;37597179
27399195;27399443;43;37566565
27399231;27399387;95;39708791
27399231;27399495;42;37596297
27399243;27399152;15;37596513
27399243;27399296;37;37597180
27399249;27399434;29;37566598
27399249;27399450;42;37566589
27399252;27399021;34;38712465
27399252;27399306;18;38417189
27399280;27398225;167;37935621
27399284;27398726;95;39707054
27399296;27399243;37;37597181
27399301;27398971;94;37558216
27399301;27399522;66;38712472
27399301;27399791;71;37540669
27399306;27399252;18;38417188
27399306;27399978;99;37540662
27399371;27399128;111;39720583
27399378;27399387;31;39708793
27399385;27399503;73;37597178
27399385;27399700;43;37596510
27399387;27398678;107;39708788
27399387;27399231;95;39708790
27399387;27399378;31;39708792
27399387;27399768;50;39708787
27399393;27399117;77;37595698
27399393;27399156;39;37540689
27399393;27399550;23;37540686
27399403;27397509;360;38937699
27399403;27399434;75;38937698
27399403;27399904;64;39701553
27399434;27399403;75;38937697
27399434;27399450;37;38937696
27399441;27398971;75;38441202
27399441;27399156;89;38720218
27399441;27399472;9;38720217
27399443;27398537;225;38937716
27399443;27399195;43;37566566
27399443;27399569;30;38937713
27399448;27399280;29;37595058
27399450;27399434;37;38937695
27399450;27399468;17;38937728
27399468;27399450;17;38937727
27399468;27399686;161;39704898
27399468;27400039;74;38937690
27399472;27399441;9;38720216
27399472;27399791;90;38720215
27399472;27399899;62;38441199
27399495;27399580;14;37596296
27399495;27399768;127;37596230
27399503;27399557;32;37597195
27399522;27399158;214;38712471
27399522;27399301;66;38712473
27399522;27400034;73;37540728
27399550;27399393;23;37540687
27399550;27399869;88;37540737
27399550;27399959;60;37540684
27399557;27399598;32;37597194
27399569;27399443;30;38937714
27399569;27399995;64;37596023
27399569;27400414;213;38937711
27399580;27399652;14;37596295
27399580;27399886;40;37596234
27399597;27398199;244;37540714
27399597;27398928;129;37595050
27399598;27399243;50;37596511
27399598;27399661;39;39124502
27399652;27399809;23;37596294
27399652;27399841;104;39695913
27399661;27399598;39;39124503
27399670;27399700;15;37596508
27399682;27398852;149;37596277
27399682;27399868;37;37596276
27399682;27399962;40;37596229
27399686;27398740;156;39704896
27399686;27399468;161;39704897
27399686;27400211;88;39704893
27399686;27400278;146;39205955
27399700;27399670;15;37596509
27399700;27399894;103;39403341
27399768;27399387;50;39708786
27399768;27399495;127;37596231
27399768;27399962;89;37596226
27399791;27399301;71;37540670
27399791;27399472;90;38720214
27399791;27400034;68;38712432
27399791;27400194;63;38720226
27399809;27399841;76;37596293
27399841;27399995;99;37596292
27399868;27399682;37;37596275
27399868;27400127;41;39708803
27399868;27400261;98;37596274
27399869;27399441;62;38441200
27399869;27399550;88;37540736
27399869;27399899;9;37540735
27399886;27399809;39;37596238
27399886;27399932;16;37596015
27399886;27400280;110;37596254
27399894;27399557;44;37596507
27399894;27400006;67;39124500
27399899;27399869;9;37540734
27399899;27400194;90;37540733
27399899;27400286;62;38441197
27399904;27399403;64;39701552
27399904;27399974;18;38707955
27399904;27400001;15;38707954
27399932;27399886;16;37596014
27399932;27400693;180;37596013
27399932;27400813;115;39701555
27399959;27399550;60;37540685
27399962;27399682;40;37596228
27399962;27399768;89;37596227
27399962;27400087;21;39708784
27399974;27399904;18;38707956
27399974;27400030;9;38707951
27399974;27400366;101;38707960
27399978;27400061;12;37540661
27399978;27400289;96;37540706
27399980;27400248;87;37595696
27399990;27399252;110;38712464
27399990;27400061;19;39508928
27399995;27399569;64;37596022
27399995;27400504;75;37596021
27399995;27401542;279;37596291
27400001;27399904;15;38707953
27400001;27400030;11;38707950
27400001;27400152;29;38707972
27400006;27399894;67;39124501
27400030;27399974;9;38707952
27400030;27400001;11;38707949
27400034;27399522;73;37540729
27400034;27399791;68;38712431
27400034;27400214;60;37540655
27400034;27400423;62;38712447
27400039;27399468;74;38937689
27400061;27399990;19;39508927
27400061;27400754;103;37540660
27400078;27399597;69;37540713
27400087;27399962;21;39708785
27400087;27400127;19;39708800
27400087;27400557;84;39708782
27400127;27399868;41;39708802
27400127;27400087;19;39708801
27400127;27400398;50;39708798
27400137;27400154;12;39701561
27400152;27400001;29;38707971
27400152;27400167;5;39702283
27400152;27400370;39;38707970
27400154;27399894;38;37596506
27400154;27400137;12;39701562
27400154;27400199;23;39701559
27400160;27400167;19;39702286
27400167;27400152;5;39702284
27400167;27400160;19;39702285
27400167;27400231;19;39702281
27400175;27398033;293;38774649
27400194;27399791;63;38720227
27400194;27399899;90;37540732
27400194;27400423;68;37540731
27400194;27400616;61;38720224
27400199;27400154;23;39701560
27400211;27399686;88;39704894
27400211;27400350;30;39704891
27400211;27400424;30;38488028
27400214;27400034;60;37540654
27400214;27400232;7;37540653
27400231;27400167;19;39702282
27400232;27400214;7;37540652
27400232;27400673;115;37540651
27400232;27401183;125;37540672
27400236;27399448;151;37540710
27400248;27399869;62;38441198
27400248;27399980;87;37595695
27400248;27400286;9;37595694
27400261;27399868;98;37596273
27400261;27400318;10;37596272
27400261;27400480;28;38487931
27400278;27399686;146;39205954
27400278;27400299;7;39205969
27400280;27399886;110;37596253
27400280;27400557;67;37596252
27400280;27400813;132;38441262
27400286;27400248;9;37595693
27400286;27400616;90;37595692
27400286;27400740;64;38441195
27400289;27400236;63;37540708
27400289;27400425;39;37540705
27400299;27398740;213;38937704
27400299;27400175;33;39205968
27400318;27399128;194;37596283
27400318;27400261;10;37596271
27400318;27400384;16;37596270
27400350;27400211;30;39704892
27400350;27400360;47;37595988
27400350;27400424;37;39724974
27400350;27400544;46;39704889
27400356;27400603;30;39702290
27400360;27400350;47;37595989
27400360;27400544;25;38488050
27400360;27400786;151;37595986
27400366;27399974;101;38707959
27400366;27400475;23;38707958
27400366;27400643;54;38707963
27400370;27400152;39;38707969
27400370;27400432;8;38707968
27400370;27400514;25;39702279
27400382;27400432;14;39702292
27400383;27400278;20;37559432
27400383;27401248;112;39205984
27400384;27400318;16;37596269
27400384;27400475;23;37596268
27400384;27400480;23;38487930
27400398;27400127;50;39708799
27400398;27400440;16;39708797
27400398;27401017;124;39708794
27400414;27399569;213;38937712
27400414;27400154;42;37596505
27400414;27400935;111;38937709
27400415;27400643;38;39702288
27400423;27400034;62;38712448
27400423;27400194;68;37540730
27400423;27400888;61;38712445
27400424;27400211;30;38488029
27400424;27400350;37;39724973
27400424;27400599;47;39724972
27400425;27400236;27;37540709
27400425;27400537;31;37540704
27400432;27400370;8;38707967
27400432;27400382;14;39702291
27400432;27400603;43;38707966
27400440;27400398;16;39708796
27400440;27400795;48;37596233
27400475;27400366;23;38707957
27400475;27400384;23;37596267
27400475;27400781;102;37596266
27400480;27400261;28;38487932
27400480;27400384;23;38487929
27400480;27401017;72;37596225
27400504;27399995;75;37596020
27400504;27400693;72;39696438
27400504;27400769;33;37596019
27400514;27400370;25;39702280
27400530;27400665;17;38377221
27400530;27400907;44;38094947
27400537;27400825;72;37540703
27400537;27402019;205;37540355
27400544;27400350;46;39704890
27400544;27400360;25;38488051
27400544;27400776;50;38937753
27400557;27400087;84;39708783
27400557;27400280;67;37596251
27400557;27400660;27;37596250
27400577;27400175;58;38774648
27400577;27400383;46;37559431
27400589;27400715;33;37540683
27400599;27400424;47;39724971
27400599;27401037;58;39724952
27400599;27401524;148;39724970
27400603;27400356;30;39702289
27400603;27400432;43;38707965
27400603;27400643;66;38707962
27400616;27400194;61;38720225
27400616;27400286;90;37595691
27400616;27400888;67;37595690
27400616;27401132;64;38712439
27400643;27400366;54;38707964
27400643;27400415;38;39702287
27400643;27400603;66;38707961
27400660;27400557;27;37596249
27400660;27400763;27;37596248
27400665;27397132;466;38377355
27400665;27401001;38;38377224
27400673;27399990;103;38712463
27400673;27400232;115;37540650
27400673;27400754;22;37540649
27400693;27399932;180;37596012
27400693;27400504;72;39696437
27400693;27400936;36;37596011
27400715;27400248;63;38441196
27400715;27400589;33;37540682
27400715;27400740;9;37540681
27400740;27400715;9;37540680
27400740;27400990;33;38441194
27400740;27401132;91;37540679
27400754;27400673;22;37540648
27400754;27401434;87;38712452
27400763;27400660;27;37596247
27400763;27400795;8;37596246
27400763;27400818;21;38377292
27400769;27400504;33;37596018
27400769;27400936;37;39702295
27400769;27401339;63;37596017
27400776;27400544;50;38937754
27400776;27401475;85;38302327
27400776;27402067;239;38937751
27400781;27400475;102;37596265
27400781;27400786;40;37596264
27400781;27400989;27;38786004
27400786;27400360;151;37595987
27400786;27400781;40;37596263
27400786;27400989;38;37595984
27400795;27400440;48;37596232
27400795;27400763;8;37596245
27400795;27401179;63;37596244
27400813;27399932;115;39701554
27400813;27400280;132;38441261
27400813;27402115;177;38441260
27400818;27400660;18;38377291
27400818;27401218;49;38377015
27400819;27400939;12;38709261
27400825;27401012;46;37540702
27400888;27400423;61;38712446
27400888;27400616;67;37595689
27400888;27401152;60;37595688
27400907;27400975;27;38377275
27400907;27401084;20;38094946
27400909;27400078;143;37540712
27400935;27400414;111;38937710
27400935;27400975;7;38937707
27400936;27400693;36;37596010
27400936;27400769;37;39702296
27400936;27401173;32;37596009
27400939;27400819;12;38709262
27400939;27401037;32;39724947
27400939;27401057;13;38709259
27400975;27400935;7;38937708
27400975;27401084;25;38937705
27400985;27401158;28;38719477
27400989;27400781;27;38786003
27400989;27400786;38;37595985
27400989;27401851;149;37595982
27400990;27400715;36;38441193
27401001;27400665;38;38377225
27401001;27401117;14;38377208
27401012;27400078;125;37595047
27401012;27402046;139;37559637
27401017;27400398;124;39708795
27401017;27400480;72;37596224
27401017;27401337;42;37596223
27401035;27400935;12;37906315
27401037;27400599;58;39724951
27401037;27400939;32;39724948
27401037;27401057;31;39724950
27401057;27400939;13;38709260
27401057;27401037;31;39724949
27401057;27401119;7;38709257
27401084;27400975;25;38937706
27401084;27401001;14;38377144
27401084;27401117;15;38937735
27401084;27401999;121;38774656
27401117;27398928;285;38774590
27401117;27400909;35;37540711
27401117;27401084;15;38937736
27401117;27401242;23;38774578
27401119;27401057;7;38709258
27401132;27400616;64;38712440
27401132;27400740;91;37540678
27401132;27401575;62;38712437
27401132;27401602;128;37540677
27401152;27400214;124;37540675
27401152;27400888;60;37595687
27401152;27401183;6;38441295
27401158;27400577;124;38774647
27401158;27401447;59;38488006
27401163;27401035;17;37906317
27401173;27400936;32;37596008
27401173;27401339;21;37596007
27401173;27401724;104;39729070
27401179;27400795;63;37596243
27401179;27401262;11;39720604
27401179;27401262;162;39720615
27401179;27401337;23;37596242
27401183;27401152;6;38441294
27401183;27401611;117;38712442
27401183;27402034;127;37540671
27401218;27400818;49;38377014
27401218;27401275;173;38276961
27401218;27401275;10;38377013
27401242;27400909;37;37595048
27401242;27401117;23;38774577
27401242;27402185;220;37559643
27401248;27400383;112;39205985
27401248;27401589;72;38774679
27401262;27401179;162;39720614
27401262;27401179;11;39720605
27401262;27401532;34;39720602
27401264;27401163;16;39209784
27401275;27401218;10;38377012
27401275;27401218;173;38276960
27401275;27401628;50;38377011
27401291;27401575;79;38774659
27401316;27401117;23;38774589
27401316;27401242;24;37595049
27401337;27401017;42;37596222
27401337;27401179;23;37596241
27401337;27401945;90;37596240
27401339;27400769;63;37596016
27401339;27401173;21;37596006
27401339;27402530;173;37596005
27401364;27400673;87;38712462
27401364;27401434;19;38417185
27401434;27401364;19;38417184
27401434;27401687;36;38712451
27401447;27401158;59;38488005
27401447;27401558;20;39720623
27401447;27401940;115;38488004
27401475;27400776;85;38302328
27401475;27402158;92;38302325
27401524;27400599;148;39724969
27401524;27401594;50;38277006
27401524;27401643;16;39724968
27401532;27401262;34;39720603
27401532;27401552;3;39720600
27401532;27401965;74;39760820
27401542;27401264;89;39209799
27401552;27401532;3;39720601
27401552;27401600;148;39720613
27401552;27401600;6;39720598
27401558;27401447;20;39720622
27401558;27401560;6;38734620
27401558;27401609;6;38734619
27401560;27401558;6;38734621
27401560;27401749;34;38734708
27401575;27401132;62;38712438
27401575;27401845;79;38774658
27401578;27401084;62;38377333
27401578;27401316;35;38774586
27401589;27401248;72;38774678
27401589;27401643;16;38488067
27401589;27401940;56;38488069
27401594;27401524;50;38277007
27401594;27401961;82;38853237
27401594;27402158;189;38277004
27401600;27401552;148;39720612
27401600;27401552;6;39720599
27401600;27401898;41;39720596
27401602;27401132;128;37540676
27401602;27401152;63;37540674
27401609;27401558;6;38734618
27401609;27401753;26;39720620
27401609;27401762;24;38734617
27401611;27401183;117;38712441
27401611;27401364;37;38712461
27401611;27401687;20;37595700
27401628;27401275;50;38377010
27401628;27401697;168;38353369
27401628;27401697;10;38377009
27401643;27401524;16;39724967
27401643;27401589;16;38488066
27401643;27402091;65;39724966
27401687;27401611;20;37595699
27401687;27402348;100;38720276
27401697;27401628;10;38377008
27401697;27401628;168;38353370
27401697;27401788;16;38377007
27401724;27401173;104;39729071
27401724;27402006;85;39702293
27401749;27401560;34;38734707
27401749;27401753;11;38734721
27401749;27402074;44;38734706
27401753;27401609;26;39720621
27401753;27401749;11;38734720
27401753;27401762;29;38734719
27401762;27401609;24;38734616
27401762;27401753;29;38734718
27401762;27402073;42;38734615
27401770;27402209;55;39720618
27401773;27401788;50;37596028
27401786;27400289;203;37540707
27401786;27401434;99;38944239
27401788;27401697;16;38377006
27401788;27401773;50;37596029
27401788;27401936;23;38377005
27401810;27402006;30;39729075
27401823;27402147;43;38734667
27401840;27401414;124;38774603
27401840;27401904;21;37593487
27401845;27401904;11;37540301
27401845;27402034;53;37540326
27401851;27400989;149;37595983
27401851;27402067;71;38276959
27401851;27402215;62;37595980
27401898;27401600;41;39720597
27401898;27401927;4;39720594
27401898;27401927;149;39720611
27401904;27401840;21;37593486
27401904;27401845;11;37540302
27401904;27402051;27;38774601
27401927;27401898;149;39720610
27401927;27401898;4;39720595
27401936;27401788;23;38377004
27401936;27402022;12;38377003
27401936;27402022;123;37596031
27401940;27401447;115;38488003
27401940;27402091;26;38488002
27401945;27401337;90;37596239
27401945;27402215;41;37596237
27401951;27403166;165;37595066
27401961;27401594;82;38853238
27401965;27401532;74;39760819
27401999;27402078;10;38774655
27402006;27401724;85;39702294
27402006;27401810;30;39729074
27402006;27402448;84;39729073
27402019;27401786;67;38944238
27402019;27403114;154;38944260
27402022;27401936;123;37596030
27402022;27401936;12;38377002
27402022;27402089;9;38377001
27402022;27402089;173;38276956
27402033;27401578;63;38774585
27402033;27401999;17;39702297
27402034;27401602;64;37540673
27402034;27402282;70;37565534
27402034;27402318;37;39704866
27402046;27402185;28;37595057
27402051;27401840;30;38774604
27402051;27401904;27;38774602
27402051;27402478;73;38774605
27402056;27402514;73;39760822
27402061;27402272;25;39720593
27402067;27400776;239;38937752
27402067;27401851;71;38276958
27402067;27402323;129;38276968
27402067;27403173;175;38937749
27402073;27401762;42;38734614
27402073;27402074;41;38734635
27402073;27402425;88;38734630
27402074;27401749;44;38734705
27402074;27402073;41;38734634
27402074;27402141;8;38734704
27402078;27402120;17;39702298
27402078;27404864;346;38774654
27402089;27402022;9;38377000
27402089;27402022;173;38276957
27402089;27402193;13;38376999
27402091;27401643;65;39724965
27402091;27401940;26;38488001
27402091;27402915;109;38488000
27402104;27401542;117;39209798
27402104;27402278;37;39695916
27402115;27400813;177;38441259
27402115;27402772;85;37595943
27402120;27402033;10;38774584
27402140;27402141;27;38734664
27402140;27402147;10;38734663
27402140;27402570;244;39720636
27402141;27402074;8;38734703
27402141;27402140;27;38734665
27402141;27402405;35;38734702
27402147;27401823;43;38734666
27402147;27402140;10;38734662
27402147;27402274;37;38734661
27402158;27401594;189;38277005
27402158;27402474;54;38277002
27402185;27401242;220;37559642
27402185;27402363;29;37559641
27402193;27402089;13;38376998
27402193;27402209;88;37596027
27402193;27402439;38;38376997
27402209;27401770;55;39720619
27402209;27402193;88;37596026
27402209;27403092;129;39720616
27402215;27401851;62;37595981
27402215;27402441;44;37595978
27402260;27401951;101;37595059
27402260;27402120;17;38774583
27402262;27402450;41;38421157
27402272;27402061;25;39720592
27402272;27402314;136;39720609
27402272;27402314;6;39720591
27402274;27402147;37;38734660
27402278;27402104;37;39695917
27402278;27402839;118;39729081
27402278;27402910;189;39695914
27402282;27402034;70;37565535
27402282;27402337;17;38944269
27402291;27401611;100;38774657
27402291;27402348;20;38492181
27402299;27400825;205;37563291
27402299;27402019;72;37559645
27402314;27402272;136;39720608
27402314;27402272;6;39720590
27402314;27402514;29;39720589
27402318;27402875;95;39704865
27402318;27402989;99;37565536
27402323;27402067;129;38276969
27402323;27402474;73;38276966
27402323;27402796;64;38276989
27402337;27402282;17;38944270
27402337;27402291;40;38370954
27402348;27402675;50;38720275
27402348;27402873;109;38441250
27402363;27402185;29;37559640
27402363;27402566;31;37559639
27402363;27403361;168;37595078
27402405;27402141;35;38734701
27402405;27402425;86;38734633
27402405;27402880;58;38734700
27402425;27402073;88;38734631
27402425;27402405;86;38734632
27402425;27403830;216;38734674
27402439;27402193;38;38376996
27402439;27402505;10;38376995
27402439;27402505;176;38276954
27402441;27401945;64;37596236
27402441;27402215;44;37595979
27402441;27402697;47;37595976
27402448;27402006;84;39729072
27402450;27402262;41;38421158
27402474;27402158;54;38277003
27402474;27402323;73;38276967
27402474;27403237;127;38276964
27402478;27402051;73;38774606
27402478;27402804;45;37540646
27402505;27402439;10;38376994
27402505;27402439;176;38276955
27402505;27402645;18;38376993
27402505;27402645;228;37596025
27402514;27402056;73;39760821
27402514;27402314;29;39720588
27402514;27402659;19;39720587
27402519;27402046;71;37540715
27402519;27402299;67;37559644
27402530;27401339;173;37596004
27402530;27402104;72;39209797
27402566;27402363;31;37559638
27402566;27402638;9;38441229
27402570;27402140;244;39720637
27402570;27402900;79;38734622
27402570;27403552;169;39720634
27402603;27402291;50;38774682
27402603;27402337;42;37565538
27402611;27403037;68;38709239
27402638;27402519;34;37540387
27402638;27402566;9;38441230
27402638;27403229;69;38944212
27402642;27402659;10;39720607
27402645;27402505;18;38376992
27402645;27402505;228;37596024
27402645;27403968;154;38376991
27402659;27402514;19;39720586
27402659;27402642;10;39720606
27402659;27402697;4;39720585
27402661;27402915;43;38709263
27402668;27402478;33;39744893
27402668;27402844;24;37593482
27402675;27402603;19;38417183
27402675;27403202;68;38774588
27402697;27402441;47;37595977
27402697;27402659;4;39720584
27402697;27403092;62;37595974
27402702;27402668;4;37593483
27402711;27402772;53;39729077
27402741;27402530;34;39209796
27402741;27402964;37;37596000
27402772;27402115;85;37595942
27402772;27402711;53;39729076
27402772;27403923;144;37595941
27402781;27403229;128;37540659
27402796;27402323;64;38276988
27402796;27402902;24;38276987
27402796;27403087;37;39724955
27402804;27402478;45;37540647
27402804;27402844;28;37540325
27402804;27402875;39;37593484
27402839;27402278;118;39729080
27402839;27402910;88;39729082
27402839;27402910;40;39729079
27402844;27402877;10;37593481
27402873;27401786;154;37593480
27402873;27403114;64;38441249
27402875;27402804;39;37593485
27402875;27403432;77;37593090
27402880;27402405;58;38734699
27402880;27402900;41;38734716
27402880;27403183;38;38734698
27402900;27402570;79;38734623
27402900;27402880;41;38734715
27402900;27402992;26;38734714
27402902;27402796;24;38276986
27402902;27402935;10;38276985
27402902;27403087;24;39724958
27402910;27402278;189;39695915
27402910;27402839;40;39729078
27402910;27402839;88;39729083
27402915;27402091;109;38487999
27402915;27402661;43;38709264
27402915;27403489;86;38487998
27402934;27402675;110;37593488
27402934;27402873;10;38441290
27402935;27402902;10;38276984
27402935;27402987;13;38276983
27402935;27403040;145;39696470
27402938;27403037;15;38709269
27402964;27402741;37;37596001
27402964;27403467;144;37595990
27402964;27404284;185;37595998
27402987;27402935;13;38276982
27402987;27403087;31;39724954
27402987;27403096;29;38276981
27402989;27402318;99;37565537
27402992;27402900;26;38734713
27403037;27402611;68;38709240
27403037;27402938;15;38709270
27403037;27403271;37;38709237
27403040;27402935;145;39696469
27403040;27403096;20;39696468
27403040;27403205;21;39696471
27403044;27403053;4;39724962
27403044;27403053;81;39724959
27403053;27403044;81;39724960
27403053;27403044;4;39724961
27403053;27403132;10;39724963
27403060;27403271;32;38709265
27403087;27402796;37;39724956
27403087;27402902;24;39724957
27403087;27402987;31;39724953
27403092;27402209;129;39720617
27403092;27402697;62;37595975
27403092;27403225;21;37595972
27403096;27402987;29;38276980
27403096;27403040;20;39696467
27403096;27403205;28;38276979
27403114;27403196;10;38944259
27403114;27403966;216;39744891
27403122;27402603;68;38774681
27403122;27403202;19;39708729
27403132;27403053;10;39724964
27403166;27401951;165;37595067
27403166;27403266;19;37595064
27403166;27403454;36;37595072
27403173;27402067;175;38937750
27403173;27403395;70;38276970
27403173;27403623;59;38937747
27403183;27402880;38;38734697
27403183;27403293;38;39720630
27403183;27403380;51;38734696
27403196;27402934;65;39744892
27403202;27403122;19;39708728
27403202;27403720;72;38774587
27403205;27403040;21;39696472
27403205;27403096;28;38276978
27403205;27403226;5;38276977
27403225;27403092;21;37595973
27403225;27403322;19;37595970
27403225;27403851;119;37566777
27403226;27403205;5;38276976
27403226;27403309;21;38276975
27403226;27403577;83;38276992
27403229;27402638;69;38944213
27403229;27402781;128;37540658
27403229;27403531;38;38944210
27403237;27402474;127;38276965
27403237;27403561;61;38276962
27403266;27403166;19;37595065
27403266;27403361;62;37595062
27403266;27403843;90;37595069
27403271;27403037;37;38709238
27403271;27403060;32;38709266
27403271;27403489;41;38709235
27403293;27403183;38;39720631
27403309;27403226;21;38276974
27403309;27403395;31;38276973
27403309;27403504;26;39696490
27403322;27403225;19;37595971
27403322;27403749;71;37595968
27403322;27403749;82;38276748
27403361;27402363;168;37595079
27403361;27403266;62;37595063
27403361;27403867;60;37595076
27403361;27404403;162;37595060
27403380;27403183;51;38734695
27403380;27403534;37;38734694
27403380;27403691;48;38734598
27403395;27403173;70;38276971
27403395;27403309;31;38276972
27403395;27403504;27;39696491
27403432;27402875;77;37593091
27403432;27403647;73;38417182
27403432;27404151;96;38774575
27403454;27403166;36;37595073
27403454;27403843;79;39744888
27403454;27403843;46;37595070
27403467;27402964;144;37595991
27403476;27403237;69;38276995
27403476;27403493;191;39708781
27403489;27402915;86;38487997
27403489;27403271;41;38709236
27403489;27403768;39;38361346
27403493;27403476;191;39708780
27403493;27403476;14;38276994
27403504;27403309;26;39696489
27403504;27403395;27;39696492
27403504;27403873;46;39696488
27403525;27403552;33;39720633
27403531;27403229;38;38944211
27403531;27403948;46;39746023
27403533;27403493;30;38276993
27403533;27403961;83;38734755
27403534;27403380;37;38734693
27403534;27403806;62;38734692
27403534;27403878;49;38734608
27403552;27402570;169;39720635
27403552;27403525;33;39720632
27403552;27403730;26;39720640
27403561;27403237;61;38276963
27403561;27403669;21;39568712
27403577;27403605;18;38276991
27403577;27403873;94;39696483
27403605;27403533;95;38276990
27403605;27404262;162;39696482
27403623;27403173;59;38937748
27403623;27404075;74;39696494
27403623;27404712;143;38937745
27403632;27403730;25;39720639
27403633;27402741;156;39209795
27403633;27404120;75;37595952
27403647;27403122;72;38774680
27403647;27403432;73;38417181
27403647;27403720;20;38417180
27403669;27403489;43;38361347
27403669;27403768;18;38277000
27403691;27403380;48;38734597
27403693;27403561;18;39568711
27403693;27403669;14;38277001
27403720;27403647;20;38417179
27403720;27404044;41;38774600
27403730;27403552;26;39720641
27403730;27403632;25;39720638
27403730;27403863;20;39720642
27403749;27403322;71;37595969
27403749;27403322;82;38276749
27403749;27403851;15;37595966
27403768;27403942;19;38276999
27403806;27403534;62;38734691
27403806;27403830;4;38734690
27403806;27404087;40;39720628
27403830;27402425;216;38734673
27403830;27403806;4;38734689
27403830;27404057;51;38734688
27403839;27404693;222;37540657
27403843;27403266;90;37595068
27403843;27403454;79;39744887
27403843;27403454;46;37595071
27403851;27403225;119;37566776
27403851;27403749;15;37595967
27403851;27404109;44;37595964
27403863;27403730;20;39720643
27403867;27403361;60;37595077
27403867;27404369;83;39744889
27403867;27404660;96;37595074
27403873;27403504;46;39696487
27403873;27403577;94;39696484
27403873;27404262;48;39696486
27403878;27403534;49;38734607
27403918;27403531;46;38441231
27403918;27403948;12;38774665
27403923;27402772;144;37595940
27403923;27403633;50;39720648
27403942;27403988;16;38276997
27403942;27404167;31;38361345
27403948;27404034;12;38774663
27403948;27404035;18;38441243
27403961;27403533;83;38734754
27403966;27403918;10;38774664
27403968;27402645;154;38376990
27403968;27404109;28;37596033
27403973;27403647;41;37501006
27403982;27403693;38;38276998
27403988;27403982;6;38276996
27403989;27404284;51;37596003
27404034;27404054;5;38774661
27404035;27404034;17;38441242
27404035;27404403;102;37540370
27404044;27403973;19;38417178
27404044;27404634;79;38774599
27404047;27403196;217;37540699
27404047;27403966;11;38774662
27404047;27404356;40;38441228
27404054;27404047;17;38774660
27404055;27404251;196;39720644
27404057;27403830;51;38734687
27404057;27404251;28;39720627
27404057;27404434;65;38734686
27404075;27403623;74;39696493
27404080;27403923;32;39720647
27404087;27403806;40;39720629
27404109;27403851;44;37595965
27404109;27404223;19;37595962
27404109;27404249;23;38377205
27404120;27404158;55;37595936
27404120;27404494;55;37595951
27404138;27404144;4;37621545
27404144;27404138;4;37621546
27404144;27404151;16;37621543
27404144;27404201;8;37621547
27404151;27403432;96;38774576
27404151;27404144;16;37621544
27404151;27404333;26;38774573
27404158;27404120;55;37595935
27404167;27403988;30;38361344
27404167;27405242;134;38361350
27404201;27404144;8;37621548
27404223;27403968;35;37596032
27404223;27404109;19;37595963
27404223;27404800;93;37595960
27404233;27404238;24;39062552
27404233;27404444;30;38441313
27404233;27405582;215;39062549
27404238;27404233;24;39062553
27404238;27404249;18;39062550
27404249;27404223;29;38377204
27404249;27404238;18;39062551
27404251;27404055;196;39720645
27404251;27404057;28;39720626
27404251;27404256;9;39720625
27404256;27404251;9;39720624
27404262;27403605;162;39696481
27404262;27403873;48;39696485
27404262;27404270;4;39696480
27404270;27404262;4;39696479
27404270;27404510;67;39696478
27404284;27402964;185;37595999
27404284;27403989;51;37596002
27404284;27404455;23;37595996
27404326;27404864;100;37595993
27404333;27404151;26;38774574
27404356;27404054;45;38441227
27404356;27404693;42;37558195
27404369;27403867;83;39744890
27404403;27403361;162;37595061
27404403;27404035;102;37540371
27404403;27404660;62;37540368
27404434;27404057;65;38734685
27404436;27402934;201;37540698
27404436;27404044;104;38417177
27404444;27404238;24;38441311
27404444;27405627;159;38276781
27404455;27404284;23;37595997
27404494;27404853;54;37595950
27404510;27404270;67;39696477
27404510;27404712;44;39696476
27404510;27404718;49;39696473
27404516;27404080;65;37595956
27404516;27404494;105;37595955
27404542;27403973;79;37501005
27404542;27404634;19;39508925
27404570;27405184;85;37982505
27404634;27404542;19;39508926
27404634;27405122;70;38774598
27404660;27403867;96;37595075
27404660;27404403;62;37540369
27404660;27404968;67;37540366
27404693;27403839;222;37540656
27404693;27404356;42;37558194
27404693;27406179;182;37558193
27404712;27403623;143;38937746
27404712;27404510;44;39696475
27404712;27405380;88;38937743
27404718;27404510;49;39696474
27404718;27405504;204;39696497
27404755;27402260;312;38774582
27404758;27404436;44;37540697
27404758;27404912;20;37982511
27404800;27404080;135;39720646
27404800;27404223;93;37595961
27404800;27405354;97;39720653
27404853;27405239;49;37595949
27404864;27404326;100;37595992
27404864;27405259;51;38774653
27404912;27405184;56;37982508
27404922;27404968;17;39611764
27404924;27404516;65;37595954
27404924;27404853;179;37595937
27404924;27405297;60;37595959
27404968;27404660;67;37540367
27404968;27404922;17;39611763
27404968;27405313;45;37540364
27405013;27405565;73;38441350
27405013;27405565;73;38441351
27405052;27404542;70;37501004
27405052;27405122;19;37540701
27405053;27404912;23;37982512
27405053;27405066;17;37982510
27405066;27404758;42;37540696
27405122;27405350;32;38774597
27405122;27405514;102;37540700
27405146;27404755;50;38774581
27405146;27404755;58;39744886
27405164;27405053;38;37982509
27405184;27404570;85;37982506
27405184;27405164;19;37982507
27405184;27405234;20;37982519
27405184;27405319;23;37982513
27405234;27405184;20;37982518
27405234;27405724;170;37982517
27405234;27406256;122;38421156
27405239;27405665;49;37595948
27405242;27404167;134;38361351
27405242;27405663;53;38361348
27405242;27406693;328;38488134
27405244;27405052;27;37501003
27405259;27405408;17;38774652
27405259;27405727;185;39720656
27405296;27405350;15;37593093
27405297;27405239;145;37595938
27405297;27405703;59;37595958
27405313;27404968;45;37540365
27405313;27405338;13;37595052
27405313;27405765;53;37540362
27405319;27405164;19;38441291
27405319;27405957;77;37982503
27405338;27405313;13;37595051
27405350;27405296;15;37593092
27405350;27405477;17;38774596
27405354;27404800;97;39720654
27405354;27404924;63;37595953
27405354;27405526;25;39720651
27405380;27404712;88;38937744
27405380;27405504;16;38937741
27405380;27405952;82;38441364
27405408;27406183;91;38774651
27405408;27406183;114;37595994
27405495;27406374;184;39609610
27405504;27404718;204;39696498
27405504;27405380;16;38937742
27405504;27405992;57;38937739
27405514;27405066;62;37540695
27405526;27405354;25;39720652
27405526;27406017;60;37595944
27405526;27406175;95;39720649
27405565;27405013;73;38441352
27405565;27405013;73;38441349
27405565;27405724;27;38441283
27405582;27404233;215;39062548
27405582;27405739;21;38276773
27405627;27404444;159;38276780
27405627;27405582;24;38276772
27405627;27405739;20;38276779
27405663;27405242;53;38361349
27405665;27406074;47;37595947
27405703;27405665;111;37595939
27405703;27406074;130;37595957
27405724;27405234;170;37982516
27405724;27405565;27;38441282
27405724;27406003;34;37982515
27405727;27405259;185;39720655
27405739;27405627;20;38276778
27405739;27405952;61;38276777
27405741;27406260;64;39609614
27405765;27405313;53;37540363
27405765;27406853;277;37595053
27405765;27406975;144;37540360
27405768;27405146;74;38774580
27405768;27405259;66;38663850
27405952;27405380;82;38441363
27405952;27405739;61;38276776
27405952;27405992;12;38276775
27405957;27405319;77;37982504
27405957;27406143;35;38441367
27405992;27405504;57;38937740
27405992;27405952;12;38276774
27405992;27406226;34;38937737
27406003;27405724;34;37982514
27406017;27405526;60;37595945
27406017;27406141;219;37595926
27406017;27406175;82;37595927
27406074;27406526;57;37595946
27406141;27404800;212;39209792
27406141;27406017;219;37595925
27406143;27405957;35;38441368
27406143;27406256;43;37658964
27406143;27406470;45;38441365
27406175;27405526;95;39720650
27406175;27406017;82;37595928
27406175;27406526;167;38774518
27406179;27404693;182;37558192
27406179;27406270;44;39695910
27406179;27406638;71;37558191
27406183;27405408;114;37595995
27406183;27406490;39;38774650
27406226;27405992;34;38937738
27406226;27406651;53;38441203
27406256;27405234;122;38421155
27406256;27406143;43;37658965
27406256;27406374;15;37658962
27406260;27405741;64;39609613
27406260;27406270;61;39609612
27406260;27407443;153;39609615
27406270;27406179;44;39695909
27406270;27406260;61;39609611
27406349;27401158;887;38774646
27406374;27405495;184;39609609
27406374;27406256;15;37658963
27406374;27408293;310;37658960
27406408;27405768;81;38774579
27406470;27406143;45;38441366
27406490;27406408;19;39741462
27406490;27406526;128;38774521
27406490;27407256;83;38774677
27406525;27406349;21;39205982
27406526;27406175;167;38774519
27406526;27406490;128;38774520
27406548;27406141;89;39209791
27406548;27406226;50;38441204
27406548;27406651;19;38488206
27406548;27407281;456;37595933
27406577;27406861;73;37540692
27406591;27406943;41;38441377
27406638;27406179;71;37558190
27406638;27406853;33;37558189
27406638;27407497;104;37596363
27406651;27406548;19;38488207
27406651;27406777;19;38488204
27406678;27405514;139;37540694
27406678;27407004;91;38944621
27406693;27405242;328;38488135
27406693;27406912;67;39696464
27406693;27406945;41;38488132
27406735;27406887;82;39746583
27406757;27406408;38;38094960
27406757;27406944;107;37595915
27406777;27406651;19;38488205
27406777;27406887;17;38488202
27406777;27407394;85;39696500
27406839;27407374;74;39696458
27406853;27405765;277;37595054
27406853;27406638;33;37558188
27406853;27407581;86;37558187
27406861;27406678;22;37540693
27406861;27407032;17;39720389
27406870;27407351;107;39696452
27406887;27406735;82;39746582
27406887;27406777;17;38488203
27406887;27407274;49;38488200
27406912;27406693;67;39696463
27406912;27407073;22;39696462
27406912;27407073;47;39696466
27406943;27406591;41;38441376
27406943;27406998;62;38441375
27406943;27407133;73;38441331
27406944;27406757;107;37595916
27406944;27406975;12;37595913
27406944;27407229;298;39704811
27406945;27406693;41;38488133
27406945;27407436;66;39441043
27406945;27407491;81;38488130
27406964;27406998;14;38441324
27406975;27405765;144;37540361
27406975;27406944;12;37595914
27406975;27407483;74;37540358
27406979;27407351;41;39696496
27406998;27406943;62;38441374
27406998;27406964;14;38441323
27406998;27407133;13;38441373
27407004;27406678;91;38944620
27407004;27407311;65;38944623
27407009;27407281;61;39708749
27407032;27406861;17;39720390
27407073;27406912;47;39696465
27407073;27406912;22;39696461
27407073;27407374;46;39696460
27407133;27406943;73;38441332
27407133;27406998;13;38441372
27407133;27407315;19;38441371
27407229;27406757;50;38094959
27407256;27407293;25;39741459
27407256;27407512;29;38774676
27407274;27406887;49;38488201
27407274;27407741;64;39746581
27407274;27408301;160;38488198
27407281;27406548;456;37595934
27407281;27407009;61;39708748
27407281;27407315;140;37595929
27407293;27407315;49;37595932
27407293;27407512;30;39741458
27407311;27407004;58;38944622
27407315;27407133;19;38441370
27407315;27407281;140;37595930
27407315;27407293;49;37595931
27407351;27406870;107;39696451
27407351;27406979;41;39696495
27407351;27407757;55;39696450
27407374;27406839;74;39696457
27407374;27407073;46;39696459
27407374;27407491;16;39696456
27407394;27406777;85;39696499
27407436;27406349;203;38774645
27407436;27406945;66;39441044
27407443;27406260;153;39609616
27407443;27407497;32;37595703
27407443;27407891;114;37595702
27407483;27406975;74;37540359
27407483;27407581;130;37540356
27407483;27409335;280;37595738
27407491;27406945;81;38488131
27407491;27407374;16;39696455
27407491;27408079;114;38488128
27407497;27406638;104;37596362
27407497;27407443;32;37595704
27407497;27407725;30;37596361
27407512;27411109;493;38774675
27407581;27406853;86;37558186
27407581;27407483;130;37540357
27407581;27409229;226;37558185
27407725;27407497;30;37596360
27407725;27408421;104;37596359
27407725;27408760;162;37595055
27407741;27407274;64;39746580
27407757;27407351;55;39696449
27407757;27407974;48;39696448
27407757;27407974;51;39696454
27407891;27407443;114;37595701
27407891;27408063;25;39508962
27407974;27407757;48;39696447
27407974;27407757;51;39696453
27407974;27408079;23;39696446
27408011;27408225;29;39704817
27408040;27407891;28;39508961
27408040;27408063;13;39508968
27408040;27408095;142;39508965
27408063;27408040;13;39508967
27408063;27408421;85;39508964
27408079;27407491;114;38488129
27408079;27407974;23;39696445
27408079;27408301;54;38488126
27408095;27408040;142;39508966
27408095;27408650;77;39720387
27408177;27407229;119;38094958
27408177;27408225;22;39704813
27408225;27408011;29;39704816
27408225;27408177;22;39704812
27408225;27408535;42;39704815
27408285;27408293;10;37658959
27408293;27406374;310;37658961
27408293;27408285;10;37658958
27408293;27409403;151;39508969
27408301;27407274;160;38488199
27408301;27408079;54;38488127
27408301;27408837;103;38488196
27408421;27407725;104;37596358
27408421;27408063;85;39508963
27408421;27409821;209;37596357
27408535;27408225;42;39704814
27408650;27408095;77;39720388
27408760;27407725;162;37595056
27408837;27407436;242;38774644
27408837;27408301;103;38488197
27408837;27408917;17;38488194
27408917;27408837;17;38488195
27408938;27409229;155;37595729
27409069;27409821;102;37595706
27409229;27407581;226;37558184
27409229;27408938;155;37595728
27409229;27410013;106;37558183
27409335;27407483;280;37595739
27409335;27409446;14;38441288
27409335;27409485;45;37595736
27409375;27409419;35;39746557
27409403;27408293;151;39508970
27409403;27409521;19;39720361
27409403;27409964;225;39509183
27409419;27409375;35;39746556
27409419;27409446;94;37595902
27409419;27410151;101;37595897
27409446;27409335;14;38441289
27409446;27409419;94;37595901
27409446;27409485;35;37595900
27409485;27409335;45;37595737
27409485;27409446;35;37595899
27409485;27409928;61;37595734
27409521;27409403;19;39720360
27409821;27408421;209;37596356
27409821;27409069;102;37595705
27409821;27409958;20;37596355
27409928;27409485;61;37595735
27409928;27410122;28;37595732
27409958;27409821;20;37596354
27409958;27410079;37;39720386
27409958;27411346;228;37596353
27409964;27409403;225;39509184
27409991;27410079;96;37540380
27409991;27410089;89;37540379
27409991;27410112;108;37595708
27410013;27409229;106;37558182
27410013;27410275;46;37559635
27410024;27409928;20;38441297
27410024;27410197;126;37595903
27410079;27409958;37;39720385
27410079;27409991;96;37540381
27410089;27409991;89;37540378
27410089;27410112;12;37540377
27410089;27410215;19;37595714
27410112;27409991;108;37595707
27410112;27410089;12;37540376
27410112;27410131;9;37540375
27410122;27409928;28;37595733
27410122;27410024;24;38441296
27410122;27410680;100;37595730
27410131;27410112;9;37540374
27410131;27410215;20;37595712
27410131;27410275;122;37540373
27410151;27409419;101;37595898
27410197;27410024;126;37595904
27410215;27410089;19;37595713
27410215;27410131;20;37595711
27410215;27410999;117;37595710
27410275;27410013;46;37559636
27410275;27410131;122;37540372
27410275;27410758;87;37559633
27410401;27410680;93;37595911
27410401;27410842;82;37595910
27410464;27410818;62;37596349
27410514;27410758;36;39708659
27410566;27410971;62;39720384
27410680;27410122;100;37595731
27410680;27410401;93;37595912
27410680;27410900;35;37595907
27410758;27410275;87;37559634
27410758;27410514;36;39708658
27410758;27410996;42;37559631
27410818;27410464;62;37596348
27410842;27410401;82;37595909
27410842;27410900;15;37595906
27410842;27410996;294;37595717
27410853;27410943;18;39720382
27410900;27410680;35;37595908
27410900;27410842;15;37595905
27410900;27411077;38;37559621
27410943;27410853;18;39720381
27410943;27410971;26;37595724
27410943;27411445;122;37595715
27410971;27410566;62;39720383
27410971;27410943;26;37595723
27410971;27410999;74;37595720
27410996;27410758;42;37559632
27410996;27410842;294;37595718
27410996;27410999;84;37595721
27410996;27411563;101;37559629
27410999;27410215;117;37595709
27410999;27410971;74;37595719
27410999;27410996;84;37595722
27411077;27410900;38;37559622
27411077;27411125;15;39720369
27411109;27411129;14;39720368
27411109;27414104;418;38774674
27411125;27411077;15;39720370
27411125;27411129;128;39720365
27411125;27413210;323;38512933
27411129;27408177;409;38094957
27411129;27411109;14;39720367
27411129;27411125;128;39720366
27411277;27411563;72;38568367
27411346;27409958;228;37596352
27411346;27411218;58;37540318
27411346;27411867;75;37596351
27411392;27411488;44;39746576
27411392;27411896;83;39746571
27411445;27410943;122;37595716
27411445;27411346;129;37540317
27411488;27411392;44;39746577
27411488;27411601;23;39746574
27411488;27411982;74;39746563
27411563;27410996;101;37559630
27411563;27411277;72;38568368
27411563;27411751;25;37559627
27411563;27411751;104;38568365
27411601;27411488;23;39746575
27411601;27411771;41;39746572
27411601;27411953;58;39746564
27411622;27411896;41;39746579
27411751;27411563;104;38568366
27411751;27411563;25;37559628
27411751;27411860;17;37559625
27411771;27408837;444;38774643
27411771;27411601;41;39746573
27411860;27411751;17;37559626
27411860;27412174;56;37559623
27411860;27412643;146;37540384
27411867;27411346;75;37596350
27411896;27411392;83;39746570
27411896;27411622;41;39746578
27411896;27411982;25;39746569
27411917;27411771;20;38774642
27411953;27411601;58;39746565
27411953;27412302;60;39746560
27411953;27412302;79;39746567
27411982;27411488;74;39746562
27411982;27411896;25;39746568
27411982;27412302;72;39746559
27412082;27411917;34;38377388
27412174;27411860;56;37559624
27412174;27412228;87;39438784
27412228;27411445;178;37595725
27412228;27412174;87;39438785
27412228;27413382;177;39438782
27412302;27411953;60;39746561
27412302;27411953;79;39746566
27412302;27411982;72;39746558
27412361;27412082;86;38377369
27412361;27412082;42;38377387
27412420;27411917;82;38774641
27412420;27412361;31;38377386
27412501;27412420;13;38774640
27412501;27413264;222;39704294
27412643;27413499;212;37540385
27412643;27413761;167;37540383
27412747;27412824;19;39438787
27412816;27412501;54;38774639
27412816;27412601;30;37883948
27412824;27412970;20;37595727
27412824;27413382;133;39438786
27412936;27412950;22;37883916
27412950;27412816;20;38774638
27412970;27412824;20;37595726
27413210;27411125;323;38512934
27413264;27412501;222;39704293
27413264;27412950;48;38774637
27413382;27412228;177;39438783
27413382;27413551;48;39720364
27413382;27413982;90;37596364
27413499;27412643;212;37540386
27413551;27412174;212;37596367
27413551;27413761;77;39720363
27413761;27414395;92;37540382
27413761;27414711;329;39720362
27413982;27413698;66;37540313
27414104;27414135;15;39741461
27414104;27415375;181;38774673
27414135;27411129;418;38094956
27414135;27414104;15;39741460
27414170;27413551;92;37596366
27414170;27413982;46;37540312
27414395;27414170;82;37540311
27414577;27414701;31;37500967
27414627;27414881;94;39720379
27414627;27415254;93;38903084
27414701;27414170;84;37596365
27414701;27414577;31;37500968
27414701;27414721;5;37500965
27414711;27415179;70;37540315
27414711;27415254;200;38712557
27414721;27414701;5;37500966
27414721;27415914;424;38712555
27414735;27414767;22;37883947
27414767;27413264;237;38774636
27414881;27414627;94;39720380
27415179;27414395;338;37540310
27415179;27415914;109;37540314
27415191;27415607;77;39695887
27415254;27414627;93;38903083
27415254;27415577;118;38903085
27415254;27415695;66;38712544
27415375;27415400;16;37540306
27415375;27415682;41;38774672
27415400;27414135;180;38094955
27415400;27415375;16;37540305
27415400;27415583;108;37540304
27415470;27415607;43;39695889
27415552;27415577;6;39720378
27415552;27415583;7;39720375
27415577;27415254;118;38903086
27415577;27415552;6;39720377
27415577;27415626;9;39720372
27415583;27415400;108;37540303
27415583;27415552;7;39720376
27415583;27415626;11;39720373
27415607;27415191;77;39695886
27415607;27415470;43;39695888
27415607;27415642;5;39695885
27415626;27415577;9;39720371
27415626;27415583;11;39720374
27415626;27416941;196;37540316
27415634;27415642;84;39123771
27415642;27415607;5;39695884
27415642;27415634;84;39123772
27415642;27415682;20;39123769
27415682;27415642;20;39123770
27415682;27416103;65;38774671
27415695;27415179;196;37540309
27415695;27415254;66;38712543
27415695;27416442;118;37540308
27415914;27414721;424;38712556
27415914;27416442;191;38712553
27416103;27416153;68;39123774
27416103;27416706;82;38774670
27416153;27416103;68;39123773
27416153;27416619;136;39695882
27416442;27415695;118;37540307
27416442;27415914;191;38712554
27416442;27416941;176;38712551
27416619;27416153;136;39695883
27416706;27416761;93;39123776
27416706;27417223;84;38774669
27416761;27416706;93;39123775
27416774;27417030;91;37500661
27416774;27417069;229;38376976
27416941;27416442;176;38712552
27416941;27417378;146;38712549
27417030;27416774;91;37500660
27417030;27417483;130;37500659
27417030;27417496;179;39708660
27417069;27416774;229;38376977
27417069;27417333;64;37804345
27417223;27417299;23;37500637
27417297;27415400;271;38094954
27417297;27417223;45;37500638
27417299;27417333;39;37500663
27417299;27417574;45;39648319
27417333;27417069;64;37804346
27417333;27417574;36;37500662
27417351;27417297;11;37500636
27417351;27417378;42;37500639
27417378;27416941;146;38712550
27417378;27417351;42;37500640
27417456;27414767;378;38774635
27417456;27417542;52;37500668
27417483;27417030;130;37500658
27417483;27417496;37;37500678
27417496;27417456;15;37500669
27417534;27417943;76;38377382
27417574;27417848;120;38377106
27417574;27417943;56;39648306
27417653;27417351;45;37500635
27417653;27417378;45;37500969
27417715;27417483;40;37500677
27417715;27417496;35;37500666
27417848;27417534;130;38377346
27417909;27417653;40;37500634
27417943;27417909;95;39648305
27417981;27417715;102;37500664
